2015 01 01 00   -83  -172 10243   240    62     2 -9999 -9999
2015 01 01 01   -78  -172 10234   240    57     2     0 -9999
2015 01 01 02   -78  -167 10235   230    77     2     0 -9999
2015 01 01 03   -78  -172 10232   240    72     2     0 -9999
2015 01 01 04   -78  -172 10229   240    67     0     0 -9999
2015 01 01 05   -78  -172 10223   240    88     0     0 -9999
2015 01 01 06   -83  -167 10212   250    62     0     0 -9999
2015 01 01 07   -83  -161 10204   240    72     0     0 -9999
2015 01 01 08   -89  -156 10201   240    62     0     0 -9999
2015 01 01 09   -89  -156 10197   250    77     0     0 -9999
2015 01 01 10   -94  -150 10190   250    67     0     0 -9999
2015 01 01 11  -100  -150 10178   240    62     0     0 -9999
2015 01 01 12   -94  -150 10181   240    82     0     0 -9999
2015 01 01 13   -94  -150 10179   240    82     2     0 -9999
2015 01 01 14   -94  -144 10186   240    57     4     0 -9999
2015 01 01 15   -83  -144 10187   240    93     4     0 -9999
2015 01 01 16   -67  -139 10179   250    82     4     0 -9999
2015 01 01 17   -50  -128 10174   230    82     4     0 -9999
2015 01 01 18   -39  -122 10165   240    77     6     0 -9999
2015 01 01 19   -28  -117 10159   240    67 -9999     0 -9999
2015 01 01 20   -17  -106 10156   240    67 -9999     0 -9999
2015 01 01 21    -6  -100 10155   250    72 -9999     0 -9999
2015 01 01 22   -11  -100 10163   230    51 -9999     0 -9999
2015 01 01 23   -17  -100 10166   220    51 -9999     0 -9999
2015 01 02 00   -11   -94 10179   240    72     8     0 -9999
2015 01 02 01   -17   -94 10189   240    57 -9999     0 -9999
2015 01 02 02   -22   -94 10198   240    57 -9999     0 -9999
2015 01 02 03   -28   -94 10202   250    62     4     0 -9999
2015 01 02 04   -33   -94 10206   260    41     2     0 -9999
2015 01 02 05   -44   -94 10210   260    31     2     0 -9999
2015 01 02 06   -50   -94 10211   280    36     2     0 -9999
2015 01 02 07   -56   -94 10211   260    26     2     0 -9999
2015 01 02 08   -61   -94 10218   260    26     2     0 -9999
2015 01 02 09   -67   -94 10225   250    26     2     0 -9999
2015 01 02 10   -72   -94 10230   270    31     0     0 -9999
2015 01 02 11   -72   -94 10232   260    31     0     0 -9999
2015 01 02 12   -72   -94 10243     0     0     2     0 -9999
2015 01 02 13   -78  -100 10246     0     0     4     0 -9999
2015 01 02 14   -78  -106 10255     0     0     2     0 -9999
2015 01 02 15   -44   -78 10268   300    15     2     0 -9999
2015 01 02 16   -28   -72 10272     0     0     4     0 -9999
2015 01 02 17   -17   -72 10268     0     0 -9999     0 -9999
2015 01 02 18    -6   -72 10260   140    15     6     0 -9999
2015 01 02 19     6   -78 10251    40    21 -9999     0 -9999
2015 01 02 20    11   -89 10252   170    21 -9999     0 -9999
2015 01 02 21     6   -89 10250   170    21 -9999     0 -9999
2015 01 02 22     0   -83 10256   200    26 -9999     0 -9999
2015 01 02 23   -11   -78 10255   180    21 -9999     0 -9999
2015 01 03 00   -17   -67 10254   140    36     8     0 -9999
2015 01 03 01   -17   -67 10257   140    31 -9999     0 -9999
2015 01 03 02   -17   -61 10251   140    31 -9999     0 -9999
2015 01 03 03   -11   -61 10235   140    41 -9999     0 -9999
2015 01 03 04   -17   -61 10233   160    26 -9999     0 -9999
2015 01 03 05   -17   -61 10227   170    21 -9999     0 -9999
2015 01 03 06   -11   -61 10211   130    36     8     0 -9999
2015 01 03 07    -6   -61 10210     0     0 -9999     0 -9999
2015 01 03 08    -6   -50 -9999   100    15 -9999    -1 -9999
2015 01 03 09   -11   -33 10200   130    31 -9999     5 -9999
2015 01 03 10   -11   -22 10182   130    26 -9999     5 -9999
2015 01 03 11    -6   -17 10178    70    15 -9999     8 -9999
2015 01 03 12    -6   -17 10162   130    36     8    -1    20
2015 01 03 13     0    -6 10152   140    36 -9999    10 -9999
2015 01 03 14     0    -6 10146   150    31 -9999     8 -9999
2015 01 03 15     6    -6 10135   130    36 -9999     3 -9999
2015 01 03 16     6     0 10141   160    21 -9999    20 -9999
2015 01 03 17     6     0 10132     0     0 -9999    18 -9999
2015 01 03 18     6     0 10109    20    21     8     2    70
2015 01 03 19     6     0 -9999    40    31 -9999    -1 -9999
2015 01 03 20     6     6 -9999   360    21 -9999     2 -9999
2015 01 03 21    11     0 10097   350    15 -9999     5 -9999
2015 01 03 22    11     0 10090    10    15 -9999     5 -9999
2015 01 03 23    11     0 10083    40    21 -9999     3 -9999
2015 01 04 00     6     0 10094   330    26     8    -1    50
2015 01 04 01     6     0 10099   330    36 -9999    -1 -9999
2015 01 04 02     6     0 10094   350    36 -9999     3 -9999
2015 01 04 03     6     0 -9999   360    31 -9999    -1 -9999
2015 01 04 04     6     0 10086   350    26 -9999    -1 -9999
2015 01 04 05     6     0 10091   350    15 -9999    -1 -9999
2015 01 04 06     6     0 10086   340    26     8     5     8
2015 01 04 07     6     0 -9999   360    31 -9999    -1 -9999
2015 01 04 08     6     0 10074   350    26 -9999    -1 -9999
2015 01 04 09     6    -6 10073   330    51 -9999     5 -9999
2015 01 04 10     0    -6 10071   330    51 -9999    10 -9999
2015 01 04 11     0    -6 10069   320    46 -9999    -1 -9999
2015 01 04 12     0   -11 10081   310    46     8     8    20
2015 01 04 13    -6   -17 -9999   320    46 -9999    -1 -9999
2015 01 04 14    -6   -22 10109   320    72 -9999     0 -9999
2015 01 04 15   -11   -28 10123   320    77 -9999    -1 -9999
2015 01 04 16   -17   -39 -9999   320   113 -9999    -1 -9999
2015 01 04 17   -39   -61 10152   320    82 -9999    -1 -9999
2015 01 04 18   -44   -72 10159   320    72     8    -1     5
2015 01 04 19   -61   -83 10169   330    98     9     3 -9999
2015 01 04 20   -67  -100 -9999   310    67 -9999    -1 -9999
2015 01 04 21   -72  -111 10214   310    98 -9999    -1 -9999
2015 01 04 22   -83  -128 10235   310    98 -9999    -1 -9999
2015 01 04 23  -100  -139 10251   290    72     4    -1 -9999
2015 01 05 00  -106  -167 10269   300    72     2     0     5
2015 01 05 01  -111  -178 10281   300    93     0     0 -9999
2015 01 05 02  -122  -183 10293   290    72     0     0 -9999
2015 01 05 03  -133  -194 10303   300    88     0     0 -9999
2015 01 05 04  -144  -200 10313   300    88     0     0 -9999
2015 01 05 05  -156  -211 10324   310    88     0     0 -9999
2015 01 05 06  -167  -222 10337   310    82     0     0 -9999
2015 01 05 07  -172  -228 10356   310    77     2     0 -9999
2015 01 05 08  -178  -239 10364   290    57     0     0 -9999
2015 01 05 09  -183  -233 10365   280    46     0     0 -9999
2015 01 05 10  -189  -239 10368   290    62     0     0 -9999
2015 01 05 11  -194  -239 10370   280    51     0     0 -9999
2015 01 05 12  -194  -239 10375   280    62     0     0 -9999
2015 01 05 13  -194  -233 10384   260    36     2     0 -9999
2015 01 05 14  -194  -233 10387   270    57     2     0 -9999
2015 01 05 15  -189  -228 10389   260    51     2     0 -9999
2015 01 05 16  -183  -228 10389   280    72     4     0 -9999
2015 01 05 17  -178  -222 10379   250    62 -9999     0 -9999
2015 01 05 18  -172  -233 10369   270    62     6     0 -9999
2015 01 05 19  -167  -222 10365   240    62 -9999     0 -9999
2015 01 05 20  -167  -222 10358   250    62 -9999     0 -9999
2015 01 05 21  -161  -222 10355   260    51 -9999     0 -9999
2015 01 05 22  -161  -222 10341   220    36 -9999     0 -9999
2015 01 05 23  -161  -211 10341   230    46 -9999     0 -9999
2015 01 06 00  -156  -206 10320   220    31     8     0 -9999
2015 01 06 01  -150  -200 10303   200    36 -9999     0 -9999
2015 01 06 02  -150  -178 -9999   220    26 -9999    -1 -9999
2015 01 06 03  -150  -167 10307   240    21     9    15 -9999
2015 01 06 04  -144  -167 10307   210    21     9     8 -9999
2015 01 06 05  -144  -167 -9999     0     0 -9999    -1 -9999
2015 01 06 06  -144  -167 10291     0     0     8     8    40
2015 01 06 07  -144  -167 10279    10    15 -9999    -1 -9999
2015 01 06 08  -144  -167 10275    10    31 -9999     3 -9999
2015 01 06 09  -144  -172 10279   360    26 -9999    -1 -9999
2015 01 06 10  -172  -194 -9999   340    15     4    -1 -9999
2015 01 06 11  -200  -211 10283   320    31     2     0 -9999
2015 01 06 12  -167  -194 10286   320    46     2     0     3
2015 01 06 13  -172  -200 10292   310    46     2     0 -9999
2015 01 06 14  -167  -194 10300   310    57     2     0 -9999
2015 01 06 15  -156  -194 10299   300    51     4     0 -9999
2015 01 06 16  -144  -189 10301   290    51     4     0 -9999
2015 01 06 17  -133  -183 10294   280    57 -9999     0 -9999
2015 01 06 18  -133  -178 10283   270    67     6     0 -9999
2015 01 06 19  -128  -178 10275   280    82 -9999     0 -9999
2015 01 06 20  -122  -172 10269   270   103 -9999     0 -9999
2015 01 06 21  -128  -172 10264   260   103 -9999     0 -9999
2015 01 06 22  -139  -178 10268   260    72 -9999     0 -9999
2015 01 06 23  -144  -183 10270   260    77 -9999     0 -9999
2015 01 07 00  -139  -178 10266   270    77     8     0 -9999
2015 01 07 01  -133  -183 10262   280    67 -9999     0 -9999
2015 01 07 02  -133  -183 10255   280    82 -9999     0 -9999
2015 01 07 03  -128  -178 10255   280    82 -9999     0 -9999
2015 01 07 04  -128  -178 10257   280   103 -9999     0 -9999
2015 01 07 05  -139  -183 10262   300    67 -9999     0 -9999
2015 01 07 06  -144  -194 10269   300    82     2     0 -9999
2015 01 07 07  -150  -200 10284   310    82     2     0 -9999
2015 01 07 08  -156  -206 10298   310    72     0     0 -9999
2015 01 07 09  -161  -211 10310   310    88     0     0 -9999
2015 01 07 10  -167  -222 10321   320    72     0     0 -9999
2015 01 07 11  -172  -233 10332   320    77     0     0 -9999
2015 01 07 12  -172  -239 10345   320   113     0     0 -9999
2015 01 07 13  -178  -239 10360   310    77     2     0 -9999
2015 01 07 14  -183  -244 10374   320    88     2     0 -9999
2015 01 07 15  -178  -244 10388   330    98     2     0 -9999
2015 01 07 16  -178  -244 10397   330   103     2     0 -9999
2015 01 07 17  -172  -239 10405   330   108     2     0 -9999
2015 01 07 18  -172  -239 10412   320    93     2     0 -9999
2015 01 07 19  -167  -239 10411   320    82     2     0 -9999
2015 01 07 20  -167  -244 10421   320   103     2     0 -9999
2015 01 07 21  -172  -244 10422   300    67     2     0 -9999
2015 01 07 22  -178  -256 10433   300    82     2     0 -9999
2015 01 07 23  -183  -256 10438   300    72     2     0 -9999
2015 01 08 00  -183  -256 10429   290    57     2     0 -9999
2015 01 08 01  -189  -256 10427   280    46     2     0 -9999
2015 01 08 02  -194  -256 10425   280    67     2     0 -9999
2015 01 08 03  -194  -256 10418   270    62     0     0 -9999
2015 01 08 04  -200  -256 10405   270    46     2     0 -9999
2015 01 08 05  -206  -261 10399   270    62     0     0 -9999
2015 01 08 06  -206  -261 10386   260    51     0     0 -9999
2015 01 08 07  -217  -261 10379   260    67     0     0 -9999
2015 01 08 08  -217  -261 10375   250    57     0     0 -9999
2015 01 08 09  -222  -261 10360   230    41     0     0 -9999
2015 01 08 10  -222  -256 10355   240    62     2     0 -9999
2015 01 08 11  -222  -256 10339   240    51 -9999     0 -9999
2015 01 08 12  -217  -250 10328   230    51     8     0 -9999
2015 01 08 13  -211  -244 10318   240    57 -9999     0 -9999
2015 01 08 14  -211  -244 10302   210    57 -9999     0 -9999
2015 01 08 15  -194  -239 10287   210    77 -9999     0 -9999
2015 01 08 16  -189  -233 10269   210    67 -9999     0 -9999
2015 01 08 17  -178  -228 10250   220    88 -9999     0 -9999
2015 01 08 18  -167  -217 10215   200    98     8     0 -9999
2015 01 08 19  -156  -200 10180   190   103 -9999    -1 -9999
2015 01 08 20  -150  -178 -9999   190   108 -9999    -1 -9999
2015 01 08 21  -133  -161 10137   200   108     9     3 -9999
2015 01 08 22  -128  -156 10125   210    93 -9999     3 -9999
2015 01 08 23  -122  -150 -9999   220   103     9    -1 -9999
2015 01 09 00  -117  -139 10113   220    72     9     3    10
2015 01 09 01  -106  -139 10105   220    77 -9999    -1 -9999
2015 01 09 02  -100  -128 10098   230    67 -9999     3 -9999
2015 01 09 03   -83  -111 10095   240    82 -9999     3 -9999
2015 01 09 04   -78  -117 10105   280   108 -9999    -1 -9999
2015 01 09 05   -94  -133 -9999   300    82 -9999    -1 -9999
2015 01 09 06  -111  -156 10145   310   124     8    -1     5
2015 01 09 07  -128  -183 10168   300    88     4    -1 -9999
2015 01 09 08  -128  -183 10178   310    72     2     0 -9999
2015 01 09 09  -128  -178 10189   290    57     2     0 -9999
2015 01 09 10  -128  -178 10196   280    57 -9999     0 -9999
2015 01 09 11  -144  -183 -9999   280    82 -9999    -1 -9999
2015 01 09 12  -150  -194 10224   290    77     2     0    -1
2015 01 09 13  -156  -200 10238   280    57     2     0 -9999
2015 01 09 14  -161  -206 10249   280    67     2     0 -9999
2015 01 09 15  -161  -211 10259   290    77     2     0 -9999
2015 01 09 16  -156  -211 10265   300    88     4     0 -9999
2015 01 09 17  -156  -217 10267   280    77 -9999     0 -9999
2015 01 09 18  -156  -217 10265   280    98     6     0 -9999
2015 01 09 19  -156  -217 10263   290    98 -9999     0 -9999
2015 01 09 20  -150  -211 10266   280    72 -9999     0 -9999
2015 01 09 21  -150  -228 10273   290    93 -9999     0 -9999
2015 01 09 22  -156  -222 10282   280    93 -9999     0 -9999
2015 01 09 23  -161  -233 10290   280    77     2     0 -9999
2015 01 10 00  -161  -228 10296   260    67     2     0 -9999
2015 01 10 01  -161  -222 10304   260    67     0     0 -9999
2015 01 10 02  -167  -217 10310   270    82     0     0 -9999
2015 01 10 03  -167  -217 10313   270    67     0     0 -9999
2015 01 10 04  -167  -217 10315   280    62     0     0 -9999
2015 01 10 05  -172  -217 10315   270    62     0     0 -9999
2015 01 10 06  -172  -217 10313   250    36     0     0 -9999
2015 01 10 07  -178  -217 10317   240    36     0     0 -9999
2015 01 10 08  -183  -217 10316   240    31     0     0 -9999
2015 01 10 09  -183  -217 10313   250    41     0     0 -9999
2015 01 10 10  -183  -217 10312   240    36     0     0 -9999
2015 01 10 11  -183  -217 10310   230    36     0     0 -9999
2015 01 10 12  -183  -217 10310   230    31     0     0 -9999
2015 01 10 13  -189  -217 10312   220    31     0     0 -9999
2015 01 10 14  -189  -211 10314   220    31     4     0 -9999
2015 01 10 15  -167  -206 10317   220    46     4     0 -9999
2015 01 10 16  -144  -194 10313   220    51     4     0 -9999
2015 01 10 17  -122  -183 10310   230    57     4     0 -9999
2015 01 10 18  -111  -178 10300   230    67     4     0 -9999
2015 01 10 19   -94  -167 10288   230    62 -9999     0 -9999
2015 01 10 20   -94  -161 10275   200    67 -9999     0 -9999
2015 01 10 21   -89  -156 10279   220    51 -9999     0 -9999
2015 01 10 22   -83  -144 10269   180    82 -9999     0 -9999
2015 01 10 23   -83  -133 10263   180    98 -9999     0 -9999
2015 01 11 00   -72  -128 10256   180    77     8     0 -9999
2015 01 11 01   -67  -122 10263   200    51 -9999     0 -9999
2015 01 11 02   -61  -117 10266   200    51 -9999     0 -9999
2015 01 11 03   -56  -117 10265   200    57 -9999     0 -9999
2015 01 11 04   -50  -111 10264   200    57 -9999     0 -9999
2015 01 11 05   -44  -111 10259   200    57 -9999     0 -9999
2015 01 11 06   -44  -111 10253   190    57     8     0 -9999
2015 01 11 07   -44  -111 10251   200    51     4     0 -9999
2015 01 11 08   -50  -111 10253   200    41     2     0 -9999
2015 01 11 09   -50  -117 10249   200    31     2     0 -9999
2015 01 11 10   -44  -111 10249   200    51 -9999     0 -9999
2015 01 11 11   -39  -106 10249   210    46 -9999     0 -9999
2015 01 11 12   -39  -106 10247   210    41     6     0 -9999
2015 01 11 13   -44  -100 10249   200    46     4     0 -9999
2015 01 11 14   -39   -94 10250   200    41 -9999     0 -9999
2015 01 11 15   -33   -89 10254   210    41 -9999     0 -9999
2015 01 11 16   -22   -89 10256   220    41 -9999     0 -9999
2015 01 11 17   -11   -83 10250   240    41 -9999     0 -9999
2015 01 11 18    -6   -83 10243   230    36     6     0 -9999
2015 01 11 19    -6   -83 10238   250    36 -9999     0 -9999
2015 01 11 20     0   -83 10239   250    41 -9999     0 -9999
2015 01 11 21     0   -72 10237   200    46 -9999     0 -9999
2015 01 11 22    -6   -67 10241   210    46 -9999     0 -9999
2015 01 11 23   -17   -44 10248   210    57 -9999    -1 -9999
2015 01 12 00   -22   -33 10251   230    21     8     8     8
2015 01 12 01   -22   -33 -9999   200    26 -9999     2 -9999
2015 01 12 02   -22   -28 10253   210    21     9    10 -9999
2015 01 12 03   -22   -28 10252   200    26 -9999    10 -9999
2015 01 12 04   -22   -33 10249   210    26 -9999     3 -9999
2015 01 12 05   -22   -33 10247   260    21 -9999     3 -9999
2015 01 12 06   -22   -33 10245   260    21     9     5    40
2015 01 12 07   -22   -33 10245   290    21 -9999    -1 -9999
2015 01 12 08   -22   -33 10252   300    21 -9999     0 -9999
2015 01 12 09   -22   -44 10254   360    57 -9999     0 -9999
2015 01 12 10   -39   -83 10260   350    46 -9999     0 -9999
2015 01 12 11   -50   -89 10269   340    57 -9999     0 -9999
2015 01 12 12   -61  -117 10276   350    51     8     0    -1
2015 01 12 13   -67  -122 10288   350    67 -9999     0 -9999
2015 01 12 14   -72  -117 10297   350    62 -9999     0 -9999
2015 01 12 15   -72  -106 10308   350    57 -9999     0 -9999
2015 01 12 16   -72  -117 10323   350    62 -9999    -1 -9999
2015 01 12 17   -78  -133 10331   340    77     2     0 -9999
2015 01 12 18   -78  -156 10334   350    67     2     0 -9999
2015 01 12 19   -78  -150 10335   350    62     2     0 -9999
2015 01 12 20   -72  -144 10336   350    62     2     0 -9999
2015 01 12 21   -72  -144 10345   360    57     2     0 -9999
2015 01 12 22   -72  -150 10357   360    62     2     0 -9999
2015 01 12 23   -83  -139 10365   350    57 -9999    -1 -9999
2015 01 13 00   -89  -144 10376   350    57     8    -1    -1
2015 01 13 01   -94  -144 10379   340    77 -9999    -1 -9999
2015 01 13 02   -94  -139 10388   350    67 -9999    -1 -9999
2015 01 13 03   -94  -133 10391   350    67 -9999    -1 -9999
2015 01 13 04   -94  -128 10394   350    62 -9999    -1 -9999
2015 01 13 05   -94  -122 10393   360    46 -9999    -1 -9999
2015 01 13 06   -89  -122 10390   350    41     8    -1    -1
2015 01 13 07   -72  -128 10390    60    46 -9999     0 -9999
2015 01 13 08   -72  -122 10395    50    51 -9999    -1 -9999
2015 01 13 09   -72  -122 10401    50    41 -9999    -1 -9999
2015 01 13 10   -78  -128 10405    60    57 -9999    -1 -9999
2015 01 13 11   -83  -128 10407    60    51 -9999    -1 -9999
2015 01 13 12   -83  -128 10410    60    41     8    -1    -1
2015 01 13 13   -83  -128 10413    60    46 -9999    -1 -9999
2015 01 13 14   -89  -128 10414    80    41 -9999    -1 -9999
2015 01 13 15   -89  -128 10414   110    46 -9999    -1 -9999
2015 01 13 16   -83  -128 10413    80    41 -9999    -1 -9999
2015 01 13 17   -83  -122 10406   110    46 -9999    -1 -9999
2015 01 13 18   -83  -122 10393    90    51     6    -1    -1
2015 01 13 19   -72  -122 10384    30    21 -9999    -1 -9999
2015 01 13 20   -72  -128 10375    40    31 -9999     0 -9999
2015 01 13 21   -78  -133 10369    90    26     4     0 -9999
2015 01 13 22   -78  -128 10368    80    31     4     0 -9999
2015 01 13 23   -89  -133 10364    70    31     2     0 -9999
2015 01 14 00   -94  -133 10360    60    21     2     0    -1
2015 01 14 01  -100  -133 10354    50    15     2     0 -9999
2015 01 14 02  -133  -156 10345     0     0     2     0 -9999
2015 01 14 03  -144  -167 10340     0     0     2     0 -9999
2015 01 14 04  -128  -150 10337   280    26     2     0 -9999
2015 01 14 05  -122  -144 10332   270    21     2     0 -9999
2015 01 14 06  -139  -150 10324   180    26     6     0 -9999
2015 01 14 07  -139  -150 10312   160    26 -9999    -1 -9999
2015 01 14 08  -128  -144 10310   220    21 -9999    -1 -9999
2015 01 14 09  -139  -161 10302   230    21     2    -1 -9999
2015 01 14 10  -144  -167 10301   250    26 -9999     0 -9999
2015 01 14 11  -150  -172 10299   260    21 -9999     0 -9999
2015 01 14 12  -161  -178 10297   230    15     2     0    -1
2015 01 14 13  -156  -172 10296     0     0     4     0 -9999
2015 01 14 14  -139  -150 10295   220    21 -9999     0 -9999
2015 01 14 15  -128  -144 10295   220    26 -9999     0 -9999
2015 01 14 16  -122  -139 10293   220    31 -9999     0 -9999
2015 01 14 17  -111  -139 10287   240    41 -9999     0 -9999
2015 01 14 18  -106  -133 10276   260    36     6     0 -9999
2015 01 14 19   -83  -128 10263   250    21 -9999     0 -9999
2015 01 14 20   -78  -122 10259   260    36 -9999     0 -9999
2015 01 14 21   -72  -122 10255   230    36 -9999     0 -9999
2015 01 14 22   -72  -122 10254   210    26 -9999     0 -9999
2015 01 14 23   -78  -128 10255   210    31 -9999     0 -9999
2015 01 15 00   -89  -128 10252   210    36     6     0 -9999
2015 01 15 01   -83  -122 10255   210    36 -9999     0 -9999
2015 01 15 02   -83  -122 10251   210    46 -9999     0 -9999
2015 01 15 03   -83  -122 10250   220    31 -9999     0 -9999
2015 01 15 04   -83  -122 10247   230    41 -9999     0 -9999
2015 01 15 05   -83  -117 10240   220    31 -9999     0 -9999
2015 01 15 06   -83  -117 10232   220    31     8     0 -9999
2015 01 15 07   -78  -111 10225   220    36 -9999     0 -9999
2015 01 15 08   -78  -111 10220   230    31 -9999     0 -9999
2015 01 15 09   -78  -111 10213   220    36 -9999     0 -9999
2015 01 15 10   -78  -111 10203   220    36 -9999     0 -9999
2015 01 15 11   -83  -111 10200   210    36 -9999     0 -9999
2015 01 15 12   -78  -106 10194   200    41     8     0 -9999
2015 01 15 13   -72  -106 10193   220    31 -9999     0 -9999
2015 01 15 14   -72  -106 10187   230    41 -9999     0 -9999
2015 01 15 15   -67  -100 10192   240    36 -9999     0 -9999
2015 01 15 16   -50   -83 10183   220    36 -9999     0 -9999
2015 01 15 17   -28   -72 10178   240    62     4     0 -9999
2015 01 15 18   -11   -61 10166   250    62     4     0 -9999
2015 01 15 19     0   -56 10156   240    72     2     0 -9999
2015 01 15 20     6   -56 10152   240    72     2     0 -9999
2015 01 15 21    11   -56 10149   250    67     2     0 -9999
2015 01 15 22    11   -56 10147   250    67     0     0 -9999
2015 01 15 23     0   -56 10152   240    41     0     0 -9999
2015 01 16 00    -6   -56 10160   240    46     0     0 -9999
2015 01 16 01   -11   -56 10161   250    51     0     0 -9999
2015 01 16 02   -17   -56 10162   260    51     0     0 -9999
2015 01 16 03   -22   -56 10165   270    46     0     0 -9999
2015 01 16 04   -28   -56 10168   260    36     2     0 -9999
2015 01 16 05   -39   -61 10172   260    26     0     0 -9999
2015 01 16 06   -39   -61 10171   240    26     0     0 -9999
2015 01 16 07   -50   -67 10180   250    26     0     0 -9999
2015 01 16 08   -44   -61 10184   250    21     0     0 -9999
2015 01 16 09   -44   -61 10186   280    36     4     0 -9999
2015 01 16 10   -44   -61 10187   280    26 -9999     0 -9999
2015 01 16 11   -33   -56 10193   290    41 -9999     0 -9999
2015 01 16 12   -28   -50 10206   310    41     8     0 -9999
2015 01 16 13   -28   -50 10208   290    21 -9999     0 -9999
2015 01 16 14   -28   -50 10215   260    15 -9999     0 -9999
2015 01 16 15   -17   -44 10224   320    15 -9999     0 -9999
2015 01 16 16   -11   -39 10230     0     0 -9999     0 -9999
2015 01 16 17     0   -39 10228    90    21 -9999     0 -9999
2015 01 16 18     6   -39 10224    80    36     6     0 -9999
2015 01 16 19     6   -50 10218    90    36 -9999     0 -9999
2015 01 16 20     6   -44 10213   100    46 -9999     0 -9999
2015 01 16 21     0   -50 10211   100    57 -9999     0 -9999
2015 01 16 22    -6   -56 10207   100    57     4     0 -9999
2015 01 16 23   -11   -56 10207    90    46     4     0 -9999
2015 01 17 00   -17   -61 10203   100    46     4     0 -9999
2015 01 17 01   -11   -50 10198   120    51     4     0 -9999
2015 01 17 02   -17   -56 10193   130    57     4     0 -9999
2015 01 17 03   -22   -50 10182   140    67     2     0 -9999
2015 01 17 04   -33   -56 10181   160    36     0     0 -9999
2015 01 17 05   -39   -61 10174   150    41     0     0 -9999
2015 01 17 06   -39   -56 10159   150    46     0     0 -9999
2015 01 17 07   -33   -56 10145   160    46     0     0 -9999
2015 01 17 08   -28   -50 10132   160    41     2     0 -9999
2015 01 17 09   -11   -33 10119   180    51 -9999     0 -9999
2015 01 17 10     6   -22 10101   180    82 -9999     0 -9999
2015 01 17 11    17   -22 10088   200    72 -9999     0 -9999
2015 01 17 12    22   -22 10081   200    67     6     0 -9999
2015 01 17 13    22   -22 10077   190    67 -9999     0 -9999
2015 01 17 14    33   -22 10068   200    77 -9999     0 -9999
2015 01 17 15    39   -17 10067   200    88 -9999     0 -9999
2015 01 17 16    50   -17 10067   210    82 -9999     0 -9999
2015 01 17 17    50   -17 10057   210   108 -9999     0 -9999
2015 01 17 18    50   -11 10044   220    72     6     0 -9999
2015 01 17 19    56    -6 10032   210    77 -9999     0 -9999
2015 01 17 20    56    -6 10025   220    77 -9999     0 -9999
2015 01 17 21    50    -6 10026   230    57 -9999     0 -9999
2015 01 17 22    50     0 10028   220    57 -9999     0 -9999
2015 01 17 23    44     0 10029   220    57 -9999     0 -9999
2015 01 18 00    44    -6 10036   240    82     8     0 -9999
2015 01 18 01    39    -6 10038   260    77 -9999     0 -9999
2015 01 18 02    33    -6 10038   260    67 -9999     0 -9999
2015 01 18 03    33     0 10040   260    72 -9999     0 -9999
2015 01 18 04    33    -6 10041   250    67 -9999     0 -9999
2015 01 18 05    28    -6 10041   250    62 -9999     0 -9999
2015 01 18 06    28    -6 10041   250    51     8     0 -9999
2015 01 18 07    22    -6 10044   270    51 -9999     0 -9999
2015 01 18 08    22   -11 10050   270    67 -9999     0 -9999
2015 01 18 09    22   -17 10053   280    46 -9999     0 -9999
2015 01 18 10    17   -22 10059   270    46 -9999     0 -9999
2015 01 18 11    17   -28 10064   290    67 -9999     0 -9999
2015 01 18 12    17   -28 10067   280    51     6     0 -9999
2015 01 18 13    17   -17 10073   250    46 -9999     0 -9999
2015 01 18 14    11   -11 10082   260    51 -9999     0 -9999
2015 01 18 15    11   -11 10089   270    57 -9999    -1 -9999
2015 01 18 16    17   -11 10093   290    67 -9999    -1 -9999
2015 01 18 17    22   -11 10101   280    67 -9999     0 -9999
2015 01 18 18    28   -17 10100   290    57     6     0    -1
2015 01 18 19    39   -22 10103   310    57     4     0 -9999
2015 01 18 20    44   -22 10108   280    51 -9999     0 -9999
2015 01 18 21    39   -22 10117   270    62     4     0 -9999
2015 01 18 22    33   -17 10125   260    51     2     0 -9999
2015 01 18 23    22   -22 10132   260    31     2     0 -9999
2015 01 19 00    11   -28 10139   250    21     0     0 -9999
2015 01 19 01     6   -22 10143   240    31     0     0 -9999
2015 01 19 02     6   -22 10146   240    31     0     0 -9999
2015 01 19 03    -6   -22 10151   250    26     2     0 -9999
2015 01 19 04    -6   -22 10154   250    26     2     0 -9999
2015 01 19 05   -11   -28 10157   260    26     2     0 -9999
2015 01 19 06   -22   -39 10160   260    26     2     0 -9999
2015 01 19 07   -22   -33 10159   260    26     2     0 -9999
2015 01 19 08   -22   -39 10155   280    21     0     0 -9999
2015 01 19 09   -28   -44 10157     0     0     0     0 -9999
2015 01 19 10   -28   -44 10154   310    15     0     0 -9999
2015 01 19 11   -33   -50 10160   280    15     0     0 -9999
2015 01 19 12   -39   -50 10165   290    15     0     0 -9999
2015 01 19 13   -33   -50 10168   320    15     2     0 -9999
2015 01 19 14   -39   -44 10169     0     0     2     0 -9999
2015 01 19 15     0   -28 10170    20    21     2     0 -9999
2015 01 19 16    17   -11 10172    60    15 -9999     0 -9999
2015 01 19 17    28   -11 10167    80    26 -9999     0 -9999
2015 01 19 18    33   -22 10160   160    21     4     0 -9999
2015 01 19 19    44   -22 10152    20    21 -9999     0 -9999
2015 01 19 20    44   -17 10141    90    15 -9999     0 -9999
2015 01 19 21    33   -17 10145    80    36 -9999     0 -9999
2015 01 19 22    22   -17 10144    80    36 -9999     0 -9999
2015 01 19 23    17   -22 10143   100    41 -9999     0 -9999
2015 01 20 00    11   -17 10141   100    41     6     0 -9999
2015 01 20 01    11   -17 10143   100    41 -9999     0 -9999
2015 01 20 02    11   -17 10145   110    21 -9999     0 -9999
2015 01 20 03    11   -17 10141   150    31 -9999     0 -9999
2015 01 20 04    11   -17 10139   150    36 -9999    -1 -9999
2015 01 20 05     6   -11 10131   140    46 -9999    -1 -9999
2015 01 20 06     6   -11 10119   140    26     8     0    -1
2015 01 20 07     6   -11 10109   130    21 -9999     0 -9999
2015 01 20 08     6   -11 10111   130    15 -9999     0 -9999
2015 01 20 09     6   -11 10106   130    31 -9999     0 -9999
2015 01 20 10   -11   -22 10101   130    31 -9999     0 -9999
2015 01 20 11     0   -17 10101   140    21 -9999     0 -9999
2015 01 20 12    -6   -17 10103   160    15     6     0 -9999
2015 01 20 13     0   -11 10105     0     0 -9999     0 -9999
2015 01 20 14     6    -6 10110     0     0 -9999     0 -9999
2015 01 20 15    11     0 10117     0     0 -9999     0 -9999
2015 01 20 16    17     0 10125   350    21 -9999     0 -9999
2015 01 20 17    22     0 10129   360    31 -9999     0 -9999
2015 01 20 18    22     0 10130   360    36     8     0 -9999
2015 01 20 19    22     6 10126    50    41 -9999     0 -9999
2015 01 20 20    22     0 10132    30    41 -9999     0 -9999
2015 01 20 21    11     0 10144   360    41 -9999     0 -9999
2015 01 20 22     6    -6 10143    30    46 -9999     0 -9999
2015 01 20 23     6   -11 10150    30    72 -9999     0 -9999
2015 01 21 00     0   -17 10159    20    51     8     0 -9999
2015 01 21 01    -6   -28 10165    30    57 -9999    -1 -9999
2015 01 21 02    -6   -28 10167    20    46 -9999    -1 -9999
2015 01 21 03   -11   -28 10163    20    46 -9999    -1 -9999
2015 01 21 04   -11   -22 10162    20    51 -9999    -1 -9999
2015 01 21 05   -11   -22 10164   360    41 -9999    -1 -9999
2015 01 21 06   -11   -22 10161    20    41     8    -1    -1
2015 01 21 07   -11   -22 10160    20    31 -9999    -1 -9999
2015 01 21 08   -11   -17 10159    20    26 -9999    -1 -9999
2015 01 21 09   -11   -22 10159    10    31 -9999    -1 -9999
2015 01 21 10   -11   -22 10155    10    26 -9999    -1 -9999
2015 01 21 11   -11   -22 10153    20    26 -9999    -1 -9999
2015 01 21 12    -6   -22 10154    40    21     8    -1    -1
2015 01 21 13    -6   -17 10158    20    26 -9999    -1 -9999
2015 01 21 14    -6   -17 10160    30    46 -9999    -1 -9999
2015 01 21 15    -6   -22 10167    30    31 -9999    -1 -9999
2015 01 21 16     0   -22 10173    30    31 -9999    -1 -9999
2015 01 21 17     0   -22 10177    20    46 -9999     3 -9999
2015 01 21 18     0   -28 10178    20    57     8    -1     3
2015 01 21 19     0   -33 10178    20    51 -9999    -1 -9999
2015 01 21 20     0   -33 10185    20    31 -9999    -1 -9999
2015 01 21 21     0   -28 10193   350    31 -9999     0 -9999
2015 01 21 22     0   -33 10205   350    36 -9999     0 -9999
2015 01 21 23    -6   -33 10211   340    36 -9999     0 -9999
2015 01 22 00    -6   -39 10222   340    31     8     0    -1
2015 01 22 01   -11   -56 10228   340    51 -9999     0 -9999
2015 01 22 02   -11   -50 10234   340    26 -9999     0 -9999
2015 01 22 03   -17   -56 10240   340    31 -9999     0 -9999
2015 01 22 04   -11   -61 10250   350    41 -9999     0 -9999
2015 01 22 05   -17   -61 10255   350    26 -9999     0 -9999
2015 01 22 06   -17   -61 10256   350    21     8     0 -9999
2015 01 22 07   -17   -56 10257     0     0 -9999     0 -9999
2015 01 22 08   -17   -61 10263   330    36 -9999     0 -9999
2015 01 22 09   -17   -56 10267   280    21 -9999     0 -9999
2015 01 22 10   -17   -56 10266   310    26 -9999     0 -9999
2015 01 22 11   -17   -56 10274   320    15 -9999     0 -9999
2015 01 22 12   -17   -50 10284   280    26     8     0 -9999
2015 01 22 13   -11   -50 10297   320    31 -9999     0 -9999
2015 01 22 14   -11   -44 10304   320    31 -9999     0 -9999
2015 01 22 15   -11   -44 10307   320    21 -9999     0 -9999
2015 01 22 16    -6   -44 10312   320    31 -9999     0 -9999
2015 01 22 17    -6   -44 10310   310    41 -9999     0 -9999
2015 01 22 18    -6   -44 10309   310    36     8     0 -9999
2015 01 22 19    -6   -44 10309   300    36 -9999     0 -9999
2015 01 22 20    -6   -44 10310   280    31 -9999     0 -9999
2015 01 22 21    -6   -50 10309   250    36 -9999     0 -9999
2015 01 22 22    -6   -50 10305   300    31 -9999     0 -9999
2015 01 22 23    -6   -50 10303   250    31 -9999     0 -9999
2015 01 23 00    -6   -50 10299   250    21     8     0 -9999
2015 01 23 01    -6   -44 10306   250    26 -9999     0 -9999
2015 01 23 02   -11   -50 10306   240    36 -9999     0 -9999
2015 01 23 03   -11   -50 10301   250    36 -9999     0 -9999
2015 01 23 04   -17   -50 10297   260    46 -9999     0 -9999
2015 01 23 05   -17   -50 10292   250    36 -9999     0 -9999
2015 01 23 06   -17   -50 10285   250    57     8     0 -9999
2015 01 23 07   -17   -50 10278   230    51 -9999     0 -9999
2015 01 23 08   -17   -50 10275   230    67 -9999     0 -9999
2015 01 23 09   -17   -50 10271   240    46 -9999     0 -9999
2015 01 23 10   -17   -50 10260   230    46 -9999     0 -9999
2015 01 23 11   -17   -50 10253   240    46 -9999     0 -9999
2015 01 23 12   -11   -44 10249   260    57     8     0 -9999
2015 01 23 13   -17   -50 10246   240    62 -9999     0 -9999
2015 01 23 14   -17   -50 10238   240    62 -9999     0 -9999
2015 01 23 15   -17   -50 10231   240    51 -9999     0 -9999
2015 01 23 16   -17   -50 10226   240    67 -9999     0 -9999
2015 01 23 17   -11   -44 10212   250    57 -9999     0 -9999
2015 01 23 18   -11   -50 10201   230    57     8     0 -9999
2015 01 23 19    -6   -50 10189   250    51 -9999     0 -9999
2015 01 23 20    -6   -50 10179   220    67 -9999     0 -9999
2015 01 23 21    -6   -50 10172   240    62 -9999     0 -9999
2015 01 23 22   -11   -56 10158   240    57 -9999     0 -9999
2015 01 23 23   -17   -56 10153   240    51 -9999     0 -9999
2015 01 24 00   -11   -56 10151   230    41     8     0 -9999
2015 01 24 01   -17   -50 10145   220    41 -9999     0 -9999
2015 01 24 02   -17   -50 10135   210    41 -9999     0 -9999
2015 01 24 03   -17   -44 10124   220    46 -9999     0 -9999
2015 01 24 04   -11   -44 10116   240    41 -9999     0 -9999
2015 01 24 05    -6   -44 10108   230    31 -9999     0 -9999
2015 01 24 06   -11   -44 10097   220    36     6     0 -9999
2015 01 24 07   -17   -44 10088   230    36 -9999     0 -9999
2015 01 24 08   -11   -39 -9999   240    26 -9999     0 -9999
2015 01 24 09   -11   -39 10076   240    31 -9999     0 -9999
2015 01 24 10   -11   -39 10071   260    31 -9999     0 -9999
2015 01 24 11   -11   -39 10067   270    41 -9999     0 -9999
2015 01 24 12   -11   -39 10068   280    46     8     0 -9999
2015 01 24 13   -11   -33 10071   280    41 -9999     0 -9999
2015 01 24 14    -6   -33 10068   280    46 -9999     0 -9999
2015 01 24 15    11   -22 10066   280    36 -9999     0 -9999
2015 01 24 16    22   -17 10062   250    36 -9999     0 -9999
2015 01 24 17    33   -11 10061   260    36 -9999     0 -9999
2015 01 24 18    50   -11 10053   270    67     4     0 -9999
2015 01 24 19    44    -6 10043   270    51 -9999     0 -9999
2015 01 24 20    39   -11 10038   250    51 -9999     0 -9999
2015 01 24 21    39    -6 10037   250    51 -9999     0 -9999
2015 01 24 22    22    -6 10044   270    62 -9999     0 -9999
2015 01 24 23    11   -11 10049   270    41 -9999     0 -9999
2015 01 25 00     6   -17 10056   270    31     6     0 -9999
2015 01 25 01     0   -17 10053   220    21 -9999     0 -9999
2015 01 25 02     0   -17 10050     0     0 -9999     0 -9999
2015 01 25 03     6   -17 10055    20    21 -9999     0 -9999
2015 01 25 04     0   -17 10054     0     0 -9999     0 -9999
2015 01 25 05     0   -17 10054    20    21 -9999     0 -9999
2015 01 25 06     0   -17 10052    40    26     8     0 -9999
2015 01 25 07     0   -17 10052    60    21 -9999     0 -9999
2015 01 25 08     0   -17 10053    50    26 -9999     0 -9999
2015 01 25 09     0   -11 10055    40    31 -9999     0 -9999
2015 01 25 10     6   -11 10054    40    41 -9999     0 -9999
2015 01 25 11    11     0 10061    30    62 -9999     0 -9999
2015 01 25 12     6    -6 10063    40    88     8     0 -9999
2015 01 25 13     0   -11 10073    40    93 -9999    -1 -9999
2015 01 25 14     0   -11 10077    40    77 -9999     8 -9999
2015 01 25 15    -6   -17 10085    50    82 -9999     5 -9999
2015 01 25 16    -6   -17 10091    40    67 -9999    -1 -9999
2015 01 25 17    -6   -22 10096    40    88 -9999     5 -9999
2015 01 25 18   -11   -33 10097    40    77     8    -1    20
2015 01 25 19   -17   -39 10102    30    98 -9999    -1 -9999
2015 01 25 20   -22   -50 10107    30    88 -9999     3 -9999
2015 01 25 21   -28   -61 10118    20    93 -9999    -1 -9999
2015 01 25 22   -33   -78 10128    40    93 -9999    -1 -9999
2015 01 25 23   -28   -83 10138    40    72 -9999     0 -9999
2015 01 26 00   -33   -83 10146    20    72     8     0     3
2015 01 26 01   -39   -89 10151    30    41 -9999     0 -9999
2015 01 26 02   -33   -89 10157    30    46     4     0 -9999
2015 01 26 03   -39   -94 10160    40    62     2     0 -9999
2015 01 26 04   -44   -94 10161    50    51     4     0 -9999
2015 01 26 05   -44   -94 10163    30    41 -9999     0 -9999
2015 01 26 06   -44   -94 10156    50    57     6     0 -9999
2015 01 26 07   -44   -89 10161    30    31 -9999     0 -9999
2015 01 26 08   -44   -94 10161    60    51 -9999     0 -9999
2015 01 26 09   -50   -94 10159    70    41 -9999     0 -9999
2015 01 26 10   -56  -100 10157    10    15 -9999     0 -9999
2015 01 26 11   -78  -106 10154     0     0     4     0 -9999
2015 01 26 12   -89  -111 10153   320    26     6     0 -9999
2015 01 26 13   -89  -111 10152   300    21 -9999     0 -9999
2015 01 26 14   -83  -100 10156   280    15 -9999     0 -9999
2015 01 26 15   -67   -94 10151   280    15 -9999     0 -9999
2015 01 26 16   -50   -94 10147   210    15 -9999     0 -9999
2015 01 26 17   -44   -89 10142   240    31 -9999     0 -9999
2015 01 26 18   -39   -89 10133   210    21     8     0 -9999
2015 01 26 19   -33   -83 10127   220    36 -9999    -1 -9999
2015 01 26 20   -33   -78 10121   200    26 -9999    -1 -9999
2015 01 26 21   -39   -61 10120   180    31 -9999    -1 -9999
2015 01 26 22   -33   -67 10120   170    36 -9999    -1 -9999
2015 01 26 23   -39   -61 10126   170    26 -9999    -1 -9999
2015 01 27 00   -39   -50 10131   190    31     8     3 -9999
2015 01 27 01   -39   -50 10133   180    36 -9999    -1 -9999
2015 01 27 02   -39   -44 10135   180    21 -9999     3 -9999
2015 01 27 03   -39   -50 10134   170    15 -9999     5 -9999
2015 01 27 04   -33   -44 -9999   150    21 -9999    -1 -9999
2015 01 27 05   -33   -44 10134   140    21 -9999    -1 -9999
2015 01 27 06   -33   -44 10134   130    21     8     3    20
2015 01 27 07   -28   -44 10141     0     0 -9999    -1 -9999
2015 01 27 08   -28   -44 10145    50    15 -9999    -1 -9999
2015 01 27 09   -28   -44 10151   360    21 -9999     0 -9999
2015 01 27 10   -28   -44 10157   350    15 -9999     0 -9999
2015 01 27 11   -28   -44 10166    10    26 -9999     0 -9999
2015 01 27 12   -28   -39 10176   350    31     8     0    -1
2015 01 27 13   -28   -44 10186   360    36 -9999    -1 -9999
2015 01 27 14   -22   -44 10192    50    41 -9999    -1 -9999
2015 01 27 15   -22   -67 10205    50    46 -9999     0 -9999
2015 01 27 16   -22   -67 10214    50    36 -9999     0 -9999
2015 01 27 17   -17   -67 10221    20    36 -9999     0 -9999
2015 01 27 18   -11   -72 10222    60    36     6     0    -1
2015 01 27 19    -6   -78 10223    60    36     4     0 -9999
2015 01 27 20    -6   -78 10226    40    31     4     0 -9999
2015 01 27 21   -11   -83 10231    50    46     4     0 -9999
2015 01 27 22   -11   -89 10235    40    41     2     0 -9999
2015 01 27 23   -28   -89 10243    40    31     2     0 -9999
2015 01 28 00   -33   -94 10245    50    36     2     0 -9999
2015 01 28 01   -39   -89 10251    40    26     2     0 -9999
2015 01 28 02   -39   -83 10247    60    21     2     0 -9999
2015 01 28 03   -44   -83 10245    90    21     2     0 -9999
2015 01 28 04   -56   -83 10254     0     0     2     0 -9999
2015 01 28 05   -61   -89 10255     0     0 -9999     0 -9999
2015 01 28 06   -44   -78 10252     0     0     6     0 -9999
2015 01 28 07   -44   -72 10254     0     0 -9999     0 -9999
2015 01 28 08   -50   -78 10254   260    21 -9999     0 -9999
2015 01 28 09   -50   -72 10256     0     0 -9999     0 -9999
2015 01 28 10   -50   -72 10257     0     0 -9999     0 -9999
2015 01 28 11   -56   -78 10253   120    15     2     0 -9999
2015 01 28 12   -67   -89 10261   190    21     2     0 -9999
2015 01 28 13   -67   -89 10262   180    26     4     0 -9999
2015 01 28 14   -56   -89 10263   160    31 -9999     0 -9999
2015 01 28 15   -44   -89 10255   170    46 -9999     0 -9999
2015 01 28 16   -28  -106 10255   170    51 -9999     0 -9999
2015 01 28 17   -11  -100 10246   170    62 -9999     0 -9999
2015 01 28 18     0   -78 10229   170    51     6     0 -9999
2015 01 28 19     0   -78 10218   180    67 -9999     0 -9999
2015 01 28 20     6   -72 10206   150    62 -9999     0 -9999
2015 01 28 21     6   -61 10197   160    72 -9999     0 -9999
2015 01 28 22     0   -61 10188   150    62 -9999     0 -9999
2015 01 28 23     0   -56 10174   150    88 -9999     0 -9999
2015 01 29 00    -6   -61 10165   150    72     6     0 -9999
2015 01 29 01     0   -61 10151   150    67 -9999     0 -9999
2015 01 29 02     0   -67 10138   160    77 -9999     0 -9999
2015 01 29 03     0   -67 10137   180    72 -9999     0 -9999
2015 01 29 04     6   -61 10127   170    62 -9999     0 -9999
2015 01 29 05    11   -50 10117   170    72 -9999    -1 -9999
2015 01 29 06     6   -33 10098   170    77     8     3     3
2015 01 29 07    11   -33 10088   170    51 -9999     0 -9999
2015 01 29 08    17   -33 10079   170    46 -9999     0 -9999
2015 01 29 09    17   -28 10072   170    31 -9999     0 -9999
2015 01 29 10     6   -28 10063   170    31     4     0 -9999
2015 01 29 11     0   -33 10057   190    21     4     0 -9999
2015 01 29 12     6   -22 10064   300    26     8     0 -9999
2015 01 29 13    17   -22 10069   330    46 -9999     0 -9999
2015 01 29 14    17   -22 10087   330    72 -9999     0 -9999
2015 01 29 15     0   -17 10103   330    93 -9999     3 -9999
2015 01 29 16     6   -28 10116   330   103 -9999    -1 -9999
2015 01 29 17    11   -28 10132   320    98 -9999    -1 -9999
2015 01 29 18     6   -33 10143   330    88     8     0     3
2015 01 29 19     6   -33 10147   330    72 -9999     0 -9999
2015 01 29 20     6   -33 10158   320    67 -9999     0 -9999
2015 01 29 21    11   -33 10171   330    57 -9999     0 -9999
2015 01 29 22    11   -33 10183   310    67 -9999     0 -9999
2015 01 29 23    11   -39 10197   320    77 -9999     0 -9999
2015 01 30 00    11   -44 10214   330    57     8     0 -9999
2015 01 30 01    11   -50 10225   320    67 -9999     0 -9999
2015 01 30 02    11   -61 10233   320    51 -9999     0 -9999
2015 01 30 03    11   -72 10240   330    67 -9999     0 -9999
2015 01 30 04     6   -61 10248   310    62 -9999     0 -9999
2015 01 30 05    -6   -61 10261   340    82 -9999    -1 -9999
2015 01 30 06   -17   -56 10272   350    67     8    -1    -1
2015 01 30 07   -22  -100 10281   340    72 -9999    -1 -9999
2015 01 30 08   -33  -111 10292   350    51 -9999     0 -9999
2015 01 30 09   -39  -133 10299   350    67 -9999     0 -9999
2015 01 30 10   -50  -128 10307   340    62     0     0 -9999
2015 01 30 11   -56  -133 10313   350    46     2     0 -9999
2015 01 30 12   -61  -128 10324   360    57     2     0     0
2015 01 30 13   -67  -133 10332   360    41     2     0 -9999
2015 01 30 14   -67  -133 10339   330    46     2     0 -9999
2015 01 30 15   -56  -128 10338   350    41     2     0 -9999
2015 01 30 16   -50  -139 10343    10    36 -9999     0 -9999
2015 01 30 17   -33  -139 10345 -9999    15     2     0 -9999
2015 01 30 18   -39  -133 10340 -9999    26     2     0 -9999
2015 01 30 19   -22  -133 10331   280    21 -9999     0 -9999
2015 01 30 20   -22  -133 10326   330    21 -9999     0 -9999
2015 01 30 21   -22  -133 10320 -9999    15     4     0 -9999
2015 01 30 22   -22  -128 10316   280    15     2     0 -9999
2015 01 30 23   -28  -128 10310   260    31     0     0 -9999
2015 01 31 00   -39  -117 10310   290    31     0     0 -9999
2015 01 31 01   -50  -117 10308   250    26     4     0 -9999
2015 01 31 02   -50  -111 10309     0     0     2     0 -9999
2015 01 31 03   -56  -106 10301     0     0     2     0 -9999
2015 01 31 04   -61  -106 10295   210    15     2     0 -9999
2015 01 31 05   -67  -111 10290   190    21     2     0 -9999
2015 01 31 06   -67  -106 10286   190    31     2     0 -9999
2015 01 31 07   -61  -100 10274   200    26 -9999     0 -9999
2015 01 31 08   -50   -89 10270   210    21 -9999     0 -9999
2015 01 31 09   -44   -83 10265   210    26 -9999     0 -9999
2015 01 31 10   -33   -78 10256   230    26 -9999     0 -9999
2015 01 31 11   -39   -78 10250   230    36 -9999     0 -9999
2015 01 31 12   -44   -78 10250   220    26     0     0 -9999
2015 01 31 13   -44   -78 10247   220    36 -9999     0 -9999
2015 01 31 14   -39   -72 10245   230    31 -9999     0 -9999
2015 01 31 15   -22   -67 10245   240    41     4     0 -9999
2015 01 31 16    -6   -67 10241   240    51 -9999     0 -9999
2015 01 31 17     6   -61 10236   250    57 -9999     0 -9999
2015 01 31 18    17   -50 10229   260    57     6     0 -9999
2015 01 31 19    17   -50 10221   260    46 -9999     0 -9999
2015 01 31 20    11   -44 10221   260    41 -9999     0 -9999
2015 01 31 21    17   -39 10221   290    36 -9999     0 -9999
2015 01 31 22    22   -33 10221   270    26 -9999     0 -9999
2015 01 31 23    17   -33 10222   280    26 -9999     0 -9999
2015 02 01 00    17   -28 10224     0     0     8     0 -9999
2015 02 01 01    11   -22 10223     0     0 -9999     0 -9999
2015 02 01 02    11   -22 10221     0     0 -9999    -1 -9999
2015 02 01 03    -6   -17 10215    60    36 -9999     5 -9999
2015 02 01 04    -6   -17 -9999    70    31 -9999    -1 -9999
2015 02 01 05    -6   -17 10218    70    36 -9999    10 -9999
2015 02 01 06   -11   -17 10213    60    36     8     8    30
2015 02 01 07   -11   -17 10205    60    36 -9999     3 -9999
2015 02 01 08    -6   -11 10200    80    26 -9999     3 -9999
2015 02 01 09    -6   -17 10190    70    41 -9999     3 -9999
2015 02 01 10    -6   -17 10179    70    46 -9999     3 -9999
2015 02 01 11   -11   -17 10173    70    46 -9999     5 -9999
2015 02 01 12   -11   -17 10165    70    46     8     5    60
2015 02 01 13   -11   -17 10151    60    72 -9999    13 -9999
2015 02 01 14   -11   -17 10142    50    67 -9999    13 -9999
2015 02 01 15   -17   -28 10139    60    77 -9999    10 -9999
2015 02 01 16   -17   -28 10132    50    82     9    13 -9999
2015 02 01 17   -22   -28 10117    60    93 -9999    13 -9999
2015 02 01 18   -33   -44 10106    50    88     8     8    70
2015 02 01 19   -39   -44 10087    50   108     9    10 -9999
2015 02 01 20   -44   -56 10090    50   103 -9999     8 -9999
2015 02 01 21   -50   -61 10083    40    98     9    10 -9999
2015 02 01 22   -56   -67 10088    40   108     9    -1 -9999
2015 02 01 23   -61   -72 10089    40   108     9     3 -9999
2015 02 02 00   -61   -72 10095    40    88     9    10    60
2015 02 02 01   -61   -72 10100    40    88     9    -1 -9999
2015 02 02 02   -61   -72 10099    30    93     9     5 -9999
2015 02 02 03   -67   -78 10104    30   108     9     5 -9999
2015 02 02 04   -72   -83 10110    20    93 -9999     3 -9999
2015 02 02 05   -72   -89 -9999    20    88     9    -1 -9999
2015 02 02 06   -72   -89 10127    10    93     8    74    30
2015 02 02 07  -100  -117 10138   340    88 -9999     3 -9999
2015 02 02 08  -106  -128 10152   340    98 -9999     3 -9999
2015 02 02 09  -111  -133 10162   340    88 -9999    -1 -9999
2015 02 02 10  -117  -139 10168   330    82 -9999     3 -9999
2015 02 02 11  -117  -144 10178   330    72 -9999     3 -9999
2015 02 02 12  -122  -156 10191   330    88     8     3    10
2015 02 02 13  -139  -172 10208   320    67 -9999    -1 -9999
2015 02 02 14  -139  -172 10220   320    57     2     0 -9999
2015 02 02 15  -133  -172 10228   320    62     2     0 -9999
2015 02 02 16  -117  -161 10231   320    51     2     0 -9999
2015 02 02 17  -100  -150 10234   300    41     2     0 -9999
2015 02 02 18   -89  -144 10232   300    31     2     0    -1
2015 02 02 19   -83  -139 10230   290    46     2     0 -9999
2015 02 02 20   -83  -139 10230   270    46     2     0 -9999
2015 02 02 21   -94  -172 10231   270    67     2     0 -9999
2015 02 02 22  -100  -172 10232   270    51     4     0 -9999
2015 02 02 23  -111  -172 10234   270    51 -9999     0 -9999
2015 02 03 00  -122  -178 10235   260    46     6     0 -9999
2015 02 03 01  -128  -167 10239   240    31 -9999     0 -9999
2015 02 03 02  -133  -172 10241   250    36 -9999     0 -9999
2015 02 03 03  -133  -172 10244   250    46 -9999     0 -9999
2015 02 03 04  -133  -167 10244   250    46 -9999     0 -9999
2015 02 03 05  -133  -167 10242   250    41 -9999     0 -9999
2015 02 03 06  -139  -167 10233   230    41     2     0 -9999
2015 02 03 07  -144  -172 10226   230    15     2     0 -9999
2015 02 03 08  -139  -167 10224   230    21     0     0 -9999
2015 02 03 09  -144  -167 10221   210    26     2     0 -9999
2015 02 03 10  -144  -161 10216   200    21 -9999     0 -9999
2015 02 03 11  -122  -150 10217   210    36 -9999     0 -9999
2015 02 03 12  -111  -144 10217   190    21     8     0 -9999
2015 02 03 13  -106  -139 10221   220    26 -9999     0 -9999
2015 02 03 14  -100  -133 10222   220    31 -9999     0 -9999
2015 02 03 15   -89  -122 10222   230    26 -9999     0 -9999
2015 02 03 16   -78  -117 10222   250    31     4     0 -9999
2015 02 03 17   -67  -111 10224   250    36 -9999     0 -9999
2015 02 03 18   -56  -100 10209   200    26     8     0 -9999
2015 02 03 19   -50  -100 10208   210    57 -9999     0 -9999
2015 02 03 20   -44   -94 10200   220    46 -9999     0 -9999
2015 02 03 21   -44   -89 10190   190    41 -9999     0 -9999
2015 02 03 22   -50   -67 -9999   220    31     9     2 -9999
2015 02 03 23   -50   -67 -9999   210    26     9     2 -9999
2015 02 04 00   -50   -67 10183     0     0     8     8    20
2015 02 04 01   -50   -61 10186     0     0 -9999    -1 -9999
2015 02 04 02   -44   -61 10179     0     0 -9999     0 -9999
2015 02 04 03   -39   -61 10172     0     0 -9999     0 -9999
2015 02 04 04   -39   -56 10167     0     0 -9999     0 -9999
2015 02 04 05   -39   -56 10164    10    26 -9999     0 -9999
2015 02 04 06   -39   -56 10163    20    21     8     0    -1
2015 02 04 07   -39   -50 10160   360    21 -9999     0 -9999
2015 02 04 08   -39   -50 10165   360    31 -9999     0 -9999
2015 02 04 09   -50   -61 10162   360    36 -9999     0 -9999
2015 02 04 10   -56   -67 -9999   340    26 -9999     0 -9999
2015 02 04 11   -61   -78 10166   340    36 -9999     0 -9999
2015 02 04 12   -78   -94 10178   330    51     8     0 -9999
2015 02 04 13   -72   -94 10183   340    62 -9999     0 -9999
2015 02 04 14   -78  -106 10195   330    67 -9999     0 -9999
2015 02 04 15   -72  -106 10209   340    36 -9999     0 -9999
2015 02 04 16   -72  -100 10210   350    41 -9999    -1 -9999
2015 02 04 17   -72  -100 10220   320    46 -9999     3 -9999
2015 02 04 18   -72  -106 10211   340    51     8    -1     5
2015 02 04 19   -72  -117 10214   320    62 -9999    -1 -9999
2015 02 04 20   -72  -117 10219   330    57 -9999    -1 -9999
2015 02 04 21   -78  -128 10227   340    67 -9999     0 -9999
2015 02 04 22   -78  -139 10235   330    57 -9999     0 -9999
2015 02 04 23   -89  -144 10244   340    62 -9999     0 -9999
2015 02 05 00  -100  -156 10261   320    57     4     0    -1
2015 02 05 01  -100  -156 10271   310    46     4     0 -9999
2015 02 05 02  -117  -161 10279   300    36     2     0 -9999
2015 02 05 03  -122  -178 10285   310    46     2     0 -9999
2015 02 05 04  -122  -183 10291   330    51     2     0 -9999
2015 02 05 05  -139  -194 10294   330    46     2     0 -9999
2015 02 05 06  -156  -200 10300   330    41     0     0 -9999
2015 02 05 07  -156  -211 10305   320    36     0     0 -9999
2015 02 05 08  -156  -206 10310   310    36     0     0 -9999
2015 02 05 09  -172  -211 10310   310    31     0     0 -9999
2015 02 05 10  -172  -211 10312   300    36     0     0 -9999
2015 02 05 11  -183  -217 10317   310    26     0     0 -9999
2015 02 05 12  -178  -217 10328   310    36     0     0 -9999
2015 02 05 13  -183  -222 10334   300    26     2     0 -9999
2015 02 05 14  -189  -211 10337   290    15     2     0 -9999
2015 02 05 15  -156  -200 10337   320    21 -9999     0 -9999
2015 02 05 16  -133  -194 10336     0     0     2     0 -9999
2015 02 05 17  -117  -194 10332   200    21     2     0 -9999
2015 02 05 18  -106  -194 10322   250    46     2     0 -9999
2015 02 05 19  -100  -194 10316   230    41     2     0 -9999
2015 02 05 20  -100  -194 10304   240    46     0     0 -9999
2015 02 05 21  -100  -189 10302   220    51     0     0 -9999
2015 02 05 22  -106  -189 10295   240    51     0     0 -9999
2015 02 05 23  -117  -189 10290   220    46     2     0 -9999
2015 02 06 00  -128  -189 10284   200    36     4     0 -9999
2015 02 06 01  -133  -183 10273   210    51     4     0 -9999
2015 02 06 02  -128  -178 10274   230    51 -9999     0 -9999
2015 02 06 03  -122  -172 10263   230    62 -9999     0 -9999
2015 02 06 04  -117  -172 10257   230    62 -9999     0 -9999
2015 02 06 05  -106  -161 10247   230    67 -9999     0 -9999
2015 02 06 06  -100  -156 10249   240    57     6     0 -9999
2015 02 06 07  -100  -150 10244   240    62 -9999     0 -9999
2015 02 06 08   -94  -144 10238   250    57 -9999     0 -9999
2015 02 06 09   -94  -144 10235   240    41     0     0 -9999
2015 02 06 10   -94  -139 10229   220    26 -9999     0 -9999
2015 02 06 11   -94  -139 10234   210    31 -9999     0 -9999
2015 02 06 12   -94  -133 10234   200    26     8     0 -9999
2015 02 06 13   -89  -133 10233   200    31 -9999     0 -9999
2015 02 06 14   -89  -128 10233   210    36 -9999     0 -9999
2015 02 06 15   -78  -122 10230   230    31 -9999     0 -9999
2015 02 06 16   -67  -117 10223   220    36 -9999     0 -9999
2015 02 06 17   -56  -111 10229   250    46 -9999     0 -9999
2015 02 06 18   -44  -106 10219   210    31     8     0 -9999
2015 02 06 19   -33  -100 10207   210    36 -9999     0 -9999
2015 02 06 20   -22   -89 10197   180    46 -9999     0 -9999
2015 02 06 21   -17   -89 10189   180    57     4     0 -9999
2015 02 06 22   -11   -78 10182   190    41     2     0 -9999
2015 02 06 23   -17   -78 10184   180    57     4     0 -9999
2015 02 07 00   -44   -83 10183   170    31     4     0 -9999
2015 02 07 01   -50   -83 10187   180    36     2     0 -9999
2015 02 07 02   -50   -72 10187   170    31     4     0 -9999
2015 02 07 03   -50   -72 10179   180    41 -9999     0 -9999
2015 02 07 04   -50   -72 10170   190    31 -9999     0 -9999
2015 02 07 05   -50   -67 10159   190    26     4     0 -9999
2015 02 07 06   -28   -50 10146   210    26     2     0 -9999
2015 02 07 07   -17   -44 10137   210    36     2     0 -9999
2015 02 07 08   -17   -44 10142   250    15 -9999     0 -9999
2015 02 07 09   -28   -50 10137   220    15 -9999     0 -9999
2015 02 07 10   -50   -67 10124   180    26 -9999     0 -9999
2015 02 07 11   -50   -56 10127   160    31 -9999     0 -9999
2015 02 07 12   -67   -72 10120   170    31     4     0 -9999
2015 02 07 13   -67   -72 10115   160    21     4     0 -9999
2015 02 07 14   -61   -67 10114   180    36     4     0 -9999
2015 02 07 15   -39   -44 10109   180    26     4     0 -9999
2015 02 07 16    17   -22 10103   220    46 -9999     0 -9999
2015 02 07 17    33   -11 10096   210    46 -9999     0 -9999
2015 02 07 18    44    -6 10086   220    51     6     0 -9999
2015 02 07 19    44     0 10075   220    57 -9999     0 -9999
2015 02 07 20    50     6 10067   190    31 -9999     0 -9999
2015 02 07 21    50     6 10058   220    46 -9999     0 -9999
2015 02 07 22    50     6 10054   200    46 -9999     0 -9999
2015 02 07 23    39     6 10054   190    62 -9999     0 -9999
2015 02 08 00    33     6 10050   180    41     8     0 -9999
2015 02 08 01    33    11 10052   180    31 -9999     0 -9999
2015 02 08 02    28    11 10043   180    41 -9999     0 -9999
2015 02 08 03    33    17 10041   180    15 -9999     0 -9999
2015 02 08 04    44    22 10032   210    26 -9999     0 -9999
2015 02 08 05    44    22 10028   220    15 -9999     0 -9999
2015 02 08 06    39    17 10025   210    21     4     0 -9999
2015 02 08 07    39    17 10017   230    21 -9999     0 -9999
2015 02 08 08    33    11 10017   240    15 -9999     0 -9999
2015 02 08 09    28    11 10023     0     0 -9999     0 -9999
2015 02 08 10    17     6 10025   260    15 -9999     0 -9999
2015 02 08 11    11     0 10026     0     0 -9999     0 -9999
2015 02 08 12    11     6 10029     0     0     8     0 -9999
2015 02 08 13    17     6 10033    10    36 -9999     0 -9999
2015 02 08 14    17     6 10042     0     0 -9999     0 -9999
2015 02 08 15    17     0 10054    30    26 -9999     0 -9999
2015 02 08 16    17     0 10059    20    41 -9999     0 -9999
2015 02 08 17    22     0 10064    10    41 -9999     0 -9999
2015 02 08 18    22     0 10068   340    57     8     0 -9999
2015 02 08 19    17     6 10068   350    51 -9999     0 -9999
2015 02 08 20    11     0 10072    10    72 -9999     0 -9999
2015 02 08 21     6    -6 10080    20    82 -9999    -1 -9999
2015 02 08 22    -6   -11 10098    10    82 -9999    -1 -9999
2015 02 08 23    -6   -17 10110    10    72 -9999     3 -9999
2015 02 09 00   -11   -17 10124    10    77     8    -1     3
2015 02 09 01   -17   -28 10133   360    72 -9999     0 -9999
2015 02 09 02   -22   -33 10139   360    62 -9999    -1 -9999
2015 02 09 03   -28   -33 10146   360    57 -9999    -1 -9999
2015 02 09 04   -28   -39 10151   360    67 -9999    -1 -9999
2015 02 09 05   -39   -44 10156   350    57 -9999    -1 -9999
2015 02 09 06   -39   -44 10160   350    62     8    -1    -1
2015 02 09 07   -39   -50 10167   340    62 -9999    -1 -9999
2015 02 09 08   -44   -56 10169   350    62 -9999    -1 -9999
2015 02 09 09   -44   -56 10174   350    51 -9999     0 -9999
2015 02 09 10   -44   -56 10179   340    46 -9999     0 -9999
2015 02 09 11   -39   -56 10187   360    67 -9999     0 -9999
2015 02 09 12   -39   -56 10197    10    67     8     0    -1
2015 02 09 13   -39   -67 10205    10    82 -9999     0 -9999
2015 02 09 14   -39   -67 10216    10    67 -9999     0 -9999
2015 02 09 15   -39   -67 10221    20    62 -9999     0 -9999
2015 02 09 16   -39   -61 10224    20    51 -9999    -1 -9999
2015 02 09 17   -39   -67 10228   350    62 -9999    -1 -9999
2015 02 09 18   -44   -67 10225    10    51     8    -1    -1
2015 02 09 19   -39   -67 10224   350    57 -9999    -1 -9999
2015 02 09 20   -33   -61 10224    20    67 -9999    -1 -9999
2015 02 09 21   -33   -67 10224    10    62 -9999     0 -9999
2015 02 09 22   -33   -67 10228   360    57 -9999     0 -9999
2015 02 09 23   -39   -78 10233    20    72 -9999     0 -9999
2015 02 10 00   -44   -89 10238    20    51     4     0    -1
2015 02 10 01   -50   -89 10244    10    36     2     0 -9999
2015 02 10 02   -61   -89 10248   350    31     4     0 -9999
2015 02 10 03   -72   -94 10254   340    31     4     0 -9999
2015 02 10 04   -56   -89 10252   340    46 -9999     0 -9999
2015 02 10 05   -50   -89 10251   360    46 -9999     0 -9999
2015 02 10 06   -56   -89 10249   350    41     8     0 -9999
2015 02 10 07   -50   -89 10249   340    36 -9999     0 -9999
2015 02 10 08   -50   -89 10247   360    26 -9999     0 -9999
2015 02 10 09   -50   -83 10248   330    41 -9999     0 -9999
2015 02 10 10   -56   -94 10250   350    41 -9999     0 -9999
2015 02 10 11   -56   -94 10248   350    31 -9999     0 -9999
2015 02 10 12   -61  -100 10244    40    31     6     0 -9999
2015 02 10 13   -67  -100 10246    20    21 -9999     0 -9999
2015 02 10 14   -61   -89 10252    10    15 -9999     0 -9999
2015 02 10 15   -44   -83 10249   350    15 -9999     0 -9999
2015 02 10 16   -22   -72 10249   100    36 -9999     0 -9999
2015 02 10 17   -17   -67 10249    80    21 -9999     0 -9999
2015 02 10 18   -11   -67 10241 -9999    31     6     0 -9999
2015 02 10 19    -6   -72 10228   140    31 -9999     0 -9999
2015 02 10 20     0   -67 10222   150    21     4     0 -9999
2015 02 10 21     6   -72 10219   140    21     4     0 -9999
2015 02 10 22    -6   -78 10208   140    36 -9999     0 -9999
2015 02 10 23   -11   -78 10206   130    46 -9999     0 -9999
2015 02 11 00   -17   -72 10210   140    51     8     0 -9999
2015 02 11 01   -22   -72 10208   150    41 -9999     0 -9999
2015 02 11 02   -22   -72 10197   140    51 -9999     0 -9999
2015 02 11 03   -22   -89 10183   160    82 -9999     0 -9999
2015 02 11 04   -28   -78 10175   180    51 -9999     0 -9999
2015 02 11 05   -22   -78 10183   220    41 -9999     0 -9999
2015 02 11 06   -22   -67 10181   220    31     8     0 -9999
2015 02 11 07   -22   -61 10175   210    36 -9999     0 -9999
2015 02 11 08   -17   -56 10170   200    46 -9999     0 -9999
2015 02 11 09   -17   -50 10162   210    31 -9999     0 -9999
2015 02 11 10   -11   -44 10157   220    41 -9999     0 -9999
2015 02 11 11    -6   -39 10155   230    36 -9999     0 -9999
2015 02 11 12    -6   -33 10151   240    46     8    -1 -9999
2015 02 11 13    -6   -28 10153   260    51 -9999    -1 -9999
2015 02 11 14     0   -28 10154   260    51 -9999     0 -9999
2015 02 11 15     6   -17 10159   280    57 -9999    -1 -9999
2015 02 11 16    11   -17 10157   290    51 -9999    -1 -9999
2015 02 11 17    11   -17 10160   300    62 -9999     0 -9999
2015 02 11 18    17   -44 10161   310    93     8     0    -1
2015 02 11 19    17   -44 10162   300    72 -9999     0 -9999
2015 02 11 20     6   -39 -9999   310    77 -9999 -9999 -9999
2015 02 11 21     0   -61 10168   290    93 -9999     0 -9999
2015 02 11 22    -6   -67 10172   300    67 -9999     0 -9999
2015 02 11 23   -11   -56 10180   280    88 -9999     0 -9999
2015 02 12 00   -17   -72 10183   290    77     8     0 -9999
2015 02 12 01   -28   -83 10188   300    88 -9999     0 -9999
2015 02 12 02   -44  -106 10191   300    62     2     0 -9999
2015 02 12 03   -56  -117 10192   310    72     2     0 -9999
2015 02 12 04   -67  -117 10196   290    46     0     0 -9999
2015 02 12 05   -78  -133 10196   310    62     2     0 -9999
2015 02 12 06   -78  -139 10203   320    93     8     0 -9999
2015 02 12 07   -83  -150 10210   330    88 -9999 -9999 -9999
2015 02 12 08   -89  -144 10218   330    77 -9999    -1 -9999
2015 02 12 09   -94  -139 10226   340    98 -9999    -1 -9999
2015 02 12 10   -94  -156 10237   350    98 -9999    -1 -9999
2015 02 12 11  -106  -161 10256   340   108 -9999    -1 -9999
2015 02 12 12  -117  -178 10271   330    82     2 -9999    -1
2015 02 12 13  -128  -194 10287   340    77     2 -9999 -9999
2015 02 12 14  -133  -206 10301   340    98     2 -9999 -9999
2015 02 12 15  -128  -200 10308   340    82     2 -9999 -9999
2015 02 12 16  -122  -189 10313   340    82     2 -9999 -9999
2015 02 12 17  -111  -189 10321   330    67     2 -9999 -9999
2015 02 12 18  -106  -189 10322   320    57     2 -9999 -9999
2015 02 12 19   -94  -183 10317   320    41     2 -9999 -9999
2015 02 12 20   -89  -183 10318   350    46     2 -9999 -9999
2015 02 12 21   -83  -183 10315   310    46     4 -9999 -9999
2015 02 12 22   -89  -183 10318   310    57     4 -9999 -9999
2015 02 12 23  -106  -189 10321   300    51 -9999     0 -9999
2015 02 13 00  -117  -189 10324   310    57     6     0 -9999
2015 02 13 01  -122  -189 10328   310    46 -9999     0 -9999
2015 02 13 02  -117  -189 10328   340    41 -9999     0 -9999
2015 02 13 03  -117  -183 10323   350    21 -9999     0 -9999
2015 02 13 04  -128  -189 10314     0     0 -9999     0 -9999
2015 02 13 05  -128  -189 10313     0     0     2     0 -9999
2015 02 13 06  -133  -189 10309   240    15     0     0 -9999
2015 02 13 07  -139  -183 10306   250    21     0     0 -9999
2015 02 13 08  -144  -183 10300   250    21     0     0 -9999
2015 02 13 09  -150  -183 10291   240    26     0     0 -9999
2015 02 13 10  -150  -189 10286   250    21     0     0 -9999
2015 02 13 11  -150  -183 10281   220    31     2     0 -9999
2015 02 13 12  -144  -178 10278   230    21     6     0 -9999
2015 02 13 13  -144  -178 10277   220    31 -9999     0 -9999
2015 02 13 14  -133  -172 10267   240    41 -9999     0 -9999
2015 02 13 15  -117  -167 10261   230    57 -9999     0 -9999
2015 02 13 16  -106  -161 10256   240    57 -9999     0 -9999
2015 02 13 17  -100  -161 10246   240    67 -9999     0 -9999
2015 02 13 18   -94  -150 10229   230    62     8     0 -9999
2015 02 13 19   -89  -139 10216   230    62 -9999    -1 -9999
2015 02 13 20   -78  -133 10203   220    62 -9999    -1 -9999
2015 02 13 21   -72  -122 10190   210    67 -9999     0 -9999
2015 02 13 22   -67  -117 10181   210    62 -9999     0 -9999
2015 02 13 23   -61  -106 10171   220    82 -9999     0 -9999
2015 02 14 00   -56  -100 10169   230    51     8     0    -1
2015 02 14 01   -50  -100 10170   230    41 -9999     0 -9999
2015 02 14 02   -44   -94 10166   240    41 -9999     0 -9999
2015 02 14 03   -44   -89 10157   240    46 -9999     0 -9999
2015 02 14 04   -39   -83 10146   250    51 -9999     0 -9999
2015 02 14 05   -33   -78 10138   260    62 -9999     0 -9999
2015 02 14 06   -33   -78 10125   260    46     8     0 -9999
2015 02 14 07   -33   -72 10114   270    36 -9999     0 -9999
2015 02 14 08   -28   -67 10103   270    41 -9999     0 -9999
2015 02 14 09   -28   -72 10100   280    57 -9999     0 -9999
2015 02 14 10   -28   -78 10096   280    46 -9999     0 -9999
2015 02 14 11   -39   -83 10090   340    67 -9999    -1 -9999
2015 02 14 12   -50  -100 10093   330    77     8    -1    -1
2015 02 14 13   -67  -100 10109   330    93 -9999    -1 -9999
2015 02 14 14   -94  -144 10132   330   129 -9999    -1 -9999
2015 02 14 15  -111  -156 -9999   350   124 -9999    -1 -9999
2015 02 14 16  -117  -167 -9999   330   154 -9999    -1 -9999
2015 02 14 17  -117  -172 10191   330   118 -9999    -1 -9999
2015 02 14 18  -122  -194 10207   330   129     8    -1    -1
2015 02 14 19  -122  -211 10220   330   129 -9999     0 -9999
2015 02 14 20  -133  -233 10233   340   103 -9999     0 -9999
2015 02 14 21  -133  -217 10247   320   113     4     0 -9999
2015 02 14 22  -139  -233 10264   340   113     4     0 -9999
2015 02 14 23  -144  -239 10277   340    93     2     0 -9999
2015 02 15 00  -150  -228 10297   330    82     2     0 -9999
2015 02 15 01  -156  -233 10310   320    72     2     0 -9999
2015 02 15 02  -156  -233 10321   330    77     2     0 -9999
2015 02 15 03  -161  -233 10326   330    72     2     0 -9999
2015 02 15 04  -167  -239 10329   340    77     0     0 -9999
2015 02 15 05  -167  -244 10326   340    62     0     0 -9999
2015 02 15 06  -172  -250 10332   340    62     0     0 -9999
2015 02 15 07  -178  -250 10338   330    72     2     0 -9999
2015 02 15 08  -183  -250 10344   330    72     2     0 -9999
2015 02 15 09  -189  -256 10348   320    57     2     0 -9999
2015 02 15 10  -194  -256 10354   310    72     2     0 -9999
2015 02 15 11  -194  -250 10355   320    67     4     0 -9999
2015 02 15 12  -189  -244 10357   330    46     6     0 -9999
2015 02 15 13  -183  -239 10355   340    46 -9999     0 -9999
2015 02 15 14  -178  -228 10356   330    46 -9999     0 -9999
2015 02 15 15  -161  -211 10354   350    57 -9999     0 -9999
2015 02 15 16  -139  -194 10356   360    57 -9999     0 -9999
2015 02 15 17  -122  -172 10361    50    21 -9999    -1 -9999
2015 02 15 18  -106  -150 10352    50    31     8     3 -9999
2015 02 15 19  -106  -139 10344     0     0 -9999     3 -9999
2015 02 15 20  -106  -156 10338 -9999    26 -9999    -1 -9999
2015 02 15 21  -100  -150 10337   140    21 -9999    -1 -9999
2015 02 15 22  -100  -161 10330    90    31 -9999    -1 -9999
2015 02 15 23  -106  -139 10331    90    31 -9999     3 -9999
2015 02 16 00  -111  -150 10324   100    41     8    -1     8
2015 02 16 01  -111  -144 10322    80    36 -9999    -1 -9999
2015 02 16 02  -106  -150 10317   100    36 -9999    -1 -9999
2015 02 16 03  -111  -150 10322   110    26 -9999    -1 -9999
2015 02 16 04  -106  -150 10318   120    36 -9999    -1 -9999
2015 02 16 05  -106  -161 10307    90    26 -9999    -1 -9999
2015 02 16 06  -117  -172 10299   140    41     8     0    -1
2015 02 16 07  -122  -194 10300   150    26 -9999     0 -9999
2015 02 16 08  -122  -200 10287   140    36 -9999     0 -9999
2015 02 16 09  -128  -189 10276   150    36 -9999     0 -9999
2015 02 16 10  -128  -206 10271   150    36 -9999     0 -9999
2015 02 16 11  -133  -194 10266   150    26 -9999     0 -9999
2015 02 16 12  -133  -194 10260   150    21     8     0 -9999
2015 02 16 13  -150  -211 10258   150    26 -9999     0 -9999
2015 02 16 14  -139  -206 10251     0     0 -9999     0 -9999
2015 02 16 15  -128  -211 10249     0     0 -9999     0 -9999
2015 02 16 16  -122  -194 10241     0     0 -9999     0 -9999
2015 02 16 17  -106  -189 10238     0     0 -9999     0 -9999
2015 02 16 18  -100  -211 10226     0     0     6     0 -9999
2015 02 16 19   -94  -222 10209     0     0 -9999     0 -9999
2015 02 16 20   -83  -206 10192   120    15 -9999     0 -9999
2015 02 16 21   -78  -211 10190     0     0 -9999     0 -9999
2015 02 16 22   -78  -194 10184   150    21 -9999     0 -9999
2015 02 16 23   -78  -211 10181   220    26 -9999     0 -9999
2015 02 17 00   -78  -206 10182   240    41     8     0 -9999
2015 02 17 01   -83  -156 10182   290    36 -9999     0 -9999
2015 02 17 02   -89  -156 10177   280    36 -9999     0 -9999
2015 02 17 03   -89  -144 10173   250    31 -9999     0 -9999
2015 02 17 04   -94  -150 10172   270    46 -9999     0 -9999
2015 02 17 05   -94  -156 10169   250    31 -9999     0 -9999
2015 02 17 06   -94  -150 10163   260    41     8     0 -9999
2015 02 17 07   -94  -144 10158   260    46 -9999     0 -9999
2015 02 17 08   -94  -144 10152   250    41 -9999     0 -9999
2015 02 17 09   -94  -139 10145   260    41 -9999     0 -9999
2015 02 17 10   -94  -128 10142   260    41 -9999    -1 -9999
2015 02 17 11   -89  -122 10140   260    41 -9999    -1 -9999
2015 02 17 12   -89  -117 10142   250    46     8    -1    -1
2015 02 17 13   -83  -111 10146   260    46 -9999    -1 -9999
2015 02 17 14   -83  -106 10146   280    41 -9999    -1 -9999
2015 02 17 15   -78  -117 10147   290    57 -9999    -1 -9999
2015 02 17 16   -78  -117 -9999   320    67 -9999    -1 -9999
2015 02 17 17   -78  -133 10148   340    57 -9999    -1 -9999
2015 02 17 18   -78  -133 10144   310    36     8     0    -1
2015 02 17 19   -83  -144 10136   290    72 -9999     0 -9999
2015 02 17 20   -83  -156 10133   300    62 -9999     0 -9999
2015 02 17 21   -78  -161 10131   270    67 -9999     0 -9999
2015 02 17 22   -83  -156 10131   260    72 -9999     0 -9999
2015 02 17 23   -89  -156 10128   250    62 -9999     0 -9999
2015 02 18 00   -94  -144 10132   250    51     6    -1     0
2015 02 18 01  -100  -161 10132   250    46     4     0 -9999
2015 02 18 02  -106  -172 10128   270    57     4     0 -9999
2015 02 18 03  -111  -178 10130   290    62 -9999     0 -9999
2015 02 18 04  -117  -183 10134   290    67 -9999     0 -9999
2015 02 18 05  -122  -183 10130   290    77 -9999     0 -9999
2015 02 18 06  -133  -189 10125   290    67     6     0 -9999
2015 02 18 07  -139  -194 10122   300    46     2     0 -9999
2015 02 18 08  -144  -194 10121   290    62     2     0 -9999
2015 02 18 09  -144  -194 10117   290    46     2     0 -9999
2015 02 18 10  -150  -194 10117   290    41     2     0 -9999
2015 02 18 11  -156  -189 10119   280    41     4     0 -9999
2015 02 18 12  -156  -189 10126   310    57     8    -1    -1
2015 02 18 13  -161  -194 10133   320    72     4    -1 -9999
2015 02 18 14  -156  -200 10143   320    77     4     0 -9999
2015 02 18 15  -150  -200 10151   320    72     4     0 -9999
2015 02 18 16  -144  -200 10157   320    88 -9999     0 -9999
2015 02 18 17  -139  -200 10167   300    88 -9999     0 -9999
2015 02 18 18  -139  -211 10174   300    93     6     0    -1
2015 02 18 19  -139  -217 10180   310    72 -9999     0 -9999
2015 02 18 20  -139  -222 10188   280    93 -9999    -1 -9999
2015 02 18 21  -150  -233 10199   290    98 -9999     0 -9999
2015 02 18 22  -150  -239 10206   300    82 -9999     0 -9999
2015 02 18 23  -161  -217 -9999   310    72 -9999    -1 -9999
2015 02 19 00  -167  -217 10226   300    67     6    -1    -1
2015 02 19 01  -172  -239 10236   300    57     2    -1 -9999
2015 02 19 02  -172  -228 10243   300    51     4     0 -9999
2015 02 19 03  -178  -250 10246   320    62     2     0 -9999
2015 02 19 04  -183  -261 10252   320    77     2     0 -9999
2015 02 19 05  -189  -267 10254   310    57     0     0 -9999
2015 02 19 06  -194  -267 10256   310    62     0     0    -1
2015 02 19 07  -200  -272 10258   320    57     0     0 -9999
2015 02 19 08  -206  -272 10259   320    57     0     0 -9999
2015 02 19 09  -211  -272 10263   310    72     0     0 -9999
2015 02 19 10  -211  -272 10266   320    67     0     0 -9999
2015 02 19 11  -217  -272 10270   310    62     0     0 -9999
2015 02 19 12  -217  -272 10279   300    62     0     0 -9999
2015 02 19 13  -222  -278 10286   310    57     2     0 -9999
2015 02 19 14  -217  -272 10295   320    62     2     0 -9999
2015 02 19 15  -206  -278 10299   310    77     2     0 -9999
2015 02 19 16  -189  -278 10298   330    77     2     0 -9999
2015 02 19 17  -178  -272 10302   320    67     2     0 -9999
2015 02 19 18  -167  -267 10302   320    67     2     0 -9999
2015 02 19 19  -167  -261 10299   310    67     2     0 -9999
2015 02 19 20  -167  -256 10296   310    46     2     0 -9999
2015 02 19 21  -156  -256 10293   310    57     2     0 -9999
2015 02 19 22  -156  -250 10293   290    36     2     0 -9999
2015 02 19 23  -161  -250 10292   290    41     2     0 -9999
2015 02 20 00  -167  -250 10294   290    46     2     0 -9999
2015 02 20 01  -178  -250 10297   300    31     2     0 -9999
2015 02 20 02  -178  -250 10297   280    26     0     0 -9999
2015 02 20 03  -178  -244 10298   250    26     0     0 -9999
2015 02 20 04  -178  -239 10300   240    21     0     0 -9999
2015 02 20 05  -189  -244 10299   250    15     0     0 -9999
2015 02 20 06  -194  -250 10296   220    21     0     0 -9999
2015 02 20 07  -189  -239 10296   230    15     2     0 -9999
2015 02 20 08  -200  -239 10292   190    15     2     0 -9999
2015 02 20 09  -200  -239 10283   200    15     2     0 -9999
2015 02 20 10  -206  -239 10279   190    26     0     0 -9999
2015 02 20 11  -211  -244 10274   180    26     2     0 -9999
2015 02 20 12  -189  -228 10267   180    31     6     0 -9999
2015 02 20 13  -178  -228 10270   170    36 -9999     0 -9999
2015 02 20 14  -167  -228 10268   180    57 -9999     0 -9999
2015 02 20 15  -156  -217 10264   190    67 -9999     0 -9999
2015 02 20 16  -139  -206 10251   180    77 -9999     0 -9999
2015 02 20 17  -128  -189 10245   200    88 -9999    -1 -9999
2015 02 20 18  -117  -172 10230   180   108     8    -1    -1
2015 02 20 19  -106  -144 10214   180    72 -9999    -1 -9999
2015 02 20 20  -100  -139 10204   180    88 -9999     3 -9999
2015 02 20 21  -100  -139 10190   170    93 -9999    -1 -9999
2015 02 20 22   -94  -144 10180   170    93 -9999     0 -9999
2015 02 20 23   -89  -150 10171   180    72 -9999     0 -9999
2015 02 21 00   -89  -156 10165   180    67     6     0     3
2015 02 21 01   -83  -167 10169   190    77 -9999     0 -9999
2015 02 21 02   -78  -156 10169   200    77 -9999     0 -9999
2015 02 21 03   -83  -150 10164   190    62 -9999     0 -9999
2015 02 21 04   -83  -139 10159   190    62 -9999     0 -9999
2015 02 21 05   -83  -139 10156   200    51 -9999     0 -9999
2015 02 21 06   -83  -133 10154   200    41     8     0 -9999
2015 02 21 07   -78  -122 10149   200    41 -9999     0 -9999
2015 02 21 08   -78  -117 10148   200    36 -9999     0 -9999
2015 02 21 09   -72  -117 10143   190    41 -9999     0 -9999
2015 02 21 10   -72  -111 10134   190    31 -9999     0 -9999
2015 02 21 11   -72  -111 10134   250    31 -9999     0 -9999
2015 02 21 12   -67  -106 10137   210    21     8     0 -9999
2015 02 21 13   -67  -100 10136   200    21 -9999     0 -9999
2015 02 21 14   -67  -100 10142   240    21 -9999     0 -9999
2015 02 21 15   -61   -94 10145   200    15 -9999     0 -9999
2015 02 21 16   -50   -89 10145     0     0 -9999     0 -9999
2015 02 21 17   -33   -83 10145     0     0 -9999     0 -9999
2015 02 21 18   -22   -83 10145     0     0     8     0 -9999
2015 02 21 19   -11   -78 10142    30    26 -9999     0 -9999
2015 02 21 20    -6   -78 10144   320    15 -9999     0 -9999
2015 02 21 21   -11   -78 10148     0     0 -9999     0 -9999
2015 02 21 22   -11   -78 10154     0     0 -9999     0 -9999
2015 02 21 23   -17   -72 10161    60    31 -9999     0 -9999
2015 02 22 00   -17   -72 10174    20    15     8     0 -9999
2015 02 22 01   -22   -72 10186    60    15 -9999    -1 -9999
2015 02 22 02   -22   -67 10197     0     0 -9999    -1 -9999
2015 02 22 03   -22   -56 10202     0     0 -9999    -1 -9999
2015 02 22 04   -22   -61 10209   320    31 -9999    -1 -9999
2015 02 22 05   -22   -67 10210   320    26 -9999     0 -9999
2015 02 22 06   -22   -67 10214   290    31     8     0    -1
2015 02 22 07   -22   -67 10224   300    57 -9999    -1 -9999
2015 02 22 08   -33   -72 10231   320    62 -9999    -1 -9999
2015 02 22 09   -50   -89 10238   320    67 -9999    -1 -9999
2015 02 22 10   -61  -100 10246   310    57 -9999    -1 -9999
2015 02 22 11   -72  -122 10251   330    72     4     0 -9999
2015 02 22 12   -83  -139 10264   330    67     4     0    -1
2015 02 22 13   -94  -144 10272   320    51 -9999     0 -9999
2015 02 22 14   -94  -150 10283   330    57 -9999     0 -9999
2015 02 22 15   -94  -150 10296   330    57 -9999     0 -9999
2015 02 22 16   -89  -144 10299   320    41 -9999     0 -9999
2015 02 22 17   -72  -150 10312   340    41 -9999     0 -9999
2015 02 22 18   -72  -156 10316   330    51     6     0 -9999
2015 02 22 19   -72  -156 10316   330    62 -9999     0 -9999
2015 02 22 20   -72  -167 10319   330    72     4     0 -9999
2015 02 22 21   -83  -172 10326   310    46     2     0 -9999
2015 02 22 22  -100  -189 10335   310    62     4     0 -9999
2015 02 22 23  -106  -206 10339   320    72     4     0 -9999
2015 02 23 00  -122  -206 10352   320    72     4     0 -9999
2015 02 23 01  -128  -206 10363   340    72     4     0 -9999
2015 02 23 02  -139  -211 10372   330    62     2     0 -9999
2015 02 23 03  -144  -211 10381   330    51     2     0 -9999
2015 02 23 04  -150  -217 10386   320    57     0     0 -9999
2015 02 23 05  -156  -222 10389   330    46     0     0 -9999
2015 02 23 06  -161  -233 10397   350    57     0     0 -9999
2015 02 23 07  -167  -244 10402   340    57     0     0 -9999
2015 02 23 08  -178  -244 10405   340    57     0     0 -9999
2015 02 23 09  -183  -250 10408   340    77     0     0 -9999
2015 02 23 10  -189  -250 10407   330    62     0     0 -9999
2015 02 23 11  -194  -256 10412   330    46     0     0 -9999
2015 02 23 12  -200  -261 10412   330    41     2     0 -9999
2015 02 23 13  -200  -261 10411   330    46     2     0 -9999
2015 02 23 14  -189  -256 10417   320    46     2     0 -9999
2015 02 23 15  -172  -261 10416   330    31     2     0 -9999
2015 02 23 16  -161  -250 10413   270    31     0     0 -9999
2015 02 23 17  -150  -244 10407   300    26     0     0 -9999
2015 02 23 18  -128  -239 10395   310    31     0     0 -9999
2015 02 23 19  -122  -239 10381   270    41     0     0 -9999
2015 02 23 20  -117  -228 10370   270    41     0     0 -9999
2015 02 23 21  -117  -222 10361   250    36     0     0 -9999
2015 02 23 22  -117  -222 10349   250    26     0     0 -9999
2015 02 23 23  -122  -217 10337   260    51     2     0 -9999
2015 02 24 00  -139  -217 10332   240    51     2     0 -9999
2015 02 24 01  -150  -222 10322   240    46     0     0 -9999
2015 02 24 02  -156  -217 10308   240    41     0     0 -9999
2015 02 24 03  -156  -222 10293   220    46     0     0 -9999
2015 02 24 04  -156  -217 10279   220    46     4     0 -9999
2015 02 24 05  -156  -217 10269   230    31 -9999     0 -9999
2015 02 24 06  -150  -217 10259   210    57     8     0 -9999
2015 02 24 07  -150  -211 10244   210    57     4     0 -9999
2015 02 24 08  -144  -206 10228   220    51 -9999     0 -9999
2015 02 24 09  -144  -200 10214   220    72 -9999     0 -9999
2015 02 24 10  -144  -211 10194   230    62 -9999     0 -9999
2015 02 24 11  -139  -206 10172   220    62 -9999     0 -9999
2015 02 24 12  -133  -206 10154   210    82     6     0 -9999
2015 02 24 13  -133  -200 10139   220    93 -9999     0 -9999
2015 02 24 14  -122  -194 10128   220    82 -9999     0 -9999
2015 02 24 15  -117  -189 10111   220    98 -9999     0 -9999
2015 02 24 16  -100  -172 10109   230    77 -9999     0 -9999
2015 02 24 17   -89  -161 10100   230    77 -9999     0 -9999
2015 02 24 18   -78  -144 10085   240    88     8    -1    -1
2015 02 24 19   -67  -122 10078   250    93 -9999    -1 -9999
2015 02 24 20   -56  -100 -9999   260    88 -9999    -1 -9999
2015 02 24 21   -39   -89 10066   260    72 -9999     3 -9999
2015 02 24 22   -22   -78 10064   250    82     4     0 -9999
2015 02 24 23   -17   -72 10059   250    67     4     0 -9999
2015 02 25 00   -17   -67 10061   240    72     4     0     3
2015 02 25 01   -17   -61 10065   250    57     4     0 -9999
2015 02 25 02   -17   -94 10074   280    77     2     0 -9999
2015 02 25 03   -22  -111 10082   300    67     2     0 -9999
2015 02 25 04   -33  -111 10092   290    57     0     0 -9999
2015 02 25 05   -39  -117 10098   290    51     0     0 -9999
2015 02 25 06   -61  -117 10105   330    41     0     0 -9999
2015 02 25 07   -67  -150 10114   340    46     0     0 -9999
2015 02 25 08   -78  -172 10120   340    46     0     0 -9999
2015 02 25 09   -83  -183 10128   340    36     0     0 -9999
2015 02 25 10   -94  -178 10141   330    36     0     0 -9999
2015 02 25 11  -100  -178 10142   360    36     0     0 -9999
2015 02 25 12  -106  -194 10147   360    41     2     0 -9999
2015 02 25 13  -117  -194 10157   350    26     4     0 -9999
2015 02 25 14  -100  -189 10162    10    46     4     0 -9999
2015 02 25 15   -83  -161 10168   350    31 -9999     0 -9999
2015 02 25 16   -67  -144 10167    40    21 -9999     0 -9999
2015 02 25 17   -56  -133 10174     0     0 -9999     0 -9999
2015 02 25 18   -50  -133 10167     0     0     6     0 -9999
2015 02 25 19   -44  -139 10155   350    15 -9999     0 -9999
2015 02 25 20   -33  -139 10151    10    26 -9999     0 -9999
2015 02 25 21   -50  -111 10147    50    31 -9999    -1 -9999
2015 02 25 22   -61   -94 10151    60    46 -9999    -1 -9999
2015 02 25 23   -67   -94 10155    70    41 -9999     3 -9999
2015 02 26 00   -67   -89 10160    60    51     8     3     5
2015 02 26 01   -67   -83 10168    40    41     9     8 -9999
2015 02 26 02   -67   -83 10172    20    31     9    10 -9999
2015 02 26 03   -72   -89 10175    30    51 -9999     5 -9999
2015 02 26 04   -72   -94 10176    20    57 -9999     3 -9999
2015 02 26 05   -78   -94 10176   360    41     9     8 -9999
2015 02 26 06   -78  -100 10178   350    41     8    -1    40
2015 02 26 07   -83  -106 10179   350    62 -9999     8 -9999
2015 02 26 08   -94  -111 10183   360    41 -9999     8 -9999
2015 02 26 09   -94  -111 10185   360    41     9    10 -9999
2015 02 26 10   -94  -111 10189   360    46 -9999     8 -9999
2015 02 26 11   -89  -111 -9999    30    72 -9999    -1 -9999
2015 02 26 12   -89  -117 10208    30    82     8    -1    40
2015 02 26 13   -94  -128 10219    30    51 -9999    -1 -9999
2015 02 26 14   -94  -122 10228    40    82 -9999    -1 -9999
2015 02 26 15   -89  -133 10235    30    88 -9999     5 -9999
2015 02 26 16  -100  -122 -9999   350    46 -9999    -1 -9999
2015 02 26 17   -94  -128 10249   350    62 -9999     3 -9999
2015 02 26 18   -83  -128 10251   360    51     6    -1     8
2015 02 26 19   -78  -156 10250   350    72 -9999    -1 -9999
2015 02 26 20   -78  -172 10253   340    62 -9999     0 -9999
2015 02 26 21   -78  -172 10260   340    72     4     0 -9999
2015 02 26 22  -100  -183 10266   320    62     4     0 -9999
2015 02 26 23  -106  -189 10273   330    57     2     0 -9999
2015 02 27 00  -117  -200 10281   310    46     2     0    -1
2015 02 27 01  -128  -206 10293   310    51     2     0 -9999
2015 02 27 02  -133  -211 10301   330    51     2     0 -9999
2015 02 27 03  -150  -217 10308   330    46     2     0 -9999
2015 02 27 04  -161  -222 10313   330    41     2     0 -9999
2015 02 27 05  -172  -222 10315   330    41     2     0 -9999
2015 02 27 06  -172  -222 10316   330    31     2     0 -9999
2015 02 27 07  -167  -222 10318   310    36     0     0 -9999
2015 02 27 08  -178  -222 10323   300    36     0     0 -9999
2015 02 27 09  -178  -222 10327   310    46     0     0 -9999
2015 02 27 10  -167  -222 10333   310    46     0     0 -9999
2015 02 27 11  -183  -233 10337   320    41     0     0 -9999
2015 02 27 12  -183  -233 10346   310    41     2     0 -9999
2015 02 27 13  -178  -233 10353   310    41     2     0 -9999
2015 02 27 14  -172  -228 10362   310    36     2     0 -9999
2015 02 27 15  -150  -211 10369   280    31     0     0 -9999
2015 02 27 16  -128  -206 10372   270    36     0     0 -9999
2015 02 27 17  -111  -206 10377   280    62     0     0 -9999
2015 02 27 18  -100  -200 10380   300    41     0     0 -9999
2015 02 27 19  -106  -206 10375   240    36     0     0 -9999
2015 02 27 20  -106  -200 10373   260    46     0     0 -9999
2015 02 27 21  -106  -200 10374   280    57     0     0 -9999
2015 02 27 22  -106  -200 10373   270    46     0     0 -9999
2015 02 27 23  -117  -206 10375   260    36     0     0 -9999
2015 02 28 00  -117  -206 10380   230    36     2     0 -9999
2015 02 28 01  -133  -206 10390   240    36     2     0 -9999
2015 02 28 02  -144  -211 10391   240    26     0     0 -9999
2015 02 28 03  -150  -217 10394   250    26     0     0 -9999
2015 02 28 04  -156  -211 10399   230    15     0     0 -9999
2015 02 28 05  -161  -211 10397   230    15     0     0 -9999
2015 02 28 06  -172  -211 10399   250    21     0 -9999 -9999
2015 02 28 07  -167  -211 10400   250    26     0     0 -9999
2015 02 28 08  -206  -228 10403     0     0     0     0 -9999
2015 02 28 09  -200  -233 10397     0     0     0     0 -9999
2015 02 28 10  -217  -244 10399   240    15     2     0 -9999
2015 02 28 11  -222  -250 10406     0     0     2     0 -9999
2015 02 28 12  -217  -239 10411   190    15     2     0 -9999
2015 02 28 13  -211  -222 10413     0     0     2     0 -9999
2015 02 28 14  -178  -194 10417   180    15     4     0 -9999
2015 02 28 15  -156  -189 10418   170    21     4     0 -9999
2015 02 28 16  -122  -183 10414   150    31     2     0 -9999
2015 02 28 17  -100  -178 10409   150    21     0     0 -9999
2015 02 28 18   -83  -167 10401   140    36     0     0 -9999
2015 02 28 19   -78  -172 10387   150    31     2     0 -9999
2015 02 28 20   -67  -189 10376   160    31     2     0 -9999
2015 02 28 21   -67  -178 10369   150    36     2     0 -9999
2015 02 28 22   -72  -161 10364   160    31 -9999     0 -9999
2015 02 28 23   -72  -167 10358   170    31 -9999     0 -9999
2015 03 01 00   -72  -156 10350   180    31     8     0 -9999
2015 03 01 01   -67  -156 10356   200    36 -9999     0 -9999
2015 03 01 02   -78  -111 10349   180    41 -9999    -1 -9999
2015 03 01 03   -78  -106 10345   170    31 -9999     3 -9999
2015 03 01 04   -83  -100 10338   170    31 -9999     3 -9999
2015 03 01 05   -83  -106 10331   160    31 -9999    -1 -9999
2015 03 01 06   -78  -100 10322   180    26     8    -1     5
2015 03 01 07   -78  -100 10313   180    31 -9999     0 -9999
2015 03 01 08   -89  -106 10311   200    15     4     0 -9999
2015 03 01 09  -106  -128 10304   190    15 -9999     0 -9999
2015 03 01 10  -122  -139 10300     0     0     4     0 -9999
2015 03 01 11  -100  -122 10300     0     0 -9999     0 -9999
2015 03 01 12  -111  -128 10301   280    15     8     0     5
2015 03 01 13   -83  -100 10290     0     0 -9999     0 -9999
2015 03 01 14   -83   -89 10297     0     0 -9999     0 -9999
2015 03 01 15   -72   -83 10294     0     0 -9999     0 -9999
2015 03 01 16   -72   -89 10290   160    15 -9999     0 -9999
2015 03 01 17   -67   -89 10289   280    21 -9999     0 -9999
2015 03 01 18   -61   -89 10284   260    31     8     3 -9999
2015 03 01 19   -50   -89 10275   270    31 -9999     3 -9999
2015 03 01 20   -44   -89 10268   270    46 -9999     0 -9999
2015 03 01 21   -39   -94 10262   240    51 -9999     0 -9999
2015 03 01 22   -44   -94 10260   250    57 -9999     0 -9999
2015 03 01 23   -50  -100 10259   250    62 -9999     0 -9999
2015 03 02 00   -61  -100 10260   260    51     2     0 -9999
2015 03 02 01   -61  -106 10267   250    41     0     0 -9999
2015 03 02 02   -67  -106 10265   250    36     0     0 -9999
2015 03 02 03   -72  -106 10270   260    57     0     0 -9999
2015 03 02 04   -72  -106 10279   280    57     0     0 -9999
2015 03 02 05   -72  -122 10284   290    57     0     0 -9999
2015 03 02 06   -72  -133 10291   290    57     2     0 -9999
2015 03 02 07   -78  -133 10299   280    51     0     0 -9999
2015 03 02 08   -83  -133 10303   280    41     2     0 -9999
2015 03 02 09   -89  -133 10308   280    51     0     0 -9999
2015 03 02 10   -94  -139 10310   280    46     0     0 -9999
2015 03 02 11   -94  -133 10319   280    41     0     0 -9999
2015 03 02 12  -100  -133 10323   290    46     2     0 -9999
2015 03 02 13  -100  -133 10329   280    46     2     0 -9999
2015 03 02 14   -89  -128 10335   290    31     2     0 -9999
2015 03 02 15   -67  -117 10340   340    41     2     0 -9999
2015 03 02 16   -44  -117 10340   350    31     2     0 -9999
2015 03 02 17   -28  -122 10344     0     0     4     0 -9999
2015 03 02 18   -28  -117 10341     0     0     6     0 -9999
2015 03 02 19   -11  -111 10331 -9999    26 -9999     0 -9999
2015 03 02 20   -11  -117 10320     0     0 -9999     0 -9999
2015 03 02 21    -6  -117 10311 -9999    15 -9999     0 -9999
2015 03 02 22     0  -122 10302   100    15 -9999     0 -9999
2015 03 02 23   -22   -83 10301   100    36 -9999     0 -9999
2015 03 03 00   -22   -72 10291   140    41     8     0 -9999
2015 03 03 01   -22   -72 10288   140    51 -9999     0 -9999
2015 03 03 02   -28   -89 10287   210    31 -9999     0 -9999
2015 03 03 03   -33   -94 10274   190    41 -9999     0 -9999
2015 03 03 04   -39   -94 10268   170    36 -9999     0 -9999
2015 03 03 05   -39   -94 10256   170    26 -9999     0 -9999
2015 03 03 06   -33   -94 10243   170    41     8     0 -9999
2015 03 03 07   -33   -89 10237   170    57 -9999     0 -9999
2015 03 03 08   -33   -83 10222   150    41 -9999     0 -9999
2015 03 03 09   -33   -83 10194   150    41 -9999     0 -9999
2015 03 03 10   -33   -83 10186   160    46 -9999    -1 -9999
2015 03 03 11   -44   -61 10177   140    46     9    10 -9999
2015 03 03 12   -44   -56 10153   140    57     8    -1    30
2015 03 03 13   -39   -50 10129   150    62 -9999    -1 -9999
2015 03 03 14   -22   -39 10110   160    62 -9999     5 -9999
2015 03 03 15   -17   -33 10083   170    88 -9999     3 -9999
2015 03 03 16   -11   -28 10068   190    88 -9999    -1 -9999
2015 03 03 17    -6   -17 10056   200    67 -9999    -1 -9999
2015 03 03 18     0   -11 10049   220    88     8    -1     8
2015 03 03 19     0    -6 10038   230    51 -9999    -1 -9999
2015 03 03 20     6    -6 10036   250    77 -9999    -1 -9999
2015 03 03 21    11   -11 10045   270    77 -9999    -1 -9999
2015 03 03 22    11   -17 10051   280    67 -9999     0 -9999
2015 03 03 23    11   -17 10061   280    62 -9999     0 -9999
2015 03 04 00    11   -22 10076   270    72     8     0    -1
2015 03 04 01     6   -22 10083   280    51 -9999     0 -9999
2015 03 04 02     6   -33 10094   290    46 -9999     0 -9999
2015 03 04 03     0   -39 10109   280    67 -9999     0 -9999
2015 03 04 04    -6   -50 10115   280    46 -9999     0 -9999
2015 03 04 05   -11   -50 10115   280    36 -9999     0 -9999
2015 03 04 06    -6   -50 10114   290    36     8     0 -9999
2015 03 04 07   -11   -50 10121   290    51 -9999     0 -9999
2015 03 04 08   -17   -61 10123   280    46 -9999     0 -9999
2015 03 04 09   -28   -61 10128   280    72 -9999     0 -9999
2015 03 04 10   -50   -83 10140   300    77 -9999     0 -9999
2015 03 04 11   -67  -100 10157   290    62 -9999     0 -9999
2015 03 04 12   -78  -111 10167   300    62     2     0 -9999
2015 03 04 13   -83  -122 10175   310    41 -9999     0 -9999
2015 03 04 14   -83  -122 10181   320    46 -9999     0 -9999
2015 03 04 15   -78  -128 10192   320    62 -9999     0 -9999
2015 03 04 16   -78  -133 10201   320    57 -9999     0 -9999
2015 03 04 17   -72  -144 10210   290    57 -9999     0 -9999
2015 03 04 18   -72  -133 10213   290    62     6     0 -9999
2015 03 04 19   -72  -144 10216   310    57 -9999     0 -9999
2015 03 04 20   -61  -144 10211   340    67 -9999     0 -9999
2015 03 04 21   -61  -178 10225   320    88     4     0 -9999
2015 03 04 22   -67  -178 10230   320    82 -9999     0 -9999
2015 03 04 23   -72  -172 10229   300    62 -9999     0 -9999
2015 03 05 00   -83  -189 10247   310    57     6     0 -9999
2015 03 05 01   -89  -194 10249   310    57 -9999     0 -9999
2015 03 05 02   -94  -183 10262   300    51 -9999     0 -9999
2015 03 05 03   -94  -178 10279   290    57 -9999     0 -9999
2015 03 05 04  -106  -178 10280   300    67 -9999     0 -9999
2015 03 05 05  -111  -183 10288   310    46 -9999     0 -9999
2015 03 05 06  -122  -189 10287   320    51     6     0 -9999
2015 03 05 07  -128  -200 10294   330    51     2     0 -9999
2015 03 05 08  -133  -206 10291   340    51 -9999     0 -9999
2015 03 05 09  -133  -211 10287   360    36 -9999     0 -9999
2015 03 05 10  -133  -211 10294   350    41 -9999     0 -9999
2015 03 05 11  -144  -222 10297   340    46     4     0 -9999
2015 03 05 12  -150  -222 10311   330    46     6     0 -9999
2015 03 05 13  -156  -222 10313   320    46 -9999     0 -9999
2015 03 05 14  -144  -211 10321   320    41     2     0 -9999
2015 03 05 15  -122  -211 10328   320    46     2     0 -9999
2015 03 05 16  -106  -206 10327   320    46     2     0 -9999
2015 03 05 17  -100  -211 10331   300    51     0     0 -9999
2015 03 05 18   -94  -194 10336   270    57     0     0 -9999
2015 03 05 19   -94  -200 10333   320    51     0     0 -9999
2015 03 05 20   -94  -194 10331   280    51     0     0 -9999
2015 03 05 21   -94  -189 10333   320    57     0     0 -9999
2015 03 05 22   -94  -189 10335   280    26     0     0 -9999
2015 03 05 23  -100  -189 10338   260    36     0     0 -9999
2015 03 06 00  -106  -189 10344   260    46     0     0 -9999
2015 03 06 01  -117  -189 10355   260    41     0     0 -9999
2015 03 06 02  -128  -189 10354   250    31     0     0 -9999
2015 03 06 03  -128  -194 10354   230    21     0     0 -9999
2015 03 06 04  -133  -189 10355   250    41     0     0 -9999
2015 03 06 05  -139  -189 10354   250    36     0     0 -9999
2015 03 06 06  -144  -189 10349   220    21     0     0 -9999
2015 03 06 07  -150  -200 10343   250    26     0     0 -9999
2015 03 06 08  -150  -200 10342   230    21     0     0 -9999
2015 03 06 09  -156  -194 10334   220    21     0     0 -9999
2015 03 06 10  -161  -200 10328   220    26     2     0 -9999
2015 03 06 11  -161  -194 10326   200    36     4     0 -9999
2015 03 06 12  -150  -183 10321   200    41     6     0 -9999
2015 03 06 13  -144  -183 10318   220    51 -9999     0 -9999
2015 03 06 14  -128  -178 10313   210    62 -9999     0 -9999
2015 03 06 15  -111  -172 10309   210    82 -9999     0 -9999
2015 03 06 16   -89  -156 10299   200    67     2     0 -9999
2015 03 06 17   -72  -139 10287   190    82 -9999     0 -9999
2015 03 06 18   -61  -128 10273   190    88     4     0 -9999
2015 03 06 19   -50  -128 10260   200    82     4     0 -9999
2015 03 06 20   -39  -117 10244   200    77     4     0 -9999
2015 03 06 21   -28  -111 10242   210    82     2     0 -9999
2015 03 06 22   -33  -100 10238   210    88     2     0 -9999
2015 03 06 23   -39   -94 10233   210    82     2     0 -9999
2015 03 07 00   -39   -89 10229   210    72     2     0 -9999
2015 03 07 01   -39   -89 10228   210    57     2     0 -9999
2015 03 07 02   -39   -83 10224   210    77     2     0 -9999
2015 03 07 03   -39   -83 10221   210    62     2     0 -9999
2015 03 07 04   -39   -83 10220   210    51     4     0 -9999
2015 03 07 05   -39   -83 10214   210    46 -9999     0 -9999
2015 03 07 06   -39   -83 10206   200    41     6     0 -9999
2015 03 07 07   -39   -83 10199   200    41 -9999     0 -9999
2015 03 07 08   -39   -83 10196   210    31     4     0 -9999
2015 03 07 09   -33   -72 10186   220    36 -9999     0 -9999
2015 03 07 10   -28   -67 10183   240    46 -9999     0 -9999
2015 03 07 11   -28   -61 10183   220    36 -9999     0 -9999
2015 03 07 12   -28   -56 10186   260    36     8     0 -9999
2015 03 07 13   -22   -56 10184   230    21 -9999     0 -9999
2015 03 07 14   -11   -44 10181   260    15     4     0 -9999
2015 03 07 15    22   -39 10173   240    36 -9999     0 -9999
2015 03 07 16    39   -28 10171   240    62 -9999     0 -9999
2015 03 07 17    44   -22 10169   260    67     4     0 -9999
2015 03 07 18    61   -28 10165   250    51     4     0 -9999
2015 03 07 19    61   -22 10161   250    72     2     0 -9999
2015 03 07 20    61   -22 10156   260    67     0     0 -9999
2015 03 07 21    61   -17 10158   270    67     0     0 -9999
2015 03 07 22    61   -17 10169   300    77     0     0 -9999
2015 03 07 23    56   -17 10175   280    62     0     0 -9999
2015 03 08 00    44   -17 10185   280    51     0     0 -9999
2015 03 08 01    33   -17 10191   270    36     0     0 -9999
2015 03 08 02    22   -17 10193   270    36     0     0 -9999
2015 03 08 03    17   -22 10199   250    36     0     0 -9999
2015 03 08 04    11   -22 10201   270    46     0     0 -9999
2015 03 08 05     6   -28 10206   280    46     0     0 -9999
2015 03 08 06     6   -33 10208   270    41     0     0 -9999
2015 03 08 07     0   -33 10211   270    31     4     0 -9999
2015 03 08 08     0   -33 10213   260    31 -9999     0 -9999
2015 03 08 09    -6   -33 10209   260    26     0     0 -9999
2015 03 08 10   -11   -33 10214   250    26 -9999     0 -9999
2015 03 08 11   -17   -39 10221   260    26 -9999     0 -9999
2015 03 08 12    -6   -33 10229   270    31     6     0 -9999
2015 03 08 13    -6   -33 10228   270    31 -9999     0 -9999
2015 03 08 14     0   -28 10239   270    26 -9999     0 -9999
2015 03 08 15    11   -28 10235   250    26 -9999     0 -9999
2015 03 08 16    22   -33 10229   240    21 -9999     0 -9999
2015 03 08 17    28   -39 10227   220    36 -9999     0 -9999
2015 03 08 18    33   -28 10221   260    26     6     0 -9999
2015 03 08 19    39   -11 10212   220    57 -9999     0 -9999
2015 03 08 20    39    -6 10205   250    46 -9999     0 -9999
2015 03 08 21    39   -17 10208   250    36 -9999     0 -9999
2015 03 08 22    39   -39 10204   250    62 -9999     0 -9999
2015 03 08 23    39   -33 10203   240    36 -9999     0 -9999
2015 03 09 00    33   -33 10205   220    26     6     0 -9999
2015 03 09 01    33   -33 10205   220    26 -9999     0 -9999
2015 03 09 02    22   -33 10207   250    26     2     0 -9999
2015 03 09 03    17   -39 10208   260    21     2     0 -9999
2015 03 09 04     0   -44 10210   260    15     0     0 -9999
2015 03 09 05    -6   -44 10212   260    21     0     0 -9999
2015 03 09 06    -6   -44 10212   240    26     0     0 -9999
2015 03 09 07   -11   -44 10212   270    31     0     0 -9999
2015 03 09 08   -22   -50 10210   280    36     0     0 -9999
2015 03 09 09   -22   -50 10204   270    31     0     0 -9999
2015 03 09 10   -17   -50 10206     0     0     0     0 -9999
2015 03 09 11   -33   -61 10210     0     0     0     0 -9999
2015 03 09 12   -33   -61 10214     0     0     0     0 -9999
2015 03 09 13   -28   -50 10220   220    15     0     0 -9999
2015 03 09 14     6   -22 10224   210    21     0     0 -9999
2015 03 09 15    33   -22 10229     0     0     0     0 -9999
2015 03 09 16    61   -11 10227   190    36     0     0 -9999
2015 03 09 17    78     0 10227   210    31     0     0 -9999
2015 03 09 18    83     0 10222   210    31     0     0 -9999
2015 03 09 19    89     0 10216   190    46     2     0 -9999
2015 03 09 20    94   -11 10210   210    36     2     0 -9999
2015 03 09 21    94   -17 10206   210    15     2     0 -9999
2015 03 09 22    94   -17 10200   190    36     2     0 -9999
2015 03 09 23    83   -28 10198   190    46     4     0 -9999
2015 03 10 00    67   -28 10198   200    46     4     0 -9999
2015 03 10 01    56   -11 10205   190    41     2     0 -9999
2015 03 10 02    44   -11 10202   180    21     4     0 -9999
2015 03 10 03    33   -11 10201   170    26     4     0 -9999
2015 03 10 04    39    11 10194   200    41     4     0 -9999
2015 03 10 05    28    17 10191   200    36 -9999     0 -9999
2015 03 10 06    17    11 10189   200    46     8     0 -9999
2015 03 10 07    17    11 10187   200    46 -9999     0 -9999
2015 03 10 08    22    17 10183   210    41 -9999     0 -9999
2015 03 10 09    22    22 10175   230    26 -9999     0 -9999
2015 03 10 10    22    22 10171   230    21     9     0 -9999
2015 03 10 11    22    22 10170   190    15     9     0 -9999
2015 03 10 12    28    22 10168   200    26     8     0 -9999
2015 03 10 13    28    22 10165   190    21 -9999     0 -9999
2015 03 10 14    33    28 10165   200    15     9     0 -9999
2015 03 10 15    39    33 10169   190    31     9     0 -9999
2015 03 10 16    44    44 10167   220    26 -9999     0 -9999
2015 03 10 17    56    44 10162   220    36 -9999     0 -9999
2015 03 10 18    67    50 10158 -9999    31     8     0 -9999
2015 03 10 19    78    50 10152   230    26 -9999     0 -9999
2015 03 10 20    83    50 10149   240    36 -9999     0 -9999
2015 03 10 21    94    50 10145   260    31     4     0 -9999
2015 03 10 22   100    50 10146   230    41     4     0 -9999
2015 03 10 23   100    44 10143   260    41     2     0 -9999
2015 03 11 00    83    39 10151   240    31     0     0 -9999
2015 03 11 01    67    33 10159   220    26     0     0 -9999
2015 03 11 02    56    33 10164   240    15     0     0 -9999
2015 03 11 03    39    33 10169   250    26     2     0 -9999
2015 03 11 04    39    28 10174   250    31     2     0 -9999
2015 03 11 05    33    28 10175   250    36     2     0 -9999
2015 03 11 06    33    28 10177   260    31     0     0 -9999
2015 03 11 07    28    22 10185   250    21     0     0 -9999
2015 03 11 08    22    11 10188   270    26     0     0 -9999
2015 03 11 09    17    11 10190   270    26     0     0 -9999
2015 03 11 10    17    11 10196   270    21     0     0 -9999
2015 03 11 11     6    -6 10204     0     0     0     0 -9999
2015 03 11 12     0    -6 10215   340    21     0     0 -9999
2015 03 11 13    33    17 10224    10    36     0     0 -9999
2015 03 11 14    50    17 10231    30    36     0     0 -9999
2015 03 11 15    67     6 10241    40    62     0     0 -9999
2015 03 11 16    83    17 10250    30    57     0     0 -9999
2015 03 11 17    89    17 10257    40    57     0     0 -9999
2015 03 11 18   100   -17 10263    60    57     0     0 -9999
2015 03 11 19    94   -22 10264    70    51     0     0 -9999
2015 03 11 20   106   -22 10262    30    51     0     0 -9999
2015 03 11 21   100   -28 10268    30    46     0     0 -9999
2015 03 11 22   100   -39 10275    40    36     0     0 -9999
2015 03 11 23    94   -56 10276    40    26     0     0 -9999
2015 03 12 00    78   -61 10285    50    21     0     0 -9999
2015 03 12 01    67   -50 10289    90    15     0     0 -9999
2015 03 12 02    39   -44 10295     0     0     0     0 -9999
2015 03 12 03    28   -39 10301     0     0     0     0 -9999
2015 03 12 04    11   -39 10308     0     0     0     0 -9999
2015 03 12 05    22   -39 10310     0     0     0     0 -9999
2015 03 12 06    17   -39 10311   190    15     0     0 -9999
2015 03 12 07     0   -39 10311     0     0     0     0 -9999
2015 03 12 08     0   -39 10313     0     0     0     0 -9999
2015 03 12 09     6   -33 10312     0     0     0     0 -9999
2015 03 12 10   -11   -44 10317   340    26     0     0 -9999
2015 03 12 11   -11   -44 10322     0     0     2     0 -9999
2015 03 12 12     6   -39 10320    90    21     2     0 -9999
2015 03 12 13    17   -28 10322    80    26     2     0 -9999
2015 03 12 14    33   -17 10328   140    31     2     0 -9999
2015 03 12 15    67   -17 10331   150    46     2     0 -9999
2015 03 12 16    89   -22 10332   160    67     2     0 -9999
2015 03 12 17   100   -17 10328   160    77     4     0 -9999
2015 03 12 18   117   -17 10324   150    57     4     0 -9999
2015 03 12 19   128   -22 10316   140    51     2     0 -9999
2015 03 12 20   133   -22 10306   140    57     4     0 -9999
2015 03 12 21   128   -11 10299   110    51     4     0 -9999
2015 03 12 22   122   -11 10296   120    51     4     0 -9999
2015 03 12 23   117   -11 10288   110    62     4     0 -9999
2015 03 13 00    94   -17 10287   120    62     4     0 -9999
2015 03 13 01    72   -17 10287   140    57     4     0 -9999
2015 03 13 02    44   -22 10286   140    36     2     0 -9999
2015 03 13 03    44   -17 10283   150    26     2     0 -9999
2015 03 13 04    39   -11 10278   140    46     2     0 -9999
2015 03 13 05    44   -11 10273   140    31 -9999     0 -9999
2015 03 13 06    39   -11 10265   140    36     8     0 -9999
2015 03 13 07    39   -17 10260   150    26 -9999     0 -9999
2015 03 13 08    39   -17 10253   140    21 -9999     0 -9999
2015 03 13 09    28   -17 10249   140    26 -9999     0 -9999
2015 03 13 10    33   -17 10243   140    15 -9999     0 -9999
2015 03 13 11    28   -11 10236   160    26 -9999     0 -9999
2015 03 13 12    33   -17 10237   190    15     8     0 -9999
2015 03 13 13    33   -17 10233   180    21 -9999     0 -9999
2015 03 13 14    61   -17 10231     0     0 -9999     0 -9999
2015 03 13 15    83   -17 10225   220    26     4     0 -9999
2015 03 13 16   111    -6 10220   230    21     4     0 -9999
2015 03 13 17   139    -6 10209   250    26 -9999     0 -9999
2015 03 13 18   150     6 10203   280    26     6     0 -9999
2015 03 13 19   167     6 10192   280    21 -9999     0 -9999
2015 03 13 20   183     0 10181   180    46 -9999     0 -9999
2015 03 13 21   178    -6 10177   210    26 -9999     0 -9999
2015 03 13 22   167    17 10171   190    46 -9999     0 -9999
2015 03 13 23   156    11 10168   230    31 -9999     0 -9999
2015 03 14 00   139    28 10165   200    36     6     0 -9999
2015 03 14 01   122    39 10165   240    21 -9999     0 -9999
2015 03 14 02   111    44 10165   220    26 -9999     0 -9999
2015 03 14 03   106    56 10160   200    26 -9999     0 -9999
2015 03 14 04   100    56 10157   220    31 -9999     0 -9999
2015 03 14 05    94    56 10151   230    26 -9999     0 -9999
2015 03 14 06    89    56 10147   270    36     8     0 -9999
2015 03 14 07    89    56 10147   280    46 -9999     0 -9999
2015 03 14 08    83    50 10147   310    41 -9999     0 -9999
2015 03 14 09    89    44 10148   330    46 -9999     0 -9999
2015 03 14 10    83    33 10154   330    51 -9999     0 -9999
2015 03 14 11    78    28 10160   340    51 -9999     0 -9999
2015 03 14 12    72    22 10162   330    82     8     0 -9999
2015 03 14 13    67    17 10171   330    67 -9999     0 -9999
2015 03 14 14    72    17 10179   330    72     4     0 -9999
2015 03 14 15    83    11 10179   320    62     4     0 -9999
2015 03 14 16    94    17 10180   320    36     4     0 -9999
2015 03 14 17   111    11 10176   330    72     4     0 -9999
2015 03 14 18   128    17 10170   300    46     4     0 -9999
2015 03 14 19   144    17 10166   300    72     4     0 -9999
2015 03 14 20   144    17 10165   300    82     4     0 -9999
2015 03 14 21   150    17 10164   310    72     4     0 -9999
2015 03 14 22   144     0 10166   330    93     2     0 -9999
2015 03 14 23   144     6 10168   310    82     2     0 -9999
2015 03 15 00   128     0 10176   340    67     2     0 -9999
2015 03 15 01   100    -6 10184   330    31     2     0 -9999
2015 03 15 02    83     0 10194   310    26     0     0 -9999
2015 03 15 03    83     0 10205    40    51     0     0 -9999
2015 03 15 04    56     0 10218    40    41     0     0 -9999
2015 03 15 05    44     0 10225    60    21     0     0 -9999
2015 03 15 06    33    -6 10227   100    21     0     0 -9999
2015 03 15 07    17   -17 10226     0     0     0     0 -9999
2015 03 15 08     6   -22 10232     0     0     0     0 -9999
2015 03 15 09    11   -17 10230   240    21     0     0 -9999
2015 03 15 10   -11   -28 10234   250    15     0     0 -9999
2015 03 15 11   -11   -28 10238   250    15     0     0 -9999
2015 03 15 12    -6   -22 10241     0     0     0     0 -9999
2015 03 15 13    11   -11 10248   220    26     2     0 -9999
2015 03 15 14    39    -6 10252   220    21     4     0 -9999
2015 03 15 15    67     0 10251   210    36 -9999     0 -9999
2015 03 15 16    89     6 10243   200    31 -9999     0 -9999
2015 03 15 17   117    11 10237   240    46 -9999     0 -9999
2015 03 15 18   128    11 10229   210    57     6     0 -9999
2015 03 15 19   139    17 10221   230    62 -9999     0 -9999
2015 03 15 20   156    28 10207   200    51 -9999     0 -9999
2015 03 15 21   156    33 10188   200    82 -9999     0 -9999
2015 03 15 22   167    22 10178   220    67 -9999     0 -9999
2015 03 15 23   156    33 10168   210    88 -9999     0 -9999
2015 03 16 00   150    33 10161   210    67     8     0 -9999
2015 03 16 01   150    33 10160   220    62 -9999     0 -9999
2015 03 16 02   144    28 10159   230    62 -9999     0 -9999
2015 03 16 03   139    28 10160   240    62 -9999     0 -9999
2015 03 16 04   122    22 10156   250    72 -9999     0 -9999
2015 03 16 05   128    22 10149   240    77 -9999     0 -9999
2015 03 16 06   122    17 10141   250    88     8     0 -9999
2015 03 16 07   122    11 10144   260    72 -9999     0 -9999
2015 03 16 08   117    17 10140   260    62 -9999     0 -9999
2015 03 16 09   106    17 10137   260    62 -9999     0 -9999
2015 03 16 10   111    11 10140   280    57 -9999     0 -9999
2015 03 16 11    94    11 10145   260    36 -9999     0 -9999
2015 03 16 12    94     6 10144   220    15     4     0 -9999
2015 03 16 13    94    17 10148   250    36 -9999     0 -9999
2015 03 16 14   117    17 10147   250    31 -9999     0 -9999
2015 03 16 15   144    17 10143   240    36 -9999     0 -9999
2015 03 16 16   144    22 10137   230    41 -9999     0 -9999
2015 03 16 17   156    22 10127   230    31 -9999     0 -9999
2015 03 16 18   172    28 10115   230    57     8     0 -9999
2015 03 16 19   183    33 10103   230    57 -9999     0 -9999
2015 03 16 20   200    61 10096   220    51 -9999     0 -9999
2015 03 16 21   211    56 10075   220    72 -9999     0 -9999
2015 03 16 22   228    67 10066   220    72 -9999     0 -9999
2015 03 16 23   222    78 10063   220    72 -9999     0 -9999
2015 03 17 00   211    72 10073   250    57     6     0 -9999
2015 03 17 01   200    83 10079   250    51 -9999     0 -9999
2015 03 17 02   178    83 10096   340    77 -9999     0 -9999
2015 03 17 03   111    33 10109    40    41     4     0 -9999
2015 03 17 04    83    28 10128    20    93     2     0 -9999
2015 03 17 05    67    39 10145    20    88 -9999     0 -9999
2015 03 17 06    56    28 10152    20   103     8     0 -9999
2015 03 17 07    50    28 10165    20    88 -9999     0 -9999
2015 03 17 08    61     0 10172    20   108 -9999     0 -9999
2015 03 17 09    44    11 10184    40   103 -9999     0 -9999
2015 03 17 10    28   -33 10203    30   113 -9999     0 -9999
2015 03 17 11    22   -22 10221    30   134 -9999     0 -9999
2015 03 17 12    22   -22 10238    20    98     8     0 -9999
2015 03 17 13    17   -44 10254    30   108 -9999     0 -9999
2015 03 17 14    22  -100 10265    10   118     4     0 -9999
2015 03 17 15    28  -117 10274    30    98 -9999     0 -9999
2015 03 17 16    39  -122 10278    30    88     4     0 -9999
2015 03 17 17    50  -117 10281    30    62     2     0 -9999
2015 03 17 18    61  -117 10276    20    62     2     0 -9999
2015 03 17 19    67  -106 10273    50    57     2     0 -9999
2015 03 17 20    72   -94 10268 -9999    21     4     0 -9999
2015 03 17 21    61  -106 10268    50    51     4     0 -9999
2015 03 17 22    61  -111 10266    70    31     4     0 -9999
2015 03 17 23    61  -122 10266    60    36 -9999     0 -9999
2015 03 18 00    33  -111 10270    80    31     6     0 -9999
2015 03 18 01    17  -106 10274   100    21     4     0 -9999
2015 03 18 02    -6   -89 10275   110    26     4     0 -9999
2015 03 18 03     0   -89 10277   200    15     2     0 -9999
2015 03 18 04     6   -94 10277   200    21     2     0 -9999
2015 03 18 05    -6   -89 10275   250    15     2     0 -9999
2015 03 18 06   -22   -78 10274     0     0     6     0 -9999
2015 03 18 07     0   -83 10276     0     0 -9999     0 -9999
2015 03 18 08     0   -83 10275   240    15 -9999     0 -9999
2015 03 18 09    -6   -78 10272   250    21 -9999     0 -9999
2015 03 18 10   -17   -72 10273   250    26     2     0 -9999
2015 03 18 11   -17   -78 10276   260    21     2     0 -9999
2015 03 18 12   -17   -78 10278     0     0     6     0 -9999
2015 03 18 13    -6   -67 10280   250    26 -9999     0 -9999
2015 03 18 14    22   -83 10280   250    21 -9999     0 -9999
2015 03 18 15    44  -111 10281   250    31 -9999     0 -9999
2015 03 18 16    61  -117 10278 -9999    15 -9999     0 -9999
2015 03 18 17    67  -128 10270     0     0 -9999     0 -9999
2015 03 18 18    78  -117 10265   340    26     8     0 -9999
2015 03 18 19    89  -122 10255   130    21 -9999     0 -9999
2015 03 18 20    89  -111 10247   280    31 -9999     0 -9999
2015 03 18 21    83  -111 10246   120    41 -9999     0 -9999
2015 03 18 22    72  -106 10244   100    46 -9999     0 -9999
2015 03 18 23    72  -106 10243   110    36 -9999     0 -9999
2015 03 19 00    56   -78 10247   160    26     8     0 -9999
2015 03 19 01    56   -94 10246   140    31 -9999     0 -9999
2015 03 19 02    44   -72 10245   150    21 -9999     0 -9999
2015 03 19 03    44   -78 10245   150    26 -9999     0 -9999
2015 03 19 04    44   -67 10244   150    15 -9999     0 -9999
2015 03 19 05    44   -83 10244   190    15 -9999     0 -9999
2015 03 19 06    44   -78 10242     0     0     6     0 -9999
2015 03 19 07    39   -83 10245   110    21 -9999     0 -9999
2015 03 19 08    33   -67 10247    90    15 -9999     0 -9999
2015 03 19 09    39   -56 10245     0     0 -9999     0 -9999
2015 03 19 10    39   -61 10246   190    15 -9999     0 -9999
2015 03 19 11    39   -72 10247   140    26 -9999     0 -9999
2015 03 19 12    39   -78 10250   120    15     6     0 -9999
2015 03 19 13    50   -67 10250    70    31 -9999     0 -9999
2015 03 19 14    50   -72 10252    90    46 -9999     0 -9999
2015 03 19 15    61   -67 10250   110    57 -9999     0 -9999
2015 03 19 16    78   -78 10244   120    77 -9999     0 -9999
2015 03 19 17    67  -100 10243   110    67 -9999     0 -9999
2015 03 19 18    78  -106 10237   100    62     8     0 -9999
2015 03 19 19    78   -94 10229    80    46 -9999     0 -9999
2015 03 19 20    78   -94 10220    90    41 -9999     0 -9999
2015 03 19 21    72   -94 10213    80    41 -9999     0 -9999
2015 03 19 22    67   -89 10209    60    46 -9999     0 -9999
2015 03 19 23    56   -83 10208    70    57 -9999     0 -9999
2015 03 20 00    50   -83 10205    70    36     8     0 -9999
2015 03 20 01    44   -72 10205    60    26 -9999     0 -9999
2015 03 20 02    44   -72 10207    70    26 -9999     0 -9999
2015 03 20 03    44   -67 10200   110    21 -9999     0 -9999
2015 03 20 04    44   -50 10195   160    21 -9999     0 -9999
2015 03 20 05    50   -17 10192   180    31 -9999     0 -9999
2015 03 20 06    44   -17 10189   180    26     8     0 -9999
2015 03 20 07    44    -6 10192   200    26 -9999     0 -9999
2015 03 20 08    39    -6 10190   210    15 -9999     0 -9999
2015 03 20 09    39     0 10187   210    26 -9999     0 -9999
2015 03 20 10    33     0 10184   220    21 -9999     0 -9999
2015 03 20 11    39     0 10187   220    26 -9999     0 -9999
2015 03 20 12    39     6 10191   250    36     8     0 -9999
2015 03 20 13    39     6 10195   230    21 -9999     0 -9999
2015 03 20 14    44    11 10195   230    26 -9999     0 -9999
2015 03 20 15    61    11 10195   240    41 -9999     0 -9999
2015 03 20 16    72    11 10193   280    36 -9999     0 -9999
2015 03 20 17    89    11 10189   210    36 -9999     0 -9999
2015 03 20 18    89     6 10188   250    41     6     0 -9999
2015 03 20 19    89    11 10185   260    57 -9999     0 -9999
2015 03 20 20    89    17 10178   200    57 -9999     0 -9999
2015 03 20 21    89    17 10173   230    57 -9999     0 -9999
2015 03 20 22    94    22 10168   200    51 -9999     0 -9999
2015 03 20 23    94    22 10162   220    51     4     0 -9999
2015 03 21 00    89    22 10170   220    46     6     0 -9999
2015 03 21 01    78    28 10167   200    46     2     0 -9999
2015 03 21 02    67    28 10173   220    51     2     0 -9999
2015 03 21 03    56    22 10171   220    46     2     0 -9999
2015 03 21 04    50    22 10173   220    46     0     0 -9999
2015 03 21 05    39    17 10171   210    57     2     0 -9999
2015 03 21 06    39    22 10166   220    46     4     0 -9999
2015 03 21 07    44    22 10160   230    57 -9999     0 -9999
2015 03 21 08    39    22 10154   220    51 -9999     0 -9999
2015 03 21 09    39    22 10144   230    57 -9999     0 -9999
2015 03 21 10    33    22 10147   240    31     4     0 -9999
2015 03 21 11    33    17 10152   260    36     4     0 -9999
2015 03 21 12    28    17 10163   290    36     4     0 -9999
2015 03 21 13    50    22 10174   330    41     2     0 -9999
2015 03 21 14    72    28 10183   350    77     2     0 -9999
2015 03 21 15    83    22 10196    10    72     2     0 -9999
2015 03 21 16    83    11 10206   360    57 -9999     0 -9999
2015 03 21 17    72     6 10216    70    57 -9999     0 -9999
2015 03 21 18    83     0 10216    80    51     2     0 -9999
2015 03 21 19    78    -6 10215    60    51     2     0 -9999
2015 03 21 20    72   -17 10214    60    46     2     0 -9999
2015 03 21 21    72   -17 10215    60    57     2     0 -9999
2015 03 21 22    56   -28 10221    50    51     2     0 -9999
2015 03 21 23    44   -28 10222    50    51     2     0 -9999
2015 03 22 00    22   -39 10228    60    46     2     0 -9999
2015 03 22 01    11   -39 10233    60    41     2     0 -9999
2015 03 22 02     6   -33 10240    50    31     2     0 -9999
2015 03 22 03     6   -33 10237    90    31     2     0 -9999
2015 03 22 04    11   -33 10242    70    21     0     0 -9999
2015 03 22 05     6   -33 10241    80    26     0     0 -9999
2015 03 22 06     0   -33 10241    50    21     0     0 -9999
2015 03 22 07     0   -33 10243    50    26     0     0 -9999
2015 03 22 08    -6   -33 10242    30    26     0     0 -9999
2015 03 22 09    -6   -28 10241    40    41     0     0 -9999
2015 03 22 10    -6   -33 10247    40    41     0     0 -9999
2015 03 22 11    -6   -50 10251    50    41     0     0 -9999
2015 03 22 12    -6   -61 10258    60    36     4     0 -9999
2015 03 22 13     0   -56 10263    70    51 -9999     0 -9999
2015 03 22 14     6   -61 10268    60    62 -9999     0 -9999
2015 03 22 15     6   -72 10271    60    57 -9999     0 -9999
2015 03 22 16     6   -78 10273    70    67 -9999     0 -9999
2015 03 22 17     6   -78 10273    40    62 -9999     0 -9999
2015 03 22 18     0   -94 10270    60    51     8    -1    -1
2015 03 22 19     6  -100 10263    60    41 -9999    -1 -9999
2015 03 22 20     6  -100 10257    70    57 -9999     0 -9999
2015 03 22 21     6   -89 10255    60    46 -9999     0 -9999
2015 03 22 22     0  -111 10256    50    72 -9999     0 -9999
2015 03 22 23   -28   -61 -9999    40    46 -9999    -1 -9999
2015 03 23 00   -28   -61 10253    50    36     8    -1     3
2015 03 23 01   -17   -83 10252    40    51 -9999    -1 -9999
2015 03 23 02   -17   -72 10254    60    41 -9999     0 -9999
2015 03 23 03   -11   -78 10254    50    46 -9999     0 -9999
2015 03 23 04    -6   -72 10252    50    51 -9999     0 -9999
2015 03 23 05    -6   -67 10252    50    46 -9999     0 -9999
2015 03 23 06     0   -61 10262    40    51     8     3     3
2015 03 23 07   -17   -44 10254    60    67 -9999    -1 -9999
2015 03 23 08   -22   -33 10248    70    51 -9999     5 -9999
2015 03 23 09   -17   -33 -9999    70    36 -9999     2 -9999
2015 03 23 10   -17   -28 10243    70    41 -9999    13 -9999
2015 03 23 11   -22   -33 10252    50    57     9    23 -9999
2015 03 23 12   -22   -33 10253    80    41     8    20    60
2015 03 23 13   -22   -33 10249    80    46 -9999     8 -9999
2015 03 23 14   -22   -33 10254    90    51     9    28 -9999
2015 03 23 15   -22   -28 10253    90    51     9    30 -9999
2015 03 23 16   -17   -33 10249    80    72 -9999    15 -9999
2015 03 23 17   -17   -33 -9999   100    62 -9999    -1 -9999
2015 03 23 18   -11   -33 10252    80    46     8     3    90
2015 03 23 19   -11   -33 -9999    70    57 -9999    -1 -9999
2015 03 23 20   -11   -39 10247    70    62 -9999    -1 -9999
2015 03 23 21   -11   -39 10248    60    51 -9999     0 -9999
2015 03 23 22   -11   -44 10250    70    57 -9999     0 -9999
2015 03 23 23   -11   -44 10251    70    62 -9999     0 -9999
2015 03 24 00   -11   -44 10255    70    41     8     0     3
2015 03 24 01   -11   -44 10255    80    41 -9999     0 -9999
2015 03 24 02   -17   -50 10254    70    41 -9999     0 -9999
2015 03 24 03   -11   -44 10259    60    36 -9999     0 -9999
2015 03 24 04   -17   -44 10259    60    26 -9999     0 -9999
2015 03 24 05   -17   -50 10259    80    31 -9999     0 -9999
2015 03 24 06   -22   -56 10260    80    26     2     0 -9999
2015 03 24 07   -28   -56 10260    80    26 -9999     0 -9999
2015 03 24 08   -28   -56 10260    90    26 -9999     0 -9999
2015 03 24 09   -39   -67 10257    80    21     2     0 -9999
2015 03 24 10   -39   -61 10256    60    15     2     0 -9999
2015 03 24 11   -39   -61 10260   100    31     2     0 -9999
2015 03 24 12   -33   -61 10262    90    36     4     0 -9999
2015 03 24 13   -39   -67 10264   140    31 -9999     0 -9999
2015 03 24 14   -22   -67 10264   100    46 -9999     0 -9999
2015 03 24 15   -17   -78 10261   100    62 -9999     0 -9999
2015 03 24 16    -6   -78 10262   110    72 -9999     0 -9999
2015 03 24 17     0   -89 10254   100    67 -9999     0 -9999
2015 03 24 18    11   -83 10251   100    62     6     0 -9999
2015 03 24 19    11   -83 10242    90    57 -9999     0 -9999
2015 03 24 20    11   -78 10228    90    51 -9999     0 -9999
2015 03 24 21    17   -78 10216    90    72 -9999     0 -9999
2015 03 24 22    11   -72 10210   100    67 -9999     0 -9999
2015 03 24 23    17   -61 10201    90    62 -9999     0 -9999
2015 03 25 00    17   -56 10197   100    67     6     0 -9999
2015 03 25 01    22   -56 10188    90    57 -9999     0 -9999
2015 03 25 02    17   -44 10180   100    67 -9999    -1 -9999
2015 03 25 03    22   -44 10170   100    57 -9999     0 -9999
2015 03 25 04    17   -33 10147   100    57 -9999     0 -9999
2015 03 25 05    22   -28 10135   110    62 -9999    -1 -9999
2015 03 25 06    17   -11 10130   130    46     8    10    10
2015 03 25 07    17     6 10108   100    36 -9999    10 -9999
2015 03 25 08    17     6 10097   120    26 -9999    13 -9999
2015 03 25 09    17    11 10087   170    26 -9999    23 -9999
2015 03 25 10    28    22 10085   270    26 -9999    10 -9999
2015 03 25 11    22    17 10083   310    26 -9999     8 -9999
2015 03 25 12    17    17 10094   260    31     8     0    60
2015 03 25 13    22    11 10107   270    46 -9999     0 -9999
2015 03 25 14    22     6 10124   270    57 -9999     0 -9999
2015 03 25 15    22     0 10132   270    57 -9999     0 -9999
2015 03 25 16    22     0 10138   270    67 -9999     0 -9999
2015 03 25 17    28     0 10154   250    72 -9999     0 -9999
2015 03 25 18    28     6 10161   250    67     8     0 -9999
2015 03 25 19    33    11 10159   250    67 -9999     0 -9999
2015 03 25 20    39    17 10163   260    82 -9999     0 -9999
2015 03 25 21    44    22 10164   260    93 -9999     0 -9999
2015 03 25 22    44    11 10164   270    72 -9999     0 -9999
2015 03 25 23    50    11 10171   250    62 -9999     0 -9999
2015 03 26 00    44    11 10167   260    46     8     0 -9999
2015 03 26 01    39    11 10161   260    36     4     0 -9999
2015 03 26 02    39    17 10167   250    36 -9999     0 -9999
2015 03 26 03    33     6 10169   270    41 -9999     0 -9999
2015 03 26 04    28    -6 10174   290    41 -9999     0 -9999
2015 03 26 05    22   -17 10178   280    41 -9999     0 -9999
2015 03 26 06    17   -17 10176   280    41     8     0 -9999
2015 03 26 07    11   -22 10167   290    36 -9999     0 -9999
2015 03 26 08    11   -22 10159   300    31 -9999     0 -9999
2015 03 26 09    11   -28 10150   320    46 -9999     0 -9999
2015 03 26 10     6   -28 10143   310    41 -9999     0 -9999
2015 03 26 11     6   -33 10146   300    31 -9999     0 -9999
2015 03 26 12     0   -33 10152   280    31     8     0 -9999
2015 03 26 13     0   -33 10156   280    36 -9999     0 -9999
2015 03 26 14    11   -33 10155   300    36 -9999     0 -9999
2015 03 26 15    22   -44 10157   340    46 -9999     0 -9999
2015 03 26 16    39   -33 10157   290    51 -9999     0 -9999
2015 03 26 17    44   -33 10152   290    41 -9999     0 -9999
2015 03 26 18    50   -39 10150   300    57     6     0 -9999
2015 03 26 19    50   -44 10146   300    57 -9999     0 -9999
2015 03 26 20    44   -50 10145   300    67 -9999     0 -9999
2015 03 26 21    44   -44 10151   310    77 -9999     0 -9999
2015 03 26 22    33   -50 10161   300    62 -9999     0 -9999
2015 03 26 23    33   -50 10164   310    62 -9999     0 -9999
2015 03 27 00    28   -61 10165   330    51     8     0 -9999
2015 03 27 01    22   -72 10166   340    77 -9999     0 -9999
2015 03 27 02    17   -61 10175   320    41 -9999     0 -9999
2015 03 27 03    11   -56 10181   360    62 -9999     0 -9999
2015 03 27 04     6   -78 10186    10    46 -9999     0 -9999
2015 03 27 05     0   -83 10189   360    72 -9999     0 -9999
2015 03 27 06    -6   -89 10189   350    41     6     0 -9999
2015 03 27 07    -6   -78 10187   360    41 -9999     0 -9999
2015 03 27 08   -17   -44 10186    20    46 -9999     3 -9999
2015 03 27 09   -28   -50 10189    30    41 -9999     3 -9999
2015 03 27 10   -28   -56 -9999    40    57 -9999    -1 -9999
2015 03 27 11   -44   -72 -9999    30    51 -9999    -1 -9999
2015 03 27 12   -50   -94 10208    10    62     8    -1    10
2015 03 27 13   -56  -133 10217    10    67 -9999    -1 -9999
2015 03 27 14   -56  -133 10218   360    72     2     3 -9999
2015 03 27 15   -44  -122 10219   360    77     2     0 -9999
2015 03 27 16   -33  -122 10222   350    62     4     0 -9999
2015 03 27 17   -28  -128 10222    10    67     4     0 -9999
2015 03 27 18   -17  -122 10221    30    57     4     0 -9999
2015 03 27 19   -11  -117 10219    30    41 -9999     0 -9999
2015 03 27 20   -11  -111 10217    50    67     4     0 -9999
2015 03 27 21   -17  -111 10217    50    62     2     0 -9999
2015 03 27 22   -17  -106 10218    50    62     2     0 -9999
2015 03 27 23   -22  -106 10224    40    67     2     0 -9999
2015 03 28 00   -33  -106 10229    30    51     2     0 -9999
2015 03 28 01   -39  -100 10231    20    51     2     0 -9999
2015 03 28 02   -44  -106 10235    30    36     0     0 -9999
2015 03 28 03   -44  -111 10237 -9999    26     0     0 -9999
2015 03 28 04   -50  -100 10240   360    21     2     0 -9999
2015 03 28 05   -50  -100 10240    10    26     2     0 -9999
2015 03 28 06   -56  -100 10240   340    26     2     0 -9999
2015 03 28 07   -56  -106 10243   360    21     0     0 -9999
2015 03 28 08   -61  -106 10241   340    31     2     0 -9999
2015 03 28 09   -61  -106 10242   350    26     2     0 -9999
2015 03 28 10   -61  -106 10246    10    21     0     0 -9999
2015 03 28 11   -67  -106 10253    20    26     0     0 -9999
2015 03 28 12   -67  -106 10260   360    21     2     0 -9999
2015 03 28 13   -44  -100 10266    20    21     2     0 -9999
2015 03 28 14   -22  -106 10274    20    26     2     0 -9999
2015 03 28 15   -17  -122 10280    60    31     2     0 -9999
2015 03 28 16    -6  -128 10283    30    62     2     0 -9999
2015 03 28 17     0  -122 10282    60    36     0     0 -9999
2015 03 28 18     6  -128 10281    30    36     2     0 -9999
2015 03 28 19    11  -139 10276    40    36     2     0 -9999
2015 03 28 20    11  -144 10272 -9999    15     0     0 -9999
2015 03 28 21    22  -139 10269    70    31     0     0 -9999
2015 03 28 22    17  -139 10265    80    31     0     0 -9999
2015 03 28 23    17  -139 10263    80    26     0     0 -9999
2015 03 29 00    -6  -122 10262   140    41     0     0 -9999
2015 03 29 01   -11  -128 10260   120    57     0     0 -9999
2015 03 29 02   -28  -122 10264   140    41     0     0 -9999
2015 03 29 03   -39  -111 10265   140    41     0     0 -9999
2015 03 29 04   -44  -106 10258   160    31     0     0 -9999
2015 03 29 05   -50   -94 10256   170    36     0     0 -9999
2015 03 29 06   -50  -100 10253   180    31     2     0 -9999
2015 03 29 07   -39  -100 10246   180    31     4     0 -9999
2015 03 29 08   -39   -94 10235   170    36 -9999     0 -9999
2015 03 29 09   -28   -94 10226   180    46 -9999     0 -9999
2015 03 29 10   -28   -94 10216   180    41     4     0 -9999
2015 03 29 11   -11  -100 10210   190    57 -9999     0 -9999
2015 03 29 12    -6   -94 10209   190    72     6     0 -9999
2015 03 29 13     0   -89 10205   190    82 -9999     0 -9999
2015 03 29 14    11   -89 10188   190    93 -9999     0 -9999
2015 03 29 15    22   -83 10179   200    88 -9999     0 -9999
2015 03 29 16    28   -78 10155   190    88 -9999    -1 -9999
2015 03 29 17    11   -33 10140   180   108 -9999     3 -9999
2015 03 29 18    11   -17 10136   190   103     8    -1     3
2015 03 29 19    17   -22 10123   210    93 -9999    -1 -9999
2015 03 29 20    33   -17 10107   220   113 -9999    -1 -9999
2015 03 29 21    50   -11 10097   230    88 -9999     0 -9999
2015 03 29 22    72     6 10085   230    82     4     0 -9999
2015 03 29 23    78     6 10075   210    93 -9999     0 -9999
2015 03 30 00    83    17 10080   240    62     8    -1    -1
2015 03 30 01    78    28 10102   290    82 -9999    -1 -9999
2015 03 30 02    72    11 10114   300    62     4    -1 -9999
2015 03 30 03    56    11 10128   280    46     2     0 -9999
2015 03 30 04    50     6 10134   290    26 -9999     0 -9999
2015 03 30 05    44     6 10140   270    21     4     0 -9999
2015 03 30 06    44     0 10143   290    26     6     0    -1
2015 03 30 07    33   -11 10148   300    26     4     0 -9999
2015 03 30 08    28   -17 10149   270    31     2     0 -9999
2015 03 30 09    28   -17 10150   280    46     0     0 -9999
2015 03 30 10    22   -22 10155   280    36     0     0 -9999
2015 03 30 11    17   -22 10160   270    41     0     0 -9999
2015 03 30 12    17   -28 10169   270    36     0     0 -9999
2015 03 30 13    33   -17 10175   270    46     2     0 -9999
2015 03 30 14    61   -11 10177   270    46     4     0 -9999
2015 03 30 15    78   -11 10181   280    57 -9999     0 -9999
2015 03 30 16   106   -17 10179   270    57 -9999     0 -9999
2015 03 30 17   133   -28 10170   270    62 -9999     0 -9999
2015 03 30 18   139   -22 10163   280    77     6     0 -9999
2015 03 30 19   144   -22 10154   290    72 -9999     0 -9999
2015 03 30 20   156    -6 10149   270    62 -9999     0 -9999
2015 03 30 21   150   -11 10142   320    77 -9999     0 -9999
2015 03 30 22   150   -11 10134   360    36 -9999     0 -9999
2015 03 30 23   144     0 10133    40    31 -9999     0 -9999
2015 03 31 00   128    17 10134    50    26     8    -1    20
2015 03 31 01    94    22 10124   120    36 -9999    -1 -9999
2015 03 31 02    89    22 10118   140    46 -9999     0 -9999
2015 03 31 03    83    17 10108   150    46 -9999     0 -9999
2015 03 31 04    83    17 10089   160    36 -9999     0 -9999
2015 03 31 05    72    11 10070   190    46     2     0 -9999
2015 03 31 06   122     0 10055   220    77     2     0     8
2015 03 31 07   122     0 10050   240    62     2     0 -9999
2015 03 31 08   111     6 10056   300    51 -9999     0 -9999
2015 03 31 09    89    11 10054   280    41     0     0 -9999
2015 03 31 10    61    17 10071   360    51     0     0 -9999
2015 03 31 11    44    22 10087   360    46 -9999     0 -9999
2015 03 31 12    44    28 10101   340    36     8     0 -9999
2015 03 31 13    50    39 10111   340    36 -9999     0 -9999
2015 03 31 14    56    28 10119   350    36 -9999     0 -9999
2015 03 31 15    67    28 10129   360    36 -9999     0 -9999
2015 03 31 16    83    28 10135   340    57 -9999     0 -9999
2015 03 31 17    89    22 10138   350    31 -9999     0 -9999
2015 03 31 18    94    22 10141    70    31     6     0 -9999
2015 03 31 19   111    17 10140    20    26 -9999     0 -9999
2015 03 31 20   128    11 10136   350    26     4     0 -9999
2015 03 31 21   128    17 10135   240    36     4     0 -9999
2015 03 31 22   133    17 10134   270    67     4     0 -9999
2015 03 31 23   139    11 10137   300    31     4     0 -9999
2015 04 01 00   128    11 10135   250    31     4     0 -9999
2015 04 01 01    83    17 10137   140    46     2     0 -9999
2015 04 01 02    61    11 10144   150    31     2     0 -9999
2015 04 01 03    67    17 10143   170    21     0     0 -9999
2015 04 01 04    61    17 10146   190    31     0     0 -9999
2015 04 01 05    50    11 10148   190    26     0     0 -9999
2015 04 01 06    67    17 10146   200    26     0     0 -9999
2015 04 01 07    50    11 10149   200    21     0     0 -9999
2015 04 01 08    50    11 10146   200    21     0     0 -9999
2015 04 01 09    56    11 10147   200    21     0     0 -9999
2015 04 01 10    50    11 10153    10    31     0     0 -9999
2015 04 01 11    33     6 10160     0     0     0     0 -9999
2015 04 01 12    17     0 10169     0     0     0     0 -9999
2015 04 01 13    61    28 10175     0     0     0     0 -9999
2015 04 01 14    89    28 10179   180    21     2     0 -9999
2015 04 01 15   128    28 10177   180    51     2     0 -9999
2015 04 01 16   150    28 10176   180    31     2     0 -9999
2015 04 01 17   172    33 10166   170    36     0     0 -9999
2015 04 01 18   194    28 10157   190    46     2     0 -9999
2015 04 01 19   206    11 10145   200    57     2     0 -9999
2015 04 01 20   217    17 10135   200    46     4     0 -9999
2015 04 01 21   222    22 10127   190    88     4     0 -9999
2015 04 01 22   222    17 10119   190    82 -9999     0 -9999
2015 04 01 23   217    22 10113   180    93     4     0 -9999
2015 04 02 00   200    28 10113   180    98     6     0 -9999
2015 04 02 01   183    33 10115   180    77     4     0 -9999
2015 04 02 02   178    28 10118   190    88     4     0 -9999
2015 04 02 03   167    28 10110   180    88     4     0 -9999
2015 04 02 04   156    28 10097   180    82     2     0 -9999
2015 04 02 05   156    22 10088   190    82     4     0 -9999
2015 04 02 06   150    17 10085   190    77     6     0 -9999
2015 04 02 07   144    17 10085   190    93 -9999     0 -9999
2015 04 02 08   139    11 10079   190    67 -9999     0 -9999
2015 04 02 09   133     6 10069   200    72     4     0 -9999
2015 04 02 10   139    17 10061   200    67 -9999     0 -9999
2015 04 02 11   117    78 10053   180    51 -9999    13 -9999
2015 04 02 12   100    72 10047   190    57     8    -1    30
2015 04 02 13   100    83 10046   190    62 -9999    15 -9999
2015 04 02 14   117    94 10043   210    51 -9999    18 -9999
2015 04 02 15   117    94 10042   220    51 -9999     3 -9999
2015 04 02 16   122   111 -9999   250    46 -9999    -1 -9999
2015 04 02 17   133   117 10042   260    57 -9999     8 -9999
2015 04 02 18   139   122 10048   270    57     8     5    60
2015 04 02 19   144   117 10053   300    82 -9999    15 -9999
2015 04 02 20   156   106 10057   300    67 -9999     0 -9999
2015 04 02 21   172    89 10063   300    62     4     0 -9999
2015 04 02 22   183    67 10068   310    36     4     0 -9999
2015 04 02 23   183    56 10075   310    21     4     0 -9999
2015 04 03 00   161    39 10081   280    21     6     0 -9999
2015 04 03 01   150    22 10090   280    21 -9999     0 -9999
2015 04 03 02   144    22 10099   250    21 -9999     0 -9999
2015 04 03 03   128    11 10108   280    36 -9999     0 -9999
2015 04 03 04   111     6 10109   280    26 -9999     0 -9999
2015 04 03 05   111     0 10106   290    31     2     0 -9999
2015 04 03 06   111     0 10102   300    31     6     0 -9999
2015 04 03 07   100     0 10104   280    31 -9999     0 -9999
2015 04 03 08    89     6 10103   270    31 -9999     0 -9999
2015 04 03 09   111    -6 10095   290    36 -9999     0 -9999
2015 04 03 10   111   -11 10100   310    41 -9999     0 -9999
2015 04 03 11   106   -17 10112   330    57 -9999     0 -9999
2015 04 03 12   100   -22 10125   330    51     8     0 -9999
2015 04 03 13    94   -22 10134   330    41 -9999     0 -9999
2015 04 03 14   100   -22 10130   320    36 -9999     0 -9999
2015 04 03 15   106   -22 10129   360    51 -9999     0 -9999
2015 04 03 16   106   -28 10135   360    51 -9999     0 -9999
2015 04 03 17   106   -22 10139   340    62 -9999     0 -9999
2015 04 03 18   111   -28 10137   350    36     8     0 -9999
2015 04 03 19    61    -6 10142    40    77 -9999    -1 -9999
2015 04 03 20    61     6 10147    40    72 -9999    -1 -9999
2015 04 03 21    50   -17 10151    40    77 -9999     0 -9999
2015 04 03 22    50   -22 10155    30    77 -9999     0 -9999
2015 04 03 23    33   -17 10169    30    62 -9999     0 -9999
2015 04 04 00    22   -17 10179    40    51     6     0    -1
2015 04 04 01    11   -22 10188    30    41     4     0 -9999
2015 04 04 02    11   -22 10201    30    46     4     0 -9999
2015 04 04 03    11   -22 10212    20    31 -9999     0 -9999
2015 04 04 04     6   -28 10218 -9999    21     2     0 -9999
2015 04 04 05    -6   -22 10224   270    15     0     0 -9999
2015 04 04 06   -11   -28 10229   260    26     0     0 -9999
2015 04 04 07    -6   -39 10235   270    31     0     0 -9999
2015 04 04 08    -6   -50 10241   280    41     0     0 -9999
2015 04 04 09   -11   -56 10242   260    26     0     0 -9999
2015 04 04 10   -17   -56 10247   260    31     0     0 -9999
2015 04 04 11   -22   -61 10245   250    26     0     0 -9999
2015 04 04 12   -11   -61 10246   230    26     2     0 -9999
2015 04 04 13     0   -50 10255   250    36     4     0 -9999
2015 04 04 14    28   -56 10250   250    57     2     0 -9999
2015 04 04 15    56   -78 10250   250    82     4     0 -9999
2015 04 04 16    72   -78 10246   240    82     2     0 -9999
2015 04 04 17    94   -72 10237   250    72     0     0 -9999
2015 04 04 18   106   -56 10232   250    98     0     0 -9999
2015 04 04 19   128   -44 10223   260    82     2     0 -9999
2015 04 04 20   139   -56 10215   290    88     2     0 -9999
2015 04 04 21   144   -72 10208   260    93     2     0 -9999
2015 04 04 22   144   -67 10204   270    72     2     0 -9999
2015 04 04 23   139   -67 10201   280    62     2     0 -9999
2015 04 05 00   128   -67 10199   280    51     2     0 -9999
2015 04 05 01   106   -61 10200   260    26     2     0 -9999
2015 04 05 02    94   -50 10202   250    15     0     0 -9999
2015 04 05 03    94   -56 10199   220    15     2     0 -9999
2015 04 05 04    89   -50 10192   190    36     4     0 -9999
2015 04 05 05    94   -33 10190   210    36 -9999     0 -9999
2015 04 05 06   100   -22 10186   230    36     8     0 -9999
2015 04 05 07   100   -22 10185   240    36 -9999     0 -9999
2015 04 05 08    94   -28 10185   220    31 -9999     0 -9999
2015 04 05 09    83   -22 10183   240    36     4     0 -9999
2015 04 05 10    78   -28 10186   240    46 -9999     0 -9999
2015 04 05 11    83   -39 10187   240    51 -9999     0 -9999
2015 04 05 12    83   -44 10187   240    51     6     0 -9999
2015 04 05 13    78   -33 10193   230    46 -9999     0 -9999
2015 04 05 14    89   -33 10194   240    46     4     0 -9999
2015 04 05 15   106   -33 10190   240    51 -9999     0 -9999
2015 04 05 16   133   -39 10184   240    67 -9999     0 -9999
2015 04 05 17   156   -61 10172   240    82 -9999     0 -9999
2015 04 05 18   167   -61 10165   250    67     4     0 -9999
2015 04 05 19   178   -50 10162   240    62     4     0 -9999
2015 04 05 20   183   -56 10154   250    57     2     0 -9999
2015 04 05 21   189   -61 10148   250    51     2     0 -9999
2015 04 05 22   183   -72 10147   230    41     2     0 -9999
2015 04 05 23   183   -72 10145 -9999    15 -9999     0 -9999
2015 04 06 00    94    -6 10152    30    46     6     0 -9999
2015 04 06 01    72    -6 10155    20    36     4     0 -9999
2015 04 06 02    56    -6 10161    30    31 -9999     0 -9999
2015 04 06 03    44     0 10161    50    36 -9999     0 -9999
2015 04 06 04    39     6 10169    30    36 -9999     0 -9999
2015 04 06 05    33     6 10168    60    26     4     0 -9999
2015 04 06 06    33     6 10162    80    15     0     0 -9999
2015 04 06 07    28     6 10157     0     0     0     0 -9999
2015 04 06 08    17     0 10151   100    15     0     0 -9999
2015 04 06 09    11    -6 10148     0     0     2     0 -9999
2015 04 06 10    17     0 10150     0     0     2     0 -9999
2015 04 06 11    28     0 10153     0     0 -9999     0 -9999
2015 04 06 12    61     6 10154   180    15     6     0 -9999
2015 04 06 13    78    33 10158     0     0 -9999     0 -9999
2015 04 06 14    94    28 10158   200    26 -9999     0 -9999
2015 04 06 15   111    33 10162   230    21 -9999     0 -9999
2015 04 06 16   128    33 10164   220    31 -9999     0 -9999
2015 04 06 17   139    33 10165   220    21 -9999     0 -9999
2015 04 06 18   150    33 10161    90    26     8     0 -9999
2015 04 06 19   150    39 10153    60    51 -9999     0 -9999
2015 04 06 20   133    33 10154    60    57 -9999     0 -9999
2015 04 06 21   111    22 10152    50    46 -9999     0 -9999
2015 04 06 22   100    22 10159    50    41 -9999     0 -9999
2015 04 06 23    72    17 10165    40    51 -9999     0 -9999
2015 04 07 00    61    11 10159    50    46     8     0 -9999
2015 04 07 01    44    11 10175    30    51 -9999     0 -9999
2015 04 07 02    50    11 10174    50    57 -9999     0 -9999
2015 04 07 03    44     6 10177    10    57 -9999     0 -9999
2015 04 07 04    44    11 10189    30    21 -9999     0 -9999
2015 04 07 05    39    17 10181    70    57 -9999     8 -9999
2015 04 07 06    33    17 10171    40    41     8     3    10
2015 04 07 07    33    22 10170    20    51 -9999     0 -9999
2015 04 07 08    39    22 10169    10    51 -9999    -1 -9999
2015 04 07 09    50    28 10167    10    46 -9999    -1 -9999
2015 04 07 10    50    22 10172    30    57 -9999    -1 -9999
2015 04 07 11    44    17 10176    30    67 -9999    -1 -9999
2015 04 07 12    39    11 10186    20    77     8     0    -1
2015 04 07 13    39    11 10187    30    77 -9999     0 -9999
2015 04 07 14    39    17 10191    40    62 -9999     0 -9999
2015 04 07 15    39    17 10197    40    67 -9999     0 -9999
2015 04 07 16    44    22 10199    40    77 -9999    -1 -9999
2015 04 07 17    44    22 10198    40    72 -9999    -1 -9999
2015 04 07 18    50    28 10199    40    62     8     0    -1
2015 04 07 19    50    33 10197    40    57 -9999     0 -9999
2015 04 07 20    56    39 10183    50    67 -9999     0 -9999
2015 04 07 21    61    39 10184    60    51 -9999     0 -9999
2015 04 07 22    61    39 10178    50    72 -9999     0 -9999
2015 04 07 23    72    44 10175    60    62 -9999     0 -9999
2015 04 08 00    61    44 10170    60    57     8     0 -9999
2015 04 08 01    61    50 10174    60    41 -9999     0 -9999
2015 04 08 02    72    61 10176    80    51 -9999    -1 -9999
2015 04 08 03    78    67 10166   100    77 -9999    -1 -9999
2015 04 08 04    72    61 10159   110    72 -9999     0 -9999
2015 04 08 05    72    61 10158   110    51 -9999     0 -9999
2015 04 08 06    78    61 10150   120    57     8    -1    -1
2015 04 08 07    78    67 10146   130    15 -9999     0 -9999
2015 04 08 08    72    67 10139   140    21 -9999     0 -9999
2015 04 08 09    78    72 10134   360    31 -9999     0 -9999
2015 04 08 10    67    61 10130    20    46 -9999     5 -9999
2015 04 08 11    56    50 10128    30    46 -9999    -1 -9999
2015 04 08 12    56    50 10132    50    41     8    -1     5
2015 04 08 13    56    50 10143    30    31 -9999    -1 -9999
2015 04 08 14    56    56 10137    20    26 -9999    -1 -9999
2015 04 08 15    61    61 10139    20    21 -9999    -1 -9999
2015 04 08 16    67    61 10147    60    31 -9999     0 -9999
2015 04 08 17    72    61 10156    10    31 -9999     0 -9999
2015 04 08 18    83    61 10159    20    21     8     0    -1
2015 04 08 19   100    67 10147    20    57 -9999     0 -9999
2015 04 08 20    89    56 10145    70    41 -9999     0 -9999
2015 04 08 21    61    33 10145    50    62 -9999     0 -9999
2015 04 08 22    56    28 10135    50    57 -9999     0 -9999
2015 04 08 23    50    33 10128    60    51 -9999     0 -9999
2015 04 09 00    44    33 10136    70    57     8     0 -9999
2015 04 09 01    44    33 10147    30    36 -9999     0 -9999
2015 04 09 02    44    33 10149    20    57 -9999     0 -9999
2015 04 09 03    50    33 10140    50    46 -9999     0 -9999
2015 04 09 04    50    39 10128    60    57 -9999     3 -9999
2015 04 09 05    61    50 10113    50    41 -9999    -1 -9999
2015 04 09 06    61    50 10110    80    36     8     5     8
2015 04 09 07    56    50 10107    30    46 -9999     5 -9999
2015 04 09 08    50    44 10094    50    41 -9999     0 -9999
2015 04 09 09    50    44 10092    50    26 -9999     0 -9999
2015 04 09 10    67    61 10082   100    31     9     0 -9999
2015 04 09 11    78    72 -9999   100    31     9    -1 -9999
2015 04 09 12    83    78 10080   120    26     8    10    10
2015 04 09 13    94    89 10077   140    41 -9999    79 -9999
2015 04 09 14   106   100 10056   100    46 -9999    46 -9999
2015 04 09 15   122   117 10059   130    31 -9999    30 -9999
2015 04 09 16   122   111 10047   130    46 -9999    81 -9999
2015 04 09 17   144   139 10039   140    26 -9999    86 -9999
2015 04 09 18   172   156 10029   210    51     8     3   330
2015 04 09 19   189   167 10021   210    57 -9999    -1 -9999
2015 04 09 20   206   172 10017   210    57 -9999     0 -9999
2015 04 09 21   189   167 10007   220    31 -9999    13 -9999
2015 04 09 22   206   178 10006   200    72 -9999     0 -9999
2015 04 09 23   211   172 10002   190    72 -9999     5 -9999
2015 04 10 00   200   167  9991   170    51     8    -1    20
2015 04 10 01   206   167  9974   180    98 -9999     0 -9999
2015 04 10 02   194   167  9969   190   113 -9999     0 -9999
2015 04 10 03   206   144  9972   210    82 -9999     0 -9999
2015 04 10 04   156   111  9983   240   129 -9999     0 -9999
2015 04 10 05   122    78  9990   240   144 -9999     0 -9999
2015 04 10 06    94    44 10003   240   134     8     0 -9999
2015 04 10 07    78    39 10013   250   103 -9999     0 -9999
2015 04 10 08    67    33 10021   250   108 -9999     0 -9999
2015 04 10 09    56    33 10027   270   103 -9999     0 -9999
2015 04 10 10    50    22 10040   270    93 -9999    -1 -9999
2015 04 10 11    44     6 10060   290    82 -9999     0 -9999
2015 04 10 12    44    11 10082   280    88     8     0     0
2015 04 10 13    50    17 10098   290    82 -9999     0 -9999
2015 04 10 14    67    28 10106   270    72 -9999     0 -9999
2015 04 10 15    83    22 10111   280    72 -9999     0 -9999
2015 04 10 16   100    28 10114   250    62     0     0 -9999
2015 04 10 17   122    33 10110   250    62 -9999     0 -9999
2015 04 10 18   133    39 10105   260    77     2     0 -9999
2015 04 10 19   150    44 10101   240    82 -9999     0 -9999
2015 04 10 20   156    28 10095   270   118 -9999     0 -9999
2015 04 10 21   150    11 10104   280   124 -9999     0 -9999
2015 04 10 22   122   -11 10127   290   124 -9999     0 -9999
2015 04 10 23    83    33 10150   320    77 -9999    -1 -9999
2015 04 11 00    83    28 10163   310    77     8     0    -1
2015 04 11 01    78    22 10174   310    72 -9999     0 -9999
2015 04 11 02    72    22 10189   310    51 -9999     0 -9999
2015 04 11 03    61    11 10200   310    31     0     0 -9999
2015 04 11 04    50     6 10207   250    21     0     0 -9999
2015 04 11 05    44     6 10211   250    21     0     0 -9999
2015 04 11 06    39     6 10215   250    26     0     0 -9999
2015 04 11 07    39    11 10215   250    26     0     0 -9999
2015 04 11 08    39     6 10216   240    31     0     0 -9999
2015 04 11 09    33     0 10219   250    21     0     0 -9999
2015 04 11 10    33     0 10224   260    31     0     0 -9999
2015 04 11 11    33     0 10228   260    46     0     0 -9999
2015 04 11 12    39     6 10235   260    36     0     0 -9999
2015 04 11 13    61    11 10242   260    26     0     0 -9999
2015 04 11 14    83    17 10247   270    36     0     0 -9999
2015 04 11 15   106    17 10246   260    41     0     0 -9999
2015 04 11 16   128     6 10248   260    36     0     0 -9999
2015 04 11 17   139    22 10244   250    36     2     0 -9999
2015 04 11 18   144    11 10238   210    36     0     0 -9999
2015 04 11 19   150    11 10235   230    36     2     0 -9999
2015 04 11 20   161    11 10228   260    46     2     0 -9999
2015 04 11 21   161    -6 10220   240    41     2     0 -9999
2015 04 11 22   161   -17 10214   230    36     0     0 -9999
2015 04 11 23   161   -17 10211   230    26     0     0 -9999
2015 04 12 00   156   -22 10210   220    26     0     0 -9999
2015 04 12 01   139   -28 10209   200    31     0     0 -9999
2015 04 12 02   111   -11 10209   170    31     0     0 -9999
2015 04 12 03   111   -17 10210   190    31     0     0 -9999
2015 04 12 04   111   -17 10210   190    41     0     0 -9999
2015 04 12 05   111    -6 10210   200    46     0     0 -9999
2015 04 12 06    83     0 10212   190    36     0     0 -9999
2015 04 12 07    78     0 10209   180    36     0     0 -9999
2015 04 12 08    72     0 10209   180    36     0     0 -9999
2015 04 12 09    67     0 10207   170    31     0     0 -9999
2015 04 12 10    67     0 10205   180    31     4     0 -9999
2015 04 12 11    50    -6 10207   160    31     2     0 -9999
2015 04 12 12    61     6 10208   170    31     4     0 -9999
2015 04 12 13    89    22 10210   160    31 -9999     0 -9999
2015 04 12 14   106    17 10206   170    41 -9999     0 -9999
2015 04 12 15   139    17 10201   170    51 -9999     0 -9999
2015 04 12 16   167    17 10198   190    72 -9999     0 -9999
2015 04 12 17   178    11 10192   190    62 -9999     0 -9999
2015 04 12 18   189    11 10186   210    57     6     0 -9999
2015 04 12 19   194    17 10179   190    67 -9999     0 -9999
2015 04 12 20   194    22 10172   180    82 -9999     0 -9999
2015 04 12 21   189    22 10161   180    57 -9999     0 -9999
2015 04 12 22   183    17 10161   180    62 -9999     0 -9999
2015 04 12 23   178    22 10159   180    57 -9999    -1 -9999
2015 04 13 00   172    17 10151   190    62     8     0     0
2015 04 13 01   167    22 10153   190    41 -9999     0 -9999
2015 04 13 02   150    39 10153   150    31 -9999    -1 -9999
2015 04 13 03   156    33 10146   160    46 -9999    -1 -9999
2015 04 13 04   156    33 10141   160    57 -9999     0 -9999
2015 04 13 05   150    33 10135   170    41 -9999     0 -9999
2015 04 13 06   144    33 10129   180    41     8     0    -1
2015 04 13 07   139    33 10121   180    41 -9999     0 -9999
2015 04 13 08   139    33 10110   170    36 -9999     0 -9999
2015 04 13 09   167    33 10103   180    62 -9999    -1 -9999
2015 04 13 10   150    78 10101   180    72 -9999     5 -9999
2015 04 13 11   133   106 10116   280    57 -9999    23 -9999
2015 04 13 12   122   106 10112   240    26     8     2    50
2015 04 13 13   133   117 10112   210    41 -9999     5 -9999
2015 04 13 14   139   122 10123   260    67 -9999     0 -9999
2015 04 13 15   139   111 10136   280    82 -9999     0 -9999
2015 04 13 16   156   106 10147   300    72 -9999     0 -9999
2015 04 13 17   167    72 10162   280    88 -9999     0 -9999
2015 04 13 18   172    22 10162   310    88     6     0     8
2015 04 13 19   183     6 10165   310    67     4     0 -9999
2015 04 13 20   183    22 10169   300    62 -9999     0 -9999
2015 04 13 21   172   -11 10175   290    77 -9999     0 -9999
2015 04 13 22   183   -17 10180   290    82 -9999     0 -9999
2015 04 13 23   178   -28 10185   290    62 -9999     0 -9999
2015 04 14 00   167   -22 10185   280    46     4     0 -9999
2015 04 14 01   156   -33 10192   280    36     4     0 -9999
2015 04 14 02   139   -22 10199   280    31     4     0 -9999
2015 04 14 03   133   -28 10207   290    36     2     0 -9999
2015 04 14 04   117   -28 10214   290    46     4     0 -9999
2015 04 14 05   117   -33 10219   310    46     4     0 -9999
2015 04 14 06   100   -28 10221   330    31     2     0 -9999
2015 04 14 07    83   -22 10221     0     0     2     0 -9999
2015 04 14 08    78   -17 10222   290    15     2     0 -9999
2015 04 14 09    83   -22 10223   290    15     4     0 -9999
2015 04 14 10    56   -17 10228     0     0     2     0 -9999
2015 04 14 11    50   -17 10231   340    15     2     0 -9999
2015 04 14 12    72   -17 10239     0     0     4     0 -9999
2015 04 14 13   106    -6 10248     0     0     4     0 -9999
2015 04 14 14   133   -33 10254    10    26     4     0 -9999
2015 04 14 15   150   -33 10250    70    21 -9999     0 -9999
2015 04 14 16   167   -56 10251    70    26 -9999     0 -9999
2015 04 14 17   172   -61 10250    60    31 -9999     0 -9999
2015 04 14 18   178   -67 10245    30    41     6     0 -9999
2015 04 14 19   183   -94 10239     0     0     4     0 -9999
2015 04 14 20   183   -94 10232    70    31 -9999     0 -9999
2015 04 14 21   189  -100 10229 -9999    31 -9999     0 -9999
2015 04 14 22   183   -78 10229   130    36 -9999     0 -9999
2015 04 14 23   172   -78 10232   130    31 -9999     0 -9999
2015 04 15 00   161  -100 10234   100    36     8     0 -9999
2015 04 15 01   150   -94 10234    70    36 -9999     0 -9999
2015 04 15 02   133  -100 10238    80    26 -9999     0 -9999
2015 04 15 03   128   -89 10241    80    26 -9999     0 -9999
2015 04 15 04   111   -78 10240    60    41 -9999     0 -9999
2015 04 15 05    94   -56 10240    90    15     4     0 -9999
2015 04 15 06    89   -44 10239    50    26     2     0 -9999
2015 04 15 07    78   -33 10237    50    21     4     0 -9999
2015 04 15 08    72   -28 10237    60    31     2     0 -9999
2015 04 15 09    67   -28 10236    60    36     2     0 -9999
2015 04 15 10    67   -33 10238    60    36     2     0 -9999
2015 04 15 11    61   -28 10241    60    36     2     0 -9999
2015 04 15 12    67   -28 10247    40    21     4     0 -9999
2015 04 15 13   106   -50 10252    70    46     4     0 -9999
2015 04 15 14   128   -56 10254    80    51     4     0 -9999
2015 04 15 15   133   -39 10254    90    46 -9999     0 -9999
2015 04 15 16   150   -33 10253    90    41 -9999     0 -9999
2015 04 15 17   161   -22 10250   100    57 -9999     0 -9999
2015 04 15 18   167   -17 10245   110    57     6     0 -9999
2015 04 15 19   161     0 10239    50    67 -9999     0 -9999
2015 04 15 20   161    -6 10233    60    57 -9999     0 -9999
2015 04 15 21   172   -11 10225    70    77 -9999     0 -9999
2015 04 15 22   167    -6 10222    70    62 -9999     0 -9999
2015 04 15 23   150    -6 10220    60    72 -9999     0 -9999
2015 04 16 00   139   -11 10219    50    57     6     0 -9999
2015 04 16 01   111   -17 10220    40    51 -9999     0 -9999
2015 04 16 02    94   -11 10224    50    46 -9999     0 -9999
2015 04 16 03   100    -6 10223    60    36 -9999     0 -9999
2015 04 16 04   122   -33 10219   100    46 -9999     0 -9999
2015 04 16 05   128   -44 10214   110    46 -9999     0 -9999
2015 04 16 06   128   -44 10210    90    57     8     0 -9999
2015 04 16 07   117   -28 10209    90    51 -9999     0 -9999
2015 04 16 08   117   -28 10206   100    36 -9999     0 -9999
2015 04 16 09   106    17 10202   100    36 -9999     0 -9999
2015 04 16 10    83    44 10199    70    31 -9999    -1 -9999
2015 04 16 11    78    61 10203    50    36 -9999    -1 -9999
2015 04 16 12    72    61 10204    60    51     8    -1    -1
2015 04 16 13    72    56 10205    70    46 -9999    -1 -9999
2015 04 16 14    78    44 10203    80    41 -9999    -1 -9999
2015 04 16 15    89    44 10201    50    31 -9999     0 -9999
2015 04 16 16    94    39 10202    30    15 -9999     0 -9999
2015 04 16 17   106    39 10196 -9999    15 -9999     0 -9999
2015 04 16 18   128    44 10188    10    26 -9999     0    -1
2015 04 16 19   139    56 10185   360    21 -9999     0 -9999
2015 04 16 20   161    61 10177   360    31 -9999     0 -9999
2015 04 16 21   178    56 10172    30    31 -9999     0 -9999
2015 04 16 22   178    56 10174     0     0     4     0 -9999
2015 04 16 23   172    61 10173    90    41     4     0 -9999
2015 04 17 00   150    61 10176   130    26     4     0 -9999
2015 04 17 01   128    50 10178   100    36     4     0 -9999
2015 04 17 02   111    50 10185   140    36     4     0 -9999
2015 04 17 03   106    50 10184   190    21     2     0 -9999
2015 04 17 04   100    50 10187   190    21     2     0 -9999
2015 04 17 05    94    50 10191   190    21     0     0 -9999
2015 04 17 06    89    50 10186     0     0     0     0 -9999
2015 04 17 07    78    50 10184     0     0     0     0 -9999
2015 04 17 08   100    61 10184   230    21     0     0 -9999
2015 04 17 09   100    67 10187   240    26     0     0 -9999
2015 04 17 10   100    72 10183   270    15     0     0 -9999
2015 04 17 11    83    67 10180     0     0     2     0 -9999
2015 04 17 12    94    78 10185   260    21     2     0 -9999
2015 04 17 13   139    94 10195   260    36     2     0 -9999
2015 04 17 14   183    94 10192   270    31     2     0 -9999
2015 04 17 15   206    89 10191   280    41     4     0 -9999
2015 04 17 16   222    89 10186   280    26     4     0 -9999
2015 04 17 17   233    83 10181   260    26     2     0 -9999
2015 04 17 18   239    72 10174 -9999    26     4     0 -9999
2015 04 17 19   233    72 10167 -9999    21 -9999     0 -9999
2015 04 17 20   239    72 10161   260    26 -9999     0 -9999
2015 04 17 21   250    72 10155     0     0     4     0 -9999
2015 04 17 22   244    72 10151   240    51 -9999     0 -9999
2015 04 17 23   244    78 10151   250    57 -9999     0 -9999
2015 04 18 00   233    78 10151   280    31     8     0 -9999
2015 04 18 01   206    72 10151   120    26     4     0 -9999
2015 04 18 02   172    78 10156   150    31     4     0 -9999
2015 04 18 03   161    78 10159   160    21     4     0 -9999
2015 04 18 04   172    78 10157     0     0 -9999     0 -9999
2015 04 18 05   161    83 10155   200    15     4     0 -9999
2015 04 18 06   161    78 10157     0     0     6     0 -9999
2015 04 18 07   178    78 10156   220    21 -9999     0 -9999
2015 04 18 08   172    83 10156   240    26     4     0 -9999
2015 04 18 09   156    83 10157   260    15 -9999     0 -9999
2015 04 18 10   156    83 10158   340    15     2     0 -9999
2015 04 18 11   128    83 10163   350    15     2     0 -9999
2015 04 18 12   122    83 10170     0     0     4     0 -9999
2015 04 18 13   178    78 10170    30    36 -9999     0 -9999
2015 04 18 14   139    44 10183    40    93     4     0 -9999
2015 04 18 15   133    39 10191    40    67 -9999     0 -9999
2015 04 18 16   128    33 10191    40    62 -9999     0 -9999
2015 04 18 17   139    33 10190    40    67 -9999     0 -9999
2015 04 18 18   139    33 10187    50    72     6     0 -9999
2015 04 18 19   139    33 10184    40    67 -9999     0 -9999
2015 04 18 20   133    28 10177    40    67 -9999     0 -9999
2015 04 18 21   139    28 10173    50    62 -9999     0 -9999
2015 04 18 22   122    22 10169    40    57 -9999     0 -9999
2015 04 18 23   117    11 10171    40    62 -9999     0 -9999
2015 04 19 00   111     6 10165    50    51     6     0 -9999
2015 04 19 01    94     0 10166    40    57 -9999     0 -9999
2015 04 19 02    83     6 10169    30    51 -9999     0 -9999
2015 04 19 03    89    11 10166    40    41 -9999     0 -9999
2015 04 19 04    94    11 10157    30    36 -9999     0 -9999
2015 04 19 05   100    17 10148    80    21 -9999     0 -9999
2015 04 19 06   117    28 10144   100    31     6     0 -9999
2015 04 19 07   128   -28 10136    90    41 -9999     0 -9999
2015 04 19 08   128   -39 10129    90    46 -9999     0 -9999
2015 04 19 09   117   -22 10123    80    31 -9999     0 -9999
2015 04 19 10   117   -17 10119    90    41 -9999     0 -9999
2015 04 19 11   128    -6 10116   100    46 -9999     0 -9999
2015 04 19 12   111     6 10110    70    36     6     0 -9999
2015 04 19 13   122     6 10107    70    36 -9999     0 -9999
2015 04 19 14   150    11 10096    80    36 -9999     0 -9999
2015 04 19 15   161    17 10083    80    46 -9999     0 -9999
2015 04 19 16   178    22 10072    80    57 -9999     0 -9999
2015 04 19 17   194    33 10059    90    51 -9999     0 -9999
2015 04 19 18   189    33 10045    90    46     6     0 -9999
2015 04 19 19   194    33 10031    80    57 -9999     0 -9999
2015 04 19 20   161    33 10018    60    51 -9999     0 -9999
2015 04 19 21   150    39 10005    70    46 -9999    -1 -9999
2015 04 19 22   117    72  9999    70    41 -9999     8 -9999
2015 04 19 23   111    94 -9999    30    26 -9999     2 -9999
2015 04 20 00   117   106  9974    70    46     8    25    70
2015 04 20 01   111   100  9958    40    46 -9999    10 -9999
2015 04 20 02   100    94  9944    30    57 -9999     5 -9999
2015 04 20 03    94    89  9934    20    41 -9999    13 -9999
2015 04 20 04    89    83 -9999   350    41 -9999    -1 -9999
2015 04 20 05    89    83  9908   340    41 -9999     3 -9999
2015 04 20 06    89    83  9906   340    31     8     0    50
2015 04 20 07    94    89  9902   280    46 -9999     0 -9999
2015 04 20 08    94    89  9901   260    51 -9999     0 -9999
2015 04 20 09   100    89  9900   250    36 -9999     0 -9999
2015 04 20 10   100    89 -9999   250    46 -9999     3 -9999
2015 04 20 11   106   100  9896   230    15 -9999    -1 -9999
2015 04 20 12   106   100  9897   230    72     8    -1     3
2015 04 20 13   106    94  9903   260    82 -9999    -1 -9999
2015 04 20 14    94    78  9913   260    93 -9999     0 -9999
2015 04 20 15    83    61  9925   270   103 -9999     0 -9999
2015 04 20 16    78    44  9938   280    98 -9999     0 -9999
2015 04 20 17    78    39  9953   280    88 -9999     0 -9999
2015 04 20 18    78    39  9963   270   103     8     0    -1
2015 04 20 19    78    39  9977   270    67 -9999    -1 -9999
2015 04 20 20    78    28  9986   260    88 -9999    -1 -9999
2015 04 20 21    78    17  9993   270    93 -9999    -1 -9999
2015 04 20 22    78    11  9999   270    93 -9999    -1 -9999
2015 04 20 23    78     6 10007   270   113 -9999     0 -9999
2015 04 21 00    78    -6 10014   270    88     8     0    -1
2015 04 21 01    67   -11 10020   280    62     2     0 -9999
2015 04 21 02    61    -6 10028   260    51     4     0 -9999
2015 04 21 03    61    -6 10029   250    51     4     0 -9999
2015 04 21 04    61     6 10031   250    67 -9999     0 -9999
2015 04 21 05    56     6 10030   250    62     2     0 -9999
2015 04 21 06    50     6 10028   250    51     6     0 -9999
2015 04 21 07    56     0 10025   250    46     4     0 -9999
2015 04 21 08    44    -6 10023   250    57     0     0 -9999
2015 04 21 09    44    -6 10022   250    62     0     0 -9999
2015 04 21 10    39   -11 10021   250    62     0     0 -9999
2015 04 21 11    39   -17 10024   260    93     2     0 -9999
2015 04 21 12    44   -17 10023   250    77     2     0 -9999
2015 04 21 13    50   -17 10026   250    88     2     0 -9999
2015 04 21 14    61   -17 10027   260    93 -9999     0 -9999
2015 04 21 15    61   -28 10030   280   134 -9999     0 -9999
2015 04 21 16    72   -28 10031   270   134 -9999     0 -9999
2015 04 21 17    89   -33 10031   270   124 -9999     0 -9999
2015 04 21 18    94   -22 10028   280    93     6    -1     0
2015 04 21 19   111   -39 10019   250   134 -9999     0 -9999
2015 04 21 20   111   -50 10016   260   113 -9999     0 -9999
2015 04 21 21   117   -33 10018   280   124     4     0 -9999
2015 04 21 22    94   -33 10037   290   108     4     0 -9999
2015 04 21 23    78   -33 10044   290    98 -9999     0 -9999
2015 04 22 00    72   -33 10047   290    98     4     0 -9999
2015 04 22 01    61   -39 10054   290    72     4     0 -9999
2015 04 22 02    61   -56 10056   290    93     2     0 -9999
2015 04 22 03    56   -50 10057   290    82     2     0 -9999
2015 04 22 04    50   -50 10054   280    46     0     0 -9999
2015 04 22 05    39   -39 10055   260    41     0     0 -9999
2015 04 22 06    33   -39 10054   280    62     0     0 -9999
2015 04 22 07    28   -39 10052   280    57     0     0 -9999
2015 04 22 08    22   -33 10054   290    41     2     0 -9999
2015 04 22 09    17   -33 10057   280    46 -9999     0 -9999
2015 04 22 10    22   -33 10059   270    46 -9999     0 -9999
2015 04 22 11    22   -28 10062   280    72 -9999     0 -9999
2015 04 22 12    17   -33 10074   300    51     8    -1    -1
2015 04 22 13    22   -56 10082   310   103 -9999     0 -9999
2015 04 22 14    22   -67 10089   290    82 -9999     0 -9999
2015 04 22 15    33   -61 10094   290    72 -9999     0 -9999
2015 04 22 16    39   -61 10097   300    77 -9999     0 -9999
2015 04 22 17    39   -56 10101   280    77 -9999     0 -9999
2015 04 22 18    50   -56 10102   280    67     8     0 -9999
2015 04 22 19    56   -50 10103   280    67 -9999     0 -9999
2015 04 22 20    61   -50 10104   280    82 -9999     0 -9999
2015 04 22 21    61   -50 10106   290    88 -9999     0 -9999
2015 04 22 22    67   -50 10109   310    93 -9999     0 -9999
2015 04 22 23    72   -50 10111   300    62 -9999     0 -9999
2015 04 23 00    67   -50 10113   290    57     6     0 -9999
2015 04 23 01    67   -50 10117   280    62 -9999     0 -9999
2015 04 23 02    56   -44 10119   260    26 -9999     0 -9999
2015 04 23 03    44   -39 10118   260    26 -9999     0 -9999
2015 04 23 04    33   -44 10120   300    26     2     0 -9999
2015 04 23 05    28   -39 10124   280    21     2     0 -9999
2015 04 23 06    17   -44 10128   280    26     2     0 -9999
2015 04 23 07    11   -44 10129   280    31     0     0 -9999
2015 04 23 08     6   -44 10134   270    26     0     0 -9999
2015 04 23 09    11   -44 10139   300    41     0     0 -9999
2015 04 23 10     6   -50 10144   280    31     0     0 -9999
2015 04 23 11     6   -56 10151   300    36     2     0 -9999
2015 04 23 12    11   -56 10160   310    41     2     0 -9999
2015 04 23 13    39   -50 10166   330    41     0     0 -9999
2015 04 23 14    61   -61 10167   340    51     0     0 -9999
2015 04 23 15    72   -67 10169   300    57     2     0 -9999
2015 04 23 16    83   -78 10172   320    77     2     0 -9999
2015 04 23 17    94   -78 10173   310    62     2     0 -9999
2015 04 23 18   100   -78 10172   320    72     2     0 -9999
2015 04 23 19   106   -83 10170   290    57     2     0 -9999
2015 04 23 20   111   -83 10165   300    31     2     0 -9999
2015 04 23 21   117   -89 10164   290    82     2     0 -9999
2015 04 23 22   122   -94 10165   310    51     2     0 -9999
2015 04 23 23   106   -56 10165     0     0     0     0 -9999
2015 04 24 00    89   -39 10166    80    41     0     0 -9999
2015 04 24 01    67   -33 10166    90    36     0     0 -9999
2015 04 24 02    50   -33 10171   150    41     0     0 -9999
2015 04 24 03    44   -28 10173   140    21     0     0 -9999
2015 04 24 04    44   -28 10177     0     0     0     0 -9999
2015 04 24 05    28   -28 10181     0     0     0     0 -9999
2015 04 24 06    22   -33 10180   180    15     0     0 -9999
2015 04 24 07    11   -28 10178     0     0     0     0 -9999
2015 04 24 08    17   -28 10182     0     0     0     0 -9999
2015 04 24 09     6   -28 10184   240    15     0     0 -9999
2015 04 24 10    -6   -39 10182     0     0     0     0 -9999
2015 04 24 11     0   -39 10185     0     0     2     0 -9999
2015 04 24 12    17   -39 10190   240    15     2     0 -9999
2015 04 24 13    56   -39 10191   260    15     4     0 -9999
2015 04 24 14    89   -50 10186   150    15 -9999     0 -9999
2015 04 24 15   117   -78 10183   180    21 -9999     0 -9999
2015 04 24 16   128  -100 10177   110    21     4     0 -9999
2015 04 24 17   133  -100 10176   190    36 -9999     0 -9999
2015 04 24 18   133   -94 10164 -9999    21     8     0 -9999
2015 04 24 19   133   -94 10161     0     0 -9999     0 -9999
2015 04 24 20   122   -67 10150    70    46 -9999     0 -9999
2015 04 24 21   117   -72 10142    60    51 -9999     0 -9999
2015 04 24 22   111   -56 10139    60    57 -9999     0 -9999
2015 04 24 23    94   -33 10138    50    51 -9999     0 -9999
2015 04 25 00    83   -39 10142    50    62     8    -1     0
2015 04 25 01    72     0 10133    60    46 -9999    -1 -9999
2015 04 25 02    56    17 10141    90    31 -9999    23 -9999
2015 04 25 03    50    17 10125    80    51 -9999    15 -9999
2015 04 25 04    50    17 10135    70    41 -9999     3 -9999
2015 04 25 05    50    22 10130    50    57 -9999     0 -9999
2015 04 25 06    50    28 10123    60    57     8     0    40
2015 04 25 07    56    33 10114    60    57 -9999     0 -9999
2015 04 25 08    61    33 10105    70    67 -9999     0 -9999
2015 04 25 09    61    33 10097   100    57 -9999     0 -9999
2015 04 25 10    61    33 10091    70    57 -9999     0 -9999
2015 04 25 11    61    28 10095    80    51 -9999     0 -9999
2015 04 25 12    61    28 10092   100    62     8     0 -9999
2015 04 25 13    67    33 10093    90    51 -9999    -1 -9999
2015 04 25 14    61    39 10087    90    62 -9999     3 -9999
2015 04 25 15    61    39 10080    70    67 -9999     5 -9999
2015 04 25 16    61    39 10087    80    51 -9999     5 -9999
2015 04 25 17    67    33 10084    80    57 -9999     3 -9999
2015 04 25 18    67    39 10094    80    41     8    10    20
2015 04 25 19    67    44 10083    60    62 -9999     8 -9999
2015 04 25 20    78    56 -9999    70    72 -9999     8 -9999
2015 04 25 21    83    44 10068    70    82 -9999     0 -9999
2015 04 25 22    78    44 10077    50    67 -9999     0 -9999
2015 04 25 23    72    33 10089    50    77 -9999     0 -9999
2015 04 26 00    56    11 10097    30    57     8    -1    20
2015 04 26 01    56     0 10102    20    62 -9999     0 -9999
2015 04 26 02    56    -6 10107    30    51 -9999     0 -9999
2015 04 26 03    50   -11 10110    30    57 -9999     0 -9999
2015 04 26 04    56   -11 10107    30    46 -9999     0 -9999
2015 04 26 05    50   -11 10110    10    41     4     0 -9999
2015 04 26 06    39   -11 10118    10    36     0     0 -9999
2015 04 26 07    33   -17 10122   360    31     0     0 -9999
2015 04 26 08    28   -17 10126   360    31     0     0 -9999
2015 04 26 09    22   -17 10130    10    31     0     0 -9999
2015 04 26 10    17   -17 10132    10    31     0     0 -9999
2015 04 26 11    22   -17 10141    10    31     0     0 -9999
2015 04 26 12    33   -11 10151    20    36     2     0 -9999
2015 04 26 13    61   -11 10158    40    51     0     0 -9999
2015 04 26 14    78   -17 10164    50    46     0     0 -9999
2015 04 26 15    89   -22 10169    40    41     0     0 -9999
2015 04 26 16   100   -17 10171    60    46     0     0 -9999
2015 04 26 17   117   -17 10171    30    51     2     0 -9999
2015 04 26 18   117   -28 10168    10    77     2     0 -9999
2015 04 26 19   128   -33 10164    20    77     2     0 -9999
2015 04 26 20   133   -33 10164    40    82     2     0 -9999
2015 04 26 21   128   -33 10163    40    82     2     0 -9999
2015 04 26 22   122   -39 10161    50    57     2     0 -9999
2015 04 26 23   111   -50 10162    40    72     2     0 -9999
2015 04 27 00    94   -39 10165    40    62     2     0 -9999
2015 04 27 01    78   -50 10165    20    26     2     0 -9999
2015 04 27 02    72   -44 10168    20    31     2     0 -9999
2015 04 27 03    67   -44 10173    10    51     0     0 -9999
2015 04 27 04    61   -28 10174   360    41     0     0 -9999
2015 04 27 05    56   -17 10177   360    41     0     0 -9999
2015 04 27 06    56   -11 10180   340    51     0     0 -9999
2015 04 27 07    50   -11 10180   360    51     0     0 -9999
2015 04 27 08    44   -11 10180   360    36     0     0 -9999
2015 04 27 09    39   -11 10179   350    31     0     0 -9999
2015 04 27 10    39   -11 10175   360    46     0     0 -9999
2015 04 27 11    39   -11 10177   360    31     0     0 -9999
2015 04 27 12    50   -11 10190   360    36     0     0 -9999
2015 04 27 13    67    -6 10197    10    41     0     0 -9999
2015 04 27 14    83     0 10202   360    41     2     0 -9999
2015 04 27 15    94     0 10204    10    57     4     0 -9999
2015 04 27 16   106     0 10203    10    62 -9999     0 -9999
2015 04 27 17   117    11 10204    40    67     2     0 -9999
2015 04 27 18   128    11 10198    40    62     2     0 -9999
2015 04 27 19   122    17 10196    50    67     2     0 -9999
2015 04 27 20   117    11 10201    60    57     2     0 -9999
2015 04 27 21   117     6 10203    50    72     2     0 -9999
2015 04 27 22   106     6 10203    60    77     4     0 -9999
2015 04 27 23   106     6 10201    40    72     4     0 -9999
2015 04 28 00   100     6 10200    40    51     4     0 -9999
2015 04 28 01    83     0 10198    50    41     4     0 -9999
2015 04 28 02    78     0 10199    30    26     2     0 -9999
2015 04 28 03    61     0 10205    50    26     2     0 -9999
2015 04 28 04    56     6 10200    30    26     2     0 -9999
2015 04 28 05    44     0 10198     0     0     0     0 -9999
2015 04 28 06    33     0 10198     0     0     0     0 -9999
2015 04 28 07    39     6 10204     0     0     0     0 -9999
2015 04 28 08    28     6 10206     0     0     0     0 -9999
2015 04 28 09    28     6 10208     0     0     0     0 -9999
2015 04 28 10    28     0 10209   290    15     0     0 -9999
2015 04 28 11    28     6 10213     0     0     2     0 -9999
2015 04 28 12    39    11 10217     0     0     2     0 -9999
2015 04 28 13    72    11 10217    10    21     2     0 -9999
2015 04 28 14    78    11 10219 -9999    15     2     0 -9999
2015 04 28 15   100    11 10212    50    31     0     0 -9999
2015 04 28 16   122    22 10211    70    21     0     0 -9999
2015 04 28 17   122    17 10205     0     0     2     0 -9999
2015 04 28 18   133    17 10194 -9999    26     2     0 -9999
2015 04 28 19   133    22 10187    70    41     2     0 -9999
2015 04 28 20   133    22 10181    60    62     4     0 -9999
2015 04 28 21   122    17 10177    60    57     4     0 -9999
2015 04 28 22   122    17 10175    60    51 -9999     0 -9999
2015 04 28 23   122    11 10171    50    41 -9999     0 -9999
2015 04 29 00   111     6 10170    40    46     6     0 -9999
2015 04 29 01    94     0 10167    50    31 -9999     0 -9999
2015 04 29 02    89     0 10165   360    15 -9999     0 -9999
2015 04 29 03    78     6 10165    70    41 -9999     0 -9999
2015 04 29 04    72     0 10161    60    15     4     0 -9999
2015 04 29 05    67     6 10156     0     0     4     0 -9999
2015 04 29 06    50     6 10151     0     0     4     0 -9999
2015 04 29 07    56     6 10146     0     0     4     0 -9999
2015 04 29 08    44     6 10143   320    15     4     0 -9999
2015 04 29 09    44    11 10142   280    21     4     0 -9999
2015 04 29 10    39     6 10139   280    21 -9999     0 -9999
2015 04 29 11    44     6 10141   340    26     2     0 -9999
2015 04 29 12    61    17 10146   360    21     2     0 -9999
2015 04 29 13    89    22 10148    20    26     2     0 -9999
2015 04 29 14   117    22 10147    10    31     2     0 -9999
2015 04 29 15   133    17 10142    50    21     2     0 -9999
2015 04 29 16   150    17 10140    30    31     4     0 -9999
2015 04 29 17   156    22 10137    60    36 -9999     0 -9999
2015 04 29 18   156    22 10133    50    57     6     0 -9999
2015 04 29 19   144    17 10129    50    36 -9999     0 -9999
2015 04 29 20   150    17 10127    60    36 -9999     0 -9999
2015 04 29 21   156    22 10123    50    72 -9999     0 -9999
2015 04 29 22   139    28 10124    60    51     4     0 -9999
2015 04 29 23   117    22 10123    30    51 -9999     0 -9999
2015 04 30 00    94    17 10130    40    46     6     0 -9999
2015 04 30 01    89    17 10128    50    31 -9999    -1 -9999
2015 04 30 02    83    11 10129    40    15 -9999     0 -9999
2015 04 30 03    78    11 10129    20    26     4     0 -9999
2015 04 30 04    72     6 10130    10    31     2     0 -9999
2015 04 30 05    67     6 10129   360    31     2     0 -9999
2015 04 30 06    61     6 10128   360    31     2     0     0
2015 04 30 07    61     0 10126    10    36     2     0 -9999
2015 04 30 08    61     0 10125    20    57 -9999     0 -9999
2015 04 30 09    50     0 10125    20    51     4     0 -9999
2015 04 30 10    44    -6 10130    10    41     2     0 -9999
2015 04 30 11    44     0 10136    10    51     2     0 -9999
2015 04 30 12    56     6 10139    20    67     6     0 -9999
2015 04 30 13    61     6 10146    20    67 -9999     0 -9999
2015 04 30 14    83     6 10149    20    67 -9999     0 -9999
2015 04 30 15    89     6 10150    30    67 -9999     0 -9999
2015 04 30 16    83    11 10158    30    72 -9999     0 -9999
2015 04 30 17    94    17 10161    30    77 -9999     0 -9999
2015 04 30 18    94    22 10163    40    82     6     0 -9999
2015 04 30 19    94    33 10168    30    67 -9999     0 -9999
2015 04 30 20    83    22 10172    30    57 -9999     0 -9999
2015 04 30 21    94    28 10173    40    51 -9999     0 -9999
2015 04 30 22    94    17 10176    30    62 -9999     0 -9999
2015 04 30 23    94    11 10179    30    62     2     0 -9999
2015 05 01 00    89    11 10182    40    67     2     0 -9999
2015 05 01 01    78    11 10185    40    26     2     0 -9999
2015 05 01 02    67    17 10191    20    26     2     0 -9999
2015 05 01 03    61    17 10194    10    26     0     0 -9999
2015 05 01 04    39    11 10194   350    15     0     0 -9999
2015 05 01 05    33    11 10194   310    26     0     0 -9999
2015 05 01 06    44    11 10197   300    15     0     0 -9999
2015 05 01 07    33    11 10198     0     0     0     0 -9999
2015 05 01 08    44    17 10195   310    15     0     0 -9999
2015 05 01 09    39    11 10199   310    21     0     0 -9999
2015 05 01 10    33    11 10203   290    26     2     0 -9999
2015 05 01 11    33    17 10208   320    26     2     0 -9999
2015 05 01 12    67    28 10214   330    31     0     0 -9999
2015 05 01 13    94    33 10218   350    21     0     0 -9999
2015 05 01 14   122    33 10220   360    26     0     0 -9999
2015 05 01 15   139    39 10218    20    36     2     0 -9999
2015 05 01 16   150    39 10221    10    21     2     0 -9999
2015 05 01 17   161    39 10215   360    15     2     0 -9999
2015 05 01 18   172    33 10211   110    15     4     0 -9999
2015 05 01 19   183    33 10206 -9999    21 -9999     0 -9999
2015 05 01 20   189    50 10199    80    41 -9999     0 -9999
2015 05 01 21   178    44 10193   100    41 -9999     0 -9999
2015 05 01 22   183    50 10187   130    51 -9999     0 -9999
2015 05 01 23   172    39 10187    90    46 -9999     0 -9999
2015 05 02 00   161    44 10186   100    41     8     0 -9999
2015 05 02 01   144    44 10188   140    36 -9999     0 -9999
2015 05 02 02   128    44 10191   180    21 -9999     0 -9999
2015 05 02 03   128    50 10192   150    15 -9999     0 -9999
2015 05 02 04   122    50 10192   170    21 -9999     0 -9999
2015 05 02 05   122    50 10187   190    21 -9999     0 -9999
2015 05 02 06   128    44 10187     0     0     8     0 -9999
2015 05 02 07   106    50 10185     0     0 -9999     0 -9999
2015 05 02 08   128    56 10183     0     0 -9999     0 -9999
2015 05 02 09   133    44 10185   220    21 -9999     0 -9999
2015 05 02 10   128    44 10184   220    21 -9999     0 -9999
2015 05 02 11   117    44 10183   230    15     4     0 -9999
2015 05 02 12   111    50 10189     0     0     4     0 -9999
2015 05 02 13   150    33 10188 -9999    21     4     0 -9999
2015 05 02 14   172    22 10186   210    36     4     0 -9999
2015 05 02 15   194    17 10183   240    31     2     0 -9999
2015 05 02 16   206    11 10180   240    41     2     0 -9999
2015 05 02 17   217    11 10175   220    51     0     0 -9999
2015 05 02 18   222    11 10168   220    36     2     0 -9999
2015 05 02 19   233    17 10159   220    51     2     0 -9999
2015 05 02 20   239    17 10150   230    51     2     0 -9999
2015 05 02 21   244    22 10141   230    26     2     0 -9999
2015 05 02 22   239    22 10138   250    62     4     0 -9999
2015 05 02 23   239    17 10139   220    51 -9999     0 -9999
2015 05 03 00   233    17 10136   210    41     4     0 -9999
2015 05 03 01   217    17 10137   220    26 -9999     0 -9999
2015 05 03 02   206    22 10143   210    31 -9999     0 -9999
2015 05 03 03   183    33 10144   200    36 -9999     0 -9999
2015 05 03 04   183    33 10143   200    31 -9999     0 -9999
2015 05 03 05   144    44 10141   190    31 -9999     0 -9999
2015 05 03 06   161    39 10145   220    26     6     0 -9999
2015 05 03 07   156    44 10144   210    21 -9999     0 -9999
2015 05 03 08   161    44 10143   210    36 -9999     0 -9999
2015 05 03 09   150    56 10144   200    26 -9999     0 -9999
2015 05 03 10   156    56 10144   190    36 -9999    -1 -9999
2015 05 03 11   156    56 10147   200    31 -9999     0 -9999
2015 05 03 12   139    72 10146   180    15     6     0     0
2015 05 03 13   178    72 10146   190    51 -9999     0 -9999
2015 05 03 14   194    61 10146   210    51 -9999     0 -9999
2015 05 03 15   206    78 10145   210    51 -9999     0 -9999
2015 05 03 16   222    72 10144   220    51 -9999     0 -9999
2015 05 03 17   239    83 10144   200    72 -9999     0 -9999
2015 05 03 18   250    78 10136   220    57     6     0 -9999
2015 05 03 19   222    94 10138   220    36 -9999    -1 -9999
2015 05 03 20   228   100 10128   200    21 -9999    -1 -9999
2015 05 03 21   244    83 10121   170    36 -9999     0 -9999
2015 05 03 22   250    78 10119   210    51 -9999     0 -9999
2015 05 03 23   244    83 10124   240    46 -9999    -1 -9999
2015 05 04 00   172   150 10144   330    51     8    33    30
2015 05 04 01   167   150 10135   170    36 -9999    25 -9999
2015 05 04 02   167   144 10131   150    46 -9999    25 -9999
2015 05 04 03   178   122 10128   160    57 -9999    23 -9999
2015 05 04 04   167   122 10129   180    46     4     0 -9999
2015 05 04 05   178   117 10126   200    57     2     0 -9999
2015 05 04 06   194    89 10122   210    72     0     0    80
2015 05 04 07   194    83 10122   220    67     2     0 -9999
2015 05 04 08   183    89 10131   260    77 -9999    -1 -9999
2015 05 04 09   167   111 10131   270    26 -9999    -1 -9999
2015 05 04 10   161   117 10121   190    46 -9999     0 -9999
2015 05 04 11   156   122 10137   290    26 -9999     0 -9999
2015 05 04 12   150   128 10152   160    15     8     0     0
2015 05 04 13   167   128 10163   260    15 -9999     0 -9999
2015 05 04 14   178   133 10176   270    36 -9999     0 -9999
2015 05 04 15   189   144 10180   270    46 -9999     0 -9999
2015 05 04 16   200   144 10186   260    51 -9999     0 -9999
2015 05 04 17   206   144 10188   300    41 -9999     0 -9999
2015 05 04 18   211   139 10190   280    15     8     0 -9999
2015 05 04 19   217   139 10193   230    15 -9999     0 -9999
2015 05 04 20   222   133 10195   100    57 -9999    -1 -9999
2015 05 04 21   211   133 10198   100    57 -9999     0 -9999
2015 05 04 22   194   122 10202    60    51 -9999     0 -9999
2015 05 04 23   178   106 10203    60    51 -9999     0 -9999
2015 05 05 00   167    78 10208    60    41     6     0     0
2015 05 05 01   139    83 10215    50    36 -9999     0 -9999
2015 05 05 02   128    39 10218    60    36 -9999     0 -9999
2015 05 05 03   128    39 10221    40    31 -9999     0 -9999
2015 05 05 04   133    28 10217    40    31 -9999     0 -9999
2015 05 05 05   128    28 10214    60    21 -9999     0 -9999
2015 05 05 06   133    33 10219   300    21     8     0 -9999
2015 05 05 07   117    72 10217    20    36 -9999    13 -9999
2015 05 05 08   117    72 10216    40    31 -9999     3 -9999
2015 05 05 09   106    83 10218    30    46 -9999    30 -9999
2015 05 05 10    94    89 10222    70    51 -9999   104 -9999
2015 05 05 11    94    89 10232    30    26 -9999    46 -9999
2015 05 05 12   100    94 10227    50    41     8    41   240
2015 05 05 13   106   100 10216    60    51 -9999     3 -9999
2015 05 05 14   106   100 10233    60    36 -9999     3 -9999
2015 05 05 15   100    94 10236    70    46 -9999    -1 -9999
2015 05 05 16   100   100 10241    60    31 -9999     0 -9999
2015 05 05 17   100    94 10240    10    46 -9999     0 -9999
2015 05 05 18   100    94 10239    30    46     8     0     5
2015 05 05 19   100    94 10239    40    46 -9999     0 -9999
2015 05 05 20   100    94 10237    50    46 -9999     0 -9999
2015 05 05 21   100    94 10231    40    51 -9999     0 -9999
2015 05 05 22    89    83 10230    30    57 -9999     0 -9999
2015 05 05 23    94    83 10230    40    41 -9999     0 -9999
2015 05 06 00   100    83 10227    40    41     8     0 -9999
2015 05 06 01    94    89 10230    50    36 -9999     0 -9999
2015 05 06 02    94    83 10233    30    31 -9999     0 -9999
2015 05 06 03    89    83 10234    20    41 -9999     0 -9999
2015 05 06 04    89    83 10234    30    31     9     0 -9999
2015 05 06 05    83    78 10231    50    36     9     0 -9999
2015 05 06 06    83    78 10232    40    36     8     0 -9999
2015 05 06 07    78    78 10227    30    26 -9999     0 -9999
2015 05 06 08    78    78 10226    20    31     9     0 -9999
2015 05 06 09    83    78 10222    40    26 -9999     0 -9999
2015 05 06 10    83    83 10220    40    26     9     0 -9999
2015 05 06 11    89    89 10219     0     0     9     0 -9999
2015 05 06 12    94    89 10221    50    21     9     0 -9999
2015 05 06 13   100   100 10224    60    15     9     0 -9999
2015 05 06 14   117   117 10223     0     0     9     0 -9999
2015 05 06 15   144   133 10218   150    31 -9999     0 -9999
2015 05 06 16   178   144 10216 -9999    21 -9999     0 -9999
2015 05 06 17   206   144 10212 -9999    26 -9999     0 -9999
2015 05 06 18   228   156 10205   130    21     4     0 -9999
2015 05 06 19   233   144 10200    60    51     4     0 -9999
2015 05 06 20   217   133 10195    60    51 -9999     0 -9999
2015 05 06 21   217   139 10189    50    41 -9999     0 -9999
2015 05 06 22   206   133 10185    70    46 -9999     0 -9999
2015 05 06 23   200   128 10181    70    41 -9999     0 -9999
2015 05 07 00   183   128 10180    50    31     6     0 -9999
2015 05 07 01   167   122 10179    40    31 -9999     0 -9999
2015 05 07 02   156   117 10181    50    31 -9999     0 -9999
2015 05 07 03   139   106 10182    50    26 -9999     0 -9999
2015 05 07 04   133   100 10181    50    26     2     0 -9999
2015 05 07 05   133   100 10179    70    15     4     0 -9999
2015 05 07 06   122   100 10180     0     0     4     0 -9999
2015 05 07 07   128   100 10175    90    15     4     0 -9999
2015 05 07 08   117   100 10174    80    15     2     0 -9999
2015 05 07 09   122    94 10173   110    26     0     0 -9999
2015 05 07 10   128   100 10172     0     0     2     0 -9999
2015 05 07 11   122   100 10171   130    26     2     0 -9999
2015 05 07 12   156   128 10175   160    31     2     0 -9999
2015 05 07 13   189   133 10178   170    36     4     0 -9999
2015 05 07 14   222   139 10176   180    36     4     0 -9999
2015 05 07 15   244   133 10176   180    46     4     0 -9999
2015 05 07 16   261   128 10171   200    62 -9999     0 -9999
2015 05 07 17   267   122 10166   180    82     4     0 -9999
2015 05 07 18   272   117 10158   190   103     6     0 -9999
2015 05 07 19   272   100 10152   190    88 -9999     0 -9999
2015 05 07 20   278   111 10147   180    82 -9999     0 -9999
2015 05 07 21   283   100 10136   190    82 -9999     0 -9999
2015 05 07 22   278    94 10127   170    82 -9999     0 -9999
2015 05 07 23   278    89 10125   200    88     4     0 -9999
2015 05 08 00   267   100 10119   180    62     4     0 -9999
2015 05 08 01   250   106 10120   180    41 -9999     0 -9999
2015 05 08 02   217   144 10132   250    62 -9999     0 -9999
2015 05 08 03   206   150 10135   230    41 -9999     0 -9999
2015 05 08 04   200   150 10128   220    36 -9999    10 -9999
2015 05 08 05   189   167 10129   190    41 -9999    -1 -9999
2015 05 08 06   194   161 10134   230    31     8     0    10
2015 05 08 07   189   161 10130   210    41 -9999     0 -9999
2015 05 08 08   189   161 10128   210    36 -9999     0 -9999
2015 05 08 09   189   161 10130   220    46 -9999     0 -9999
2015 05 08 10   189   161 10129   220    31 -9999     0 -9999
2015 05 08 11   183   161 10134   190    46 -9999     0 -9999
2015 05 08 12   189   167 10139   200    41     8     0 -9999
2015 05 08 13   200   172 10141   220    36 -9999     0 -9999
2015 05 08 14   217   172 10143   250    57 -9999     0 -9999
2015 05 08 15   217   172 10143   210    46 -9999     0 -9999
2015 05 08 16   233   178 10144   210    36 -9999     0 -9999
2015 05 08 17   239   178 10144   240    31 -9999     0 -9999
2015 05 08 18   256   178 10137   220    36     6     0 -9999
2015 05 08 19   261   161 10127   200    41 -9999     0 -9999
2015 05 08 20   272   161 10125   220    36 -9999     0 -9999
2015 05 08 21   261   161 10125   230    31 -9999     0 -9999
2015 05 08 22   183   167 -9999   220    72 -9999    22 -9999
2015 05 08 23   189   172 10140   260    46 -9999    53 -9999
2015 05 09 00   194   183 10143   230    15     8    13   150
2015 05 09 01   189   178 10143     0     0 -9999     8 -9999
2015 05 09 02   194   183 10143   100    26 -9999    10 -9999
2015 05 09 03   189   178 10146   120    31 -9999    10 -9999
2015 05 09 04   183   167 10143   120    31 -9999     5 -9999
2015 05 09 05   183   172 10144   110    26 -9999     3 -9999
2015 05 09 06   172   167 10144   130    36     8     0    40
2015 05 09 07   178   167 10142     0     0 -9999    -1 -9999
2015 05 09 08   172   167 10142    20    15 -9999     8 -9999
2015 05 09 09   172   167 10148    30    21 -9999    15 -9999
2015 05 09 10   172   167 10154   350    21 -9999    20 -9999
2015 05 09 11   172   167 10153    20    26 -9999    23 -9999
2015 05 09 12   117   117 10167    40    41     8    -1    70
2015 05 09 13   111   106 10175    40    31 -9999    -1 -9999
2015 05 09 14   111   106 10178    10    41 -9999     0 -9999
2015 05 09 15   122   111 10178    20    51 -9999     0 -9999
2015 05 09 16   128   106 10183    10    36 -9999     0 -9999
2015 05 09 17   133   106 10186    70    41 -9999     0 -9999
2015 05 09 18   139    94 10188    60    41 -9999     0    -1
2015 05 09 19   139    89 10192    70    46 -9999     0 -9999
2015 05 09 20   139    89 10194    50    51 -9999     0 -9999
2015 05 09 21   133    89 10184    40    57 -9999     0 -9999
2015 05 09 22   122    78 10185    50    62 -9999     0 -9999
2015 05 09 23   111    72 10186    60    57 -9999     0 -9999
2015 05 10 00   111    61 10189    30    72     8     0 -9999
2015 05 10 01   100    61 10195    40    51 -9999     0 -9999
2015 05 10 02    94    56 10189    60    41 -9999     0 -9999
2015 05 10 03    94    67 10188    50    41 -9999     0 -9999
2015 05 10 04    83    78 10189    40    41     9    -1 -9999
2015 05 10 05    83    72 10182    40    41 -9999     8 -9999
2015 05 10 06    83    67 10180    10    31     8    -1     8
2015 05 10 07    89    72 10177    30    31 -9999    -1 -9999
2015 05 10 08    83    78 10169    30    46 -9999    18 -9999
2015 05 10 09    83    78 10170    30    41 -9999     5 -9999
2015 05 10 10    83    72 10169    30    67 -9999     3 -9999
2015 05 10 11    78    72 10172    20    62 -9999    -1 -9999
2015 05 10 12    78    72 10177    30    41     8    -1    30
2015 05 10 13    78    72 -9999    30    51 -9999    -1 -9999
2015 05 10 14    83    78 -9999    50    41 -9999    -1 -9999
2015 05 10 15    89    78 10177    50    46 -9999     3 -9999
2015 05 10 16    89    78 -9999    20    46 -9999    -1 -9999
2015 05 10 17    89    83 10168    60    41 -9999    -1 -9999
2015 05 10 18    94    83 10169    50    41     8    -1    10
2015 05 10 19   100    89 10167    40    57 -9999     0 -9999
2015 05 10 20   106    89 10167    30    36 -9999     0 -9999
2015 05 10 21   106    89 10165    30    36 -9999     0 -9999
2015 05 10 22   117    94 10158    30    46 -9999     0 -9999
2015 05 10 23   117    94 10156    30    36 -9999     0 -9999
2015 05 11 00   106    89 10151    50    41     8     0 -9999
2015 05 11 01    94    83 10153    50    36 -9999     0 -9999
2015 05 11 02    83    83 10157    60    36 -9999     0 -9999
2015 05 11 03    78    72 10158    50    41 -9999     0 -9999
2015 05 11 04    83    72 10151    50    31 -9999     0 -9999
2015 05 11 05    83    72 10152    70    26 -9999     0 -9999
2015 05 11 06    83    72 10141    90    21     8     0 -9999
2015 05 11 07    83    78 10130   130    21 -9999     0 -9999
2015 05 11 08    83    78 10123   140    21 -9999     0 -9999
2015 05 11 09    89    78 10114   110    15 -9999     0 -9999
2015 05 11 10    89    78 10111   130    26     2     0 -9999
2015 05 11 11   100    94 10109   150    15 -9999     0 -9999
2015 05 11 12   150   133 10113   190    46     8    -1 -9999
2015 05 11 13   178   161 10115   210    67 -9999     5 -9999
2015 05 11 14   178   156 10112   220    57 -9999     5 -9999
2015 05 11 15   178   156 10103   200    46 -9999     3 -9999
2015 05 11 16   183   167 10098   180    77 -9999    -1 -9999
2015 05 11 17   189   161 10093   200    82 -9999     3 -9999
2015 05 11 18   194   156 10087   200    82     8     0    20
2015 05 11 19   200   156 10084   210    72 -9999    -1 -9999
2015 05 11 20   183   161 10079   240    46 -9999    33 -9999
2015 05 11 21   183   167 10078   230    36 -9999     8 -9999
2015 05 11 22   200   139 10080   250    72 -9999     0 -9999
2015 05 11 23   189    94 10082   240    77     4     0 -9999
2015 05 12 00   172    89 10092   260    88     6     0    40
2015 05 12 01   150    83 10102   270    88 -9999     0 -9999
2015 05 12 02   122    56 10117   260    77 -9999     0 -9999
2015 05 12 03   122    50 10124   260    82 -9999     0 -9999
2015 05 12 04   117    44 10122   260    72 -9999     0 -9999
2015 05 12 05   111    44 10120   250    82 -9999     0 -9999
2015 05 12 06   111    39 10121   250    72     8     0 -9999
2015 05 12 07   106    44 10123   250    88 -9999     0 -9999
2015 05 12 08   100    44 10125   250    88 -9999    -1 -9999
2015 05 12 09   100    33 10128   260    72 -9999     0 -9999
2015 05 12 10    94    33 10134   250    93 -9999     0 -9999
2015 05 12 11    89    28 10137   260    88 -9999     0 -9999
2015 05 12 12    89    33 10145   260    98     8     0     0
2015 05 12 13    89    28 10149   260   103 -9999     0 -9999
2015 05 12 14    89    28 -9999   270    72 -9999     0 -9999
2015 05 12 15    94    28 10167   270   108 -9999     0 -9999
2015 05 12 16   100    33 10178   260    98 -9999     0 -9999
2015 05 12 17   100    39 10185   270   108 -9999     0 -9999
2015 05 12 18   111    50 10192   280    82     6     0 -9999
2015 05 12 19   106    39 10203   290    93 -9999     0 -9999
2015 05 12 20   117    39 10208   290    77 -9999     0 -9999
2015 05 12 21   128    39 10208   280    72 -9999     0 -9999
2015 05 12 22   128    33 10213   290    67 -9999     0 -9999
2015 05 12 23   117    33 10221   300    57 -9999     0 -9999
2015 05 13 00   117    28 10227   310    67     6     0 -9999
2015 05 13 01   106    22 10235   320    41 -9999     0 -9999
2015 05 13 02   106    17 10248   350    51 -9999     0 -9999
2015 05 13 03   100    11 10257   320    46 -9999     0 -9999
2015 05 13 04    89     6 10259   320    31     2     0 -9999
2015 05 13 05    72    11 10262   300    26     0     0 -9999
2015 05 13 06    72    11 10268   280    41     0     0 -9999
2015 05 13 07    67    17 10269   290    36     0     0 -9999
2015 05 13 08    61    11 10278   320    31     0     0 -9999
2015 05 13 09    61    11 10289   360    41     0     0 -9999
2015 05 13 10    56    17 10294    20    36     0     0 -9999
2015 05 13 11    50    17 10299    30    31     2     0 -9999
2015 05 13 12    61    11 10307    40    46     2     0 -9999
2015 05 13 13    78    11 10310    40    51     2     0 -9999
2015 05 13 14    83    17 10314    40    46     2     0 -9999
2015 05 13 15    83    11 10322    40    67     2     0 -9999
2015 05 13 16    89    17 10334    50    46     2     0 -9999
2015 05 13 17    89    17 10325    60    51     2     0 -9999
2015 05 13 18   100    22 10320    50    57     2     0 -9999
2015 05 13 19   106    17 10315    60    57     4     0 -9999
2015 05 13 20   111    11 10308    30    62     4     0 -9999
2015 05 13 21   106    17 10304    60    46     4     0 -9999
2015 05 13 22   106    17 10299 -9999    26     4     0 -9999
2015 05 13 23   106    11 10302    40    41     4     0 -9999
2015 05 14 00   100    11 10296    50    46     4     0 -9999
2015 05 14 01    83    11 10299    30    36 -9999     0 -9999
2015 05 14 02    67     6 10305    40    36 -9999     0 -9999
2015 05 14 03    61     0 10308    70    46     4     0 -9999
2015 05 14 04    61     0 10303    60    36     2     0 -9999
2015 05 14 05    56    -6 10297   100    31     2     0 -9999
2015 05 14 06    61     0 10288    90    31     4     0 -9999
2015 05 14 07    61     0 10286    90    31 -9999     0 -9999
2015 05 14 08    61     6 10276    70    26 -9999     0 -9999
2015 05 14 09    67    22 10276    90    26 -9999     0 -9999
2015 05 14 10    72    33 10273    80    26 -9999     0 -9999
2015 05 14 11    78    50 10278   130    31 -9999     0 -9999
2015 05 14 12    94    56 10283   140    31     6     0 -9999
2015 05 14 13   111    50 10284   140    57 -9999     0 -9999
2015 05 14 14   128    56 10279   150    51 -9999     0 -9999
2015 05 14 15   144    56 10276   140    57 -9999     0 -9999
2015 05 14 16   156    61 10267   150    62 -9999     0 -9999
2015 05 14 17   167    67 10261   140    67 -9999     0 -9999
2015 05 14 18   167    67 10248   150    57     8     0 -9999
2015 05 14 19   172    72 10234   140    62 -9999     0 -9999
2015 05 14 20   183    72 10225   150    62 -9999     0 -9999
2015 05 14 21   183    72 10212   160    51 -9999     0 -9999
2015 05 14 22   183    78 10203   140    62 -9999     0 -9999
2015 05 14 23   178    61 10198   120    77 -9999    -1 -9999
2015 05 15 00   156    94 10200   170    51     8     3     3
2015 05 15 01   139   106 10189   140    51 -9999     5 -9999
2015 05 15 02   144   111 10181   110    57 -9999     8 -9999
2015 05 15 03   139   111 10176    90    41 -9999     3 -9999
2015 05 15 04   139   106 10172   140    31 -9999    10 -9999
2015 05 15 05   133   111 10171   150    31 -9999    28 -9999
2015 05 15 06   139   117 10163   170    46     8     5    60
2015 05 15 07   139   122 10149   180    62 -9999    -1 -9999
2015 05 15 08   144   128 10141   180    51 -9999     0 -9999
2015 05 15 09   144   133 10140   190    46 -9999    -1 -9999
2015 05 15 10   150   133 10139   200    41 -9999    -1 -9999
2015 05 15 11   156   133 10139   210    26 -9999     0 -9999
2015 05 15 12   161   139 10143   190    21     8     0    -1
2015 05 15 13   172   144 10147   220    36 -9999     0 -9999
2015 05 15 14   183   156 10149   240    31 -9999     0 -9999
2015 05 15 15   183   161 10153   250    41 -9999     0 -9999
2015 05 15 16   189   161 10155   240    41 -9999     0 -9999
2015 05 15 17   194   167 10158   250    46 -9999     0 -9999
2015 05 15 18   206   172 10153   280    57     8     0 -9999
2015 05 15 19   222   172 10148   250    62 -9999     0 -9999
2015 05 15 20   228   161 10143   240    57 -9999     0 -9999
2015 05 15 21   233   161 10136   250    46 -9999     0 -9999
2015 05 15 22   244   156 10139   250    57 -9999     0 -9999
2015 05 15 23   233   150 10139   240    46 -9999     0 -9999
2015 05 16 00   228   150 10139   250    36     8     0 -9999
2015 05 16 01   217   150 10145   260    21 -9999     0 -9999
2015 05 16 02   200   150 10145     0     0 -9999     0 -9999
2015 05 16 03   183   156 10151     0     0 -9999     0 -9999
2015 05 16 04   183   150 10150     0     0 -9999     0 -9999
2015 05 16 05   183   156 10148     0     0 -9999     0 -9999
2015 05 16 06   189   156 10152   180    15     8    -1    -1
2015 05 16 07   183   161 10150   180    15 -9999     0 -9999
2015 05 16 08   167   156 10149     0     0 -9999     0 -9999
2015 05 16 09   172   156 10146   180    26 -9999     0 -9999
2015 05 16 10   178   161 10149   190    36 -9999     0 -9999
2015 05 16 11   178   161 10153     0     0 -9999     5 -9999
2015 05 16 12   183   172 10159     0     0     4    -1     5
2015 05 16 13   189   178 10164   180    36 -9999     0 -9999
2015 05 16 14   194   178 10166   180    41 -9999    -1 -9999
2015 05 16 15   200   178 10165   180    31 -9999     3 -9999
2015 05 16 16   211   183 10164   200    31 -9999     0 -9999
2015 05 16 17   217   183 10159   200    36 -9999     0 -9999
2015 05 16 18   233   189 10156   200    26     6     0     3
2015 05 16 19   233   189 10150   180    41 -9999     0 -9999
2015 05 16 20   250   189 10147   210    46 -9999     0 -9999
2015 05 16 21   256   189 10143   190    46 -9999     0 -9999
2015 05 16 22   261   189 10143   180    46 -9999     0 -9999
2015 05 16 23   250   189 10143   190    46 -9999     0 -9999
2015 05 17 00   244   189 10146   170    51     6     0 -9999
2015 05 17 01   233   178 10147   190    51 -9999     0 -9999
2015 05 17 02   222   183 10148   170    41 -9999     0 -9999
2015 05 17 03   222   183 10150   170    51 -9999     0 -9999
2015 05 17 04   211   178 10151   160    51     4     0 -9999
2015 05 17 05   200   178 10151   180    41     4     0 -9999
2015 05 17 06   200   183 10152   180    41     8     0 -9999
2015 05 17 07   200   178 10149   180    41 -9999     0 -9999
2015 05 17 08   194   172 -9999   180    51 -9999     0 -9999
2015 05 17 09   189   172 10151   180    41     4     0 -9999
2015 05 17 10   194   172 10148   160    41 -9999     0 -9999
2015 05 17 11   194   178 10149   160    46 -9999     0 -9999
2015 05 17 12   200   183 10148   160    41     8     0 -9999
2015 05 17 14   200   189 10140   150    67 -9999    -1 -9999
2015 05 17 15   211   194 10133   170    67 -9999     0 -9999
2015 05 17 16   228   194 10126   170    72 -9999     0 -9999
2015 05 17 17   233   189 10123   160    98 -9999     0 -9999
2015 05 17 18   244   194 10116   170    98     8     0    -1
2015 05 17 19   261   206 10116   180    77 -9999     0 -9999
2015 05 17 20   272   194 10110   190   108 -9999     0 -9999
2015 05 17 21   267   189 10102   190    93 -9999     0 -9999
2015 05 17 22   272   189 10100   180    88 -9999     0 -9999
2015 05 17 23   272   172 10096   200    98     4     0 -9999
2015 05 18 00   267   167 10100   190    98     4     0 -9999
2015 05 18 01   256   167 10107   200    77 -9999     0 -9999
2015 05 18 02   250   161 10114   200    88 -9999     0 -9999
2015 05 18 03   239   161 10125   210    62 -9999     0 -9999
2015 05 18 04   233   156 10127   220    62 -9999     0 -9999
2015 05 18 05   228   161 10131   220    67 -9999     0 -9999
2015 05 18 06   222   161 10135   210    67     2     0 -9999
2015 05 18 07   217   167 10135   220    46     4     0 -9999
2015 05 18 08   206   167 10135   220    41 -9999     0 -9999
2015 05 18 09   200   167 10134   220    46 -9999     0 -9999
2015 05 18 10   194   167 10137   220    41 -9999     0 -9999
2015 05 18 11   194   172 10140   230    36 -9999     0 -9999
2015 05 18 12   194   172 10144   230    36     6     0 -9999
2015 05 18 13   206   172 10143   230    46 -9999     0 -9999
2015 05 18 14   217   178 10145   240    57 -9999     0 -9999
2015 05 18 15   217   172 10148   240    62 -9999     0 -9999
2015 05 18 16   239   167 10150   250    77 -9999     0 -9999
2015 05 18 17   239   139 10154   250    82     4     0 -9999
2015 05 18 18   244   122 10152   250   103     4     0 -9999
2015 05 18 19   233   106 10154   240    82     4     0 -9999
2015 05 18 20   233    94 10156   250    93     2     0 -9999
2015 05 18 21   222    89 10160   260    88     2     0 -9999
2015 05 18 22   206    67 10163   270    93     2     0 -9999
2015 05 18 23   189    61 10166   260    88     0     0 -9999
2015 05 19 00   172    56 10171   280    88     0     0 -9999
2015 05 19 01   150    44 10179   280    77     0     0 -9999
2015 05 19 02   133    44 10189   300    93     0     0 -9999
2015 05 19 03   106    33 10200   300    88     2     0 -9999
2015 05 19 04   100    28 10203   290    77 -9999     0 -9999
2015 05 19 05   100    28 10204   300    67 -9999     0 -9999
2015 05 19 06    94    28 10207   300    46     8     0 -9999
2015 05 19 07    89    17 10211   320    72 -9999     0 -9999
2015 05 19 08    83    17 10210   310    57 -9999     0 -9999
2015 05 19 09    83    17 10209   290    57 -9999     0 -9999
2015 05 19 10    83    17 10209   280    51 -9999     0 -9999
2015 05 19 11    78    22 10213   290    51 -9999     0 -9999
2015 05 19 12    83    22 10220   310    62     8     0 -9999
2015 05 19 13    83    28 10225   290    57 -9999     0 -9999
2015 05 19 14    94    22 10230   320    41 -9999     0 -9999
2015 05 19 15    89    28 10239   310    67 -9999     0 -9999
2015 05 19 16   106    33 10233   310    77 -9999     0 -9999
2015 05 19 17   106    28 10236   300    51 -9999     0 -9999
2015 05 19 18   100    22 10237   300    57     8     0 -9999
2015 05 19 19   106    22 10239   310    41 -9999     0 -9999
2015 05 19 20   111    22 10234   290    31 -9999     0 -9999
2015 05 19 21    94    33 10236   100    41 -9999     0 -9999
2015 05 19 22   106    33 10233    90    36 -9999     0 -9999
2015 05 19 23   100    17 10235    60    36 -9999     0 -9999
2015 05 20 00    89    11 10240    60    36     6     0 -9999
2015 05 20 01    72     6 10240    60    36 -9999     0 -9999
2015 05 20 02    61     0 10241    90    36 -9999     0 -9999
2015 05 20 03    56    -6 10239    80    41 -9999     0 -9999
2015 05 20 04    50   -11 10251   100    26 -9999     0 -9999
2015 05 20 05    50   -11 10240    50    36 -9999     0 -9999
2015 05 20 06    50   -17 10243    10    21     8     0 -9999
2015 05 20 07    50   -11 10248    40    15 -9999     0 -9999
2015 05 20 08    44   -17 10245    40    26     4     0 -9999
2015 05 20 09    44   -11 10246     0     0 -9999     0 -9999
2015 05 20 10    44    -6 10230    60    46 -9999     0 -9999
2015 05 20 11    44    -6 10238    70    31 -9999     0 -9999
2015 05 20 12    56    -6 10245    30    15     6     0 -9999
2015 05 20 13    67   -11 10246    70    21 -9999     0 -9999
2015 05 20 14    83   -11 10244    80    46 -9999     0 -9999
2015 05 20 15    83   -22 10242    40    57 -9999     0 -9999
2015 05 20 16    83   -33 10240    60    51 -9999     0 -9999
2015 05 20 17    89   -33 10241    40    46 -9999     0 -9999
2015 05 20 18    83   -33 10236    30    57     8     0 -9999
2015 05 20 19    78   -39 10236    10    67 -9999     0 -9999
2015 05 20 20    83   -28 10234    50    31 -9999     0 -9999
2015 05 20 21    72     0 10225    20    62 -9999    -1 -9999
2015 05 20 22    50    28 10224    20    51 -9999     3 -9999
2015 05 20 23    56    33 10218    20    41 -9999     5 -9999
2015 05 21 00    61    28 10206    20    36     8     3    10
2015 05 21 01    67    33 10207   360    21 -9999    -1 -9999
2015 05 21 02    67    28 10207   290    21 -9999     0 -9999
2015 05 21 03    67    33 10205   300    21 -9999     0 -9999
2015 05 21 04    72    44 10206   280    31 -9999     0 -9999
2015 05 21 05    72    44 10204   310    46 -9999     0 -9999
2015 05 21 06    78    39 10201   320    41     8     0    -1
2015 05 21 07    78    33 10198   310    31 -9999     0 -9999
2015 05 21 08    78    33 10196   320    41 -9999     0 -9999
2015 05 21 09    78    28 10194   300    41 -9999     0 -9999
2015 05 21 10    72    28 10194   290    41 -9999     0 -9999
2015 05 21 11    72    33 10194   280    41 -9999     0 -9999
2015 05 21 12    78    33 10198   290    46     6     0 -9999
2015 05 21 13    78    39 10200   300    57 -9999     0 -9999
2015 05 21 14    89    44 10200   290    46 -9999     0 -9999
2015 05 21 15   111    56 10193   270    41 -9999     0 -9999
2015 05 21 16   139    50 10189   240    31     4     0 -9999
2015 05 21 17   156    39 10183   300    36     2     0 -9999
2015 05 21 18   167    17 10176   270    72     2     0 -9999
2015 05 21 19   178    17 10173   290    46     2     0 -9999
2015 05 21 20   189    17 10172   280    77     2     0 -9999
2015 05 21 21   200    17 10170   290    62     2     0 -9999
2015 05 21 22   200    11 10168   310    46     2     0 -9999
2015 05 21 23   194    17 10164   280    46     2     0 -9999
2015 05 22 00   194    22 10162   270    46     0     0 -9999
2015 05 22 01   183    22 10162   260    41     2     0 -9999
2015 05 22 02   167    28 10163   240    31     0     0 -9999
2015 05 22 03   156    33 10165   240    26     0     0 -9999
2015 05 22 04   150    33 10164   230    26     0     0 -9999
2015 05 22 05   150    33 10163   230    26     0     0 -9999
2015 05 22 06   150    44 10163   240    51     2     0 -9999
2015 05 22 07   139    50 10164   250    36     2     0 -9999
2015 05 22 08   128    50 10176   310    15     0     0 -9999
2015 05 22 09    94    44 10184    20    41     0     0 -9999
2015 05 22 10    83    39 10192    20    41     0     0 -9999
2015 05 22 11    83    39 10201    20    31     0     0 -9999
2015 05 22 12   106    39 10209    50    26     0     0 -9999
2015 05 22 13   122    33 10215    40    41     0     0 -9999
2015 05 22 14   139    28 10223    60    41     0     0 -9999
2015 05 22 15   150    22 10227    50    51     0     0 -9999
2015 05 22 16   161     0 10234    60    46     2     0 -9999
2015 05 22 17   167   -11 10237    80    41     2     0 -9999
2015 05 22 18   178    -6 10238    90    41     0     0 -9999
2015 05 22 19   183   -17 10241    70    41     2     0 -9999
2015 05 22 20   189   -17 10241    70    41     4     0 -9999
2015 05 22 21   178   -22 10242    70    51 -9999     0 -9999
2015 05 22 22   167   -39 10242    70    46 -9999     0 -9999
2015 05 22 23   156   -39 10246   100    51 -9999     0 -9999
2015 05 23 00   139   -39 10246    90    46     8     0 -9999
2015 05 23 01   128   -28 10248    80    36 -9999     0 -9999
2015 05 23 02   117   -22 10251    80    31 -9999     0 -9999
2015 05 23 03   117   -17 10256    70    31 -9999     0 -9999
2015 05 23 04   111     0 10258    90    31 -9999     0 -9999
2015 05 23 05   117     0 10256    90    36 -9999     0 -9999
2015 05 23 06   100     6 10257   140    15     4     0 -9999
2015 05 23 07   100     0 10255   140    21 -9999     0 -9999
2015 05 23 08   106    11 10256   140    21 -9999     0 -9999
2015 05 23 09   100    22 10259   160    21 -9999     0 -9999
2015 05 23 10   100    28 10262   180    15     2     0 -9999
2015 05 23 11    94    22 10268   170    15     2     0 -9999
2015 05 23 12   117    44 10274   170    26     2     0 -9999
2015 05 23 13   150    22 10274   150    26     2     0 -9999
2015 05 23 14   178    22 10275   160    51     4     0 -9999
2015 05 23 15   200    28 10273   150    41     2     0 -9999
2015 05 23 16   222    50 10264   150    41     2     0 -9999
2015 05 23 17   233    61 10261   160    46     2     0 -9999
2015 05 23 18   244    61 10257   200    31     2     0 -9999
2015 05 23 19   256    50 10249   240    46     4     0 -9999
2015 05 23 20   256    39 10241   240    31     4     0 -9999
2015 05 23 21   261    44 10232   220    36     4     0 -9999
2015 05 23 22   267    44 10226   220    46     4     0 -9999
2015 05 23 23   261    33 10220   190    67     4     0 -9999
2015 05 24 00   261    33 10218   200    46     4     0 -9999
2015 05 24 01   222    61 10216   110    41 -9999     0 -9999
2015 05 24 02   206    56 10218   100    31     4     0 -9999
2015 05 24 03   172    61 10222   140    36     4     0 -9999
2015 05 24 04   172    67 10225   180    21     4     0 -9999
2015 05 24 05   172    72 10223   180    26     4     0 -9999
2015 05 24 06   183    72 10219   200    21     4     0 -9999
2015 05 24 07   161    78 10218   170    26     4     0 -9999
2015 05 24 08   167    83 10220   200    21 -9999     0 -9999
2015 05 24 09   161    89 10219   130    15 -9999     0 -9999
2015 05 24 10   161    89 10221   140    15 -9999     0 -9999
2015 05 24 11   167    94 10218   140    21 -9999     0 -9999
2015 05 24 12   172   100 10217 -9999    15     8    -1     0
2015 05 24 13   167   111 10216   170    26 -9999    -1 -9999
2015 05 24 14   178   117 10214    90    15 -9999    -1 -9999
2015 05 24 15   189   122 10208   140    31 -9999     0 -9999
2015 05 24 16   206   117 10206   110    36 -9999     0 -9999
2015 05 24 17   222   106 10196   100    36 -9999     0 -9999
2015 05 24 18   217   106 10188    90    46     8     0     0
2015 05 24 19   211   111 10178   100    57 -9999     0 -9999
2015 05 24 20   211   117 10164    90    51 -9999     0 -9999
2015 05 24 21   206   128 10155    60    31 -9999    -1 -9999
2015 05 24 22   178   150 10159   100    26 -9999    38 -9999
2015 05 24 23   178   161 10142    80    41 -9999    43 -9999
2015 05 25 00   183   161 10134    70    41     6    10    90
2015 05 25 01   178   161 10134   100    31 -9999    -1 -9999
2015 05 25 02   178   167 10130   110    41 -9999     0 -9999
2015 05 25 03   178   161 10128   140    31 -9999     0 -9999
2015 05 25 04   189   167 10127   170    36     4     0 -9999
2015 05 25 05   200   167 10124   170    41 -9999     0 -9999
2015 05 25 06   211   167 10117   180    51     6     0     0
2015 05 25 07   222   167 10107   180    72 -9999     0 -9999
2015 05 25 08   228   167 10101   190    93 -9999     0 -9999
2015 05 25 09   217   150 10102   200    62 -9999     0 -9999
2015 05 25 10   217   167 10099   180    93 -9999     0 -9999
2015 05 25 11   211   167 10100   190   103 -9999     0 -9999
2015 05 25 12   211   167 10101   190    93     8     0 -9999
2015 05 25 13   217   172 10100   200    82 -9999     0 -9999
2015 05 25 14   222   172 10102   200   103 -9999    -1 -9999
2015 05 25 15   211   178 10105   210    82 -9999     3 -9999
2015 05 25 16   200   178 10112   210    62 -9999    10 -9999
2015 05 25 17   206   189 -9999   210    51 -9999     2 -9999
2015 05 25 18   217   178 10117   220    67     8    -1    20
2015 05 25 19   233   178 10118   250    88 -9999    -1 -9999
2015 05 25 20   239   161 10119   210    88 -9999     0 -9999
2015 05 25 21   250   161 10123   220    51 -9999     0 -9999
2015 05 25 22   256   156 10126   210    82 -9999     0 -9999
2015 05 25 23   250   156 10124   210    62 -9999     0 -9999
2015 05 26 00   250   156 10124   210    57     6     0     0
2015 05 26 01   244   156 10119   200    46     4     0 -9999
2015 05 26 02   228   156 10125   200    26     4     0 -9999
2015 05 26 03   228   150 10133   200    36     2     0 -9999
2015 05 26 04   217   144 10140   200    21     2     0 -9999
2015 05 26 05   200   144 10136   180    41     2     0 -9999
2015 05 26 06   217   167 10133   200    57     2     0 -9999
2015 05 26 07   211   172 10130   200    51     2     0 -9999
2015 05 26 08   200   178 10130   190    41     2     0 -9999
2015 05 26 09   194   178 10129   180    41     2     0 -9999
2015 05 26 10   183   172 10132   180    36 -9999     0 -9999
2015 05 26 11   200   178 10129   190    41 -9999     0 -9999
2015 05 26 12   194   178 10134   180    57     8     0 -9999
2015 05 26 13   200   178 10133   170    51 -9999     0 -9999
2015 05 26 14   206   178 10124   170    41 -9999     0 -9999
2015 05 26 15   217   183 10113   160    46 -9999     0 -9999
2015 05 26 16   222   183 10100   150    57 -9999     0 -9999
2015 05 26 17   222   183 10092   160    72 -9999     0 -9999
2015 05 26 18   206   189 10084   150    67     8    84    50
2015 05 26 19   206   183 10085   210    82 -9999    25 -9999
2015 05 26 20   222   167 10080   220    82 -9999    -1 -9999
2015 05 26 21   228   172 10072   190    77 -9999     0 -9999
2015 05 26 22   228   172 10071   200    82 -9999    -1 -9999
2015 05 26 23   222   161 10074   210    88     4     3 -9999
2015 05 27 00   206   178 10081   210    62     6    15    70
2015 05 27 01   206   167 10086   220    51     4     0 -9999
2015 05 27 02   200   161 10093   220    31     2     0 -9999
2015 05 27 03   194   156 10100   200    36     4     0 -9999
2015 05 27 04   194   156 10101   200    41 -9999     0 -9999
2015 05 27 05   200   156 10098   190    51 -9999     0 -9999
2015 05 27 06   206   161 10099   210    72     6     0    -1
2015 05 27 07   194   161 10098   230    41 -9999     0 -9999
2015 05 27 08   183   161 10099   220    36     2     0 -9999
2015 05 27 09   183   161 10105   230    41     2     0 -9999
2015 05 27 10   183   156 10113   230    51     4     0 -9999
2015 05 27 11   178   156 10121   250    41     4     0 -9999
2015 05 27 12   178   150 10127   250    67     6     0 -9999
2015 05 27 13   189   150 10132   250    88 -9999     0 -9999
2015 05 27 14   194   144 -9999   250    62 -9999     0 -9999
2015 05 27 15   206   144 10135   250    88 -9999     0 -9999
2015 05 27 16   206   144 10139   250    67 -9999     0 -9999
2015 05 27 17   217   150 10144   260    67 -9999    -1 -9999
2015 05 27 18   222   144 10147   280    72     6     0     0
2015 05 27 19   211   133 10148   290    72 -9999     0 -9999
2015 05 27 20   211   139 10159   320    67 -9999     0 -9999
2015 05 27 21   217   139 10162   300    51 -9999    -1 -9999
2015 05 27 22   228   128 10164   300    51 -9999     0 -9999
2015 05 27 23   233   117 10166   350    36     2     0 -9999
2015 05 28 00   222   133 10171   290    21     0     0    -1
2015 05 28 01   211   122 10174   310    31     0     0 -9999
2015 05 28 02   194   122 10186     0     0     0     0 -9999
2015 05 28 03   183   122 10191    90    15     0     0 -9999
2015 05 28 04   167   122 10195   150    21     0     0 -9999
2015 05 28 05   161   128 10201   190    26     0     0 -9999
2015 05 28 06   156   122 10203   190    26     0     0 -9999
2015 05 28 07   144   122 10211     0     0     2     0 -9999
2015 05 28 08   150   128 10211   210    15     2     0 -9999
2015 05 28 09   139   122 10210     0     0     2     0 -9999
2015 05 28 10   128   117 10210     0     0     2     0 -9999
2015 05 28 11   139   122 10217     0     0     2     0 -9999
2015 05 28 12   161   128 10222   210    26     2     0 -9999
2015 05 28 13   189   133 10223     0     0     2     0 -9999
2015 05 28 14   217   133 10225     0     0     2     0 -9999
2015 05 28 15   239   139 10226   180    21     4     0 -9999
2015 05 28 16   256   111 10222   150    26 -9999     0 -9999
2015 05 28 17   261   122 10219   140    41 -9999     0 -9999
2015 05 28 18   272   133 10214   130    46     6     0 -9999
2015 05 28 19   278   133 10208   110    57     4     0 -9999
2015 05 28 20   278   122 10204   110    51     4     0 -9999
2015 05 28 21   272   128 10200   140    36 -9999     0 -9999
2015 05 28 22   272   122 10197   130    46 -9999     0 -9999
2015 05 28 23   267   111 10190   100    67 -9999     0 -9999
2015 05 29 00   261   111 10189    90    46     4     0 -9999
2015 05 29 01   239   117 10185    90    46 -9999     0 -9999
2015 05 29 02   217   117 10182    80    36 -9999     0 -9999
2015 05 29 03   206   122 10182    80    31 -9999     0 -9999
2015 05 29 04   194   122 10174    90    26 -9999     0 -9999
2015 05 29 05   183   122 10173   120    21 -9999     0 -9999
2015 05 29 06   183   128 10171   120    21     6     0 -9999
2015 05 29 07   178   139 10167   160    41 -9999     0 -9999
2015 05 29 08   189   139 10170   180    36 -9999     0 -9999
2015 05 29 09   189   150 10165   170    15 -9999     0 -9999
2015 05 29 10   183   156 10159   150    26 -9999     0 -9999
2015 05 29 11   183   156 10159   180    21 -9999     0 -9999
2015 05 29 12   206   172 10162   170    21     6     0 -9999
2015 05 29 13   222   178 10165   180    36 -9999     0 -9999
2015 05 29 14   239   183 10167   180    31 -9999     0 -9999
2015 05 29 15   250   178 10165   180    67 -9999     0 -9999
2015 05 29 16   261   183 10158   180    67 -9999     0 -9999
2015 05 29 17   217   189 10164   200    41 -9999    43 -9999
2015 05 29 18   250   194 10150   180    57     6     0    40
2015 05 29 19   261   183 10140   190    67 -9999     0 -9999
2015 05 29 20   250   189 10130   200    82 -9999     5 -9999
2015 05 29 21   256   178 10124   190    98 -9999    -1 -9999
2015 05 29 22   250   189 10121   220    46 -9999     3 -9999
2015 05 29 23   267   178 10117   230    57 -9999    -1 -9999
2015 05 30 00   267   167 10121   230    46     6     0     8
2015 05 30 01   261   172 10124   230    26 -9999     0 -9999
2015 05 30 02   250   172 10125   210    26 -9999     0 -9999
2015 05 30 03   244   178 10127   210    41 -9999     0 -9999
2015 05 30 04   233   189 10129   220    36 -9999     0 -9999
2015 05 30 05   228   189 10134   210    46 -9999     0 -9999
2015 05 30 06   217   183 10132   220    36     6     0 -9999
2015 05 30 07   211   178 10130   230    15 -9999     0 -9999
2015 05 30 08   206   178 10130   220    21 -9999     0 -9999
2015 05 30 09   206   183 10130   250    26 -9999     0 -9999
2015 05 30 10   206   183 10133   250    31 -9999    -1 -9999
2015 05 30 11   200   183 10140   210    21 -9999    -1 -9999
2015 05 30 12   200   183 10144   250    21     8     5     5
2015 05 30 13   194   178 10143   290    21 -9999     5 -9999
2015 05 30 14   194   178 10150   240    15 -9999    -1 -9999
2015 05 30 15   200   172 10151     0     0 -9999    -1 -9999
2015 05 30 16   133   122 10163    40    62 -9999     3 -9999
2015 05 30 17   111   106 10167    20    67 -9999     8 -9999
2015 05 30 18   106    94 10175    30    72     8     3    20
2015 05 30 19   100    89 10175    20    88 -9999    -1 -9999
2015 05 30 20    94    83 10176    20    93 -9999    10 -9999
2015 05 30 21    89    78 10179    20    98 -9999    18 -9999
2015 05 30 22    89    78 -9999    10    98 -9999     2 -9999
2015 05 30 23    83    72 10183    20    93 -9999     5 -9999
2015 05 31 00    83    61 10186    30   103     8    -1    70
2015 05 31 01    78    56 10192    30   103 -9999    10 -9999
2015 05 31 02    78    50 10194    20    93 -9999     5 -9999
2015 05 31 03    78    39 10198    20    93 -9999    -1 -9999
2015 05 31 04    72    39 10203    20    82 -9999     0 -9999
2015 05 31 05    72    33 10206    20   103 -9999     0 -9999
2015 05 31 06    67    33 10204    20   113     8     0    20
2015 05 31 07    61    39 10204    30    98 -9999    -1 -9999
2015 05 31 08    67    33 10201    30    82 -9999    -1 -9999
2015 05 31 09    67    28 10199    20    98 -9999    -1 -9999
2015 05 31 10    61    33 10200    20    72 -9999    -1 -9999
2015 05 31 11    56    44 10204    20    72 -9999    -1 -9999
2015 05 31 12    67    44 10209    30    72     8    -1    -1
2015 05 31 13    72    44 10217    20    62 -9999    -1 -9999
2015 05 31 14    78    50 10224    20    82 -9999     0 -9999
2015 05 31 15    89    44 10223    30    93 -9999     0 -9999
2015 05 31 16   100    56 10226    30    88 -9999     0 -9999
2015 05 31 17   111    56 10228    40    77 -9999     0 -9999
2015 05 31 18   122    50 10227    30    77     8     0    -1
2015 05 31 19   117    39 10229    40    93 -9999     0 -9999
2015 05 31 20   122    39 10229    30    67 -9999     0 -9999
2015 05 31 21   122    33 10225    30    72 -9999     0 -9999
2015 05 31 22   117    33 10227    40    88 -9999     0 -9999
2015 05 31 23   117    33 10225    30    98 -9999     0 -9999
2015 06 01 00   106    39 10229    30    57     6     0 -9999
2015 06 01 01   100    33 10229    30    51 -9999     0 -9999
2015 06 01 02   100    33 10232    30    57 -9999     0 -9999
2015 06 01 03    94    33 10237    40    36 -9999     0 -9999
2015 06 01 04    89    33 10236    20    41 -9999     0 -9999
2015 06 01 05    83    28 10235    50    46 -9999     0 -9999
2015 06 01 06    78    39 10234    40    36     6     0 -9999
2015 06 01 07    89    44 10232    40    31 -9999     0 -9999
2015 06 01 08    94    33 10230    60    41 -9999     0 -9999
2015 06 01 09    83    33 10230    60    46 -9999     0 -9999
2015 06 01 10    78    39 10235    50    41 -9999     0 -9999
2015 06 01 11    78    39 10238    40    46 -9999     0 -9999
2015 06 01 12    78    44 10244    50    36     8     0 -9999
2015 06 01 13    89    44 10249    50    31 -9999     0 -9999
2015 06 01 14    94    50 10250    60    36 -9999     0 -9999
2015 06 01 15   106    50 10247    40    36 -9999     0 -9999
2015 06 01 16   117    56 10247    30    46 -9999     0 -9999
2015 06 01 17   133    56 10245    40    51 -9999     0 -9999
2015 06 01 18   144    61 10238    50    57     6     0 -9999
2015 06 01 19   150    56 10235    40    41     2     0 -9999
2015 06 01 20   150    56 10234    50    57     2     0 -9999
2015 06 01 21   144    39 10233    50    67     4     0 -9999
2015 06 01 22   150    28 10228    50    51     2     0 -9999
2015 06 01 23   144    33 10226    40    51     2     0 -9999
2015 06 02 00   133    11 10231    60    57     2     0 -9999
2015 06 02 01   117    11 10230    50    46     2     0 -9999
2015 06 02 02   106    17 10231    40    36     2     0 -9999
2015 06 02 03    94    22 10236    20    26     2     0 -9999
2015 06 02 04    89    22 10234    40    31     2     0 -9999
2015 06 02 05    83    22 10228    40    21     0     0 -9999
2015 06 02 06    78    28 10224   360    21     0     0 -9999
2015 06 02 07    72    28 10219   350    15     0     0 -9999
2015 06 02 08    61    33 10217   350    15     0     0 -9999
2015 06 02 09    72    33 10221    10    15     0     0 -9999
2015 06 02 10    56    33 10220     0     0     2     0 -9999
2015 06 02 11    72    39 10225     0     0     2     0 -9999
2015 06 02 12    89    56 10228     0     0     2     0 -9999
2015 06 02 13   117    61 10230     0     0     2     0 -9999
2015 06 02 14   133    72 10231     0     0     2     0 -9999
2015 06 02 15   161    83 10226     0     0     2     0 -9999
2015 06 02 16   183    72 10218     0     0     2     0 -9999
2015 06 02 17   200    72 10212   130    46     2     0 -9999
2015 06 02 18   200    67 10208   100    46     2     0 -9999
2015 06 02 19   200    61 10203    90    46     2     0 -9999
2015 06 02 20   200    44 10198    80    36     2     0 -9999
2015 06 02 21   206    44 10191   130    36     2     0 -9999
2015 06 02 22   206    72 10189    80    21     4     0 -9999
2015 06 02 23   206    78 10184    70    36     4     0 -9999
2015 06 03 00   200    83 10184    80    46     4     0 -9999
2015 06 03 01   167    78 10186   100    41 -9999     0 -9999
2015 06 03 02   150    67 10188    80    41 -9999     0 -9999
2015 06 03 03   139    72 10191    80    26 -9999     0 -9999
2015 06 03 04   122    78 10189   140    41     4     0 -9999
2015 06 03 05   117    72 10190   150    36     4     0 -9999
2015 06 03 06   122    67 10188   140    26     4     0 -9999
2015 06 03 07   117    67 10186   120    15 -9999     0 -9999
2015 06 03 08   106    67 10183     0     0 -9999     0 -9999
2015 06 03 09   111    67 10183   130    15 -9999     0 -9999
2015 06 03 10   111    78 10180   150    15 -9999     0 -9999
2015 06 03 11   106    89 10185   140    15 -9999     0 -9999
2015 06 03 12   139   106 10186   160    36     6     0 -9999
2015 06 03 13   150   106 10186   170    26 -9999     0 -9999
2015 06 03 14   172   111 10184   160    36     4     0 -9999
2015 06 03 15   183   111 10182   200    21     4     0 -9999
2015 06 03 16   206   117 10174   150    36     4     0 -9999
2015 06 03 17   217   122 10172   180    31     4     0 -9999
2015 06 03 18   222   122 10166 -9999    31     4     0 -9999
2015 06 03 19   228   122 10163   170    41 -9999     0 -9999
2015 06 03 20   239   122 10157   190    41 -9999     0 -9999
2015 06 03 21   239   128 10154   180    46 -9999     0 -9999
2015 06 03 22   244   122 10149   160    26 -9999     0 -9999
2015 06 03 23   239   117 10142   170    36 -9999     0 -9999
2015 06 04 00   233   117 10142   180    46     6     0 -9999
2015 06 04 01   217   117 10144   130    57 -9999     0 -9999
2015 06 04 02   189   111 10148   140    46     4     0 -9999
2015 06 04 03   178   111 10151   140    41     4     0 -9999
2015 06 04 04   156   111 10156   140    31     4     0 -9999
2015 06 04 05   156   117 10156   160    26     4     0 -9999
2015 06 04 06   144   117 10151   150    36     4     0 -9999
2015 06 04 07   156   117 10152   180    31     4     0 -9999
2015 06 04 08   144   111 10150   180    31 -9999     0 -9999
2015 06 04 09   150   117 10154   180    31 -9999     0 -9999
2015 06 04 10   156   122 10156   180    26 -9999     0 -9999
2015 06 04 11   172   128 10159   190    36 -9999     0 -9999
2015 06 04 12   178   133 10162   180    36     8     0 -9999
2015 06 04 13   189   139 10157   190    46 -9999     0 -9999
2015 06 04 14   194   144 10159   210    41 -9999     0 -9999
2015 06 04 15   217   156 10159   230    41 -9999     0 -9999
2015 06 04 16   217   156 10162   200    36 -9999     0 -9999
2015 06 04 17   228   167 10163   200    46 -9999     0 -9999
2015 06 04 18   244   167 10158   220    46     6     0 -9999
2015 06 04 19   250   167 10153   200    57 -9999     0 -9999
2015 06 04 20   261   167 10152   220    36 -9999     0 -9999
2015 06 04 21   267   167 10147   230    41 -9999     0 -9999
2015 06 04 22   267   167 10142   250    26 -9999     0 -9999
2015 06 04 23   267   167 10139   210    31 -9999     0 -9999
2015 06 05 00   267   161 10138   230    21     6     0 -9999
2015 06 05 01   261   167 10137     0     0 -9999     0 -9999
2015 06 05 02   233   167 10141   170    31     4     0 -9999
2015 06 05 03   228   172 10150     0     0     4     0 -9999
2015 06 05 04   233   167 10156   260    26 -9999     0 -9999
2015 06 05 05   228   156 10152    10    41     4     0 -9999
2015 06 05 06   211   150 10153    40    31     2     0 -9999
2015 06 05 07   200   150 10157    10    36     2     0 -9999
2015 06 05 08   189   144 10155    30    26     2     0 -9999
2015 06 05 09   183   144 10161    10    21 -9999     0 -9999
2015 06 05 10   172   150 10167    40    57 -9999     0 -9999
2015 06 05 11   156   139 10175    50    41 -9999     0 -9999
2015 06 05 12   139   122 10181    40    57     8     0 -9999
2015 06 05 13   133   117 -9999    30    62 -9999     0 -9999
2015 06 05 14   139   122 10194    40    67 -9999     0 -9999
2015 06 05 15   150   122 10198    30    72 -9999     0 -9999
2015 06 05 16   150   122 10204    30    57 -9999     0 -9999
2015 06 05 17   167   122 10203    40    88 -9999     0 -9999
2015 06 05 18   167   122 10204    30    77     8     0 -9999
2015 06 05 19   167   122 10203    40    72 -9999     0 -9999
2015 06 05 20   172   122 10201    30    88 -9999     0 -9999
2015 06 05 21   167   117 10203    30    82     4     0 -9999
2015 06 05 22   172   111 10202    20    88     4     0 -9999
2015 06 05 23   167   106 10200    40    77     2     0 -9999
2015 06 06 00   150   106 10204    30    77     6     0 -9999
2015 06 06 01   139   100 10202    20    93     4     0 -9999
2015 06 06 02   139   100 10202    10    77     4     0 -9999
2015 06 06 03   139   100 10204    20    77     2     0 -9999
2015 06 06 04   139   100 10208    10    67     2     0 -9999
2015 06 06 05   139   100 10208    20    67 -9999     0 -9999
2015 06 06 06   128    89 10209    30    67     8     0 -9999
2015 06 06 07   122    89 10207    30    51 -9999     0 -9999
2015 06 06 08   111    89 10211    20    46 -9999     0 -9999
2015 06 06 09   111    89 10213    30    41 -9999     0 -9999
2015 06 06 10   111    89 10213    20    31 -9999     0 -9999
2015 06 06 11   117    89 10220    20    31 -9999     0 -9999
2015 06 06 12   122    94 10219    20    41     8     0 -9999
2015 06 06 13   128   100 10219    50    41 -9999     0 -9999
2015 06 06 14   150   106 10221 -9999    15 -9999     0 -9999
2015 06 06 15   172   111 10217    90    36 -9999     0 -9999
2015 06 06 16   194   111 10210    70    46     4     0 -9999
2015 06 06 17   200   111 10208    70    41     4     0 -9999
2015 06 06 18   206   111 10205    40    46     4     0 -9999
2015 06 06 19   211   106 10199    40    57     4     0 -9999
2015 06 06 20   206   106 10194    50    41 -9999     0 -9999
2015 06 06 21   211   106 10186    60    46 -9999     0 -9999
2015 06 06 22   200   106 10181    60    46 -9999     0 -9999
2015 06 06 23   200   106 10174    70    46 -9999     0 -9999
2015 06 07 00   183   100 10169    80    41     6     0 -9999
2015 06 07 01   172    94 10167    50    36 -9999     0 -9999
2015 06 07 02   156    89 10161    70    31 -9999     0 -9999
2015 06 07 03   144    83 10157    90    31 -9999     0 -9999
2015 06 07 04   144    78 10151    90    26 -9999     0 -9999
2015 06 07 05   133    83 10151     0     0 -9999     0 -9999
2015 06 07 06   139    83 10146   120    21     6     0 -9999
2015 06 07 07   133    94 10135   140    26 -9999     0 -9999
2015 06 07 08   144   117 10123   160    36 -9999     0 -9999
2015 06 07 09   139   117 10117   170    26 -9999     0 -9999
2015 06 07 10   161   133 10115   170    41 -9999     0 -9999
2015 06 07 11   172   139 10103   170    46 -9999     0 -9999
2015 06 07 12   194   144 10094   190    62     8     0 -9999
2015 06 07 13   206   150 10097   230    51 -9999    -1 -9999
2015 06 07 14   183   167 10093   180    77 -9999    58 -9999
2015 06 07 15   189   178 10079   190    72 -9999    15 -9999
2015 06 07 16   211   183 10080   210    82 -9999    -1 -9999
2015 06 07 17   211   183 10076   200    67 -9999    -1 -9999
2015 06 07 18   217   183 10074   200    62     8    -1    70
2015 06 07 19   228   194 10067   210    62 -9999     0 -9999
2015 06 07 20   244   206 10061   210    67 -9999     0 -9999
2015 06 07 21   267   211 10046   240    67 -9999     0 -9999
2015 06 07 22   267   211 10042   240    62 -9999     0 -9999
2015 06 07 23   261   217 10039   220    46 -9999    -1 -9999
2015 06 08 00   250   200 10040   210    57     6     3 -9999
2015 06 08 01   239   200 10036   200    46 -9999     3 -9999
2015 06 08 02   228   200 10044   190    57 -9999     0 -9999
2015 06 08 03   228   200 10050   200    41 -9999     0 -9999
2015 06 08 04   222   200 10048   230    41 -9999     0 -9999
2015 06 08 05   211   194 10046   220    51 -9999    13 -9999
2015 06 08 06   211   194 10051   220    41     8     0    20
2015 06 08 07   206   189 10051   220    36 -9999     0 -9999
2015 06 08 08   200   183 10054   240    46 -9999     0 -9999
2015 06 08 09   194   178 10056   240    41 -9999     0 -9999
2015 06 08 10   194   178 10055   220    36 -9999     0 -9999
2015 06 08 11   194   178 10058   240    36 -9999     0 -9999
2015 06 08 12   194   178 10063   260    57     6     0 -9999
2015 06 08 13   200   172 10059   240    36 -9999     0 -9999
2015 06 08 14   211   172 10063   260    41     4     0 -9999
2015 06 08 15   233   172 10059   250    57     4     0 -9999
2015 06 08 16   256   172 10053   250    77     4     0 -9999
2015 06 08 17   267   161 10048   240    67     4     0 -9999
2015 06 08 18   256   161 10047   260    62     6     0 -9999
2015 06 08 19   278   150 10044   260    93     4     0 -9999
2015 06 08 20   283   133 10036   250    77 -9999     0 -9999
2015 06 08 21   233   128 -9999   340    82 -9999    -1 -9999
2015 06 08 22   217   161 10046   250    46 -9999     8 -9999
2015 06 08 23   239   178 10043   260    36 -9999     0 -9999
2015 06 09 00   233   178 10047    10    41     6     3    10
2015 06 09 01   228   156 10061    10    98 -9999    -1 -9999
2015 06 09 02   178   128 10072   340    21 -9999     0 -9999
2015 06 09 03   178   139 10079   290    26 -9999     0 -9999
2015 06 09 04   172   128 10079   260    21     4     0 -9999
2015 06 09 05   167   128 10079   260    26     4     0 -9999
2015 06 09 06   161   128 10076   260    31     4     0    -1
2015 06 09 07   161   122 10077   260    31     4     0 -9999
2015 06 09 08   156   122 10080   250    31 -9999     0 -9999
2015 06 09 09   156   117 10082   260    31 -9999     0 -9999
2015 06 09 10   156   117 10086   260    36 -9999     0 -9999
2015 06 09 11   156   117 10091   270    31 -9999     0 -9999
2015 06 09 12   167   122 10095   290    21     8     0 -9999
2015 06 09 13   178   133 10096   280    21 -9999     0 -9999
2015 06 09 14   194   144 10100   260    31 -9999     0 -9999
2015 06 09 15   211   144 10099   270    31 -9999     0 -9999
2015 06 09 16   239   139 10097   260    36 -9999     0 -9999
2015 06 09 17   250   133 10095   240    41 -9999     0 -9999
2015 06 09 18   267   133 10093   260    51     6     0 -9999
2015 06 09 19   272   144 10089   210    51 -9999     0 -9999
2015 06 09 20   283   139 10083   220    36 -9999     0 -9999
2015 06 09 21   289   139 10077   240    46 -9999     0 -9999
2015 06 09 22   289   139 10071   220    57 -9999     0 -9999
2015 06 09 23   289   144 10065   230    51 -9999     0 -9999
2015 06 10 00   289   144 10061   210    46     4     0 -9999
2015 06 10 01   278   150 10057   200    36     4     0 -9999
2015 06 10 02   272   156 10056   200    41     4     0 -9999
2015 06 10 03   267   150 10059   220    46     4     0 -9999
2015 06 10 04   261   156 10058   220    51     2     0 -9999
2015 06 10 05   256   156 10058   230    41     2     0 -9999
2015 06 10 06   250   161 10055   220    41     2     0 -9999
2015 06 10 07   239   167 10047   220    57     2     0 -9999
2015 06 10 08   239   167 10046   220    46     2     0 -9999
2015 06 10 09   233   167 10047   220    62     2     0 -9999
2015 06 10 10   228   167 10048   230    46     4     0 -9999
2015 06 10 11   228   167 10049   240    46     4     0 -9999
2015 06 10 12   239   167 10052   240    67     2     0 -9999
2015 06 10 13   250   172 10056   250    67     2     0 -9999
2015 06 10 14   267   172 10058   260    72     2     0 -9999
2015 06 10 15   272   183 10061   250    82     4     0 -9999
2015 06 10 16   289   183 10062   240    72     4     0 -9999
2015 06 10 17   300   189 10057   260    62 -9999     0 -9999
2015 06 10 18   311   194 10055   280    57     6     0 -9999
2015 06 10 19   322   183 10053   230    51     4     0 -9999
2015 06 10 20   322   189 10051   240    41 -9999     0 -9999
2015 06 10 21   278   172 10054    60    93 -9999     0 -9999
2015 06 10 22   272   172 10058    50    41 -9999     0 -9999
2015 06 10 23   267   161 10056    90    57 -9999     0 -9999
2015 06 11 00   244   150 10066    80    62     6     0 -9999
2015 06 11 01   239   150 10066 -9999    15 -9999     0 -9999
2015 06 11 02   228   150 10081    80    31 -9999     0 -9999
2015 06 11 03   222   144 10085    50    41     4     0 -9999
2015 06 11 04   217   144 10090    30    21     4     0 -9999
2015 06 11 05   211   139 10099    90    21 -9999     0 -9999
2015 06 11 06   206   139 10097    60    21     6     0 -9999
2015 06 11 07   200   133 10106     0     0 -9999     0 -9999
2015 06 11 08   217   133 10107     0     0 -9999     0 -9999
2015 06 11 09   200   139 10100    60    21 -9999     0 -9999
2015 06 11 10   189   128 10093    50    46 -9999     0 -9999
2015 06 11 11   172   122 10100    90    36 -9999     0 -9999
2015 06 11 12   183   122 10102    90    26     8     0 -9999
2015 06 11 13   189   128 10110    40    26 -9999     0 -9999
2015 06 11 14   206   133 10111    30    26 -9999     0 -9999
2015 06 11 15   206   139 10114    30    31 -9999     0 -9999
2015 06 11 16   211   139 10115    40    26 -9999     0 -9999
2015 06 11 17   206   139 10112    40    41 -9999     0 -9999
2015 06 11 18   217   150 10105    70    36     8     0 -9999
2015 06 11 19   200   161 10111    70    36 -9999     8 -9999
2015 06 11 20   194   150 10111    20    62 -9999     0 -9999
2015 06 11 21   189   133 10105    30    67 -9999     0 -9999
2015 06 11 22   189   133 10100    50    62 -9999     0 -9999
2015 06 11 23   189   133 10097    60    67 -9999     0 -9999
2015 06 12 00   189   139 10096    50    51     8     0     8
2015 06 12 01   194   144 10088    40    15 -9999     0 -9999
2015 06 12 02   172   156 10091    10    62 -9999     8 -9999
2015 06 12 03   156   139 10089    10    31 -9999     3 -9999
2015 06 12 04   150   144 10080    20    51 -9999    28 -9999
2015 06 12 05   150   139 10082    50    31 -9999     3 -9999
2015 06 12 06   150   139 10071    20    31     8    20    60
2015 06 12 07   150   144 -9999    10    26 -9999    -1 -9999
2015 06 12 08   156   150 10070   320    62 -9999    -1 -9999
2015 06 12 09   156   150 10059   250    15 -9999    10 -9999
2015 06 12 10   161   150 10061   240    15 -9999    -1 -9999
2015 06 12 11   167   156 10070   290    15 -9999    -1 -9999
2015 06 12 12   178   167 10082   260    26     8     3    10
2015 06 12 13   183   178 10085   270    21 -9999     5 -9999
2015 06 12 14   189   172 10092   330    21 -9999    -1 -9999
2015 06 12 15   194   172 10097    20    15 -9999     0 -9999
2015 06 12 16   183   172 10101    20    26 -9999     8 -9999
2015 06 12 17   161   150 10108    50    51 -9999     3 -9999
2015 06 12 18   161   150 10115    40    31     8     5    20
2015 06 12 19   156   144 10111    40    51 -9999    -1 -9999
2015 06 12 20   144   139 10112    20    51 -9999    -1 -9999
2015 06 12 21   144   133 10112    20    57 -9999    -1 -9999
2015 06 12 22   156   139 10120    20    62 -9999    -1 -9999
2015 06 12 23   144   128 10127    50    51 -9999     0 -9999
2015 06 13 00   144   128 10130    40    41     8     0    -1
2015 06 13 01   139   128 10132    30    57 -9999     0 -9999
2015 06 13 02   139   122 10132    20    51 -9999     0 -9999
2015 06 13 03   139   122 10138    20    31 -9999     0 -9999
2015 06 13 04   139   122 10140    30    31 -9999     0 -9999
2015 06 13 05   133   128 10143    20    26 -9999     0 -9999
2015 06 13 06   133   128 10142    20    21     8    -1    -1
2015 06 13 07   133   128 10132    20    21     9    -1 -9999
2015 06 13 08   133   128 10129    30    31 -9999    -1 -9999
2015 06 13 09   133   128 10127    50    31 -9999     0 -9999
2015 06 13 10   139   133 10135   100    31 -9999    23 -9999
2015 06 13 11   139   133 10139   130    26 -9999    -1 -9999
2015 06 13 12   144   144 10140   140    21     8     0    20
2015 06 13 13   167   156 -9999   160    15 -9999     0 -9999
2015 06 13 14   194   172 10145   180    26 -9999     0 -9999
2015 06 13 15   222   189 10142   200    31 -9999     0 -9999
2015 06 13 16   244   194 10138   200    36 -9999     0 -9999
2015 06 13 17   261   206 10139 -9999    31 -9999     0 -9999
2015 06 13 18   278   206 10136   220    31     6     0 -9999
2015 06 13 19   278   206 10130   230    36 -9999     0 -9999
2015 06 13 20   294   206 10123   240    36 -9999     0 -9999
2015 06 13 21   294   206 10120   210    31 -9999     0 -9999
2015 06 13 22   289   200 10115   210    36 -9999     0 -9999
2015 06 13 23   256   189 10112    40    46 -9999     0 -9999
2015 06 14 00   228   178 10122    30    26     8    -1 -9999
2015 06 14 01   222   206 10132   130    67 -9999    28 -9999
2015 06 14 02   222   183 10126   220    41 -9999    -1 -9999
2015 06 14 03   211   189 10130 -9999    21 -9999    -1 -9999
2015 06 14 04   211   194 10132   260    21 -9999    -1 -9999
2015 06 14 05   211   200 10127     0     0 -9999    18 -9999
2015 06 14 06   211   200 10127   300    41     8    33    80
2015 06 14 07   206   200 10126     0     0 -9999    33 -9999
2015 06 14 08   206   200 10123   200    31 -9999    28 -9999
2015 06 14 09   206   194 10118   170    15 -9999     0 -9999
2015 06 14 10   206   200 10116   180    21 -9999     0 -9999
2015 06 14 11   211   200 10120   200    31 -9999    -1 -9999
2015 06 14 12   211   200 10122   210    26     6    41    90
2015 06 14 13   211   206 10123   210    15 -9999    25 -9999
2015 06 14 14   217   206 -9999   200    21 -9999    -1 -9999
2015 06 14 15   228   211 -9999   230    31 -9999    -1 -9999
2015 06 14 16   233   211 10125   220    62 -9999    -1 -9999
2015 06 14 17   244   211 10128   220    36 -9999     0 -9999
2015 06 14 18   256   206 10127   250    62     6     0    60
2015 06 14 19   267   200 10125   260    62 -9999     0 -9999
2015 06 14 20   267   200 10123   270    51 -9999     0 -9999
2015 06 14 21   278   200 10120   260    46 -9999     0 -9999
2015 06 14 22   278   200 10121   250    31 -9999     0 -9999
2015 06 14 23   272   200 10119   240    36 -9999     0 -9999
2015 06 15 00   272   200 10119   300    31     6     0 -9999
2015 06 15 01   261   200 10121   250    26 -9999     0 -9999
2015 06 15 02   256   189 10123   230    15 -9999     0 -9999
2015 06 15 03   250   194 10130   220    21 -9999     0 -9999
2015 06 15 04   233   206 10132   250    15 -9999     0 -9999
2015 06 15 05   233   211 10138   230    21 -9999     0 -9999
2015 06 15 06   233   211 10138   230    31     6     0 -9999
2015 06 15 07   228   211 10135   220    15 -9999     0 -9999
2015 06 15 08   222   211 10132   220    21 -9999     0 -9999
2015 06 15 09   222   211 10129   210    26 -9999     0 -9999
2015 06 15 10   222   211 10130   230    15     4     0 -9999
2015 06 15 11   222   211 10134   210    26 -9999     0 -9999
2015 06 15 12   228   211 10133   210    26     8    -1    -1
2015 06 15 13   228   217 10138   240    26 -9999    -1 -9999
2015 06 15 14   211   206 -9999    20    15 -9999    -1 -9999
2015 06 15 15   233   217 10134     0     0 -9999    -1 -9999
2015 06 15 16   239   217 -9999   220    31 -9999    -1 -9999
2015 06 15 17   239   217 10135   220    41 -9999    15 -9999
2015 06 15 18   228   217 10129   170    31     8    69   180
2015 06 15 19   244   211 10122   230    31 -9999     0 -9999
2015 06 15 20   261   200 10114   230    31 -9999     0 -9999
2015 06 15 21   267   211 10108   230    15 -9999     0 -9999
2015 06 15 22   222   206 10122   200    46 -9999   272 -9999
2015 06 15 23   222   211 10114   170    26 -9999    43 -9999
2015 06 16 00   217   211 10122   220    26     8     5   420
2015 06 16 01   217   206 -9999   270    31 -9999     2 -9999
2015 06 16 02   217   206 10122     0     0 -9999    18 -9999
2015 06 16 03   217   206 10134   240    26 -9999     3 -9999
2015 06 16 04   217   211 10134     0     0 -9999    -1 -9999
2015 06 16 05   217   211 10139   330    26 -9999    -1 -9999
2015 06 16 06   200   183 10152    10    51     6     0    60
2015 06 16 07   189   178 10156    30    62 -9999     0 -9999
2015 06 16 08   183   172 10158   360    36     4     0 -9999
2015 06 16 09   183   167 10161   360    21     4     0 -9999
2015 06 16 10   178   167 10171   350    26 -9999     0 -9999
2015 06 16 11   178   167 10182   360    36 -9999     0 -9999
2015 06 16 12   183   139 10192    30    62     6     0 -9999
2015 06 16 13   189   117 10201    20    62 -9999     0 -9999
2015 06 16 14   194   111 10209    30    57 -9999     0 -9999
2015 06 16 15   200   111 10208    40    51 -9999     0 -9999
2015 06 16 16   206   111 10211    30    51 -9999     0 -9999
2015 06 16 17   206   106 10212    30    51     4     0 -9999
2015 06 16 18   206   111 10212    60    51     4     0 -9999
2015 06 16 19   217   100 10210    30    46     4     0 -9999
2015 06 16 20   222   106 10206    50    51     4     0 -9999
2015 06 16 21   217    94 10204    50    46     4     0 -9999
2015 06 16 22   206    83 10202    40    57 -9999     0 -9999
2015 06 16 23   206    83 10202    40    51 -9999     0 -9999
2015 06 17 00   189    78 10198    50    41     6     0 -9999
2015 06 17 01   172    78 10201    70    41 -9999     0 -9999
2015 06 17 02   156    72 10205    70    41 -9999     0 -9999
2015 06 17 03   144    67 10207    50    41 -9999     0 -9999
2015 06 17 04   133    67 10207    90    21 -9999     0 -9999
2015 06 17 05   133    67 10204    20    26 -9999     0 -9999
2015 06 17 06   133    78 10200   360    26 -9999     0 -9999
2015 06 17 07   133    78 10196   360    26 -9999     0 -9999
2015 06 17 08   139    67 10183    50    31 -9999     0 -9999
2015 06 17 09   139    72 10180    20    31 -9999     0 -9999
2015 06 17 10   144    72 10178    50    21 -9999     0 -9999
2015 06 17 11   144    72 10174    50    31 -9999     0 -9999
2015 06 17 12   144    83 10176   350    31     8     0 -9999
2015 06 17 13   144    83 10180    70    15 -9999     0 -9999
2015 06 17 14   133   106 10177     0     0 -9999    23 -9999
2015 06 17 15   150   128 10171     0     0 -9999    13 -9999
2015 06 17 16   161   139 10166    20    21 -9999    -1 -9999
2015 06 17 17   178   150 10167   120    15 -9999    -1 -9999
2015 06 17 18   194   150 10165    50    15     8    -1    40
2015 06 17 19   194   161 10160   180    21 -9999     0 -9999
2015 06 17 20   206   167 10153 -9999    15 -9999     0 -9999
2015 06 17 21   217   172 10147   110    21 -9999     0 -9999
2015 06 17 22   217   172 10142   180    36 -9999     0 -9999
2015 06 17 23   217   167 10139   160    21 -9999     0 -9999
2015 06 18 00   211   178 10139   190    21     8     0 -9999
2015 06 18 01   206   178 10138   180    21 -9999     0 -9999
2015 06 18 02   206   178 10140   200    21 -9999     0 -9999
2015 06 18 03   206   178 10147   220    15 -9999     0 -9999
2015 06 18 04   200   178 10140   190    21 -9999     0 -9999
2015 06 18 05   200   183 10140   210    26 -9999     0 -9999
2015 06 18 06   194   178 10138   190    26     6     0 -9999
2015 06 18 07   194   183 10139   200    15 -9999     0 -9999
2015 06 18 08   194   183 10138   220    15 -9999     0 -9999
2015 06 18 09   194   183 10135   210    15 -9999     0 -9999
2015 06 18 10   194   189 10133   200    21 -9999     0 -9999
2015 06 18 11   206   200 -9999   210    26 -9999     0 -9999
2015 06 18 12   206   206 10130   210    31     9     0 -9999
2015 06 18 13   206   200 -9999   260    72 -9999     5 -9999
2015 06 18 14   222   200 10136   220    36 -9999    36 -9999
2015 06 18 15   233   211 10134   250    41 -9999     0 -9999
2015 06 18 16   244   211 10134   230    46 -9999     0 -9999
2015 06 18 17   250   211 10131   260    51 -9999     0 -9999
2015 06 18 18   256   200 10130   260    51     8     0    70
2015 06 18 19   261   194 10130   270    67 -9999     0 -9999
2015 06 18 20   256   172 10128   290    67 -9999     0 -9999
2015 06 18 21   250   156 10135   280    62 -9999     0 -9999
2015 06 18 22   250   150 10137   290    67 -9999     0 -9999
2015 06 18 23   244   156 10135   250    41 -9999     0 -9999
2015 06 19 00   211   161 10144    30    72     8     0 -9999
2015 06 19 01   183   144 10155    40    62 -9999     0 -9999
2015 06 19 02   172   117 10162    30    36 -9999     0 -9999
2015 06 19 03   161   111 10170    40    46 -9999     0 -9999
2015 06 19 04   156   106 10176    40    51 -9999     0 -9999
2015 06 19 05   150   100 10178    30    57 -9999     0 -9999
2015 06 19 06   144    89 10179    20    51     6     0 -9999
2015 06 19 07   139    78 10179    20    41 -9999     0 -9999
2015 06 19 08   128    78 10179    20    51 -9999     0 -9999
2015 06 19 09   128    83 10179    20    51 -9999     0 -9999
2015 06 19 10   122    83 10184    30    51     4     0 -9999
2015 06 19 11   122    83 10191    40    46 -9999     0 -9999
2015 06 19 12   133    89 10194    50    51     6     0 -9999
2015 06 19 13   139    94 10194    30    51 -9999     0 -9999
2015 06 19 14   150    94 10193    40    57 -9999     0 -9999
2015 06 19 15   167   106 10194    30    62 -9999     0 -9999
2015 06 19 16   172   106 10186    20    51 -9999     0 -9999
2015 06 19 17   178   111 10190    40    46 -9999     0 -9999
2015 06 19 18   178   111 10188    40    57     6     0 -9999
2015 06 19 19   178   111 10184    70    46 -9999     0 -9999
2015 06 19 20   178   106 10178    40    62 -9999     0 -9999
2015 06 19 21   189   111 10171    30    57 -9999     0 -9999
2015 06 19 22   183   111 10161    50    51 -9999     0 -9999
2015 06 19 23   178   117 10154    50    51 -9999     0 -9999
2015 06 20 00   156   106 10162    50    46     6     0 -9999
2015 06 20 01   150    94 10159    60    36     4     0 -9999
2015 06 20 02   144    83 10156    20    31 -9999     0 -9999
2015 06 20 03   139    83 10165    30    26 -9999     0 -9999
2015 06 20 04   128    78 10158    40    26 -9999     0 -9999
2015 06 20 05   122    78 10148    20    21 -9999     0 -9999
2015 06 20 06   122    72 10142    20    26     4     0 -9999
2015 06 20 07   122    72 10133    10    31     4     0 -9999
2015 06 20 08   122    78 10126    50    15     2     0 -9999
2015 06 20 09   122    78 10123    20    15     2     0 -9999
2015 06 20 10   117    83 10124   360    21 -9999     0 -9999
2015 06 20 11   128    94 10122   320    26 -9999     0 -9999
2015 06 20 12   139   100 10126   360    31     8     0 -9999
2015 06 20 13   156   117 10122    30    15 -9999     0 -9999
2015 06 20 14   172   128 10133   360    15 -9999     0 -9999
2015 06 20 15   189   139 10133   340    26 -9999     0 -9999
2015 06 20 16   206   150 10137   340    26 -9999     0 -9999
2015 06 20 17   222   161 10114     0     0 -9999     0 -9999
2015 06 20 18   222   167 10095   170    46     8     0 -9999
2015 06 20 19   239   178 10058   160    93 -9999     0 -9999
2015 06 20 20   239   183 10080   190    36 -9999     0 -9999
2015 06 20 21   256   178 10088   230    41 -9999     0 -9999
2015 06 20 22   256   178 10096   280    51 -9999     0 -9999
2015 06 20 23   244   183 10084   250    36 -9999     0 -9999
2015 06 21 00   222   200 10094   320    36     6    13    10
2015 06 21 01   211   189 10087   220    41 -9999    18 -9999
2015 06 21 02   206   189 10085   320    36 -9999     8 -9999
2015 06 21 03   200   183 10088    20    41 -9999    36 -9999
2015 06 21 04   194   183 10095   200    41 -9999     3 -9999
2015 06 21 05   194   183 10082   160    21 -9999     3 -9999
2015 06 21 06   200   178 10094   190    26     8     0    70
2015 06 21 07   200   183 10090   230    15 -9999     0 -9999
2015 06 21 08   200   183 10091   250    46 -9999     0 -9999
2015 06 21 09   200   189 10091   310    31 -9999     0 -9999
2015 06 21 10   200   183 10095   250    21 -9999     0 -9999
2015 06 21 11   194   189 10100   260    26 -9999     0 -9999
2015 06 21 12   200   189 10106   250    26     6     0 -9999
2015 06 21 13   211   189 10110   280    36 -9999     0 -9999
2015 06 21 14   222   194 10117   270    46 -9999     0 -9999
2015 06 21 15   239   194 10121   290    41 -9999     0 -9999
2015 06 21 16   261   183 10125   340    46 -9999     0 -9999
2015 06 21 17   278   178 10127 -9999    31 -9999     0 -9999
2015 06 21 18   278   161 10126   290    57     6     0 -9999
2015 06 21 19   289   156 10127   290    62 -9999     0 -9999
2015 06 21 20   289   172 10130   260    57 -9999     0 -9999
2015 06 21 21   283   167 10130   240    62 -9999     0 -9999
2015 06 21 22   278   167 10133   270    51 -9999     0 -9999
2015 06 21 23   278   178 10128   250    41 -9999     0 -9999
2015 06 22 00   272   183 10125   250    41     6     0 -9999
2015 06 22 01   267   189 10131   250    41 -9999     0 -9999
2015 06 22 02   250   194 10132   210    26     4     0 -9999
2015 06 22 03   244   200 10135   220    21 -9999     0 -9999
2015 06 22 04   239   200 10134   220    21     4     0 -9999
2015 06 22 05   233   200 10137   230    15     2     0 -9999
2015 06 22 06   228   200 10142   220    26     0     0 -9999
2015 06 22 07   217   194 10140     0     0     0     0 -9999
2015 06 22 08   217   194 10138   220    21     0     0 -9999
2015 06 22 09   211   189 10134     0     0     0     0 -9999
2015 06 22 10   194   183 10134   150    26     4     0 -9999
2015 06 22 11   211   200 10132   170    21 -9999     0 -9999
2015 06 22 12   228   211 10116   170    41     6     0 -9999
2015 06 22 13   239   211 10105   170    57 -9999     0 -9999
2015 06 22 14   244   211 10114   200    36 -9999     0 -9999
2015 06 22 15   244   217 10126   230    26 -9999     0 -9999
2015 06 22 16   244   217 10124   210    41 -9999    -1 -9999
2015 06 22 17   239   222 10145   260    51 -9999     3 -9999
2015 06 22 18   233   222 10097    70    46     8    20    20
2015 06 22 19   244   228 10076   180    98 -9999    -1 -9999
2015 06 22 20   261   222 10065   190    93 -9999     0 -9999
2015 06 22 21   261   222 10056   200   103 -9999     0 -9999
2015 06 22 22   278   228 10062   210    72 -9999     0 -9999
2015 06 22 23   278   233 10064   240    72 -9999     0 -9999
2015 06 23 00   278   233 10067   250    46     6     0    -1
2015 06 23 01   278   233 10060   220    46 -9999     0 -9999
2015 06 23 02   278   233 10064   220    57 -9999    -1 -9999
2015 06 23 03   267   217 10070   260    51 -9999    -1 -9999
2015 06 23 04   250   189 10073   240    41 -9999     0 -9999
2015 06 23 05   239   194 10080   270    36 -9999     0 -9999
2015 06 23 06   233   200 10081   270    36     8     0     0
2015 06 23 07   233   211 10088   290    46 -9999     0 -9999
2015 06 23 08   233   200 10099   320    46 -9999     0 -9999
2015 06 23 09   228   167 10110   330    67     4     0 -9999
2015 06 23 10   211   156 10120   320    57     2     0 -9999
2015 06 23 11   194   117 10133   330    82     2     0 -9999
2015 06 23 12   189   111 10146   340    77     2     0 -9999
2015 06 23 13   194   111 10153   330    77     2     0 -9999
2015 06 23 14   206   117 10163   330    62     2     0 -9999
2015 06 23 15   217   117 10168   310    62     0     0 -9999
2015 06 23 16   233   100 10171   340    67     0     0 -9999
2015 06 23 17   244   100 10175   330    36     2     0 -9999
2015 06 23 18   250   111 10176 -9999    31     2     0 -9999
2015 06 23 19   256   106 10174    50    26     2     0 -9999
2015 06 23 20   267    94 10172 -9999    31     2     0 -9999
2015 06 23 21   267   111 10174   320    31     4     0 -9999
2015 06 23 22   267   100 10175   290    31     2     0 -9999
2015 06 23 23   261   111 10178   320    31     4     0 -9999
2015 06 24 00   267   111 10183   300    57     4     0 -9999
2015 06 24 01   244   122 10185   300    46     4     0 -9999
2015 06 24 02   222   122 10181    90    36     4     0 -9999
2015 06 24 03   206   128 10187     0     0     4     0 -9999
2015 06 24 04   200   128 10190   140    26     2     0 -9999
2015 06 24 05   189   122 10186   110    21     2     0 -9999
2015 06 24 06   183   117 10186   100    15     0     0 -9999
2015 06 24 07   172   128 10192     0     0     0     0 -9999
2015 06 24 08   172   128 10195     0     0     0     0 -9999
2015 06 24 09   167   128 10197   160    15     0     0 -9999
2015 06 24 10   161   128 10204   170    26     2     0 -9999
2015 06 24 11   178   133 10206   190    31 -9999     0 -9999
2015 06 24 12   183   139 10209   180    15     8     0 -9999
2015 06 24 13   194   150 10205     0     0 -9999     0 -9999
2015 06 24 14   206   144 10206     0     0 -9999     0 -9999
2015 06 24 15   217   156 10203   240    15 -9999     0 -9999
2015 06 24 16   222   161 10197   230    21 -9999     0 -9999
2015 06 24 17   239   150 10208   230    36 -9999     0 -9999
2015 06 24 18   244   150 10208   270    51     8     0 -9999
2015 06 24 19   244   150 10198   200    36 -9999     0 -9999
2015 06 24 20   244   144 10189 -9999    31 -9999     0 -9999
2015 06 24 21   250   139 10186   200    26 -9999     0 -9999
2015 06 24 22   250   139 10178     0     0 -9999     0 -9999
2015 06 24 23   239   150 10189   250    57 -9999     0 -9999
2015 06 25 00   233   156 10180   250    41     8     0 -9999
2015 06 25 01   222   161 10167   340    26 -9999    -1 -9999
2015 06 25 02   217   161 10168   230    21 -9999    -1 -9999
2015 06 25 03   211   156 10181   210    31 -9999     0 -9999
2015 06 25 04   206   167 10178     0     0 -9999     0 -9999
2015 06 25 05   194   161 10173   210    26 -9999     0 -9999
2015 06 25 06   200   161 10164   190    26     8     0     0
2015 06 25 07   194   167 10147   140    31 -9999     0 -9999
2015 06 25 08   194   172 10143   180    26 -9999     5 -9999
2015 06 25 09   194   178 10147   200    21 -9999    97 -9999
2015 06 25 10   194   183 -9999   190    51 -9999    -1 -9999
2015 06 25 11   194   183 10144   150    26 -9999     3 -9999
2015 06 25 12   194   183 10143   160    31     8     0   250
2015 06 25 13   206   189 10140   180    36 -9999     0 -9999
2015 06 25 14   211   194 10140   200    21 -9999     0 -9999
2015 06 25 15   222   194 10137     0     0 -9999     0 -9999
2015 06 25 16   250   189 10138   350    26 -9999     0 -9999
2015 06 25 17   250   189 10138   310    51 -9999     0 -9999
2015 06 25 18   256   183 10135   290    46     8    -1     0
2015 06 25 19   261   183 10133   290    57 -9999     0 -9999
2015 06 25 20   228   194 10133    20    41 -9999     3 -9999
2015 06 25 21   217   194 10139    30    36 -9999     5 -9999
2015 06 25 22   206   189 10143    30    41 -9999    -1 -9999
2015 06 25 23   206   189 10145    40    31 -9999    -1 -9999
2015 06 26 00   194   178 10141    40    31     8     0     8
2015 06 26 01   189   178 10140    50    36 -9999     0 -9999
2015 06 26 02   183   167 10142    50    51 -9999     0 -9999
2015 06 26 03   172   156 10155    20    41 -9999     0 -9999
2015 06 26 04   167   133 10164    10    15 -9999     0 -9999
2015 06 26 05   161   128 10149    10    36 -9999     0 -9999
2015 06 26 06   161   128 10148    20    31     6     0 -9999
2015 06 26 07   156   128 10143    20    21 -9999     0 -9999
2015 06 26 08   156   128 10136    40    36 -9999     0 -9999
2015 06 26 09   156   128 10136    30    36 -9999     0 -9999
2015 06 26 10   161   139 10150    20    31 -9999     0 -9999
2015 06 26 11   156   144 10156    10    36 -9999     0 -9999
2015 06 26 12   156   150 10166    30    26     8     0 -9999
2015 06 26 13   161   150 10162    10    36 -9999     0 -9999
2015 06 26 14   167   156 10163    30    41 -9999     0 -9999
2015 06 26 15   178   161 -9999    50    36 -9999     0 -9999
2015 06 26 16   194   156 10151    70    67 -9999     0 -9999
2015 06 26 17   189   156 10157    70    51 -9999     0 -9999
2015 06 26 18   194   156 10156    50    57     8     0 -9999
2015 06 26 19   194   156 10150    40    62 -9999    -1 -9999
2015 06 26 20   178   150 10149    30    62 -9999    -1 -9999
2015 06 26 21   178   150 10149    30    46 -9999    -1 -9999
2015 06 26 22   172   150 10149    50    51 -9999     5 -9999
2015 06 26 23   167   150 10153    30    51 -9999     5 -9999
2015 06 27 00   156   144 10153    20    57     8     2    20
2015 06 27 01   156   139 10154    50    41 -9999     5 -9999
2015 06 27 02   150   139 10153    20    31 -9999     5 -9999
2015 06 27 03   150   133 10156    10    46 -9999     3 -9999
2015 06 27 04   150   133 10154    20    31 -9999    -1 -9999
2015 06 27 05   150   133 10153   340    26 -9999    -1 -9999
2015 06 27 06   156   133 10150    10    31     6     0    20
2015 06 27 07   150   133 10142   360    31 -9999     0 -9999
2015 06 27 08   150   128 10138   350    31 -9999     0 -9999
2015 06 27 09   150   122 10138   360    36 -9999     0 -9999
2015 06 27 10   144   111 10140    10    36 -9999     0 -9999
2015 06 27 11   139   111 10145   350    36 -9999     0 -9999
2015 06 27 12   139   111 10147   360    41     4     0 -9999
2015 06 27 13   161   111 10149   360    46     4     0 -9999
2015 06 27 14   183   117 10152    20    46     4     0 -9999
2015 06 27 15   194   111 10153    30    72     4     0 -9999
2015 06 27 16   200   111 10158    30    51 -9999     0 -9999
2015 06 27 17   217    94 10159    30    62 -9999     0 -9999
2015 06 27 18   211    78 10157    40    46     4     0 -9999
2015 06 27 19   222    78 10155    20    67     4     0 -9999
2015 06 27 20   233    72 10153    40    57     4     0 -9999
2015 06 27 21   233    89 10150    40    62     4     0 -9999
2015 06 27 22   239    72 10148    30    67     4     0 -9999
2015 06 27 23   239    83 10145    30    57     4     0 -9999
2015 06 28 00   228    83 10143    50    41     2     0 -9999
2015 06 28 01   217    94 10140    20    26     2     0 -9999
2015 06 28 02   200    94 10138    40    26     2     0 -9999
2015 06 28 03   183    89 10139    50    26     2     0 -9999
2015 06 28 04   161   111 10139     0     0     0     0 -9999
2015 06 28 05   156   111 10137     0     0     2     0 -9999
2015 06 28 06   144   111 10137     0     0     2     0 -9999
2015 06 28 07   144   106 10135   240    15     2     0 -9999
2015 06 28 08   144   111 10131   260    15     2     0 -9999
2015 06 28 09   144   111 10126     0     0     2     0 -9999
2015 06 28 10   133   106 10128     0     0     2     0 -9999
2015 06 28 11   122   106 10131     0     0     2     0 -9999
2015 06 28 12   161   122 10132     0     0     2     0 -9999
2015 06 28 13   189   117 10134     0     0     4     0 -9999
2015 06 28 14   211    94 10133   130    26 -9999     0 -9999
2015 06 28 15   228    89 10129 -9999    15 -9999     0 -9999
2015 06 28 16   233    83 10125   200    26 -9999     0 -9999
2015 06 28 17   250    94 10120   180    36 -9999     0 -9999
2015 06 28 18   250    94 10116   180    36     6     0 -9999
2015 06 28 19   256    89 10111     0     0 -9999     0 -9999
2015 06 28 20   256   106 10105   220    15 -9999     0 -9999
2015 06 28 21   239   139 10101   230    31 -9999    -1 -9999
2015 06 28 22   239   139 10099   220    31 -9999     0 -9999
2015 06 28 23   239   139 10098   190    36 -9999     0 -9999
2015 06 29 00   217   150 10097   170    36     8    -1    -1
2015 06 29 01   217   139 10096   150    36 -9999    -1 -9999
2015 06 29 02   200   156 10095   220    21 -9999     3 -9999
2015 06 29 03   200   156 10101   220    26 -9999    -1 -9999
2015 06 29 04   189   167 10099     0     0 -9999     3 -9999
2015 06 29 05   189   161 10098     0     0 -9999    -1 -9999
2015 06 29 06   189   156 10094     0     0     8     0     5
2015 06 29 07   183   156 10088     0     0 -9999     0 -9999
2015 06 29 08   183   161 10085     0     0 -9999     0 -9999
2015 06 29 09   183   161 10085     0     0 -9999    -1 -9999
2015 06 29 10   178   167 -9999    80    26 -9999     2 -9999
2015 06 29 11   178   167 10085    30    21 -9999     5 -9999
2015 06 29 12   178   172 10089    50    15     8     5    60
2015 06 29 13   183   172 10093     0     0 -9999    20 -9999
2015 06 29 14   189   172 10093     0     0 -9999    10 -9999
2015 06 29 15   200   167 10092    40    21 -9999     0 -9999
2015 06 29 16   217   178 10090    30    31 -9999     0 -9999
2015 06 29 17   222   167 10090    50    41 -9999     0 -9999
2015 06 29 18   228   161 10088    50    36     8     0    30
2015 06 29 19   239   167 10087    70    41 -9999    -1 -9999
2015 06 29 20   228   161 10085    60    36 -9999     0 -9999
2015 06 29 21   194   178 10088   220    41 -9999    -1 -9999
2015 06 29 22   200   178 10087     0     0 -9999    53 -9999
2015 06 29 23   211   183 10083   170    21 -9999    -1 -9999
2015 06 30 00   211   172 10086     0     0     6     0    50
2015 06 30 01   206   178 10085   230    15 -9999     0 -9999
2015 06 30 02   200   183 10084   220    15     4     0 -9999
2015 06 30 03   189   178 10089   220    15     4     0 -9999
2015 06 30 04   189   178 10084   210    21     4     0 -9999
2015 06 30 05   178   172 10081   190    21 -9999     0 -9999
2015 06 30 06   189   178 10079   230    26 -9999    13    13
2015 06 30 07   183   172 10076   190    15 -9999    43 -9999
2015 06 30 08   183   172 10074   250    15 -9999     0 -9999
2015 06 30 09   183   172 10074   280    31 -9999     0 -9999
2015 06 30 10   172   156 10076   280    26 -9999     0 -9999
2015 06 30 11   167   150 10083   310    26     2     0 -9999
2015 06 30 12   172   156 10086   300    26     2     0    40
2015 06 30 13   178   156 10092   290    31     2     0 -9999
2015 06 30 14   189   150 10095   310    36     2     0 -9999
2015 06 30 15   206   156 10093   290    31     2     0 -9999
2015 06 30 16   217   161 10090   280    36     2     0 -9999
2015 06 30 17   222   161 10094   300    51     4     0 -9999
2015 06 30 18   233   161 10091   310    46     6     0 -9999
2015 06 30 19   244   156 10090   340    57 -9999     0 -9999
2015 06 30 20   244   150 10091   330    41 -9999     0 -9999
2015 06 30 21   239   150 10093   340    62 -9999     0 -9999
2015 06 30 22   217   156 10099    40    62     4     0 -9999
2015 06 30 23   200   144 10102    40    62     4     0 -9999
2015 07 01 00   189   144 10105    60    46     4     0 -9999
2015 07 01 01   178   139 10114    50    46     4     0 -9999
2015 07 01 02   156   128 10120    30    31 -9999     0 -9999
2015 07 01 03   156   122 10126    50    41 -9999     0 -9999
2015 07 01 04   150   117 10129    30    31 -9999     0 -9999
2015 07 01 05   144   111 10128    40    41 -9999     0 -9999
2015 07 01 06   139   106 10130    20    36     2     0 -9999
2015 07 01 07   139   106 10132    10    31 -9999     0 -9999
2015 07 01 08   133   106 10130    30    26 -9999     0 -9999
2015 07 01 09   133   106 10135    30    31 -9999     0 -9999
2015 07 01 10   133   100 10133    50    26 -9999     0 -9999
2015 07 01 11   133   106 10135    30    26 -9999     0 -9999
2015 07 01 12   139   106 10146    40    15     8     0 -9999
2015 07 01 13   139   106 10148    30    15 -9999     0 -9999
2015 07 01 14   150   106 10147 -9999    15 -9999     0 -9999
2015 07 01 15   172   117 10147    40    26 -9999     0 -9999
2015 07 01 16   183   122 10149    50    26 -9999     0 -9999
2015 07 01 17   200   128 10146   360    36 -9999     0 -9999
2015 07 01 18   206   122 10144    50    36     8     0 -9999
2015 07 01 19   189   128 10144    70    36 -9999     0 -9999
2015 07 01 20   183   111 10147    70    51 -9999     0 -9999
2015 07 01 21   172   106 10144    60    46 -9999     0 -9999
2015 07 01 22   167   106 10146    80    46 -9999     0 -9999
2015 07 01 23   161   100 10151    30    41 -9999     0 -9999
2015 07 02 00   150   100 10153    60    51     8     0 -9999
2015 07 02 01   139   100 10156    60    46 -9999     0 -9999
2015 07 02 02   133   100 10157    50    36 -9999     0 -9999
2015 07 02 03   133   100 10158    30    31 -9999     0 -9999
2015 07 02 04   133   100 10158    30    41 -9999     0 -9999
2015 07 02 05   122    94 10158    20    26 -9999     0 -9999
2015 07 02 06   122   100 10155    10    31     2     0 -9999
2015 07 02 07   117   100 10156   360    21     2     0 -9999
2015 07 02 08   117   100 10157    30    26     2     0 -9999
2015 07 02 09   122   106 10152    60    46 -9999     0 -9999
2015 07 02 10   128   111 10149    50    46 -9999     0 -9999
2015 07 02 11   128   111 10148    50    46 -9999     0 -9999
2015 07 02 12   128   117 10160    20    41     8     0 -9999
2015 07 02 13   139   117 10163    40    36 -9999     0 -9999
2015 07 02 14   150   122 10161    50    41 -9999     0 -9999
2015 07 02 15   161   122 10161    40    51 -9999     0 -9999
2015 07 02 16   172   122 10162    60    41 -9999     0 -9999
2015 07 02 17   189   122 10161    40    67     4     0 -9999
2015 07 02 18   200   117 10159    60    57     4     0 -9999
2015 07 02 19   194   117 10159    30    57 -9999     0 -9999
2015 07 02 20   194   117 10153    30    62 -9999     0 -9999
2015 07 02 21   189   117 10154    40    57 -9999     0 -9999
2015 07 02 22   189   117 10154    40    51     4     0 -9999
2015 07 02 23   183   111 10150    50    57     4     0 -9999
2015 07 03 00   172   111 10147    30    36     6     0 -9999
2015 07 03 01   161    94 10151    50    46 -9999     0 -9999
2015 07 03 02   150    94 10153    30    36 -9999     0 -9999
2015 07 03 03   144    94 10159    20    26 -9999     0 -9999
2015 07 03 04   144    89 10157    20    21 -9999     0 -9999
2015 07 03 05   139    89 10157    10    21 -9999     0 -9999
2015 07 03 06   139    89 10156   360    15     8     0 -9999
2015 07 03 07   133    89 10149   360    21 -9999     0 -9999
2015 07 03 08   133    94 10147   360    15 -9999     0 -9999
2015 07 03 09   128   100 10145     0     0 -9999     0 -9999
2015 07 03 10   133   106 10145   340    21 -9999     0 -9999
2015 07 03 11   139   111 10146   360    26 -9999     0 -9999
2015 07 03 12   150   122 10150    10    15     6     0 -9999
2015 07 03 13   161   128 10152     0     0 -9999     0 -9999
2015 07 03 14   189   133 10152    90    15 -9999     0 -9999
2015 07 03 15   200   133 10150    90    21 -9999     0 -9999
2015 07 03 16   217   133 10147    70    21 -9999     0 -9999
2015 07 03 17   228   122 10146   120    26 -9999     0 -9999
2015 07 03 18   239   122 10145   100    21     8     0 -9999
2015 07 03 19   233   117 10141 -9999    15 -9999     0 -9999
2015 07 03 20   244   122 10136    50    31 -9999     0 -9999
2015 07 03 21   244   122 10133    60    31 -9999     0 -9999
2015 07 03 22   239   117 10129    70    36 -9999     0 -9999
2015 07 03 23   233   122 10127    80    31 -9999     0 -9999
2015 07 04 00   228   117 10127    80    31     4     0 -9999
2015 07 04 01   211    94 10127   100    31 -9999     0 -9999
2015 07 04 02   189   111 10128   140    21 -9999     0 -9999
2015 07 04 03   178   117 10133   140    26 -9999     0 -9999
2015 07 04 04   178   122 10135   180    15 -9999     0 -9999
2015 07 04 05   178   122 10138     0     0     4     0 -9999
2015 07 04 06   167   133 10141     0     0     2     0 -9999
2015 07 04 07   167   122 10139     0     0     2     0 -9999
2015 07 04 08   161   128 10138     0     0     0     0 -9999
2015 07 04 09   161   122 10139   250    15     0     0 -9999
2015 07 04 10   156   122 10141   270    26     0     0 -9999
2015 07 04 11   156   128 10144   280    26     2     0 -9999
2015 07 04 12   172   139 10149   310    15     0     0 -9999
2015 07 04 13   194   133 10150   310    21     0     0 -9999
2015 07 04 14   217   128 10151   320    15     0     0 -9999
2015 07 04 15   228   128 10154   290    26     0     0 -9999
2015 07 04 16   244   128 10157   290    15     0     0 -9999
2015 07 04 17   244   122 10158   170    26     0     0 -9999
2015 07 04 18   261   133 10155   270    31     2     0 -9999
2015 07 04 19   267   133 10154     0     0     2     0 -9999
2015 07 04 20   261   128 10153 -9999    21     2     0 -9999
2015 07 04 21   272   117 10151     0     0     2     0 -9999
2015 07 04 22   267   128 10151   250    31     2     0 -9999
2015 07 04 23   267   128 10148   280    36     2     0 -9999
2015 07 05 00   256   133 10146   240    21     2     0 -9999
2015 07 05 01   239   139 10149    90    36     0     0 -9999
2015 07 05 02   228   133 10153   100    36     0     0 -9999
2015 07 05 03   200   139 10161   150    26     2     0 -9999
2015 07 05 04   194   139 10165   150    26     2     0 -9999
2015 07 05 05   194   139 10165     0     0     2     0 -9999
2015 07 05 06   194   133 10166   140    21     2     0 -9999
2015 07 05 07   189   139 10169     0     0     2     0 -9999
2015 07 05 08   172   139 10173     0     0     2     0 -9999
2015 07 05 09   167   150 10175     0     0     2     0 -9999
2015 07 05 10   156   139 10174     0     0     0     0 -9999
2015 07 05 11   167   144 10178     0     0     0     0 -9999
2015 07 05 12   178   156 10184     0     0     0     0 -9999
2015 07 05 13   206   156 10186   260    15     0     0 -9999
2015 07 05 14   233   161 10183   180    15     0     0 -9999
2015 07 05 15   250   156 10183   230    26     0     0 -9999
2015 07 05 16   256   150 10181   210    41     4     0 -9999
2015 07 05 17   267   156 10180   180    46     4     0 -9999
2015 07 05 18   267   156 10177   190    31     2     0 -9999
2015 07 05 19   278   150 10172     0     0     2     0 -9999
2015 07 05 20   278   156 10169   170    31     2     0 -9999
2015 07 05 21   278   150 10168   190    41     2     0 -9999
2015 07 05 22   278   156 10164   160    46     2     0 -9999
2015 07 05 23   272   156 10163   210    36     2     0 -9999
2015 07 06 00   261   167 10162   180    36     2     0 -9999
2015 07 06 01   256   156 10159   190    41     0     0 -9999
2015 07 06 02   233   156 10157   190    31     0     0 -9999
2015 07 06 03   228   161 10161   190    31     0     0 -9999
2015 07 06 04   222   161 10156   180    31     0     0 -9999
2015 07 06 05   206   161 10153   190    31     0     0 -9999
2015 07 06 06   200   161 10152   180    26     0     0 -9999
2015 07 06 07   206   167 10153   190    31     0     0 -9999
2015 07 06 08   206   167 10160     0     0     0     0 -9999
2015 07 06 09   189   167 10157   260    15     4     0 -9999
2015 07 06 10   183   167 10144   170    26     2     0 -9999
2015 07 06 11   189   172 10149   180    26     4     0 -9999
2015 07 06 12   206   183 10153   170    26     0     0 -9999
2015 07 06 13   222   183 10147   170    36     2     0 -9999
2015 07 06 14   244   194 10146   170    46     4     0 -9999
2015 07 06 15   256   206 10145   200    41     4     0 -9999
2015 07 06 16   267   200 10143   200    67 -9999     0 -9999
2015 07 06 17   278   206 10135   190    67 -9999     0 -9999
2015 07 06 18   283   211 10125   210    67     6     0 -9999
2015 07 06 19   272   194 -9999   280   113 -9999     0 -9999
2015 07 06 20   228   206 10125 -9999    15 -9999    13 -9999
2015 07 06 21   244   211 10121   160    36 -9999    -1 -9999
2015 07 06 22   261   206 10108   200    36 -9999     0 -9999
2015 07 06 23   272   222 10103   180    62 -9999     0 -9999
2015 07 07 00   261   206 10099   180    46     6     0    10
2015 07 07 01   261   200 10097   200    51 -9999    -1 -9999
2015 07 07 02   233   217 -9999   250    77 -9999     2 -9999
2015 07 07 03   228   206 10106   200    62 -9999    36 -9999
2015 07 07 04   217   200 10106   280    62 -9999     3 -9999
2015 07 07 05   217   206 10104   260    51 -9999    56 -9999
2015 07 07 06   217   206 10094   250    31     8     5   110
2015 07 07 07   217   206 10097   240    36 -9999     0 -9999
2015 07 07 08   217   200 10099   240    31 -9999     0 -9999
2015 07 07 09   217   206 10100   280    26 -9999     0 -9999
2015 07 07 10   156   144 10113    20   103 -9999    -1 -9999
2015 07 07 11   150   139 10124    20    93 -9999    20 -9999
2015 07 07 12   144   133 10134    30    82     8    41    60
2015 07 07 13   144   128 10142    20    67 -9999     8 -9999
2015 07 07 14   150   111 10150    20    88 -9999     0 -9999
2015 07 07 15   161   111 10154    30    77 -9999     0 -9999
2015 07 07 16   178    94 10156    30    88 -9999     0 -9999
2015 07 07 17   194    94 10158    10    93 -9999     0 -9999
2015 07 07 18   194    78 10162    40   113     4     0     8
2015 07 07 19   194    78 10165    30    88     4     0 -9999
2015 07 07 20   194    83 10169    40    72 -9999     0 -9999
2015 07 07 21   189    83 10171    50    77     4     0 -9999
2015 07 07 22   183    83 10178    50    77     2     0 -9999
2015 07 07 23   172    83 10179    50    62     2     0 -9999
2015 07 08 00   172    78 10183    40    57     2     0 -9999
2015 07 08 01   161    78 10184    40    57     2     0 -9999
2015 07 08 02   144    72 10186    40    41     4     0 -9999
2015 07 08 03   139    78 10193    20    31 -9999     0 -9999
2015 07 08 04   133    78 10195   360    26 -9999     0 -9999
2015 07 08 05   133    83 10194    10    26 -9999     0 -9999
2015 07 08 06   128    89 10193   360    31     6     0 -9999
2015 07 08 07   128    89 10192   360    31 -9999     0 -9999
2015 07 08 08   122    89 10193    20    31 -9999     0 -9999
2015 07 08 09   122    89 10191    20    26 -9999     0 -9999
2015 07 08 10   122    94 10193    20    15 -9999     0 -9999
2015 07 08 11   122   100 10197   360    26 -9999     0 -9999
2015 07 08 12   133   106 10196    30    26     8     0 -9999
2015 07 08 13   150   117 10196    50    41 -9999     0 -9999
2015 07 08 14   161   111 10197    70    41 -9999     0 -9999
2015 07 08 15   172   117 10198    80    36 -9999     0 -9999
2015 07 08 16   178   117 10192    90    41 -9999     0 -9999
2015 07 08 17   183   117 10191    80    36 -9999     0 -9999
2015 07 08 18   178   122 10185    80    41     8     0 -9999
2015 07 08 19   189   122 10181    60    41 -9999     0 -9999
2015 07 08 20   189   117 10176    80    31 -9999     0 -9999
2015 07 08 21   183   117 10174    90    36 -9999     0 -9999
2015 07 08 22   178   122 10165    80    36 -9999    -1 -9999
2015 07 08 23   178   122 10154    90    36 -9999    -1 -9999
2015 07 09 00   167   133 10158    30    21     8     2 -9999
2015 07 09 01   156   139 -9999    50    26 -9999    -1 -9999
2015 07 09 02   156   139 10154    30    26 -9999     3 -9999
2015 07 09 03   150   139 10152    10    46 -9999     5 -9999
2015 07 09 04   150   139 10144    20    41 -9999     5 -9999
2015 07 09 05   150   144 10133    30    46 -9999    -1 -9999
2015 07 09 06   156   150 10124    40    46     8    -1    20
2015 07 09 07   156   150 10117    30    41 -9999    -1 -9999
2015 07 09 08   156   144 10115    20    46 -9999     0 -9999
2015 07 09 09   144   139 10118    10    51 -9999    -1 -9999
2015 07 09 10   144   139 10125    10    51 -9999    -1 -9999
2015 07 09 11   144   144 10134   360    46 -9999    -1 -9999
2015 07 09 12   150   144 10143   360    46 -9999    -1    -1
2015 07 09 13   156   133 10148   350    31 -9999    -1 -9999
2015 07 09 14   156   122 10157   340    51 -9999     0 -9999
2015 07 09 15   167   128 10159   340    41 -9999     0 -9999
2015 07 09 16   183   133 10162   360    41 -9999     0 -9999
2015 07 09 17   206   133 10163   330    26 -9999     0 -9999
2015 07 09 18   194   133 10164   300    26     8    -1    -1
2015 07 09 19   217   128 10163     0     0 -9999    -1 -9999
2015 07 09 20   233   117 10163   320    21 -9999     0 -9999
2015 07 09 21   244   122 10163   330    36     4     0 -9999
2015 07 09 22   244   100 10161   350    15     4     0 -9999
2015 07 09 23   244   100 10163   360    15     2     0 -9999
2015 07 10 00   217   133 10170    90    46     2     0     0
2015 07 10 01   200   133 10170   130    31     4     0 -9999
2015 07 10 02   178   133 10170   150    31     4     0 -9999
2015 07 10 03   167   133 10178   140    26     4     0 -9999
2015 07 10 04   172   133 10178   190    21 -9999     0 -9999
2015 07 10 05   172   133 10175   190    21     4     0 -9999
2015 07 10 06   156   133 10176     0     0     2     0 -9999
2015 07 10 07   150   139 10174     0     0     4     0 -9999
2015 07 10 08   161   150 10178     0     0     2     0 -9999
2015 07 10 09   161   156 10177     0     0     2     0 -9999
2015 07 10 10   161   150 10183     0     0 -9999     0 -9999
2015 07 10 11   161   150 10188   260    15 -9999     0 -9999
2015 07 10 12   172   156 10194     0     0     6     0 -9999
2015 07 10 13   194   144 10194   280    15     4     0 -9999
2015 07 10 14   211   144 10197   310    26 -9999     0 -9999
2015 07 10 15   233   144 10197    20    21 -9999     0 -9999
2015 07 10 16   239   128 10197     0     0 -9999     0 -9999
2015 07 10 17   244   139 10197   350    26 -9999     0 -9999
2015 07 10 18   256   128 10197 -9999    21     6     0 -9999
2015 07 10 19   267   117 10194     0     0     4     0 -9999
2015 07 10 20   267   117 10188     0     0 -9999     0 -9999
2015 07 10 21   278   122 10183    50    36     4     0 -9999
2015 07 10 22   267   133 10183    90    46     4     0 -9999
2015 07 10 23   250   122 10183    90    46     4     0 -9999
2015 07 11 00   244   122 10184    90    41     4     0 -9999
2015 07 11 01   228   122 10186   100    31     4     0 -9999
2015 07 11 02   200   128 10189   160    36     4     0 -9999
2015 07 11 03   206   122 10197   150    21 -9999     0 -9999
2015 07 11 04   206   117 10200   210    15     4     0 -9999
2015 07 11 05   194   128 10198     0     0     4     0 -9999
2015 07 11 06   183   133 10196     0     0     2     0 -9999
2015 07 11 07   172   128 10195   140    15     2     0 -9999
2015 07 11 08   178   128 10195     0     0     2     0 -9999
2015 07 11 09   172   133 10197     0     0     2     0 -9999
2015 07 11 10   167   133 10199     0     0     4     0 -9999
2015 07 11 11   167   139 10199     0     0 -9999     0 -9999
2015 07 11 12   189   150 10208   240    15     8     0 -9999
2015 07 11 13   211   156 10207     0     0 -9999     0 -9999
2015 07 11 14   228   156 10207   210    21 -9999     0 -9999
2015 07 11 15   239   156 10209   180    26 -9999     0 -9999
2015 07 11 16   244   156 10210   190    36 -9999     0 -9999
2015 07 11 17   250   150 10206   190    26 -9999     0 -9999
2015 07 11 18   250   156 10202   190    51     8     0 -9999
2015 07 11 19   250   156 10193   180    21 -9999     0 -9999
2015 07 11 20   250   144 10187   160    36 -9999     0 -9999
2015 07 11 21   233   161 10189   190    46 -9999    -1 -9999
2015 07 11 22   228   178 10182   140    31 -9999     5 -9999
2015 07 11 23   228   183 10179   160    31 -9999    -1 -9999
2015 07 12 00   217   178 10176   160    31     8    -1     5
2015 07 12 01   222   172 10170   130    31 -9999     3 -9999
2015 07 12 02   222   172 10168   140    36 -9999     0 -9999
2015 07 12 03   222   172 10165   120    26 -9999     0 -9999
2015 07 12 04   217   183 10163   140    31 -9999     0 -9999
2015 07 12 05   206   194 10161   130    21 -9999    -1 -9999
2015 07 12 06   211   189 10159   130    21     8     0     3
2015 07 12 07   206   194 10156   140    31 -9999    -1 -9999
2015 07 12 08   206   194 10152   140    21 -9999     0 -9999
2015 07 12 09   211   189 10154    60    15 -9999     0 -9999
2015 07 12 10   206   189 10157   360    15 -9999     0 -9999
2015 07 12 11   206   189 10157    80    15 -9999     0 -9999
2015 07 12 12   206   189 10160    30    26     8     0     0
2015 07 12 13   206   189 10162    80    21 -9999     0 -9999
2015 07 12 14   222   189 -9999   100    21 -9999     0 -9999
2015 07 12 15   228   183 10154     0     0 -9999     0 -9999
2015 07 12 16   244   189 10150    50    36 -9999     0 -9999
2015 07 12 17   250   189 10151     0     0 -9999     0 -9999
2015 07 12 18   261   183 10149    60    31     6     0 -9999
2015 07 12 19   267   189 10143   110    21 -9999     0 -9999
2015 07 12 20   278   189 10140   100    36     4     0 -9999
2015 07 12 21   278   189 10135    90    36     4     0 -9999
2015 07 12 22   278   194 10130   140    36     4     0 -9999
2015 07 12 23   278   194 10127   130    41     4     0 -9999
2015 07 13 00   267   194 10123   130    41     2     0 -9999
2015 07 13 01   250   194 10124   140    46     4     0 -9999
2015 07 13 02   239   194 10126   140    46 -9999     0 -9999
2015 07 13 03   233   189 10127   140    41     4     0 -9999
2015 07 13 04   228   194 10120   150    26     4     0 -9999
2015 07 13 05   239   200 10117   170    36 -9999     0 -9999
2015 07 13 06   239   206 10110   160    31     8     0 -9999
2015 07 13 07   233   200 10103   170    41 -9999     0 -9999
2015 07 13 08   228   194 10090   170    46 -9999     0 -9999
2015 07 13 09   222   194 10078   170    51 -9999     0 -9999
2015 07 13 10   222   194 10076   180    41 -9999     0 -9999
2015 07 13 11   222   194 10071   190    36 -9999     0 -9999
2015 07 13 12   200   189 10098   360    51     8    17    70
2015 07 13 13   200   189 10079   120    57 -9999    10 -9999
2015 07 13 14   206   189 10068   120    26 -9999    -1 -9999
2015 07 13 15   211   194 10066   140    41 -9999     0 -9999
2015 07 13 16   233   194 10065   190    51 -9999     0 -9999
2015 07 13 17   250   206 10055   190    51 -9999     0 -9999
2015 07 13 18   256   206 10056   200    31     6    -1    30
2015 07 13 19   278   217 10051   210    41     2     0 -9999
2015 07 13 20   289   217 10045   230    31     4     0 -9999
2015 07 13 21   294   217 10039   220    57     4     0 -9999
2015 07 13 22   283   228 10031   210    46 -9999     0 -9999
2015 07 13 23   289   239 10023   220    36 -9999     0 -9999
2015 07 14 00   294   250 10017   200    31     6     0    -1
2015 07 14 01   289   250 10008   240    21 -9999     0 -9999
2015 07 14 02   283   244 -9999   210    36 -9999     0 -9999
2015 07 14 03   260   160 10007   220    46 -9999     0 -9999
2015 07 14 04   233   178 10016   270    72 -9999     3 -9999
2015 07 14 05   233   183 10001   290    41     2    -1 -9999
2015 07 14 06   233   178 10003   280    51     0     0     3
2015 07 14 07   228   189 10004   270    41     2     0 -9999
2015 07 14 08   228   194 10001   290    41 -9999     0 -9999
2015 07 14 09   228   194 10006   290    31     4     0 -9999
2015 07 14 10   228   194 10007   280    36     2     0 -9999
2015 07 14 11   222   194 10011   280    31     2     0 -9999
2015 07 14 12   228   194 10015   280    36     2     0 -9999
2015 07 14 13   239   189 10020   300    62     2     0 -9999
2015 07 14 14   250   183 10025   310    62     4     0 -9999
2015 07 14 15   250   178 10031   320    72 -9999     0 -9999
2015 07 14 16   250   178 10037   330    67 -9999     0 -9999
2015 07 14 17   261   178 10040   340    72 -9999     0 -9999
2015 07 14 18   261   183 10046   340    51     6     0 -9999
2015 07 14 19   278   178 10048   330    62 -9999     0 -9999
2015 07 14 20   250   189 -9999    50    57 -9999     0 -9999
2015 07 14 21   222   178 10068    50    67 -9999     0 -9999
2015 07 14 22   228   178 10075    30    67 -9999     0 -9999
2015 07 14 23   222   167 10080    40    72 -9999     0 -9999
2015 07 15 00   211   161 10086    30    72     4     0 -9999
2015 07 15 01   194   150 10092    20    62     2     0 -9999
2015 07 15 02   178   133 10097    30    62     4     0 -9999
2015 07 15 03   172   122 10113    30    57     2     0 -9999
2015 07 15 04   172   100 10121    10    51     2     0 -9999
2015 07 15 05   167    94 10129    10    57     2     0 -9999
2015 07 15 06   161    89 10128    20    51     4     0 -9999
2015 07 15 07   161    94 10130    30    62     2     0 -9999
2015 07 15 08   156   100 10133    30    41     2     0 -9999
2015 07 15 09   156   106 10138    20    31     4     0 -9999
2015 07 15 10   156   106 10139    30    41     2     0 -9999
2015 07 15 11   150   111 10139    30    41     2     0 -9999
2015 07 15 12   156   111 10148    30    36     4     0 -9999
2015 07 15 13   172   122 10156    20    41     4     0 -9999
2015 07 15 14   183   128 10159    20    36     4     0 -9999
2015 07 15 15   194   133 10160   360    41 -9999     0 -9999
2015 07 15 16   206   139 10159    40    41 -9999     0 -9999
2015 07 15 17   217   144 10161    40    46     4     0 -9999
2015 07 15 18   222   139 10165    40    41     4     0 -9999
2015 07 15 19   228   122 10169    30    41 -9999     0 -9999
2015 07 15 20   233   111 10170    30    31 -9999     0 -9999
2015 07 15 21   233   106 10166    60    46 -9999     0 -9999
2015 07 15 22   222    94 10167    40    46 -9999     0 -9999
2015 07 15 23   211    94 10165    80    41 -9999     0 -9999
2015 07 16 00   206    72 10161    50    46     8     0 -9999
2015 07 16 01   194    78 10163    70    36 -9999     0 -9999
2015 07 16 02   183    78 10160    60    41 -9999     0 -9999
2015 07 16 03   172    83 10166    60    31 -9999     0 -9999
2015 07 16 04   167   100 10166    70    31 -9999     0 -9999
2015 07 16 05   161   117 10170    70    15 -9999     0 -9999
2015 07 16 06   161   122 10166 -9999    15     8     0 -9999
2015 07 16 07   144   122 10170   350    15 -9999     0 -9999
2015 07 16 08   156   128 10163    60    15 -9999     0 -9999
2015 07 16 09   161   122 10164     0     0 -9999     0 -9999
2015 07 16 10   167   133 10162    80    21 -9999     0 -9999
2015 07 16 11   167   133 10164   100    15 -9999     0 -9999
2015 07 16 12   178   139 10162     0     0     8     0 -9999
2015 07 16 13   183   150 10161   140    21 -9999     0 -9999
2015 07 16 14   200   156 10165   180    26 -9999    -1 -9999
2015 07 16 15   183   161 10169   200    36 -9999     3 -9999
2015 07 16 16   200   167 10162   150    36 -9999     0 -9999
2015 07 16 17   211   167 10157   160    41 -9999    -1 -9999
2015 07 16 18   211   161 10147   150    62     8     0     3
2015 07 16 19   217   161 10137   160    62 -9999    -1 -9999
2015 07 16 20   228   161 10109   140    82 -9999     0 -9999
2015 07 16 21   233   167 10117   160    62 -9999     0 -9999
2015 07 16 22   233   183 10120   150    15 -9999    -1 -9999
2015 07 16 23   211   194 -9999   130    31 -9999    17 -9999
2015 07 17 00   211   200 10105   130    62     8    41    80
2015 07 17 01   200   189 10105    80    41 -9999    -1 -9999
2015 07 17 02   200   189 10101   110    51 -9999    30 -9999
2015 07 17 03   206   194 -9999   110    46 -9999    25 -9999
2015 07 17 04   211   206 -9999     0     0 -9999     2 -9999
2015 07 17 05   217   211 10085   180    21 -9999    -1 -9999
2015 07 17 06   222   211 10083   190    36     8     0   160
2015 07 17 07   228   217 10076   210    41 -9999     0 -9999
2015 07 17 08   228   217 10073   220    51 -9999     0 -9999
2015 07 17 09   228   217 10070   230    31 -9999     0 -9999
2015 07 17 10   222   217 10068   210    15 -9999     0 -9999
2015 07 17 11   217   211 10075   190    26 -9999     0 -9999
2015 07 17 12   228   211 10075   210    46     4     0 -9999
2015 07 17 13   244   217 10081   240    46     2     0 -9999
2015 07 17 14   256   222 10082   240    51     4     0 -9999
2015 07 17 15   272   228 10081   270    36     2     0 -9999
2015 07 17 16   289   233 10080   270    46     4     0 -9999
2015 07 17 17   300   239 10078   260    41     4     0 -9999
2015 07 17 18   311   233 10079   250    36     4     0 -9999
2015 07 17 19   311   228 10080   230    36     4     0 -9999
2015 07 17 20   328   222 10075   270    46     4     0 -9999
2015 07 17 21   322   228 10067   240    41     4     0 -9999
2015 07 17 22   317   228 10073   220    26     4     0 -9999
2015 07 17 23   272   228 10074   280    72 -9999    13 -9999
2015 07 18 00   283   206 10073   320    15     6     3    20
2015 07 18 01   278   211 10076   240    15     4     0 -9999
2015 07 18 02   267   211 10084     0     0     4     0 -9999
2015 07 18 03   261   211 10090   170    21     4     0 -9999
2015 07 18 04   250   211 10093   140    31     2     0 -9999
2015 07 18 05   250   222 10096   180    36     4     0 -9999
2015 07 18 06   250   222 10100   200    46     2     0 -9999
2015 07 18 07   250   206 10104   240    46     4     0 -9999
2015 07 18 08   244   206 10094   290    15     2     0 -9999
2015 07 18 09   228   211 10091   160    21     2     0 -9999
2015 07 18 10   233   217 10091   180    31 -9999     0 -9999
2015 07 18 11   233   211 10097   200    26 -9999     0 -9999
2015 07 18 12   239   217 10100   180    26     6     0 -9999
2015 07 18 13   261   233 10103   230    26 -9999     0 -9999
2015 07 18 14   272   239 10107   270    36 -9999     0 -9999
2015 07 18 15   278   239 10102   350    15 -9999     0 -9999
2015 07 18 16   256   217 10113    70    72 -9999     0 -9999
2015 07 18 17   267   206 10110   120    77     4     0 -9999
2015 07 18 18   289   222 10100   120    51     6     0 -9999
2015 07 18 19   306   239 10090   180    51 -9999     0 -9999
2015 07 18 20   300   244 10078   190    62 -9999    -1 -9999
2015 07 18 21   244   217 10089     0     0 -9999   124 -9999
2015 07 18 22   239   217 10109    10    77 -9999    -1 -9999
2015 07 18 23   256   222 10097     0     0     4    13 -9999
2015 07 19 00   261   222 10095   180    36     4     0   140
2015 07 19 01   261   228 10097   170    36     4     0 -9999
2015 07 19 02   250   222 10098   180    36     4     0 -9999
2015 07 19 03   250   222 10101   190    36     2     0 -9999
2015 07 19 04   250   228 10102   200    21     2     0 -9999
2015 07 19 05   261   222 10104   240    41     0     0 -9999
2015 07 19 06   256   211 10105   250    46     0     0 -9999
2015 07 19 07   256   217 10103   250    57     0     0 -9999
2015 07 19 08   250   222 10101   250    31     2     0 -9999
2015 07 19 09   244   222 10101   250    31     2     0 -9999
2015 07 19 10   239   222 10102   290    31     4     0 -9999
2015 07 19 11   244   222 10105   300    31 -9999     0 -9999
2015 07 19 12   244   222 10108   300    36     6     0 -9999
2015 07 19 13   261   222 10113   340    36 -9999     0 -9999
2015 07 19 14   256   206 10119   340    57 -9999     0 -9999
2015 07 19 15   272   206 10124     0     0 -9999     0 -9999
2015 07 19 16   278   217 10124   280    31 -9999     0 -9999
2015 07 19 17   283   211 10122   250    41 -9999     0 -9999
2015 07 19 18   289   206 10121   280    57     8     0 -9999
2015 07 19 19   283   189 10119   260    82 -9999     0 -9999
2015 07 19 20   294   189 10113   310    67 -9999     0 -9999
2015 07 19 21   283   167 10108   290    67 -9999     0 -9999
2015 07 19 22   283   161 10108   340    51 -9999     0 -9999
2015 07 19 23   272   156 10103   300    51 -9999     0 -9999
2015 07 20 00   272   161 10101    20    41     6     0 -9999
2015 07 20 01   261   139 10106   340    36 -9999     0 -9999
2015 07 20 02   239   150 10113   270    15     4     0 -9999
2015 07 20 03   222   161 10118   260    15     2     0 -9999
2015 07 20 04   217   161 10117   270    15     2     0 -9999
2015 07 20 05   206   161 10118     0     0     2     0 -9999
2015 07 20 06   183   161 10120     0     0     0     0 -9999
2015 07 20 07   194   167 10116   280    21     0     0 -9999
2015 07 20 08   189   161 10112   280    26     2     0 -9999
2015 07 20 09   183   161 10107   290    21     4     0 -9999
2015 07 20 10   183   161 10105   250    21 -9999     0 -9999
2015 07 20 11   178   161 10100     0     0     4     0 -9999
2015 07 20 12   194   167 10102   260    21     6     0 -9999
2015 07 20 13   211   167 10100   260    15 -9999     0 -9999
2015 07 20 14   250   167 10096   270    46 -9999     0 -9999
2015 07 20 15   261   167 10098   260    57 -9999     0 -9999
2015 07 20 16   261   161 10098   270    57 -9999     0 -9999
2015 07 20 17   272   167 10094   250    57 -9999     0 -9999
2015 07 20 18   278   167 10087   250    62     6     0 -9999
2015 07 20 19   289   172 10082   250    57 -9999     0 -9999
2015 07 20 20   289   178 10073   260    57 -9999     0 -9999
2015 07 20 21   283   183 10072   250    67 -9999     0 -9999
2015 07 20 22   278   189 10069   280    51 -9999    -1 -9999
2015 07 20 23   272   206 10069   290    21 -9999     0 -9999
2015 07 21 00   267   200 10067   250    51     6     0     0
2015 07 21 01   261   206 10065   260    41     4     0 -9999
2015 07 21 02   256   200 10065   280    31     4     0 -9999
2015 07 21 03   250   200 10072   290    36     2     0 -9999
2015 07 21 04   239   194 10074   300    26     2     0 -9999
2015 07 21 05   233   189 10078   310    36     4     0 -9999
2015 07 21 06   228   167 10080   320    36     6     0 -9999
2015 07 21 07   228   156 10080   330    57 -9999     0 -9999
2015 07 21 08   211   150 10080   340    51     2     0 -9999
2015 07 21 09   200   150 10087   350    46     2     0 -9999
2015 07 21 10   194   150 10093   350    41     2     0 -9999
2015 07 21 11   189   144 10099   350    31     2     0 -9999
2015 07 21 12   194   150 10105   350    36     0     0 -9999
2015 07 21 13   211   139 10113   360    36     0     0 -9999
2015 07 21 14   228   122 10117   350    51     0     0 -9999
2015 07 21 15   239   100 10121   360    51     2     0 -9999
2015 07 21 16   244   106 10128   350    31     2     0 -9999
2015 07 21 17   256   106 10128   330    62     2     0 -9999
2015 07 21 18   261   100 10125   330    46     2     0 -9999
2015 07 21 19   267   106 10123   330    41     2     0 -9999
2015 07 21 20   267   100 10122   360    51     4     0 -9999
2015 07 21 21   272   117 10119   340    41     4     0 -9999
2015 07 21 22   267   117 10120   360    62     4     0 -9999
2015 07 21 23   256   122 10118   320    62     4     0 -9999
2015 07 22 00   256   122 10116   340    31     4     0 -9999
2015 07 22 01   239   128 10118   310    36     4     0 -9999
2015 07 22 02   222   133 10124   300    26     2     0 -9999
2015 07 22 03   239   128 10130     0     0     2     0 -9999
2015 07 22 04   206   150 10133     0     0     2     0 -9999
2015 07 22 05   206   139 10137   220    15     2     0 -9999
2015 07 22 06   200   144 10136   230    15     6     0 -9999
2015 07 22 07   194   156 10137   260    26 -9999     0 -9999
2015 07 22 08   200   144 10139   300    21 -9999     0 -9999
2015 07 22 09   194   150 10140   310    26 -9999     0 -9999
2015 07 22 10   183   139 10141   310    26     2     0 -9999
2015 07 22 11   183   144 10144   290    21     4     0 -9999
2015 07 22 12   206   144 10145   350    15     6     0 -9999
2015 07 22 13   217   144 10147     0     0 -9999     0 -9999
2015 07 22 14   233   139 10149     0     0 -9999     0 -9999
2015 07 22 15   256   128 10149     0     0 -9999     0 -9999
2015 07 22 16   256   111 10152   310    36 -9999     0 -9999
2015 07 22 17   256   117 10150   260    26 -9999     0 -9999
2015 07 22 18   278   117 10148 -9999    15     6     0 -9999
2015 07 22 19   261   122 10145   270    31 -9999     0 -9999
2015 07 22 20   278   122 10140 -9999    21 -9999     0 -9999
2015 07 22 21   267   128 10136   100    41 -9999     0 -9999
2015 07 22 22   261   122 10139    90    36 -9999     0 -9999
2015 07 22 23   261   117 10138    80    36 -9999     0 -9999
2015 07 23 00   256   117 10136    90    31     8     0 -9999
2015 07 23 01   239   117 10135   110    36 -9999     0 -9999
2015 07 23 02   217   128 10138   150    36 -9999     0 -9999
2015 07 23 03   217   122 10144   170    15 -9999     0 -9999
2015 07 23 04   211   128 10147   170    21 -9999     0 -9999
2015 07 23 05   211   122 10151   200    15     4     0 -9999
2015 07 23 06   200   128 10153     0     0     2     0 -9999
2015 07 23 07   183   133 10151     0     0     4     0 -9999
2015 07 23 08   189   139 10149     0     0     2     0 -9999
2015 07 23 09   183   133 10150     0     0     2     0 -9999
2015 07 23 10   178   139 10154     0     0     2     0 -9999
2015 07 23 11   178   144 10157     0     0     2     0 -9999
2015 07 23 12   200   156 10159     0     0     2     0 -9999
2015 07 23 13   233   156 10161   340    21     0     0 -9999
2015 07 23 14   256   150 10163    20    21     0     0 -9999
2015 07 23 15   256   144 10162     0     0     0     0 -9999
2015 07 23 16   272   133 10161   310    21     4     0 -9999
2015 07 23 17   283   133 10160   350    26 -9999     0 -9999
2015 07 23 18   289   133 10160 -9999    15     6     0 -9999
2015 07 23 19   289   133 10158   140    15 -9999     0 -9999
2015 07 23 20   272   150 10154    90    31 -9999     0 -9999
2015 07 23 21   278   150 10152   100    36 -9999     0 -9999
2015 07 23 22   283   150 10150    90    46     4     0 -9999
2015 07 23 23   278   144 10147    70    41     4     0 -9999
2015 07 24 00   272   144 10146    90    41     2     0 -9999
2015 07 24 01   261   139 10148    90    41     2     0 -9999
2015 07 24 02   239   139 10151   120    21     2     0 -9999
2015 07 24 03   217   144 10155   150    26     2     0 -9999
2015 07 24 04   217   144 10155   180    21     0     0 -9999
2015 07 24 05   211   144 10156   190    15     0     0 -9999
2015 07 24 06   200   161 10158     0     0     0     0 -9999
2015 07 24 07   200   150 10158     0     0     2     0 -9999
2015 07 24 08   200   156 10161     0     0     0     0 -9999
2015 07 24 09   183   156 10160     0     0     0     0 -9999
2015 07 24 10   189   156 10160     0     0     0     0 -9999
2015 07 24 11   189   161 10165     0     0     2     0 -9999
2015 07 24 12   206   172 10164     0     0     2     0 -9999
2015 07 24 13   233   172 10165     0     0     4     0 -9999
2015 07 24 14   256   167 10166   210    21 -9999     0 -9999
2015 07 24 15   261   167 10171   240    21 -9999     0 -9999
2015 07 24 16   272   156 10166   190    31 -9999     0 -9999
2015 07 24 17   278   156 10168 -9999    21 -9999     0 -9999
2015 07 24 18   283   150 10162   220    57     6     0 -9999
2015 07 24 19   283   156 10154   220    62 -9999     0 -9999
2015 07 24 20   278   156 10135   190    72 -9999     0 -9999
2015 07 24 21   278   167 10130   200    72 -9999     0 -9999
2015 07 24 22   278   167 10133   200    57 -9999     0 -9999
2015 07 24 23   278   172 10135   220    51 -9999     0 -9999
2015 07 25 00   278   167 10134   230    46     4     0 -9999
2015 07 25 01   267   172 10133   230    51     2     0 -9999
2015 07 25 02   256   172 10131   210    46     2     0 -9999
2015 07 25 03   244   172 10131   200    26     2     0 -9999
2015 07 25 04   239   172 10132   200    26     2     0 -9999
2015 07 25 05   233   178 10131   200    26     2     0 -9999
2015 07 25 06   233   183 10131   210    36     2     0 -9999
2015 07 25 07   233   183 10126   220    26     4     0 -9999
2015 07 25 08   233   183 10118   220    36 -9999     0 -9999
2015 07 25 09   228   189 10120   240    36     2     0 -9999
2015 07 25 10   222   189 10125   250    21 -9999     0 -9999
2015 07 25 11   222   189 10129   230    15 -9999     0 -9999
2015 07 25 12   222   194 10126 -9999    21     4     0 -9999
2015 07 25 13   244   200 10127   270    41 -9999     0 -9999
2015 07 25 14   261   211 10134   260    41 -9999     0 -9999
2015 07 25 15   278   217 10132   270    57 -9999     0 -9999
2015 07 25 16   289   222 10130   290    46 -9999     0 -9999
2015 07 25 17   294   228 10128 -9999    26 -9999     0 -9999
2015 07 25 18   311   222 10123   330    31     4     0 -9999
2015 07 25 19   322   217 10117   310    62     4     0 -9999
2015 07 25 20   322   217 10115   330    57     4     0 -9999
2015 07 25 21   328   167 10117    20    51     2     0 -9999
2015 07 25 22   289   217 10122    60    46     2     0 -9999
2015 07 25 23   283   217 10125    60    51     2     0 -9999
2015 07 26 00   267   200 10129    50    51     2     0 -9999
2015 07 26 01   244   206 10138    50    41     4     0 -9999
2015 07 26 02   244   200 10136    50    31     4     0 -9999
2015 07 26 03   233   194 10137    50    31 -9999     0 -9999
2015 07 26 04   228   189 10139    30    21 -9999     0 -9999
2015 07 26 05   228   167 10134     0     0 -9999     0 -9999
2015 07 26 06   211   178 10137     0     0     4     0 -9999
2015 07 26 07   206   172 10134     0     0     4     0 -9999
2015 07 26 08   200   172 10133    10    15 -9999     0 -9999
2015 07 26 09   200   167 10131    10    15 -9999     0 -9999
2015 07 26 10   194   167 10135     0     0     4     0 -9999
2015 07 26 11   189   161 10135     0     0     4     0 -9999
2015 07 26 12   206   161 10139     0     0     4     0 -9999
2015 07 26 13   233   178 10142    50    26 -9999     0 -9999
2015 07 26 14   244   189 10142     0     0 -9999     0 -9999
2015 07 26 15   256   194 10141   130    15 -9999     0 -9999
2015 07 26 16   261   200 10144    60    31 -9999     0 -9999
2015 07 26 17   261   200 10143    70    26 -9999    -1 -9999
2015 07 26 18   261   206 10141   140    36     8    -1    -1
2015 07 26 19   267   200 10143    40    21 -9999    -1 -9999
2015 07 26 20   267   200 10137    50    41 -9999     0 -9999
2015 07 26 21   267   200 10138    70    46 -9999     0 -9999
2015 07 26 22   261   183 10137   100    36 -9999     0 -9999
2015 07 26 23   267   183 10134    80    26 -9999     0 -9999
2015 07 27 00   261   183 10132    70    36     6     0     0
2015 07 27 01   250   172 10133    50    36 -9999     0 -9999
2015 07 27 02   239   161 10139    50    31 -9999     0 -9999
2015 07 27 03   228   167 10143    40    36 -9999     0 -9999
2015 07 27 04   222   172 10143    10    26 -9999     0 -9999
2015 07 27 05   217   172 10142    10    15 -9999     0 -9999
2015 07 27 06   211   178 10142   350    21     6     0 -9999
2015 07 27 07   206   178 10140    10    21 -9999     0 -9999
2015 07 27 08   206   183 10139   360    21     4     0 -9999
2015 07 27 09   206   189 10143    20    21     4     0 -9999
2015 07 27 10   200   183 10144   360    15     4     0 -9999
2015 07 27 11   206   194 10146    10    21 -9999     0 -9999
2015 07 27 12   217   200 10148    30    15     6     0 -9999
2015 07 27 13   244   211 10153    40    21     4     0 -9999
2015 07 27 14   261   222 10159    80    31     4     0 -9999
2015 07 27 15   272   211 10160   100    46     2     0 -9999
2015 07 27 16   283   172 10157   100    67     2     0 -9999
2015 07 27 17   294   156 10158   100    57     2     0 -9999
2015 07 27 18   300   156 10154   110    67     2     0 -9999
2015 07 27 19   306   156 10153   120    51     4     0 -9999
2015 07 27 20   306   150 10151   110    62     4     0 -9999
2015 07 27 21   306   161 10150    60    62     4     0 -9999
2015 07 27 22   294   167 10144    70    57 -9999     0 -9999
2015 07 27 23   289   172 10145    70    51 -9999     0 -9999
2015 07 28 00   272   178 10148    60    46     6     0 -9999
2015 07 28 01   261   178 10148    60    46 -9999     0 -9999
2015 07 28 02   250   178 10152    50    31 -9999     0 -9999
2015 07 28 03   244   183 10156    70    31 -9999     0 -9999
2015 07 28 04   233   183 10159   100    26     2     0 -9999
2015 07 28 05   233   189 10154    70    36 -9999     0 -9999
2015 07 28 06   233   194 10150    90    26     6     0 -9999
2015 07 28 07   228   189 10154    40    21     4     0 -9999
2015 07 28 08   217   189 10151    20    26     2     0 -9999
2015 07 28 09   217   189 10149    40    21     2     0 -9999
2015 07 28 10   206   189 10148     0     0     0     0 -9999
2015 07 28 11   217   189 10150     0     0     2     0 -9999
2015 07 28 12   228   189 10153   130    21     2     0 -9999
2015 07 28 13   250   183 10156   150    31     2     0 -9999
2015 07 28 14   272   178 10145   150    46     2     0 -9999
2015 07 28 15   283   194 10146   140    51     4     0 -9999
2015 07 28 16   289   200 10152   200    26 -9999     0 -9999
2015 07 28 17   294   200 10147   200    21 -9999     0 -9999
2015 07 28 18   306   206 10146   210    21     6     0 -9999
2015 07 28 19   317   211 10140   210    36 -9999     0 -9999
2015 07 28 20   322   206 10133 -9999    26 -9999     0 -9999
2015 07 28 21   322   200 10109   150    31 -9999     0 -9999
2015 07 28 22   317   211 10109   140    62 -9999     0 -9999
2015 07 28 23   311   206 10116   200    36 -9999     0 -9999
2015 07 29 00   306   211 10121   230    31     8     0 -9999
2015 07 29 01   294   206 10123   230    21 -9999     0 -9999
2015 07 29 02   283   222 10131   240    26 -9999     0 -9999
2015 07 29 03   272   228 10131   220    21 -9999     0 -9999
2015 07 29 04   261   233 10129   180    21 -9999     0 -9999
2015 07 29 05   250   228 10135   170    26 -9999     0 -9999
2015 07 29 06   261   228 10126     0     0     8     0 -9999
2015 07 29 07   267   233 10123   210    21 -9999    -1 -9999
2015 07 29 08   256   217 10124   230    26 -9999     0 -9999
2015 07 29 09   250   217 10128   210    21 -9999     0 -9999
2015 07 29 10   244   211 10126   240    26 -9999     0 -9999
2015 07 29 11   239   211 10129   260    41 -9999     0 -9999
2015 07 29 12   244   217 10132   260    36     8     0    -1
2015 07 29 13   244   222 10137   280    41 -9999     0 -9999
2015 07 29 14   256   222 10135   320    41 -9999     0 -9999
2015 07 29 15   278   222 10139   300    51 -9999     0 -9999
2015 07 29 16   278   189 10147   330    57 -9999     0 -9999
2015 07 29 17   294   144 10148   320    51     4     0 -9999
2015 07 29 18   294   144 10148   320    72     6     0 -9999
2015 07 29 19   306   100 10147   300    62 -9999     0 -9999
2015 07 29 20   306    94 10146   310    72     4     0 -9999
2015 07 29 21   300   111 10140   300    82     4     0 -9999
2015 07 29 22   294   111 10140   270    67     4     0 -9999
2015 07 29 23   289   111 10141   280    67     4     0 -9999
2015 07 30 00   278   106 10142   300    67     2     0 -9999
2015 07 30 01   267   111 10145   280    82     2     0 -9999
2015 07 30 02   250   128 10149   260    36     2     0 -9999
2015 07 30 03   239   139 10158   260    41     2     0 -9999
2015 07 30 04   228   139 10156   260    36     0     0 -9999
2015 07 30 05   222   133 10160   280    36     0     0 -9999
2015 07 30 06   211   133 10160   260    36     0     0 -9999
2015 07 30 07   206   139 10157   260    31     0     0 -9999
2015 07 30 08   206   139 10158   270    36     0     0 -9999
2015 07 30 09   206   139 10159   270    41     0     0 -9999
2015 07 30 10   200   144 10161   270    31     0     0 -9999
2015 07 30 11   183   144 10168   250    21     0     0 -9999
2015 07 30 12   194   150 10171   260    36     0     0 -9999
2015 07 30 13   217   150 10171   280    36     0     0 -9999
2015 07 30 14   239   150 10174   280    36     0     0 -9999
2015 07 30 15   261   144 10173   300    62     0     0 -9999
2015 07 30 16   278   122 10174   310    67     0     0 -9999
2015 07 30 17   294   117 10175   300    93     2     0 -9999
2015 07 30 18   300   122 10173   290    67     2     0 -9999
2015 07 30 19   306   111 10170   290    67     2     0 -9999
2015 07 30 20   306   111 10165   310    67     4     0 -9999
2015 07 30 21   311   106 10161   310    98     4     0 -9999
2015 07 30 22   306   117 10158   260    62     2     0 -9999
2015 07 30 23   300   117 10155   300    72     2     0 -9999
2015 07 31 00   294   111 10152   290    62     2     0 -9999
2015 07 31 01   283   128 10150   270    57     0     0 -9999
2015 07 31 02   267   150 10151   260    36     0     0 -9999
2015 07 31 03   256   156 10155   270    46     0     0 -9999
2015 07 31 04   244   156 10157   280    36     0     0 -9999
2015 07 31 05   239   150 10159   290    46     0     0 -9999
2015 07 31 06   233   144 10160   290    41     0     0 -9999
2015 07 31 07   222   144 10163   290    46     0     0 -9999
2015 07 31 08   217   144 10163   270    31     0     0 -9999
2015 07 31 09   206   144 10162   260    26     0     0 -9999
2015 07 31 10   194   144 10158   260    31     0     0 -9999
2015 07 31 11   194   150 10156   260    36     2     0 -9999
2015 07 31 12   211   150 10157   250    41     2     0 -9999
2015 07 31 13   228   156 10163   270    57 -9999     0 -9999
2015 07 31 14   239   172 10158   270    51 -9999     0 -9999
2015 07 31 15   261   172 10154   310    72     2     0 -9999
2015 07 31 16   283   150 10153   310    67     2     0 -9999
2015 07 31 17   294   117 10148   300    77     2     0 -9999
2015 07 31 18   300   106 10144   290    82     2     0 -9999
2015 07 31 19   300   111 10140   290    77     4     0 -9999
2015 07 31 20   300   117 10135   300    77     4     0 -9999
2015 07 31 21   300   100 10131   310    77     2     0 -9999
2015 07 31 22   300    89 10131   300    93     0     0 -9999
2015 07 31 23   289    94 10132   330    82     2     0 -9999
2015 08 01 00   278    89 10131   310    77     0     0 -9999
2015 08 01 01   267    89 10135   320    46     0     0 -9999
2015 08 01 02   244    94 10139   300    41     2     0 -9999
2015 08 01 03   222   106 10144   300    31     0     0 -9999
2015 08 01 04   222   111 10144   300    26     0     0 -9999
2015 08 01 05   211   111 10146   280    36     0     0 -9999
2015 08 01 06   206   111 10148   280    36     0     0 -9999
2015 08 01 07   200   111 10149   290    41     0     0 -9999
2015 08 01 08   194   117 10147   280    36     0     0 -9999
2015 08 01 09   189   117 10148   280    31     0     0 -9999
2015 08 01 10   183   117 10148   280    31     0     0 -9999
2015 08 01 11   178   117 10149   280    36     0     0 -9999
2015 08 01 12   189   128 10150   270    31     0     0 -9999
2015 08 01 13   211   133 10150   260    31     2     0 -9999
2015 08 01 14   239   139 10152   260    36     2     0 -9999
2015 08 01 15   256   139 10147   300    51     4     0 -9999
2015 08 01 16   267   133 10150   270    62     4     0 -9999
2015 08 01 17   278   128 10149   310    51     4     0 -9999
2015 08 01 18   283   128 10143   280    62     4     0 -9999
2015 08 01 19   300   133 10133   280    72     4     0 -9999
2015 08 01 20   300   133 10128   290    72     4     0 -9999
2015 08 01 21   294   144 10129   270    72 -9999     0 -9999
2015 08 01 22   294   150 10123   250    62 -9999     0 -9999
2015 08 01 23   289   156 10119   270    82 -9999     0 -9999
2015 08 02 00   283   161 10115   240    72     6     0 -9999
2015 08 02 01   272   161 10116   250    57 -9999     0 -9999
2015 08 02 02   261   167 10118   250    46 -9999     0 -9999
2015 08 02 03   250   172 10119   240    36     2     0 -9999
2015 08 02 04   244   178 10117   250    36     0     0 -9999
2015 08 02 05   239   183 10116   250    41     0     0 -9999
2015 08 02 06   233   183 10115   240    36     0     0 -9999
2015 08 02 07   228   183 10114   250    41     4     0 -9999
2015 08 02 08   222   189 10110   250    51     2     0 -9999
2015 08 02 09   222   194 10107   240    46     2     0 -9999
2015 08 02 10   222   194 10105   250    46     4     0 -9999
2015 08 02 11   222   194 10103   230    36     4     0 -9999
2015 08 02 12   222   194 10102   210    46     2     0 -9999
2015 08 02 13   233   194 10100   220    41     2     0 -9999
2015 08 02 14   267   183 10099   240    72     4     0 -9999
2015 08 02 15   278   156 10093   240    93     2     0 -9999
2015 08 02 16   294   178 10090   250    72     2     0 -9999
2015 08 02 17   311   172 10081   230    88     2     0 -9999
2015 08 02 18   317   172 10077   240    62     4     0 -9999
2015 08 02 19   322   189 10066   240    88     2     0 -9999
2015 08 02 20   256   206 10069   240    51 -9999    30 -9999
2015 08 02 21   306   222 10056   210    82     4     0 -9999
2015 08 02 22   317   206 10044   240   103     2     0 -9999
2015 08 02 23   317   206 10035   230    72     2     0 -9999
2015 08 03 00   306   211 10039   240    88     6     0    30
2015 08 03 01   300   217 10038   240    82 -9999     0 -9999
2015 08 03 02   294   211 10034   220    62 -9999     0 -9999
2015 08 03 03   289   217 10041   230    51 -9999     0 -9999
2015 08 03 04   200   189 -9999   330    21 -9999    68 -9999
2015 08 03 05   206   189 10062   190    31 -9999    25 -9999
2015 08 03 06   194   189 10068   250    15     8     0   100
2015 08 03 07   200   189 10069   260    21 -9999     0 -9999
2015 08 03 08   200   189 10069   260    26 -9999     0 -9999
2015 08 03 09   200   189 10072   290    31     2     0 -9999
2015 08 03 10   194   183 10076   260    31     4     0 -9999
2015 08 03 11   200   183 10084   260    26     4     0 -9999
2015 08 03 12   206   178 10090   320    41     4     0 -9999
2015 08 03 13   217   156 10094   320    57     4     0 -9999
2015 08 03 14   228   144 10098   340    62     4     0 -9999
2015 08 03 15   239   139 10102   340    57     2     0 -9999
2015 08 03 16   250   133 10106   290    46     2     0 -9999
2015 08 03 17   261   122 10107   310    51     2     0 -9999
2015 08 03 18   267    94 10106   280    62     2     0 -9999
2015 08 03 19   267    89 10106   310    57     2     0 -9999
2015 08 03 20   272    83 10103   290    57     2     0 -9999
2015 08 03 21   278    83 10104   290    67     2     0 -9999
2015 08 03 22   272    89 10104   300    57     2     0 -9999
2015 08 03 23   261    94 10103   270    62     2     0 -9999
2015 08 04 00   256   100 10105   280    62     2     0 -9999
2015 08 04 01   244   100 10107   300    46     2     0 -9999
2015 08 04 02   228   111 10113   280    36     2     0 -9999
2015 08 04 03   211   122 10120   250    26     2     0 -9999
2015 08 04 04   206   128 10121   260    26     0     0 -9999
2015 08 04 05   200   133 10124   260    26     2     0 -9999
2015 08 04 06   194   133 10124   300    36     0     0 -9999
2015 08 04 07   183   133 10123   280    26     0     0 -9999
2015 08 04 08   172   128 10124   270    15     0     0 -9999
2015 08 04 09   172   128 10127   280    26     0     0 -9999
2015 08 04 10   172   128 10129   270    15     0     0 -9999
2015 08 04 11   161   128 10135   260    15     2     0 -9999
2015 08 04 12   172   139 10139   260    21     2     0 -9999
2015 08 04 13   200   139 10142   250    21     2     0 -9999
2015 08 04 14   228   133 10144   240    15 -9999     0 -9999
2015 08 04 15   244   122 10146   260    46 -9999     0 -9999
2015 08 04 16   256   100 10145   270    67 -9999     0 -9999
2015 08 04 17   261   100 10145   280    51 -9999     0 -9999
2015 08 04 18   261   111 10143   290    51     6     0 -9999
2015 08 04 19   272   111 10144   280    72 -9999     0 -9999
2015 08 04 20   272   106 10145   300    67 -9999     0 -9999
2015 08 04 21   267   117 10143   310    67 -9999     0 -9999
2015 08 04 22   267   117 10140   330    46 -9999     0 -9999
2015 08 04 23   267   106 10136   310    36 -9999     0 -9999
2015 08 05 00   250   117 10134   360    57     6     0 -9999
2015 08 05 01   239   111 10146   350    31 -9999     0 -9999
2015 08 05 02   233   117 10157   350    15 -9999     0 -9999
2015 08 05 03   222   144 10164 -9999    26     4     0 -9999
2015 08 05 04   200   139 10165   140    21     4     0 -9999
2015 08 05 05   194   144 10167     0     0     4     0 -9999
2015 08 05 06   194   144 10165   210    15     2     0 -9999
2015 08 05 07   183   144 10163     0     0     2     0 -9999
2015 08 05 08   172   150 10162     0     0     2     0 -9999
2015 08 05 09   172   150 10166   300    15     4     0 -9999
2015 08 05 10   167   144 10169   290    15     4     0 -9999
2015 08 05 11   167   144 10172   250    15 -9999     0 -9999
2015 08 05 12   194   150 10173   360    15     4     0 -9999
2015 08 05 13   222   139 10170   280    15     4     0 -9999
2015 08 05 14   233   139 10172     0     0 -9999     0 -9999
2015 08 05 15   256   117 10175     0     0 -9999     0 -9999
2015 08 05 16   267   111 10174     0     0 -9999     0 -9999
2015 08 05 17   272   111 10169    40    31 -9999     0 -9999
2015 08 05 18   267   122 10167   100    57     6     0 -9999
2015 08 05 19   272   128 10165    60    46 -9999     0 -9999
2015 08 05 20   272   122 10165    60    46 -9999     0 -9999
2015 08 05 21   267   122 10163    80    46 -9999     0 -9999
2015 08 05 22   261   122 10162    90    46 -9999     0 -9999
2015 08 05 23   256   117 10159    80    51 -9999     0 -9999
2015 08 06 00   244   128 10156    80    41     8     0 -9999
2015 08 06 01   233   133 10155    80    41 -9999     0 -9999
2015 08 06 02   222   150 10157    80    36 -9999     0 -9999
2015 08 06 03   217   161 10161    50    31 -9999     0 -9999
2015 08 06 04   211   178 10156    50    36 -9999     0 -9999
2015 08 06 05   206   178 10152    50    36 -9999     0 -9999
2015 08 06 06   200   178 10148    50    26     8     0 -9999
2015 08 06 07   200   172 10147    30    21 -9999     0 -9999
2015 08 06 08   189   172 10147    20    21 -9999     0 -9999
2015 08 06 09   189   172 10148    10    15 -9999     0 -9999
2015 08 06 10   189   167 10147    20    26 -9999     0 -9999
2015 08 06 11   189   167 10148    20    21 -9999     0 -9999
2015 08 06 12   189   172 10146    20    26     6     0 -9999
2015 08 06 13   206   183 10145    40    26     4     0 -9999
2015 08 06 14   228   178 10148    40    46     4     0 -9999
2015 08 06 15   244   172 10143    70    41     4     0 -9999
2015 08 06 16   256   150 10145    50    41     4     0 -9999
2015 08 06 17   267   156 10144    90    36 -9999     0 -9999
2015 08 06 18   278   150 10143    50    41     4     0 -9999
2015 08 06 19   272   144 10139 -9999    26     4     0 -9999
2015 08 06 20   278   133 10132    50    46     4     0 -9999
2015 08 06 21   267   144 10132    60    57     4     0 -9999
2015 08 06 22   267   144 10130    70    41     4     0 -9999
2015 08 06 23   267   133 10125    70    41     4     0 -9999
2015 08 07 00   250   139 10123    70    46     4     0 -9999
2015 08 07 01   233   156 10126    40    46     2     0 -9999
2015 08 07 02   222   161 10127    60    36 -9999     0 -9999
2015 08 07 03   222   161 10132    90    36 -9999     0 -9999
2015 08 07 04   217   167 10129    90    26 -9999     0 -9999
2015 08 07 05   217   167 10133    80    15 -9999     0 -9999
2015 08 07 06   200   167 10134     0     0     6     0 -9999
2015 08 07 07   189   167 10131     0     0 -9999     0 -9999
2015 08 07 08   189   161 10129   190    15 -9999     0 -9999
2015 08 07 09   194   172 10128   190    26     4     0 -9999
2015 08 07 10   178   161 10129   190    26     4     0 -9999
2015 08 07 11   183   150 10131   180    31     4     0 -9999
2015 08 07 12   189   144 10134   170    36     6     0 -9999
2015 08 07 13   211   133 10131   180    41     2     0 -9999
2015 08 07 14   228   144 10133   190    36     2     0 -9999
2015 08 07 15   239   150 10133   210    46     2     0 -9999
2015 08 07 16   250   150 10131   160    36     4     0 -9999
2015 08 07 17   261   150 10129   190    36 -9999     0 -9999
2015 08 07 18   267   144 10121   200    41     6     0 -9999
2015 08 07 19   272   139 10118   190    46 -9999     0 -9999
2015 08 07 20   272   133 10111   190    62 -9999     0 -9999
2015 08 07 21   278   144 10107   180    67 -9999     0 -9999
2015 08 07 22   267   139 10108   190    67 -9999     0 -9999
2015 08 07 23   267   139 10106   220    46 -9999     0 -9999
2015 08 08 00   261   144 10104   200    41     6     0 -9999
2015 08 08 01   256   150 10103   210    31 -9999     0 -9999
2015 08 08 02   250   156 10105   180    26 -9999     0 -9999
2015 08 08 03   239   156 10109   180    36 -9999     0 -9999
2015 08 08 04   239   156 10109   190    36 -9999     0 -9999
2015 08 08 05   233   156 10108   190    41 -9999     0 -9999
2015 08 08 06   228   161 10102   190    41     4     0 -9999
2015 08 08 07   222   161 10098   200    36     2     0 -9999
2015 08 08 08   211   161 10105   190    36     2     0 -9999
2015 08 08 09   217   167 10110   210    31 -9999     0 -9999
2015 08 08 10   211   167 10113   220    26     2     0 -9999
2015 08 08 11   211   167 10119   220    26     4     0 -9999
2015 08 08 12   211   172 10122   230    21     6     0 -9999
2015 08 08 13   222   183 10126   280    41 -9999     0 -9999
2015 08 08 14   233   189 10127     0     0 -9999     0 -9999
2015 08 08 15   256   189 10128   270    31 -9999     0 -9999
2015 08 08 16   272   189 10130   300    36 -9999     0 -9999
2015 08 08 17   267   178 10131   320    57 -9999     0 -9999
2015 08 08 18   261   183 10130   330    41     8     0 -9999
2015 08 08 19   267   178 10132   350    36 -9999     0 -9999
2015 08 08 20   256   178 10136   340    46 -9999     0 -9999
2015 08 08 21   256   178 10134   330    41 -9999     0 -9999
2015 08 08 22   250   183 10135   340    41 -9999     0 -9999
2015 08 08 23   239   178 10136   360    31 -9999     0 -9999
2015 08 09 00   239   183 10136    30    31     8     0 -9999
2015 08 09 01   222   189 10137    50    31 -9999     0 -9999
2015 08 09 02   211   189 10145    30    26 -9999     0 -9999
2015 08 09 03   206   189 10146    50    31 -9999     0 -9999
2015 08 09 04   200   183 10145    20    21 -9999     0 -9999
2015 08 09 05   206   189 10142    40    26 -9999     0 -9999
2015 08 09 06   200   189 10145   350    21     6     0 -9999
2015 08 09 07   200   189 10145     0     0 -9999     0 -9999
2015 08 09 08   194   183 10140     0     0     4     0 -9999
2015 08 09 09   194   183 10150   310    31 -9999     0 -9999
2015 08 09 10   200   189 10150   260    15 -9999     0 -9999
2015 08 09 11   200   189 10139     0     0 -9999     0 -9999
2015 08 09 12   206   189 10143     0     0     8     0 -9999
2015 08 09 13   211   194 10148     0     0 -9999     0 -9999
2015 08 09 14   211   194 10144    70    26 -9999     0 -9999
2015 08 09 15   217   194 10151   160    26 -9999     0 -9999
2015 08 09 16   222   194 10154   170    21 -9999     0 -9999
2015 08 09 17   233   194 -9999   170    26 -9999    -1 -9999
2015 08 09 18   250   189 10138   150    26     6    -1    -1
2015 08 09 19   267   189 10131   120    36 -9999     0 -9999
2015 08 09 20   261   178 10134   240    26 -9999     0 -9999
2015 08 09 21   256   183 10133   230    21 -9999    -1 -9999
2015 08 09 22   239   194 10134   180    57 -9999    -1 -9999
2015 08 09 23   250   183 10130   180    46 -9999    -1 -9999
2015 08 10 00   250   189 10128   200    21     8     0    -1
2015 08 10 01   244   189 10127   180    26 -9999     0 -9999
2015 08 10 02   233   194 10129   160    26 -9999     0 -9999
2015 08 10 03   228   200 10130   150    31 -9999     0 -9999
2015 08 10 04   233   200 10127   200    15 -9999     0 -9999
2015 08 10 05   228   200 10122   190    21 -9999     0 -9999
2015 08 10 06   222   206 10119     0     0     8     0 -9999
2015 08 10 07   233   206 10112   340    15 -9999    -1 -9999
2015 08 10 08   222   206 10110   350    26 -9999    -1 -9999
2015 08 10 09   228   200 10107     0     0 -9999     0 -9999
2015 08 10 10   222   200 10102     0     0 -9999     0 -9999
2015 08 10 11   217   206 10106   320    21 -9999     0 -9999
2015 08 10 12   222   200 10105    20    21     8     0    -1
2015 08 10 13   228   200 10106    10    31 -9999     0 -9999
2015 08 10 14   250   200 10110   360    36 -9999     0 -9999
2015 08 10 15   256   200 10115 -9999    26 -9999     0 -9999
2015 08 10 16   272   194 10113 -9999    15 -9999     0 -9999
2015 08 10 17   289   189 10108    20    15 -9999     0 -9999
2015 08 10 18   272   189 10102   300    36     8    -1     0
2015 08 10 19   244   211 10106   310    62 -9999    -1 -9999
2015 08 10 20   283   194 10102   310    31 -9999    -1 -9999
2015 08 10 21   217   194 10109   360    31 -9999     3 -9999
2015 08 10 22   239   194 10102   340    41 -9999     3 -9999
2015 08 10 23   233   200 10106   330    41 -9999    -1 -9999
2015 08 11 00   250   194 10106   360    46     4     0     5
2015 08 11 01   239   183 10111   360    41     2     0 -9999
2015 08 11 02   222   183 10120   320    21     4     0 -9999
2015 08 11 03   211   183 10124   320    26     2     0 -9999
2015 08 11 04   211   183 10127   310    21     4     0 -9999
2015 08 11 05   211   183 10126   300    26     2     0 -9999
2015 08 11 06   206   183 10128   300    15     2     0 -9999
2015 08 11 07   200   178 10132   310    15     2     0 -9999
2015 08 11 08   206   172 10134   330    31     2     0 -9999
2015 08 11 09   200   172 10139   350    41     0     0 -9999
2015 08 11 10   189   167 10144   340    21     2     0 -9999
2015 08 11 11   183   167 10153   330    26     2     0 -9999
2015 08 11 12   194   167 10161   340    26     6     0 -9999
2015 08 11 13   206   178 10164   350    21     4     0 -9999
2015 08 11 14   228   178 10169    20    31     2     0 -9999
2015 08 11 15   244   167 10172    10    36     4     0 -9999
2015 08 11 16   250   167 10174   350    36 -9999     0 -9999
2015 08 11 17   267   150 10174   350    36 -9999     0 -9999
2015 08 11 18   272   161 10174    70    41     6     0 -9999
2015 08 11 19   267   156 10174    40    36     4     0 -9999
2015 08 11 20   244   167 10178    50    57 -9999     0 -9999
2015 08 11 21   256   144 10179    60    67     4     0 -9999
2015 08 11 22   250   133 10181    60    51     2     0 -9999
2015 08 11 23   244   128 10183    40    46     2     0 -9999
2015 08 12 00   239   106 10184    60    41     2     0 -9999
2015 08 12 01   217   111 10185    80    26     2     0 -9999
2015 08 12 02   217   117 10187   210    15     2     0 -9999
2015 08 12 03   211   111 10189     0     0     2     0 -9999
2015 08 12 04   211   117 10189     0     0     0     0 -9999
2015 08 12 05   194   122 10189   270    15     0     0 -9999
2015 08 12 06   189   122 10193     0     0     0     0 -9999
2015 08 12 07   178   133 10195     0     0     0     0 -9999
2015 08 12 08   183   133 10198     0     0     0     0 -9999
2015 08 12 09   172   133 10202     0     0     0     0 -9999
2015 08 12 10   167   133 10205     0     0     2     0 -9999
2015 08 12 11   167   139 10208    10    21     2     0 -9999
2015 08 12 12   189   150 10211    20    15     2     0 -9999
2015 08 12 13   211   161 10214    60    31     2     0 -9999
2015 08 12 14   222   156 10219    70    31     4     0 -9999
2015 08 12 15   222   156 10219    20    21     4     0 -9999
2015 08 12 16   244   156 10217    40    21     4     0 -9999
2015 08 12 17   244   139 10214    80    21 -9999     0 -9999
2015 08 12 18   244   150 10210    20    31     6     0 -9999
2015 08 12 19   256   156 10207    20    41     4     0 -9999
2015 08 12 20   261   156 10204 -9999    26     4     0 -9999
2015 08 12 21   256   156 10200    80    26     4     0 -9999
2015 08 12 22   261   156 10197    70    26     2     0 -9999
2015 08 12 23   267   133 10192 -9999    31     2     0 -9999
2015 08 13 00   250   156 10192   100    36     2     0 -9999
2015 08 13 01   228   156 10189   130    31     2     0 -9999
2015 08 13 02   200   156 10190   150    21     2     0 -9999
2015 08 13 03   200   156 10194   180    26     0     0 -9999
2015 08 13 04   206   156 10192   190    36     0     0 -9999
2015 08 13 05   200   156 10190   210    21     0     0 -9999
2015 08 13 06   194   161 10188   210    21     0     0 -9999
2015 08 13 07   200   161 10184   230    21     0     0 -9999
2015 08 13 08   194   161 10184   220    15     4     0 -9999
2015 08 13 09   194   161 10186   230    21     4     0 -9999
2015 08 13 10   189   156 10187     0     0     4     0 -9999
2015 08 13 11   189   156 10194   220    21     2     0 -9999
2015 08 13 12   194   156 10197   250    26     2     0 -9999
2015 08 13 13   211   156 10194   250    36     2     0 -9999
2015 08 13 14   233   156 10198   250    46     4     0 -9999
2015 08 13 15   256   161 10193   240    57 -9999     0 -9999
2015 08 13 16   272   156 10190   210    57     4     0 -9999
2015 08 13 17   272   156 10185   240    62     4     0 -9999
2015 08 13 18   289   161 10183   250    88     6     0 -9999
2015 08 13 19   283   161 10183   250    62 -9999     0 -9999
2015 08 13 20   283   156 10179   250    77 -9999     0 -9999
2015 08 13 21   289   161 10174   240    72 -9999     0 -9999
2015 08 13 22   278   150 10170   240    62 -9999     0 -9999
2015 08 13 23   272   161 10170   230    57 -9999     0 -9999
2015 08 14 00   261   167 10168   250    57     6     0 -9999
2015 08 14 01   256   167 10167   230    31 -9999     0 -9999
2015 08 14 02   250   172 10166   220    41 -9999     0 -9999
2015 08 14 03   244   178 10167   220    31 -9999     0 -9999
2015 08 14 04   244   183 10175   230    36 -9999     0 -9999
2015 08 14 05   239   183 10175   240    51 -9999     0 -9999
2015 08 14 06   233   183 10177   240    41     8     0 -9999
2015 08 14 07   233   183 10173   240    36 -9999     0 -9999
2015 08 14 08   233   178 10171   240    51 -9999     0 -9999
2015 08 14 09   239   178 10173   250    46 -9999     0 -9999
2015 08 14 10   228   183 10178   260    41 -9999     0 -9999
2015 08 14 11   228   183 10181   260    46 -9999     0 -9999
2015 08 14 12   222   183 10184   250    36     8     0 -9999
2015 08 14 13   228   189 10190   260    41 -9999     0 -9999
2015 08 14 14   233   194 10194   260    46 -9999     0 -9999
2015 08 14 15   244   200 10197   280    46 -9999     0 -9999
2015 08 14 16   244   206 10196   250    36 -9999     0 -9999
2015 08 14 17   272   211 10193   250    57 -9999     0 -9999
2015 08 14 18   289   206 10188   240    46     6     0 -9999
2015 08 14 19   294   206 10185   260    36 -9999     0 -9999
2015 08 14 20   311   194 10180   260    41 -9999     0 -9999
2015 08 14 21   317   200 10176   260    41 -9999     0 -9999
2015 08 14 22   306   206 10176   240    72 -9999     0 -9999
2015 08 14 23   306   211 10176   270    46 -9999     0 -9999
2015 08 15 00   294   200 10176   260    41     6     0 -9999
2015 08 15 01   289   194 10171   250    51 -9999     0 -9999
2015 08 15 02   283   211 10180   270    51 -9999     0 -9999
2015 08 15 03   206   178 10204   350    41 -9999    25 -9999
2015 08 15 04   211   172 10176   180    57 -9999    28 -9999
2015 08 15 05   206   183 10189   260    46 -9999    -1 -9999
2015 08 15 06   200   183 10190     0     0     8     0    50
2015 08 15 07   211   167 10192   160    67 -9999     0 -9999
2015 08 15 08   211   172 10184   260    26 -9999    -1 -9999
2015 08 15 09   206   178 10188   110    21     2     0 -9999
2015 08 15 10   200   178 10190   260    31 -9999     0 -9999
2015 08 15 11   200   178 10192   200    21     2     0 -9999
2015 08 15 12   211   178 10196   250    15     4     0    -1
2015 08 15 13   222   172 10199 -9999    21     2     0 -9999
2015 08 15 14   244   183 10200   260    26     4     0 -9999
2015 08 15 15   261   194 10202   240    31     4     0 -9999
2015 08 15 16   278   206 10199 -9999    26     2     0 -9999
2015 08 15 17   289   211 10193 -9999    21     2     0 -9999
2015 08 15 18   306   222 10189   260    31     4     0 -9999
2015 08 15 19   311   211 10180   220    36 -9999     0 -9999
2015 08 15 20   322   206 10174   290    15 -9999     0 -9999
2015 08 15 21   283   211 10172   130    51 -9999    -1 -9999
2015 08 15 22   250   228 10179   280    26 -9999    36 -9999
2015 08 15 23   256   206 10184     0     0 -9999    -1 -9999
2015 08 16 00   261   217 10180   210    15     4     0    40
2015 08 16 01   256   222 10174     0     0     2     0 -9999
2015 08 16 02   239   222 10179   160    21     0     0 -9999
2015 08 16 03   239   211 10184   190    31     0     0 -9999
2015 08 16 04   239   211 10185   210    26     0     0 -9999
2015 08 16 05   233   211 10186   200    15     0     0 -9999
2015 08 16 06   233   211 10185   240    15     0     0 -9999
2015 08 16 07   228   211 10183   190    21     0     0 -9999
2015 08 16 08   217   206 10180     0     0     0     0 -9999
2015 08 16 09   222   211 10176   220    26     0     0 -9999
2015 08 16 10   217   206 10177     0     0     0     0 -9999
2015 08 16 11   217   206 10188   220    15     2     0 -9999
2015 08 16 12   222   211 10196     0     0     4     0 -9999
2015 08 16 13   239   217 10197   260    21     2     0 -9999
2015 08 16 14   261   217 10193   210    26     2     0 -9999
2015 08 16 15   278   217 10192   210    31     2     0 -9999
2015 08 16 16   289   206 10192   230    41 -9999     0 -9999
2015 08 16 17   294   206 10190   240    36 -9999     0 -9999
2015 08 16 18   306   194 10184   240    31     4     0 -9999
2015 08 16 19   311   194 10178   220    46     4     0 -9999
2015 08 16 20   311   194 10172   220    57     4     0 -9999
2015 08 16 21   311   194 10168   240    46     4     0 -9999
2015 08 16 22   306   178 10164   210    57     2     0 -9999
2015 08 16 23   300   178 10163   210    67     2     0 -9999
2015 08 17 00   294   178 10163   220    62     2     0 -9999
2015 08 17 01   278   183 10161   200    31     2     0 -9999
2015 08 17 02   267   194 10165   200    31     2     0 -9999
2015 08 17 03   261   194 10171   210    31     0     0 -9999
2015 08 17 04   256   194 10174   230    21     0     0 -9999
2015 08 17 05   244   194 10174   220    15     0     0 -9999
2015 08 17 06   239   200 10171   220    21     2     0 -9999
2015 08 17 07   239   200 10166   220    26     2     0 -9999
2015 08 17 08   228   200 10163   210    31     0     0 -9999
2015 08 17 09   222   200 10165   200    15     0     0 -9999
2015 08 17 10   211   194 10166   180    15     0     0 -9999
2015 08 17 11   211   194 10170     0     0     0     0 -9999
2015 08 17 12   217   200 10174   190    21     2     0 -9999
2015 08 17 13   239   200 10175   210    46     2     0 -9999
2015 08 17 14   261   206 10169   240    31     2     0 -9999
2015 08 17 15   278   200 10166   220    36     2     0 -9999
2015 08 17 16   289   200 10167   230    41     4     0 -9999
2015 08 17 17   294   194 10161   250    51 -9999     0 -9999
2015 08 17 18   294   189 10154   220    31     6     0 -9999
2015 08 17 19   306   178 10146   260    46 -9999    -1 -9999
2015 08 17 20   294   183 10138   240    26 -9999     0 -9999
2015 08 17 21   250   211 -9999   250    67 -9999    20 -9999
2015 08 17 22   250   189 10143    80    15 -9999    -1 -9999
2015 08 17 23   261   200 10140   210    26 -9999     0 -9999
2015 08 18 00   256   200 10140   300    26     8     0    20
2015 08 18 01   250   189 10142   350    15 -9999     0 -9999
2015 08 18 02   244   194 10137    30    21 -9999     0 -9999
2015 08 18 03   206   189 10150   150    51 -9999     5 -9999
2015 08 18 04   206   200 10141   130    36 -9999     5 -9999
2015 08 18 05   211   194 10136   190    31 -9999    -1 -9999
2015 08 18 06   211   194 10136   210    51     8    -1    10
2015 08 18 07   206   200 10122   210    31 -9999    13 -9999
2015 08 18 08   206   194 10117   200    26 -9999     0 -9999
2015 08 18 09   206   194 10123   190    26 -9999     3 -9999
2015 08 18 10   206   194 10120   200    21 -9999    10 -9999
2015 08 18 11   200   194 10125   160    26 -9999    -1 -9999
2015 08 18 12   200   189 10123   150    21     6     8    30
2015 08 18 13   206   194 10122   180    21     4     0 -9999
2015 08 18 14   217   183 10114   160    21     4     0 -9999
2015 08 18 15   233   194 10112   200    36     4     0 -9999
2015 08 18 16   233   189 10109   190    36     4     0 -9999
2015 08 18 17   239   189 10105   210    46 -9999     0 -9999
2015 08 18 18   250   189 10097   190    26     6     0 -9999
2015 08 18 19   261   189 10092   200    36 -9999     0 -9999
2015 08 18 20   272   194 10083   200    41 -9999     0 -9999
2015 08 18 21   283   189 10073   190    41 -9999     0 -9999
2015 08 18 22   272   200 10061   170    51 -9999     0 -9999
2015 08 18 23   267   206 10059   160    67 -9999     0 -9999
2015 08 19 00   261   211 10056   160    51     8     0 -9999
2015 08 19 01   250   222 10051   160    67 -9999     3 -9999
2015 08 19 02   206   194 10057   190    51 -9999    61 -9999
2015 08 19 03   206   194 10059   180    36 -9999     3 -9999
2015 08 19 04   206   194 10057   170    57 -9999    -1 -9999
2015 08 19 05   206   194 10056   180    51 -9999     3 -9999
2015 08 19 06   206   194 10052   190    51     8     0    70
2015 08 19 07   206   194 10045   190    51 -9999     0 -9999
2015 08 19 08   211   200 10042   200    46 -9999     0 -9999
2015 08 19 09   211   194 10038   200    46 -9999     0 -9999
2015 08 19 10   206   194 10029   170    51 -9999     0 -9999
2015 08 19 11   211   194 10039   190    57 -9999     0 -9999
2015 08 19 12   217   194 10040   200    51     8     0 -9999
2015 08 19 13   222   194 10039   200    51 -9999     0 -9999
2015 08 19 14   222   200 10035   200    41 -9999     0 -9999
2015 08 19 15   217   167 10045   230    51 -9999     0 -9999
2015 08 19 16   222   122 10051   250    62     4     0 -9999
2015 08 19 17   222   128 10058   220    72     4     0 -9999
2015 08 19 18   233   139 10060   240    62     2     0 -9999
2015 08 19 19   239   122 10058   200    77     4     0 -9999
2015 08 19 20   239   133 10053   240    72     4     0 -9999
2015 08 19 21   233   128 10054   220    77 -9999     0 -9999
2015 08 19 22   222   128 10054   230    51 -9999     0 -9999
2015 08 19 23   211   144 10054   260    67 -9999     0 -9999
2015 08 20 00   200   122 10058   250    67     8     0 -9999
2015 08 20 01   189   128 10064   260    57 -9999     0 -9999
2015 08 20 02   178   117 10065   250    77 -9999     0 -9999
2015 08 20 03   178   122 10071   240    51 -9999     0 -9999
2015 08 20 04   172   128 10070   240    62 -9999    -1 -9999
2015 08 20 05   172   128 10066   240    62 -9999    -1 -9999
2015 08 20 06   167   133 10065   240    67     8     0    -1
2015 08 20 07   167   133 10060   240    67 -9999     0 -9999
2015 08 20 08   167   133 -9999   240    57 -9999     0 -9999
2015 08 20 09   167   133 10062   250    82 -9999     0 -9999
2015 08 20 10   161   128 10065   240    51 -9999     0 -9999
2015 08 20 11   156   128 10072   250    77 -9999     0 -9999
2015 08 20 12   150   122 10081   240    62     6     0 -9999
2015 08 20 13   150   122 10088   260    67 -9999     0 -9999
2015 08 20 14   156   117 10093   260    62 -9999     0 -9999
2015 08 20 15   172   111 10099   270    72 -9999     0 -9999
2015 08 20 16   172   100 10108   270    88 -9999     0 -9999
2015 08 20 17   183   100 10111   280    82 -9999     0 -9999
2015 08 20 18   200   106 10113   270    82     6     0 -9999
2015 08 20 19   211    94 10117   280    72 -9999     0 -9999
2015 08 20 20   222    94 10116   280    88 -9999     0 -9999
2015 08 20 21   228    94 10119   280    82 -9999     0 -9999
2015 08 20 22   228    89 10124   270    93 -9999     0 -9999
2015 08 20 23   228    94 10131   250    77     4     0 -9999
2015 08 21 00   222    89 10135   270    72     2     0 -9999
2015 08 21 01   206    94 10142   260    36     2     0 -9999
2015 08 21 02   189   100 10146   260    26     2     0 -9999
2015 08 21 03   178   100 10150   250    21     0     0 -9999
2015 08 21 04   172   106 10156   250    21     0     0 -9999
2015 08 21 05   167   106 10163   220    21     0     0 -9999
2015 08 21 06   161   111 10168   230    26     0     0 -9999
2015 08 21 07   150   111 10172   240    21     0     0 -9999
2015 08 21 08   144   111 10173   260    31     0     0 -9999
2015 08 21 09   139   111 10174   160    15     2     0 -9999
2015 08 21 10   133   111 10176     0     0     2     0 -9999
2015 08 21 11   133   111 10178   220    15     2     0 -9999
2015 08 21 12   144   122 10181     0     0     4     0 -9999
2015 08 21 13   178   122 10187   210    31     4     0 -9999
2015 08 21 14   211   117 10189   200    36     2     0 -9999
2015 08 21 15   233   111 10189   190    46     2     0 -9999
2015 08 21 16   244   111 10189   210    51     2     0 -9999
2015 08 21 17   256   122 10185   180    72     2     0 -9999
2015 08 21 18   267   133 10183   200    46     2     0 -9999
2015 08 21 19   272   139 10178   190    51     2     0 -9999
2015 08 21 20   272   139 10174   220    46     4     0 -9999
2015 08 21 21   267   139 10174   220    46 -9999     0 -9999
2015 08 21 22   278   139 10171   210    46 -9999     0 -9999
2015 08 21 23   272   139 10172   210    46     4     0 -9999
2015 08 22 00   261   150 10172   190    57     2     0 -9999
2015 08 22 01   239   150 10172   190    36     2     0 -9999
2015 08 22 02   222   156 10177   170    31     0     0 -9999
2015 08 22 03   217   156 10181   180    31     0     0 -9999
2015 08 22 04   211   156 10182   180    41     0     0 -9999
2015 08 22 05   211   150 10183   190    41     0     0 -9999
2015 08 22 06   206   144 10184   190    36     0     0 -9999
2015 08 22 07   183   144 10183   180    36     0     0 -9999
2015 08 22 08   172   144 10184   180    31     0     0 -9999
2015 08 22 09   167   139 10186   190    26     0     0 -9999
2015 08 22 10   161   133 10188   180    21     0     0 -9999
2015 08 22 11   156   133 10190   170    26     2     0 -9999
2015 08 22 12   167   139 10193   180    15     2     0 -9999
2015 08 22 13   206   139 10196   200    26     0     0 -9999
2015 08 22 14   222   133 10195   180    36     2     0 -9999
2015 08 22 15   244   133 10195   170    51     2     0 -9999
2015 08 22 16   256   128 10194   170    82     4     0 -9999
2015 08 22 17   261   122 10190   160    67     4     0 -9999
2015 08 22 18   267   128 10183   170    72     6     0 -9999
2015 08 22 19   267   117 10178   150    98 -9999     0 -9999
2015 08 22 20   261   122 10173   160    77 -9999     0 -9999
2015 08 22 21   261   122 10165   160    88 -9999     0 -9999
2015 08 22 22   267   128 10158   170    62 -9999     0 -9999
2015 08 22 23   261   128 10153   170    62 -9999     0 -9999
2015 08 23 00   250   128 10148   190    51     4     0 -9999
2015 08 23 01   228   128 10146   170    41     4     0 -9999
2015 08 23 02   217   139 10147   180    31     2     0 -9999
2015 08 23 03   211   139 10162   190    31     2     0 -9999
2015 08 23 04   206   144 10158   170    21 -9999     0 -9999
2015 08 23 05   211   144 10152   180    31 -9999     0 -9999
2015 08 23 06   217   144 10142   170    41 -9999     0 -9999
2015 08 23 07   217   144 10130   160    36 -9999     0 -9999
2015 08 23 08   206   150 10125   180    36     4     0 -9999
2015 08 23 09   206   156 10118   180    46 -9999     0 -9999
2015 08 23 10   206   156 10124   200    51 -9999     0 -9999
2015 08 23 11   200   167 10114   190    36 -9999     0 -9999
2015 08 23 12   200   172 10101   180    46     6     0 -9999
2015 08 23 13   211   183 10109   230    36 -9999     0 -9999
2015 08 23 14   217   189 10109   220    51 -9999     0 -9999
2015 08 23 15   217   194 10103   240    57 -9999     0 -9999
2015 08 23 16   222   194 10104   240    41 -9999    -1 -9999
2015 08 23 17   200   150 10104   280    72 -9999    -1 -9999
2015 08 23 18   233   128 10101   260    77     2     0    -1
2015 08 23 19   244   128 10099   280    72     2     0 -9999
2015 08 23 20   244   117 10104   280    88     2     0 -9999
2015 08 23 21   244   122 10111   280    72     4     0 -9999
2015 08 23 22   233   122 10112   280    77     4     0 -9999
2015 08 23 23   222   117 10114   280    67     4     0 -9999
2015 08 24 00   222   122 10115   280    57     4     0 -9999
2015 08 24 01   217   111 10120   290    46 -9999     0 -9999
2015 08 24 02   200   106 10130   290    46 -9999     0 -9999
2015 08 24 03   183   106 10134   250    26     2     0 -9999
2015 08 24 04   178   106 10133   260    36     2     0 -9999
2015 08 24 05   167   106 10135   260    31     2     0 -9999
2015 08 24 06   161   106 10138   260    36     2     0 -9999
2015 08 24 07   150   106 10137   250    31     2     0 -9999
2015 08 24 08   144   100 10135   260    41     0     0 -9999
2015 08 24 09   139   100 10134   260    51     0     0 -9999
2015 08 24 10   133    94 10135   260    41     0     0 -9999
2015 08 24 11   128    94 10138   260    41     2     0 -9999
2015 08 24 12   128    94 10144   250    36     2     0 -9999
2015 08 24 13   144    94 10142   250    46     2     0 -9999
2015 08 24 14   167    94 10142   260    57     2     0 -9999
2015 08 24 15   183    94 10140   270    67     0     0 -9999
2015 08 24 16   206    83 10137   260    77     2     0 -9999
2015 08 24 17   217    78 10131   260    82     4     0 -9999
2015 08 24 18   228    78 10126   270    98     4     0 -9999
2015 08 24 19   233    72 10121   280    98     4     0 -9999
2015 08 24 20   233    83 10121   260   103 -9999     0 -9999
2015 08 24 21   222    83 10122   280    88 -9999     0 -9999
2015 08 24 22   211    83 10126   280    88 -9999     0 -9999
2015 08 24 23   211    78 10130   300    93 -9999     0 -9999
2015 08 25 00   194    83 10136   310    77     8     0 -9999
2015 08 25 01   183    83 10145   320    72 -9999     0 -9999
2015 08 25 02   167    67 10152   310    67 -9999     0 -9999
2015 08 25 03   167    72 10154   300    41 -9999     0 -9999
2015 08 25 04   167    72 10150   280    31 -9999     0 -9999
2015 08 25 05   167    78 10150   310    41 -9999     0 -9999
2015 08 25 06   167    78 10148   300    46     8     0 -9999
2015 08 25 07   161    78 10146   300    57 -9999     0 -9999
2015 08 25 08   161    78 10144   290    36 -9999     0 -9999
2015 08 25 09   161    78 10144   300    31 -9999     0 -9999
2015 08 25 10   156    83 10145   280    41 -9999     0 -9999
2015 08 25 11   156    83 10149   290    46 -9999     0 -9999
2015 08 25 12   150    89 10156   290    31     6     0 -9999
2015 08 25 13   156    89 10157   300    41     4     0 -9999
2015 08 25 14   161    94 10161   310    51 -9999     0 -9999
2015 08 25 15   161    94 10166   290    51 -9999     0 -9999
2015 08 25 16   167   100 10170   300    51 -9999     0 -9999
2015 08 25 17   172   100 10169   310    46 -9999     0 -9999
2015 08 25 18   189   100 10168   270    31     6     0 -9999
2015 08 25 19   200   106 10163   310    41     4     0 -9999
2015 08 25 20   217   111 10161   310    36 -9999     0 -9999
2015 08 25 21   211   117 10160   330    41 -9999     0 -9999
2015 08 25 22   206   117 10161   310    31 -9999     0 -9999
2015 08 25 23   194   117 10164    70    57 -9999     0 -9999
2015 08 26 00   183   111 10167    50    41     8     0 -9999
2015 08 26 01   172   117 10171    70    36 -9999     0 -9999
2015 08 26 02   172   117 10178    50    31 -9999     0 -9999
2015 08 26 03   172   117 10183 -9999    21 -9999     0 -9999
2015 08 26 04   172   117 10183    20    21 -9999     0 -9999
2015 08 26 05   167   117 10184     0     0 -9999     0 -9999
2015 08 26 06   156   111 10184   340    41     4     0 -9999
2015 08 26 07   144   106 10185   320    36     2     0 -9999
2015 08 26 08   139   111 10182   320    31 -9999     0 -9999
2015 08 26 09   139   111 10186   310    26 -9999     0 -9999
2015 08 26 10   144   111 10190   310    31 -9999     0 -9999
2015 08 26 11   150   117 10194   320    26 -9999     0 -9999
2015 08 26 12   156   117 10203   330    36     8     0 -9999
2015 08 26 13   156   117 10208   360    31 -9999     0 -9999
2015 08 26 14   161   117 10212   350    31 -9999     0 -9999
2015 08 26 15   167   117 10215   350    36 -9999     0 -9999
2015 08 26 16   172   111 10217   330    41 -9999     0 -9999
2015 08 26 17   172   106 10218   340    31 -9999     0 -9999
2015 08 26 18   178   106 10215   360    31     8     0 -9999
2015 08 26 19   183   106 10213   340    36 -9999     0 -9999
2015 08 26 20   183   111 10214   340    41 -9999     0 -9999
2015 08 26 21   189   111 10211   340    26 -9999     0 -9999
2015 08 26 22   183   117 10209   310    31 -9999     0 -9999
2015 08 26 23   183   111 10209   300    31 -9999     0 -9999
2015 08 27 00   183   111 10209   290    15     8     0 -9999
2015 08 27 01   183   111 10207    30    21 -9999     0 -9999
2015 08 27 02   172   117 10212   100    21 -9999     0 -9999
2015 08 27 03   172   117 10217    90    26 -9999     0 -9999
2015 08 27 04   172   111 10218    90    15 -9999     0 -9999
2015 08 27 05   144   117 10216     0     0     0     0 -9999
2015 08 27 06   139   117 10215   270    15     0     0 -9999
2015 08 27 07   133   117 10213   260    15     0     0 -9999
2015 08 27 08   133   111 10212   270    21     0     0 -9999
2015 08 27 09   128   111 10215     0     0     0     0 -9999
2015 08 27 10   111   106 10214     0     0     0     0 -9999
2015 08 27 11   111   100 10223     0     0     2     0 -9999
2015 08 27 12   117   106 10232   260    21     6     0 -9999
2015 08 27 13   144   122 10234     0     0     4     0 -9999
2015 08 27 14   172   117 10227     0     0     2     0 -9999
2015 08 27 15   183   111 10226   120    21     4     0 -9999
2015 08 27 16   194   111 10221 -9999    26 -9999     0 -9999
2015 08 27 17   211   111 10221   130    31 -9999     0 -9999
2015 08 27 18   217   111 10220   140    21     4     0 -9999
2015 08 27 19   228   111 10214    70    26     4     0 -9999
2015 08 27 20   233   111 10206   110    26     4     0 -9999
2015 08 27 21   233   111 10200   100    15     4     0 -9999
2015 08 27 22   228   122 10201   100    62     4     0 -9999
2015 08 27 23   211   111 10201    90    46 -9999     0 -9999
2015 08 28 00   206   111 10198   100    57     6     0 -9999
2015 08 28 01   189   122 10198   100    31 -9999     0 -9999
2015 08 28 02   189   128 10199    80    26 -9999     0 -9999
2015 08 28 03   183   133 10204    70    15     4     0 -9999
2015 08 28 04   156   128 10204     0     0     4     0 -9999
2015 08 28 05   150   122 10201     0     0     2     0 -9999
2015 08 28 06   150   128 10202   130    15     2     0 -9999
2015 08 28 07   150   133 10198   150    15     4     0 -9999
2015 08 28 08   150   133 10199   150    15 -9999     0 -9999
2015 08 28 09   150   128 10196   160    15     4     0 -9999
2015 08 28 10   150   128 10193   160    15     4     0 -9999
2015 08 28 11   150   128 10195   160    21 -9999     0 -9999
2015 08 28 12   161   133 10200     0     0     6     0 -9999
2015 08 28 13   178   144 10204   180    21 -9999     0 -9999
2015 08 28 14   194   144 10204   170    21 -9999     0 -9999
2015 08 28 15   211   150 10206   210    26 -9999     0 -9999
2015 08 28 16   217   150 10205   210    36 -9999     0 -9999
2015 08 28 17   217   150 10205   230    41 -9999     0 -9999
2015 08 28 18   217   150 10202   230    31     8     0 -9999
2015 08 28 19   217   150 10197   210    26 -9999     0 -9999
2015 08 28 20   222   150 10193   210    21 -9999     0 -9999
2015 08 28 21   222   150 10185   200    21 -9999     0 -9999
2015 08 28 22   222   156 10180   130    26 -9999     0 -9999
2015 08 28 23   217   161 10180   150    26 -9999     0 -9999
2015 08 29 00   222   156 10177   120    26     8     0 -9999
2015 08 29 01   217   156 10178    70    26 -9999     0 -9999
2015 08 29 02   211   161 10182    80    26 -9999     0 -9999
2015 08 29 03   211   172 10181    90    41 -9999     0 -9999
2015 08 29 04   211   172 10181    80    26 -9999     0 -9999
2015 08 29 05   211   172 10182    60    21 -9999     0 -9999
2015 08 29 06   206   178 10183    50    21     8     0 -9999
2015 08 29 07   200   172 10176   130    21 -9999     0 -9999
2015 08 29 08   194   156 10171   150    26 -9999    -1 -9999
2015 08 29 09   183   161 10167   170    36 -9999     3 -9999
2015 08 29 10   178   161 10172   180    36 -9999    25 -9999
2015 08 29 11   172   167 10164   140    41 -9999    46 -9999
2015 08 29 12   172   167 10169   140    26     8    53   120
2015 08 29 13   178   167 10173   110    36 -9999    18 -9999
2015 08 29 14   178   172 10174    40    41 -9999     8 -9999
2015 08 29 15   183   172 10167   100    41 -9999     3 -9999
2015 08 29 16   194   178 10170   110    26 -9999    -1 -9999
2015 08 29 17   194   178 10167   140    36 -9999    -1 -9999
2015 08 29 18   194   183 10157   190    31     6    -1    30
2015 08 29 19   206   189 10159   210    26 -9999    -1 -9999
2015 08 29 20   206   189 10157   290    21 -9999     0 -9999
2015 08 29 21   211   189 10159   320    26 -9999     0 -9999
2015 08 29 22   206   189 10155   350    15 -9999     5 -9999
2015 08 29 23   206   194 10155    30    21 -9999     3 -9999
2015 08 30 00   200   189 10157   360    15     8    15    20
2015 08 30 01   200   189 -9999    10    21 -9999    -1 -9999
2015 08 30 02   194   183 10165   360    31 -9999    -1 -9999
2015 08 30 03   194   183 10167   360    15 -9999    -1 -9999
2015 08 30 04   194   183 10168    10    26 -9999     0 -9999
2015 08 30 05   189   178 10166   340    26 -9999     0 -9999
2015 08 30 06   183   178 10165    60    21     8     0    10
2015 08 30 07   183   178 10165     0     0 -9999     0 -9999
2015 08 30 08   183   178 10163    10    21 -9999     0 -9999
2015 08 30 09   183   172 10164   360    21 -9999     0 -9999
2015 08 30 10   183   172 10166   350    21 -9999     0 -9999
2015 08 30 11   178   172 10170   340    21 -9999     0 -9999
2015 08 30 12   183   178 10176     0     0     8     0 -9999
2015 08 30 13   189   172 10179    30    15 -9999     0 -9999
2015 08 30 14   194   172 10181     0     0 -9999     0 -9999
2015 08 30 15   206   178 10183    30    31 -9999     0 -9999
2015 08 30 16   211   178 10182    60    21 -9999     0 -9999
2015 08 30 17   217   178 10182    50    26 -9999     0 -9999
2015 08 30 18   211   172 10181     0     0     8     0 -9999
2015 08 30 19   228   172 10177   340    21 -9999     0 -9999
2015 08 30 20   233   161 10172     0     0 -9999     0 -9999
2015 08 30 21   250   172 10165   270    31 -9999     0 -9999
2015 08 30 22   244   172 10162   240    21     2     0 -9999
2015 08 30 23   233   183 10160    90    21     2     0 -9999
2015 08 31 00   222   178 10159    90    26     2     0 -9999
2015 08 31 01   206   178 10166    90    31     0     0 -9999
2015 08 31 02   200   172 10170    90    26     0     0 -9999
2015 08 31 03   183   172 10170   150    31     0     0 -9999
2015 08 31 04   183   172 10168   140    15     0     0 -9999
2015 08 31 05   178   172 10169   150    15     0     0 -9999
2015 08 31 06   172   167 10168   140    15     2     0 -9999
2015 08 31 07   178   172 10167     0     0 -9999     0 -9999
2015 08 31 08   172   172 10166     0     0     2     0 -9999
2015 08 31 09   167   167 10166     0     0     2     0 -9999
2015 08 31 10   167   167 -9999     0     0     2     0 -9999
2015 08 31 11   167   167 10172     0     0     2     0 -9999
2015 08 31 12   167   167 10178     0     0     4     0 -9999
2015 08 31 13   172   172 10180     0     0     2     0 -9999
2015 08 31 14   194   183 10182   310    15     2     0 -9999
2015 08 31 15   233   189 10183     0     0     0     0 -9999
2015 08 31 16   256   194 10183     0     0     0     0 -9999
2015 08 31 17   267   194 10181 -9999    15     2     0 -9999
2015 08 31 18   283   194 10175     0     0     2     0 -9999
2015 08 31 19   283   194 10170   200    31     4     0 -9999
2015 08 31 20   289   194 10165 -9999    21     4     0 -9999
2015 08 31 21   294   194 10159   240    26     4     0 -9999
2015 08 31 22   294   189 10157   240    31     2     0 -9999
2015 08 31 23   289   194 10157   200    36     2     0 -9999
2015 09 01 00   278   200 10157     0     0     2     0 -9999
2015 09 01 01   256   200 10160    70    15     2     0 -9999
2015 09 01 02   239   200 10164    80    15     0     0 -9999
2015 09 01 03   228   194 10166   130    26     0     0 -9999
2015 09 01 04   222   200 10166     0     0     0     0 -9999
2015 09 01 05   222   200 10168   150    26     0     0 -9999
2015 09 01 06   217   200 10167   180    21     0     0 -9999
2015 09 01 07   217   200 10165   170    15     2     0 -9999
2015 09 01 08   217   200 10164   190    15     2     0 -9999
2015 09 01 09   211   200 10164     0     0     2     0 -9999
2015 09 01 10   211   200 10163     0     0     0     0 -9999
2015 09 01 11   211   200 10167     0     0     0     0 -9999
2015 09 01 12   222   211 10170   200    21     2     0 -9999
2015 09 01 13   228   217 10172   170    15     2     0 -9999
2015 09 01 14   250   222 10173   220    26     2     0 -9999
2015 09 01 15   261   222 10172 -9999    15     2     0 -9999
2015 09 01 16   278   228 10170   230    31     2     0 -9999
2015 09 01 17   294   228 10167   190    31     2     0 -9999
2015 09 01 18   306   222 10163   200    51     4     0 -9999
2015 09 01 19   306   217 10156   220    46     4     0 -9999
2015 09 01 20   311   222 10153   220    31 -9999     0 -9999
2015 09 01 21   306   222 10151   220    51     4     0 -9999
2015 09 01 22   306   222 10150   200    51     4     0 -9999
2015 09 01 23   300   222 10151   210    51     2     0 -9999
2015 09 02 00   294   222 10151   210    41     0     0 -9999
2015 09 02 01   283   222 10154   200    36     2     0 -9999
2015 09 02 02   267   222 10158   190    31     2     0 -9999
2015 09 02 03   267   228 10162   190    46     2     0 -9999
2015 09 02 04   261   222 10164   210    51     2     0 -9999
2015 09 02 05   256   222 10164   210    41     2     0 -9999
2015 09 02 06   244   211 10163   230    26     2     0 -9999
2015 09 02 07   239   206 10160   230    31     2     0 -9999
2015 09 02 08   233   206 10161   230    21     4     0 -9999
2015 09 02 09   228   206 10159   250    15     4     0 -9999
2015 09 02 10   228   200 10160   240    31     2     0 -9999
2015 09 02 11   228   200 10164   240    31     2     0 -9999
2015 09 02 12   222   200 10168   240    21     2     0 -9999
2015 09 02 13   233   206 10174   260    26     2     0 -9999
2015 09 02 14   250   206 10176   230    21     2     0 -9999
2015 09 02 15   267   206 10174   240    31     2     0 -9999
2015 09 02 16   289   211 10169   260    26     2     0 -9999
2015 09 02 17   300   206 10162   220    36     4     0 -9999
2015 09 02 18   306   206 10156   210    57     4     0 -9999
2015 09 02 19   311   200 10155   230    41     4     0 -9999
2015 09 02 20   311   194 10150   240    57 -9999     0 -9999
2015 09 02 21   317   194 10143   240    67 -9999     0 -9999
2015 09 02 22   311   194 10137   230    51 -9999     0 -9999
2015 09 02 23   300   194 10135   240    46 -9999     0 -9999
2015 09 03 00   294   200 10138 -9999    31     6     0 -9999
2015 09 03 01   283   189 10137   220    21 -9999     0 -9999
2015 09 03 02   261   194 10139   190    36     4     0 -9999
2015 09 03 03   261   200 10143   210    15     4     0 -9999
2015 09 03 04   261   194 10143   200    26 -9999     0 -9999
2015 09 03 05   261   194 10141   210    26 -9999    -1 -9999
2015 09 03 06   244   200 10139   200    21     4    -1     0
2015 09 03 07   233   200 10137     0     0 -9999     0 -9999
2015 09 03 08   239   206 10135   230    21     4     0 -9999
2015 09 03 09   233   206 10136   230    26     4     0 -9999
2015 09 03 10   228   206 10138   220    21     4     0 -9999
2015 09 03 11   228   200 10137   240    31     2     0 -9999
2015 09 03 12   228   200 10138   230    26     2     0 -9999
2015 09 03 13   239   200 10140   240    31     2     0 -9999
2015 09 03 14   256   206 10136   230    46     2     0 -9999
2015 09 03 15   278   206 10134   260    51     2     0 -9999
2015 09 03 16   294   211 10134   270    41     4     0 -9999
2015 09 03 17   306   211 10132   250    46 -9999     0 -9999
2015 09 03 18   311   206 10128   250    57     4     0 -9999
2015 09 03 19   317   200 10123   240    51     4     0 -9999
2015 09 03 20   317   200 10118   240    57     4     0 -9999
2015 09 03 21   322   200 10112   250    51     4     0 -9999
2015 09 03 22   317   206 10111   250    67     4     0 -9999
2015 09 03 23   317   211 10111   270    57 -9999     0 -9999
2015 09 04 00   250   206 10118    60    57     6     0 -9999
2015 09 04 01   233   194 10129    40    41 -9999     0 -9999
2015 09 04 02   228   194 10130    40    36     4     0 -9999
2015 09 04 03   228   189 10133    40    31 -9999     0 -9999
2015 09 04 04   222   194 10139    70    41 -9999     0 -9999
2015 09 04 05   217   194 10140    60    36 -9999     0 -9999
2015 09 04 06   217   194 10142    60    36     4     0 -9999
2015 09 04 07   211   194 10141    60    15     2     0 -9999
2015 09 04 08   211   194 10142   360    15     2     0 -9999
2015 09 04 09   206   189 10142   360    21     0     0 -9999
2015 09 04 10   206   189 10143    10    15     0     0 -9999
2015 09 04 11   206   189 10147     0     0     2     0 -9999
2015 09 04 12   206   189 10151     0     0     2     0 -9999
2015 09 04 13   217   189 10158    70    31     4     0 -9999
2015 09 04 14   222   189 10161    60    26     2     0 -9999
2015 09 04 15   239   189 10166 -9999    26 -9999     0 -9999
2015 09 04 16   244   189 10166 -9999    15     2     0 -9999
2015 09 04 17   256   194 10165     0     0 -9999     0 -9999
2015 09 04 18   278   200 10159 -9999    15     4     0 -9999
2015 09 04 19   289   206 10155   100    26     4     0 -9999
2015 09 04 20   283   200 10154    60    57     4     0 -9999
2015 09 04 21   267   189 10154    50    41 -9999     0 -9999
2015 09 04 22   267   194 10157    80    36 -9999     0 -9999
2015 09 04 23   256   194 10159    50    46     4     0 -9999
2015 09 05 00   228   194 10166   100    46     4     0 -9999
2015 09 05 01   228   194 10163    70    36     4     0 -9999
2015 09 05 02   222   189 10171    70    26     4     0 -9999
2015 09 05 03   222   194 10173    70    21     2     0 -9999
2015 09 05 04   222   194 10175    80    26     2     0 -9999
2015 09 05 05   217   194 10172   120    21     2     0 -9999
2015 09 05 06   222   194 10168    80    15     2     0 -9999
2015 09 05 07   222   194 10168    70    15     4     0 -9999
2015 09 05 08   217   194 10169     0     0     2     0 -9999
2015 09 05 09   211   194 10172     0     0     4     0 -9999
2015 09 05 10   211   200 10177   130    15     2     0 -9999
2015 09 05 11   211   200 10177     0     0 -9999     0 -9999
2015 09 05 12   217   194 10180   200    21     6     0 -9999
2015 09 05 13   228   194 10183   220    26 -9999     0 -9999
2015 09 05 14   228   189 10185   200    41 -9999     0 -9999
2015 09 05 15   239   194 10192   210    26 -9999     0 -9999
2015 09 05 16   244   200 10196   150    67 -9999     0 -9999
2015 09 05 17   250   200 10200   150    51 -9999     0 -9999
2015 09 05 18   267   206 10193   160    51     6     0 -9999
2015 09 05 19   294   200 10186   180    57 -9999     0 -9999
2015 09 05 20   300   189 10183   200    62 -9999     0 -9999
2015 09 05 21   300   200 10177   200    51 -9999     0 -9999
2015 09 05 22   300   206 10174   220    36 -9999     0 -9999
2015 09 05 23   289   200 10171   200    41 -9999     0 -9999
2015 09 06 00   267   206 10175   190    31     6     0 -9999
2015 09 06 01   250   206 10176   180    26 -9999     0 -9999
2015 09 06 02   250   200 10180   190    36 -9999     0 -9999
2015 09 06 03   233   200 10184   160    26     4     0 -9999
2015 09 06 04   239   206 10180   160    36     4     0 -9999
2015 09 06 05   228   200 10179   180    31     4     0 -9999
2015 09 06 06   228   200 10179   190    31     4     0 -9999
2015 09 06 07   228   194 10179   180    31 -9999     0 -9999
2015 09 06 08   228   189 10175   180    31 -9999     0 -9999
2015 09 06 09   233   183 10171   190    41     4     0 -9999
2015 09 06 10   228   189 10171   190    41     4     0 -9999
2015 09 06 11   222   183 10174   190    31     4     0 -9999
2015 09 06 12   222   183 10178   200    21     4     0 -9999
2015 09 06 13   239   189 10181   220    21 -9999     0 -9999
2015 09 06 14   256   194 10179   210    41     4     0 -9999
2015 09 06 15   278   194 10181   210    46     2     0 -9999
2015 09 06 16   294   200 10180   230    31     2     0 -9999
2015 09 06 17   311   200 10176   240    57     2     0 -9999
2015 09 06 18   317   189 10172   240    51     2     0 -9999
2015 09 06 19   322   189 10165   210    57     4     0 -9999
2015 09 06 20   333   183 10161   200    62     2     0 -9999
2015 09 06 21   328   178 10155   220    57     2     0 -9999
2015 09 06 22   328   178 10150   200    67     2     0 -9999
2015 09 06 23   322   178 10145   210    72     2     0 -9999
2015 09 07 00   311   172 10142   200    46     2     0 -9999
2015 09 07 01   283   183 10143   180    31     2     0 -9999
2015 09 07 02   267   189 10146   170    31     2     0 -9999
2015 09 07 03   272   194 10149   180    41     2     0 -9999
2015 09 07 04   267   189 10141   180    51     2     0 -9999
2015 09 07 05   267   189 10143   190    46     2     0 -9999
2015 09 07 06   267   183 10148   200    36     6     0 -9999
2015 09 07 07   261   183 10142   210    51 -9999     0 -9999
2015 09 07 08   256   183 10139   220    36 -9999     0 -9999
2015 09 07 09   250   183 10140   220    36 -9999     0 -9999
2015 09 07 10   250   189 10146   220    36 -9999     0 -9999
2015 09 07 11   250   189 10151   230    36 -9999     0 -9999
2015 09 07 12   244   189 10150   210    36     8     0 -9999
2015 09 07 13   244   194 10151   220    26 -9999     0 -9999
2015 09 07 14   250   194 10152   230    31 -9999     0 -9999
2015 09 07 15   272   200 10153   250    36 -9999     0 -9999
2015 09 07 16   283   206 10152   280    31 -9999     0 -9999
2015 09 07 17   294   206 10150   260    31 -9999     0 -9999
2015 09 07 18   294   211 10148   210    51     6    -1 -9999
2015 09 07 19   300   211 10146   210    46 -9999    -1 -9999
2015 09 07 20   306   200 10137   270    36 -9999     0 -9999
2015 09 07 21   300   200 10134   280    41 -9999     0 -9999
2015 09 07 22   300   211 10132   290    31 -9999     0 -9999
2015 09 07 23   306   211 10130   240    26 -9999     0 -9999
2015 09 08 00   294   194 10132   230    21     6     0     0
2015 09 08 01   278   194 10136   190    21     4     0 -9999
2015 09 08 02   278   189 10139     0     0 -9999     0 -9999
2015 09 08 03   256   200 10138     0     0 -9999     0 -9999
2015 09 08 04   267   200 10134   220    15 -9999     0 -9999
2015 09 08 05   261   200 10136   220    15 -9999     0 -9999
2015 09 08 06   256   206 10139   220    26     6     0 -9999
2015 09 08 07   256   206 10135   210    31 -9999     0 -9999
2015 09 08 08   250   211 10131   220    21 -9999     0 -9999
2015 09 08 09   250   217 10128   210    26 -9999     0 -9999
2015 09 08 10   244   211 10121   200    31 -9999     5 -9999
2015 09 08 11   244   211 10115   190    41 -9999     0 -9999
2015 09 08 12   239   211 10119   180    36     8     0     5
2015 09 08 13   244   211 10120   220    41 -9999     0 -9999
2015 09 08 14   233   217 10110   180    31 -9999     3 -9999
2015 09 08 15   250   217 10103   200    51 -9999     0 -9999
2015 09 08 16   272   217 10100   210    51 -9999     0 -9999
2015 09 08 17   267   211 10093   210    51 -9999     0 -9999
2015 09 08 18   217   211 10094   200    41     8   224   230
2015 09 08 19   228   217 10088   210    51 -9999     5 -9999
2015 09 08 20   228   222 10081   180    77 -9999     5 -9999
2015 09 08 21   228   222 10081   220    41 -9999     5 -9999
2015 09 08 22   233   217 10087   220    41 -9999     0 -9999
2015 09 08 23   228   211 10093   200    41 -9999     0 -9999
2015 09 09 00   228   211 10097   260    31     8     0    20
2015 09 09 01   217   206 10106   320    36 -9999    18 -9999
2015 09 09 02   217   194 10112   330    36 -9999     0 -9999
2015 09 09 03   211   194 10115   320    36 -9999     0 -9999
2015 09 09 04   206   189 10119   320    26 -9999     0 -9999
2015 09 09 05   206   189 10118   330    31 -9999     0 -9999
2015 09 09 06   200   189 10122   320    26     8     0    20
2015 09 09 07   200   189 10127   290    21 -9999     0 -9999
2015 09 09 08   194   183 10129     0     0 -9999     0 -9999
2015 09 09 09   189   183 10131   290    15 -9999     0 -9999
2015 09 09 10   194   183 10134   290    26 -9999     0 -9999
2015 09 09 11   194   178 10142   330    31 -9999     0 -9999
2015 09 09 12   189   172 10148   350    31     8     0 -9999
2015 09 09 13   189   167 10154    10    41 -9999     0 -9999
2015 09 09 14   194   144 10160    30    57 -9999     0 -9999
2015 09 09 15   200   133 10164    20    46 -9999     0 -9999
2015 09 09 16   211   128 10166    40    41 -9999     0 -9999
2015 09 09 17   228   128 10166    40    46 -9999     0 -9999
2015 09 09 18   228   128 10162    40    46     6     0 -9999
2015 09 09 19   233   128 10160    60    36 -9999     0 -9999
2015 09 09 20   244   117 10156    40    36 -9999     0 -9999
2015 09 09 21   244    89 10149    60    31     4     0 -9999
2015 09 09 22   244    83 10142    60    41     2     0 -9999
2015 09 09 23   233    83 10145    50    36     2     0 -9999
2015 09 10 00   217    83 10143    90    26     2     0 -9999
2015 09 10 01   206    94 10144    80    26     2     0 -9999
2015 09 10 02   194   122 10151    30    26     2     0 -9999
2015 09 10 03   189   133 10152    60    15     2     0 -9999
2015 09 10 04   167   139 10149     0     0     2     0 -9999
2015 09 10 05   161   139 10146     0     0     2     0 -9999
2015 09 10 06   161   133 10145     0     0     0     0 -9999
2015 09 10 07   144   133 10143     0     0     2     0 -9999
2015 09 10 08   150   133 10143     0     0     2     0 -9999
2015 09 10 09   144   128 10144     0     0     2     0 -9999
2015 09 10 10   144   128 10144   260    21     4     0 -9999
2015 09 10 11   133   122 10140     0     0 -9999     0 -9999
2015 09 10 12   150   128 10141   180    26     6     0 -9999
2015 09 10 13   172   150 10141   180    26 -9999     0 -9999
2015 09 10 14   178   150 10144   220    15 -9999     0 -9999
2015 09 10 15   200   133 10156   320    36 -9999     0 -9999
2015 09 10 16   228   128 10144    10    36 -9999     0 -9999
2015 09 10 17   228   122 10139   350    46 -9999     0 -9999
2015 09 10 18   189   139 10149   300    67     8    -1    -1
2015 09 10 19   167   150 10143   170    26 -9999    30 -9999
2015 09 10 20   167   156 10132   180    46 -9999    20 -9999
2015 09 10 21   189   156 10124 -9999    15 -9999     3 -9999
2015 09 10 22   194   150 10122   230    26 -9999     0 -9999
2015 09 10 23   194   150 10123   260    21 -9999     0 -9999
2015 09 11 00   189   156 10126   310    36     4     0    50
2015 09 11 01   172   156 10125   310    31     4     0 -9999
2015 09 11 02   156   150 10127   200    26     2     0 -9999
2015 09 11 03   167   150 10127   270    21     2     0 -9999
2015 09 11 04   161   150 10135   300    26 -9999     0 -9999
2015 09 11 05   167   150 10137   330    26 -9999     0 -9999
2015 09 11 06   161   139 10138   320    15     8     0 -9999
2015 09 11 07   161   139 10136   330    15 -9999     0 -9999
2015 09 11 08   156   139 10133   300    21 -9999     0 -9999
2015 09 11 09   161   139 10129   330    21 -9999     0 -9999
2015 09 11 10   161   139 10132   330    15 -9999    -1 -9999
2015 09 11 11   156   144 10135     0     0 -9999     3 -9999
2015 09 11 12   156   144 10143   320    82     8    23    10
2015 09 11 13   150   133 10147   330    31 -9999    18 -9999
2015 09 11 14   156   144 10149   320    41 -9999    -1 -9999
2015 09 11 15   172   150 10152   360    51 -9999     0 -9999
2015 09 11 16   178   139 10154    10    72 -9999     0 -9999
2015 09 11 17   178   139 10156    30    77 -9999     0 -9999
2015 09 11 18   172   122 10156    30    72     6     0    30
2015 09 11 19   189   128 10154    50    82 -9999     0 -9999
2015 09 11 20   183   117 10154    40    98 -9999     0 -9999
2015 09 11 21   172   111 10157    20    77 -9999     0 -9999
2015 09 11 22   167    89 10159    20    46 -9999    -1 -9999
2015 09 11 23   167    89 10161    20    62 -9999    -1 -9999
2015 09 12 00   161    94 10163    20    57     4     0     0
2015 09 12 01   150    94 10166    20    41     2     0 -9999
2015 09 12 02   144    94 10172   360    36     2     0 -9999
2015 09 12 03   133    94 10173   350    31     2     0 -9999
2015 09 12 04   128    94 10174   330    46     2     0 -9999
2015 09 12 05   128    83 10174   340    41     2     0 -9999
2015 09 12 06   122    83 10171   330    36     2     0 -9999
2015 09 12 07   117    83 10169   340    51     2     0 -9999
2015 09 12 08   117    83 10166   330    51     4     0 -9999
2015 09 12 09   117    89 10167   330    51     4     0 -9999
2015 09 12 10   117    89 10169   340    46 -9999     0 -9999
2015 09 12 11   111    83 10172   350    46 -9999    -1 -9999
2015 09 12 12   117    83 10174   350    36     6     0     0
2015 09 12 13   117    72 10179   350    67 -9999     0 -9999
2015 09 12 14   139    78 10178   350    46 -9999     0 -9999
2015 09 12 15   150    78 10180    10    41 -9999     0 -9999
2015 09 12 16   161    72 10181   350    57 -9999     0 -9999
2015 09 12 17   167    61 10178    20    62 -9999     0 -9999
2015 09 12 18   167    61 10176    10    57     6     0 -9999
2015 09 12 19   178    67 10172    40    67 -9999     0 -9999
2015 09 12 20   167    44 10168    40    67     4     0 -9999
2015 09 12 21   178    44 10165    40    82     2     0 -9999
2015 09 12 22   172    56 10163    30    57     2     0 -9999
2015 09 12 23   161    61 10165    20    67     2     0 -9999
2015 09 13 00   150    67 10165    30    46     2     0 -9999
2015 09 13 01   144    72 10165    10    31     2     0 -9999
2015 09 13 02   133    72 10170   360    21     2     0 -9999
2015 09 13 03   111    72 10172   330    21     2     0 -9999
2015 09 13 04   111    72 10172   300    21     2     0 -9999
2015 09 13 05   106    78 10172   280    21     0     0 -9999
2015 09 13 06   100    72 10171   270    15     2     0 -9999
2015 09 13 07   106    72 10168   280    31     2     0 -9999
2015 09 13 08    94    78 10168   270    21     0     0 -9999
2015 09 13 09    94    72 10169   260    26     0     0 -9999
2015 09 13 10   100    72 10170   260    26 -9999     0 -9999
2015 09 13 11   100    72 10169   270    26 -9999     0 -9999
2015 09 13 12   100    67 10174   280    31     4     0 -9999
2015 09 13 13   117    72 10179   290    31     2     0 -9999
2015 09 13 14   150    72 10178   290    36     2     0 -9999
2015 09 13 15   172    72 10177   310    46     2     0 -9999
2015 09 13 16   183    78 10178   270    46     4     0 -9999
2015 09 13 17   200    61 10174   310    46     4     0 -9999
2015 09 13 18   194    61 10168   300    51     6     0 -9999
2015 09 13 19   206    56 10164 -9999    26 -9999     0 -9999
2015 09 13 20   194    61 10158   280    41     4     0 -9999
2015 09 13 21   200    67 10154   270    31     4     0 -9999
2015 09 13 22   206    67 10151   240    26     2     0 -9999
2015 09 13 23   206    61 10149   220    46     2     0 -9999
2015 09 14 00   194    67 10148   230    31     0     0 -9999
2015 09 14 01   172    72 10149   200    26     0     0 -9999
2015 09 14 02   156    78 10151   190    41     0     0 -9999
2015 09 14 03   161    78 10152   200    31     0     0 -9999
2015 09 14 04   150    78 10154   200    31     0     0 -9999
2015 09 14 05   139    78 10157   210    21     0     0 -9999
2015 09 14 06   139    78 10159   230    21     0     0 -9999
2015 09 14 07   133    78 10161   210    21     0     0 -9999
2015 09 14 08   117    78 10164   200    26     0     0 -9999
2015 09 14 09   133    78 10164   210    31     0     0 -9999
2015 09 14 10   128    78 10164   200    36     0     0 -9999
2015 09 14 11   111    72 10167   180    26     2     0 -9999
2015 09 14 12   133    83 10172   190    31     2     0 -9999
2015 09 14 13   156    89 10177   200    36 -9999     0 -9999
2015 09 14 14   167    94 10180   210    51     4     0 -9999
2015 09 14 15   189   106 10181   220    67     2     0 -9999
2015 09 14 16   217   117 10178   180    67     2     0 -9999
2015 09 14 17   239   122 10173   200    77     2     0 -9999
2015 09 14 18   250   122 10169   200    62     0     0 -9999
2015 09 14 19   261   117 10167   190    77     2     0 -9999
2015 09 14 20   272   117 10164   210    67     2     0 -9999
2015 09 14 21   278   117 10161   200    93     2     0 -9999
2015 09 14 22   278   122 10160   190    72     2     0 -9999
2015 09 14 23   267   122 10161   190    93     2     0 -9999
2015 09 15 00   256   122 10164   190    62     2     0 -9999
2015 09 15 01   239   122 10169   190    72     2     0 -9999
2015 09 15 02   233   122 10174   180    77     2     0 -9999
2015 09 15 03   222   122 10179   190    67     4     0 -9999
2015 09 15 04   217   122 10188   200    62     4     0 -9999
2015 09 15 05   211   122 10188   210    57     2     0 -9999
2015 09 15 06   206   128 10193   210    67     2     0 -9999
2015 09 15 07   200   128 10197   210    57     2     0 -9999
2015 09 15 08   200   128 10200   210    51 -9999     0 -9999
2015 09 15 09   200   128 10205   210    57     4     0 -9999
2015 09 15 10   194   128 10209   210    46     4     0 -9999
2015 09 15 11   183   122 10214   200    46 -9999     0 -9999
2015 09 15 12   178   122 10220   190    41     6     0 -9999
2015 09 15 13   189   122 10225   200    31 -9999     0 -9999
2015 09 15 14   200   122 10228   210    41 -9999     0 -9999
2015 09 15 15   222   128 10231   200    41 -9999     0 -9999
2015 09 15 16   233   133 10231   190    62 -9999     0 -9999
2015 09 15 17   244   128 10228   200    46 -9999     0 -9999
2015 09 15 18   261   128 10223   170    57     6     0 -9999
2015 09 15 19   272   128 10218   180    72     2     0 -9999
2015 09 15 20   278   117 10212   190    72     2     0 -9999
2015 09 15 21   278   100 10209   180    77     2     0 -9999
2015 09 15 22   272    94 10208   170    62     2     0 -9999
2015 09 15 23   261   100 10209   180    57     2     0 -9999
2015 09 16 00   244   100 10208   170    57     2     0 -9999
2015 09 16 01   222   106 10211   160    51     0     0 -9999
2015 09 16 02   222   100 10215   170    46     0     0 -9999
2015 09 16 03   211   106 10224   190    46     0     0 -9999
2015 09 16 04   183   106 10227   180    41     0     0 -9999
2015 09 16 05   172   106 10226   180    36     2     0 -9999
2015 09 16 06   178   106 10229   190    41     4     0 -9999
2015 09 16 07   183   100 10224   200    31 -9999     0 -9999
2015 09 16 08   161   106 10220   180    36 -9999     0 -9999
2015 09 16 09   161   106 10215   180    36     4     0 -9999
2015 09 16 10   156   106 10227     0     0     2     0 -9999
2015 09 16 11   144   106 10229   180    26     2     0 -9999
2015 09 16 12   139   106 10230   170    36     2     0 -9999
2015 09 16 13   172   117 10235   190    46     2     0 -9999
2015 09 16 14   206   122 10232   190    57     2     0 -9999
2015 09 16 15   228   128 10232   200    36     0     0 -9999
2015 09 16 16   239   128 10230   200    72     0     0 -9999
2015 09 16 17   256   133 10226   200    57     0     0 -9999
2015 09 16 18   267   139 10219   210    72     0     0 -9999
2015 09 16 19   278   139 10209   200    77     0     0 -9999
2015 09 16 20   278   128 10202   200    77     0     0 -9999
2015 09 16 21   278   133 10193   170    82     0     0 -9999
2015 09 16 22   278   128 10188   190    93     0     0 -9999
2015 09 16 23   272   117 10185   190    51     0     0 -9999
2015 09 17 00   250   122 10184   170    46     0     0 -9999
2015 09 17 01   228   122 10185   180    36     2     0 -9999
2015 09 17 02   222   122 10188   180    46     0     0 -9999
2015 09 17 03   206   122 10189   180    41     0     0 -9999
2015 09 17 04   217   128 10188   190    51     0     0 -9999
2015 09 17 05   200   128 10187   190    46     0     0 -9999
2015 09 17 06   178   128 10185   170    36     0     0 -9999
2015 09 17 07   167   128 10185   170    31     0     0 -9999
2015 09 17 08   161   133 10183   160    26     0     0 -9999
2015 09 17 09   167   133 10182   170    31     0     0 -9999
2015 09 17 10   167   139 10179   170    36     0     0 -9999
2015 09 17 11   161   139 10178   170    26     2     0 -9999
2015 09 17 12   167   139 10175   180    26     2     0 -9999
2015 09 17 13   194   144 10171   190    41 -9999     0 -9999
2015 09 17 14   211   144 10170   190    62 -9999     0 -9999
2015 09 17 15   239   156 10165   200    67     4     0 -9999
2015 09 17 16   250   161 10157   190    62     4     0 -9999
2015 09 17 17   267   167 10151   190    88     2     0 -9999
2015 09 17 18   283   178 10148   180    72     4     0 -9999
2015 09 17 19   294   183 10142   180    77 -9999     0 -9999
2015 09 17 20   289   178 10129   190    82 -9999     0 -9999
2015 09 17 21   283   178 10123   200    77 -9999     0 -9999
2015 09 17 22   211   172 -9999 -9999    21 -9999    12 -9999
2015 09 17 23   206   189 10119   190    15 -9999    10 -9999
2015 09 18 00   233   200 10114   170    41     8    -1    80
2015 09 18 01   239   189 10115   170    31 -9999     0 -9999
2015 09 18 02   239   183 10105   180    51 -9999    -1 -9999
2015 09 18 03   228   189 10110   190    46 -9999     8 -9999
2015 09 18 04   228   189 10105   170    46 -9999    -1 -9999
2015 09 18 05   239   178 10094   190    77 -9999     0 -9999
2015 09 18 06   239   189 10099   330    77     8    -1     8
2015 09 18 07   200   194 -9999    20    57 -9999     7 -9999
2015 09 18 08   194   194 -9999   130    36 -9999     2 -9999
2015 09 18 09   200   194 10098    90    21 -9999    25 -9999
2015 09 18 10   200   200 10104   210    15 -9999    28 -9999
2015 09 18 11   200   200 -9999   170    26 -9999     3 -9999
2015 09 18 12   194   183 10101   210    57     6     0   330
2015 09 18 13   200   183 10107   220    36 -9999     0 -9999
2015 09 18 14   206   183 10103   230    31 -9999     0 -9999
2015 09 18 15   222   194 10100   210    36     4     0 -9999
2015 09 18 16   233   200 10098   210    36 -9999     0 -9999
2015 09 18 17   233   206 10102   210    36 -9999     0 -9999
2015 09 18 18   233   211 10097   200    21     8    -1    -1
2015 09 18 19   228   211 10104   320    21 -9999    -1 -9999
2015 09 18 20   233   211 10099   330    31 -9999    -1 -9999
2015 09 18 21   233   211 10086   360    21 -9999    -1 -9999
2015 09 18 22   228   211 10087     0     0 -9999     0 -9999
2015 09 18 23   228   206 10087   160    46 -9999     0 -9999
2015 09 19 00   222   211 10086     0     0     8    -1    -1
2015 09 19 01   200   194 10092    10    57 -9999    53 -9999
2015 09 19 02   200   194 10084    60    41 -9999    48 -9999
2015 09 19 03   206   194 10077   150    36 -9999    -1 -9999
2015 09 19 04   206   200 10069   190    36 -9999     8 -9999
2015 09 19 05   206   200 10055   140    26 -9999     8 -9999
2015 09 19 06   194   183 10046   190    41     6   168   280
2015 09 19 07   194   183 10050   210    46 -9999     0 -9999
2015 09 19 08   178   167 10055   320    72 -9999     0 -9999
2015 09 19 09   172   150 10066   300    51 -9999     0 -9999
2015 09 19 10   167   150 10079   310    82 -9999     0 -9999
2015 09 19 11   156   150 10092   350    72 -9999     8 -9999
2015 09 19 12   139   133 10110   350    51     8     5    10
2015 09 19 13   144   122 10124   360    57 -9999     0 -9999
2015 09 19 14   150   128 10133   330    31 -9999     0 -9999
2015 09 19 15   161   122 10144   330    82 -9999     0 -9999
2015 09 19 16   167   117 10154   320    62 -9999     0 -9999
2015 09 19 17   178   111 10159   330    57     4     0 -9999
2015 09 19 18   189    94 10162   330    72     6     0    -1
2015 09 19 19   206    94 10163    10    57 -9999     0 -9999
2015 09 19 20   200    83 10167   360    46 -9999     0 -9999
2015 09 19 21   211    72 10168   340    57 -9999     0 -9999
2015 09 19 22   211    67 10170   330    67     4     0 -9999
2015 09 19 23   206    61 10173   350    46     2     0 -9999
2015 09 20 00   189    72 10180   320    36     2     0 -9999
2015 09 20 01   156    94 10186     0     0     2     0 -9999
2015 09 20 02   156    94 10192     0     0     0     0 -9999
2015 09 20 03   139   100 10196     0     0     2     0 -9999
2015 09 20 04   139   100 10199     0     0     2     0 -9999
2015 09 20 05   133    94 10197     0     0     2     0 -9999
2015 09 20 06   122   106 10199   310    15     2     0 -9999
2015 09 20 07   122   100 10200     0     0     2     0 -9999
2015 09 20 08   117   100 10204     0     0     2     0 -9999
2015 09 20 09   111    94 10208     0     0     2     0 -9999
2015 09 20 10   106    94 10212     0     0     2     0 -9999
2015 09 20 11   106    89 10220     0     0     4     0 -9999
2015 09 20 12   106    89 10225     0     0     6     0 -9999
2015 09 20 13   117   100 10232   210    15 -9999     0 -9999
2015 09 20 14   144   111 10232     0     0 -9999     0 -9999
2015 09 20 15   172   100 10234   230    31     4     0 -9999
2015 09 20 16   194   106 10230   140    15 -9999     0 -9999
2015 09 20 17   194    94 10225     0     0     4     0 -9999
2015 09 20 18   206    89 10221   130    26     6     0 -9999
2015 09 20 19   211    83 10213   180    21     4     0 -9999
2015 09 20 20   222    83 10206   110    21     4     0 -9999
2015 09 20 21   211    83 10202   120    51     4     0 -9999
2015 09 20 22   211    72 10199    90    41     4     0 -9999
2015 09 20 23   200    61 10199    90    46     2     0 -9999
2015 09 21 00   183    78 10200    90    36     2     0 -9999
2015 09 21 01   172   106 10203    80    31     2     0 -9999
2015 09 21 02   167   106 10207   100    31     2     0 -9999
2015 09 21 03   161   111 10206    90    31     2     0 -9999
2015 09 21 04   167   117 10206   110    36     2     0 -9999
2015 09 21 05   144   111 10205   120    15     2     0 -9999
2015 09 21 06   133   117 10201   150    15     2     0 -9999
2015 09 21 07   122   111 10199     0     0     2     0 -9999
2015 09 21 08   122   117 10197     0     0     2     0 -9999
2015 09 21 09   122   106 10198     0     0     2     0 -9999
2015 09 21 10   122   111 10199   130    21     2     0 -9999
2015 09 21 11   111    89 10205   140    21     2     0 -9999
2015 09 21 12   111    83 10212   170    21     2     0 -9999
2015 09 21 13   133   106 10216   170    21     2     0 -9999
2015 09 21 14   156   106 10219   180    31     2     0 -9999
2015 09 21 15   178   100 10218   190    31     2     0 -9999
2015 09 21 16   194    94 10215   180    21     2     0 -9999
2015 09 21 17   206    83 10212     0     0     0     0 -9999
2015 09 21 18   211    83 10205   190    15     0     0 -9999
2015 09 21 19   222    83 10198 -9999    15     0     0 -9999
2015 09 21 20   228    83 10192 -9999    26     0     0 -9999
2015 09 21 21   222    83 10187   100    57     0     0 -9999
2015 09 21 22   217    67 10188    80    51     0     0 -9999
2015 09 21 23   206    72 10192   100    46     0     0 -9999
2015 09 22 00   189    83 10191    90    36     0     0 -9999
2015 09 22 01   178   100 10193    90    26     0     0 -9999
2015 09 22 02   161   111 10197   160    15     0     0 -9999
2015 09 22 03   150   117 10197   140    31     0     0 -9999
2015 09 22 04   150   122 10198   150    21     0     0 -9999
2015 09 22 05   144   122 10196   130    21     0     0 -9999
2015 09 22 06   139   128 10196   130    21     0     0 -9999
2015 09 22 07   133   122 10198   160    15     0     0 -9999
2015 09 22 08   128   122 10200   160    15     0     0 -9999
2015 09 22 09   122   117 10202     0     0     0     0 -9999
2015 09 22 10   122   111 10207   150    21     0     0 -9999
2015 09 22 11   122   106 10214     0     0     0     0 -9999
2015 09 22 12   122   106 10218     0     0     2     0 -9999
2015 09 22 13   144   117 10223   180    21     2     0 -9999
2015 09 22 14   172   111 10223   180    21     2     0 -9999
2015 09 22 15   200   111 10227   180    21     2     0 -9999
2015 09 22 16   222   111 10225   180    21     4     0 -9999
2015 09 22 17   233   106 10225   240    21     2     0 -9999
2015 09 22 18   244   106 10220 -9999    26     4     0 -9999
2015 09 22 19   250    94 10217 -9999    21     4     0 -9999
2015 09 22 20   256    89 10212 -9999    15 -9999     0 -9999
2015 09 22 21   256   100 10212   250    21 -9999     0 -9999
2015 09 22 22   256    94 10211     0     0 -9999     0 -9999
2015 09 22 23   256   100 10212     0     0 -9999     0 -9999
2015 09 23 00   228   106 10217    90    36     4     0 -9999
2015 09 23 01   200   111 10223    70    21     4     0 -9999
2015 09 23 02   189   117 10225   120    15     2     0 -9999
2015 09 23 03   189   111 10229     0     0     2     0 -9999
2015 09 23 04   172   117 10231   150    26     4     0 -9999
2015 09 23 05   183   128 10233   140    21 -9999     0 -9999
2015 09 23 06   178   128 10230   150    15     2     0 -9999
2015 09 23 07   161   128 10228     0     0     4     0 -9999
2015 09 23 08   172   128 10226     0     0 -9999     0 -9999
2015 09 23 09   156   128 10226     0     0 -9999     0 -9999
2015 09 23 10   144   122 10234     0     0     4     0 -9999
2015 09 23 11   144   122 10241     0     0     4     0 -9999
2015 09 23 12   144   122 10247     0     0     4     0 -9999
2015 09 23 13   172   122 10251     0     0     4     0 -9999
2015 09 23 14   200   106 10249   140    21     4     0 -9999
2015 09 23 15   217   106 10251   140    15     2     0 -9999
2015 09 23 16   239   100 10251     0     0     4     0 -9999
2015 09 23 17   244    94 10249   110    21     4     0 -9999
2015 09 23 18   261   100 10244     0     0     4     0 -9999
2015 09 23 19   261    89 10237   100    51 -9999     0 -9999
2015 09 23 20   256    89 10234    80    46     4     0 -9999
2015 09 23 21   244    94 10233    90    41 -9999     0 -9999
2015 09 23 22   244   100 10233    80    46 -9999     0 -9999
2015 09 23 23   228   106 10232    50    51 -9999     0 -9999
2015 09 24 00   206   111 10236    50    36     6     0 -9999
2015 09 24 01   194   128 10237    50    26 -9999     0 -9999
2015 09 24 02   189   139 10237    50    21     4     0 -9999
2015 09 24 03   183   139 10237 -9999    21     4     0 -9999
2015 09 24 04   183   139 10236     0     0     2     0 -9999
2015 09 24 05   172   139 10235    20    21     4     0 -9999
2015 09 24 06   178   139 10234 -9999    31     6     0 -9999
2015 09 24 07   178   144 10235    80    21 -9999     0 -9999
2015 09 24 08   167   139 10234     0     0 -9999     0 -9999
2015 09 24 09   167   128 10234   110    15 -9999     0 -9999
2015 09 24 10   144   128 10239     0     0 -9999     0 -9999
2015 09 24 11   156   133 10239     0     0 -9999     0 -9999
2015 09 24 12   150   128 10248    20    21     8     0 -9999
2015 09 24 13   167   139 10251    50    21 -9999     0 -9999
2015 09 24 14   189   139 10252    80    36 -9999     0 -9999
2015 09 24 15   194   139 10251    70    26 -9999     0 -9999
2015 09 24 16   211   144 10249 -9999    26 -9999     0 -9999
2015 09 24 17   222   139 10247    40    21 -9999     0 -9999
2015 09 24 18   233   139 10244    70    26     6     0 -9999
2015 09 24 19   239   139 10238    60    36 -9999     0 -9999
2015 09 24 20   239   133 10235    70    31 -9999     0 -9999
2015 09 24 21   228   150 10236    50    46 -9999     0 -9999
2015 09 24 22   222   144 10236    60    46 -9999     0 -9999
2015 09 24 23   217   139 10237    50    46 -9999     0 -9999
2015 09 25 00   200   133 10235    50    31     4     0 -9999
2015 09 25 01   183   150 10237    30    26     4     0 -9999
2015 09 25 02   178   156 10239    10    26     4     0 -9999
2015 09 25 03   178   156 10238    30    15 -9999     0 -9999
2015 09 25 04   172   156 10239 -9999    21 -9999     0 -9999
2015 09 25 05   167   156 10238   360    26 -9999     0 -9999
2015 09 25 06   167   150 10236   360    31     6     0 -9999
2015 09 25 07   161   156 10236    30    26 -9999     0 -9999
2015 09 25 08   161   150 10234    20    21 -9999     0 -9999
2015 09 25 09   156   150 10233    20    21 -9999     0 -9999
2015 09 25 10   161   150 10234    20    26 -9999     0 -9999
2015 09 25 11   161   150 10236    20    31 -9999     0 -9999
2015 09 25 12   161   150 10238    20    26     6     0 -9999
2015 09 25 13   167   156 10241    20    26 -9999     0 -9999
2015 09 25 14   183   156 10245    40    36 -9999     0 -9999
2015 09 25 15   206   161 10247    40    31 -9999     0 -9999
2015 09 25 16   211   144 10245    20    51 -9999     0 -9999
2015 09 25 17   222   150 10242    30    57 -9999     0 -9999
2015 09 25 18   222   161 10241    40    57     6     0 -9999
2015 09 25 19   222   161 10236    40    62 -9999     0 -9999
2015 09 25 20   211   161 10233    50    72 -9999     0 -9999
2015 09 25 21   211   150 10229    40    57 -9999     0 -9999
2015 09 25 22   211   156 10228    40    51 -9999     0 -9999
2015 09 25 23   200   167 10230    30    57 -9999     0 -9999
2015 09 26 00   183   167 10233    20    51     6     0 -9999
2015 09 26 01   178   161 10235    20    36 -9999     0 -9999
2015 09 26 02   183   161 10236    30    41     4     0 -9999
2015 09 26 03   183   161 10236 -9999    31     4     0 -9999
2015 09 26 04   178   161 10236    20    26 -9999     0 -9999
2015 09 26 05   183   161 10235    60    21     4     0 -9999
2015 09 26 06   189   139 10233    80    31     6     0 -9999
2015 09 26 07   183   133 10234    70    26 -9999     0 -9999
2015 09 26 08   167   128 10232    50    26 -9999     0 -9999
2015 09 26 09   172   133 10232    80    26 -9999     0 -9999
2015 09 26 10   161   139 10234    70    21     4     0 -9999
2015 09 26 11   156   139 10240    50    21     4     0 -9999
2015 09 26 12   156   139 10246    70    21     4     0 -9999
2015 09 26 13   172   150 10250    80    15 -9999     0 -9999
2015 09 26 14   189   150 10250    90    21 -9999     0 -9999
2015 09 26 15   206   150 10251    90    36 -9999     0 -9999
2015 09 26 16   217   144 10248    70    31 -9999     0 -9999
2015 09 26 17   228   139 10243    80    41 -9999     0 -9999
2015 09 26 18   233   133 10235    80    51     4     0 -9999
2015 09 26 19   233   144 10228    90    51     4     0 -9999
2015 09 26 20   233   144 10222    90    62     4     0 -9999
2015 09 26 21   233   150 10219    70    62     4     0 -9999
2015 09 26 22   233   156 10218    50    51     2     0 -9999
2015 09 26 23   217   156 10218    50    51     2     0 -9999
2015 09 27 00   200   156 10216    50    41     4     0 -9999
2015 09 27 01   194   161 10216    60    31     4     0 -9999
2015 09 27 02   189   161 10216    30    26     4     0 -9999
2015 09 27 03   194   161 10214     0     0 -9999     0 -9999
2015 09 27 04   200   117 10213   100    36 -9999     0 -9999
2015 09 27 05   200   117 10208   110    36 -9999     0 -9999
2015 09 27 06   194   122 10203   130    36     6     0 -9999
2015 09 27 07   178   128 10200   130    26     4     0 -9999
2015 09 27 08   167   128 10198   140    21     4     0 -9999
2015 09 27 09   161   133 10196   130    26 -9999     0 -9999
2015 09 27 10   183   150 10193   160    36 -9999     0 -9999
2015 09 27 11   183   156 10198   170    36 -9999     0 -9999
2015 09 27 12   183   156 10199   170    26     8     0 -9999
2015 09 27 13   189   156 10202   170    36 -9999     0 -9999
2015 09 27 14   189   161 10202   180    36 -9999     0 -9999
2015 09 27 15   183   167 10203   180    41 -9999    -1 -9999
2015 09 27 16   194   167 10198   180    31 -9999    -1 -9999
2015 09 27 17   206   167 10194   170    31 -9999     0 -9999
2015 09 27 18   211   167 10191 -9999    26     8     0     0
2015 09 27 19   217   172 10183   130    36 -9999     0 -9999
2015 09 27 20   222   167 10175   160    41 -9999     0 -9999
2015 09 27 21   228   167 10170   160    41 -9999     0 -9999
2015 09 27 22   233   167 10165   160    41     4     0 -9999
2015 09 27 23   222   167 10164   180    41     2     0 -9999
2015 09 28 00   211   167 10165   130    41     2     0 -9999
2015 09 28 01   200   167 10165   140    41     4     0 -9999
2015 09 28 02   194   167 10167   140    36 -9999     0 -9999
2015 09 28 03   189   167 10166   150    36     2     0 -9999
2015 09 28 04   183   167 10167   150    26     4     0 -9999
2015 09 28 05   189   172 10165   150    21 -9999     0 -9999
2015 09 28 06   194   172 10161     0     0     6     0 -9999
2015 09 28 07   194   172 10160   190    15 -9999     0 -9999
2015 09 28 08   194   172 10156   190    31 -9999     0 -9999
2015 09 28 09   189   172 10155   190    26 -9999     0 -9999
2015 09 28 10   194   172 10154   210    21 -9999     0 -9999
2015 09 28 11   189   172 10155     0     0 -9999     0 -9999
2015 09 28 12   183   172 10160     0     0     8     0 -9999
2015 09 28 13   194   178 10165     0     0 -9999     0 -9999
2015 09 28 14   200   178 10165   180    31 -9999     0 -9999
2015 09 28 15   211   183 10167   200    26 -9999     0 -9999
2015 09 28 16   222   183 10163   230    31 -9999     0 -9999
2015 09 28 17   228   189 10161   230    26 -9999     0 -9999
2015 09 28 18   233   189 10155   220    21     8     0 -9999
2015 09 28 19   244   183 10144   230    15 -9999     0 -9999
2015 09 28 20   250   178 10135   210    46 -9999     0 -9999
2015 09 28 21   244   183 10133   230    26 -9999     0 -9999
2015 09 28 22   244   183 10132   250    26 -9999     0 -9999
2015 09 28 23   244   183 10134     0     0 -9999     0 -9999
2015 09 29 00   233   183 10135   210    15     8     0 -9999
2015 09 29 01   228   183 10137   180    26 -9999     0 -9999
2015 09 29 02   222   183 10137   180    31 -9999     0 -9999
2015 09 29 03   228   178 10140     0     0 -9999     0 -9999
2015 09 29 04   206   172 10138   210    21     2     0 -9999
2015 09 29 05   211   178 10136   210    15     2     0 -9999
2015 09 29 06   189   172 10134   200    15     4     0 -9999
2015 09 29 07   189   172 10135     0     0 -9999     0 -9999
2015 09 29 08   189   172 10129     0     0     4     0 -9999
2015 09 29 09   194   172 10127   240    21 -9999     0 -9999
2015 09 29 10   189   172 10128   270    15 -9999     0 -9999
2015 09 29 11   183   172 -9999    20    57 -9999     0 -9999
2015 09 29 12   172   156 10146    10    67     8     0 -9999
2015 09 29 13   161   139 10155    10    93 -9999    -1 -9999
2015 09 29 14   150   133 10167    10    77 -9999     8 -9999
2015 09 29 15   150   139 10175    20    88 -9999     5 -9999
2015 09 29 16   144   133 10177    10    82 -9999    58 -9999
2015 09 29 17   150   139 10176    20    62 -9999    30 -9999
2015 09 29 18   161   139 10176    30    72     8    -1   100
2015 09 29 19   156   133 10175    20    82 -9999     0 -9999
2015 09 29 20   156   128 10173    20    82 -9999     0 -9999
2015 09 29 21   156   122 10175    10    93 -9999     0 -9999
2015 09 29 22   156   111 10178    20    93 -9999     0 -9999
2015 09 29 23   144    94 10181    20    82 -9999     0 -9999
2015 09 30 00   139    89 10188    20    82     6     0 -9999
2015 09 30 01   133    89 10195    20    77 -9999     0 -9999
2015 09 30 02   128    83 10203    20    62 -9999     0 -9999
2015 09 30 03   128    78 10205    20    67 -9999     0 -9999
2015 09 30 04   128    83 10204    20    67     4     0 -9999
2015 09 30 05   133    78 10203    30    72     2     0 -9999
2015 09 30 06   133    78 10203    40    72     4     0 -9999
2015 09 30 07   128    72 10204    40    57     4     0 -9999
2015 09 30 08   122    67 10205    30    51     2     0 -9999
2015 09 30 09   122    67 10206    40    62     4     0 -9999
2015 09 30 10   122    61 10210    30    41 -9999     0 -9999
2015 09 30 11   122    61 10213    30    57 -9999     0 -9999
2015 09 30 12   122    67 10219    30    46     6     0 -9999
2015 09 30 13   128    72 10224    30    51     4     0 -9999
2015 09 30 14   144    67 10230    40    88 -9999     0 -9999
2015 09 30 15   150    61 10234    50    98 -9999     0 -9999
2015 09 30 16   156    61 10236    50    88 -9999     0 -9999
2015 09 30 17   156    56 10237    50    77 -9999     0 -9999
2015 09 30 18   156    50 10237    50    82     4     0 -9999
2015 09 30 19   156    50 10234    20   103     2     0 -9999
2015 09 30 20   156    50 10232    40    98     2     0 -9999
2015 09 30 21   150    56 10230    50    98     4     0 -9999
2015 09 30 22   144    56 10229    30    82     4     0 -9999
2015 09 30 23   139    56 10233    30    88     4     0 -9999
2015 10 01 00   128    61 10234    30    62     2     0 -9999
2015 10 01 01   122    67 10236    10    46     2     0 -9999
2015 10 01 02   117    72 10236   340    41 -9999     0 -9999
2015 10 01 03   117    72 10238   340    41 -9999     0 -9999
2015 10 01 04   144    56 10239    70    72 -9999     0 -9999
2015 10 01 05   133    61 10243    80    72 -9999     0 -9999
2015 10 01 06   122    56 10245    70    67     4     0 -9999
2015 10 01 07   117    56 10247    70    67     4     0 -9999
2015 10 01 08   117    50 10249    60    51 -9999     0 -9999
2015 10 01 09   111    50 10246    50    51     2     0 -9999
2015 10 01 10   117    50 10248    50    46 -9999     0 -9999
2015 10 01 11   122    56 10251    50    62 -9999     0 -9999
2015 10 01 12   122    56 10254    60    57     6     0 -9999
2015 10 01 13   122    56 10256    60    72     4     0 -9999
2015 10 01 14   133    56 10259    70    93 -9999     0 -9999
2015 10 01 15   128    56 10268    70   103 -9999     0 -9999
2015 10 01 16   139    56 10267    60    88 -9999     0 -9999
2015 10 01 17   139    56 10269    40   108 -9999     0 -9999
2015 10 01 18   139    56 10269    50   108     6     0 -9999
2015 10 01 19   150    56 10268    40    88 -9999     0 -9999
2015 10 01 20   139    61 10264    40    88 -9999     0 -9999
2015 10 01 21   139    61 10262    40   108 -9999     0 -9999
2015 10 01 22   139    56 10265    30   108 -9999     0 -9999
2015 10 01 23   139    56 10265    40    93     4     0 -9999
2015 10 02 00   128    67 10264    30    51     2     0 -9999
2015 10 02 01   128    61 10263    20    62     4     0 -9999
2015 10 02 02   133    61 10265    50    67     4     0 -9999
2015 10 02 03   133    50 10268    60    93     4     0 -9999
2015 10 02 04   122    56 10273    70    93     4     0 -9999
2015 10 02 05   117    50 10275    60   103 -9999     0 -9999
2015 10 02 06   111    56 10274    70    82     4     0 -9999
2015 10 02 07   111    56 10274    70    72     2     0 -9999
2015 10 02 08   111    56 10270    60    62     0     0 -9999
2015 10 02 09   111    50 10267    60    62     0     0 -9999
2015 10 02 10   111    44 10267    70    77     0     0 -9999
2015 10 02 11   111    39 10270    60    77     2     0 -9999
2015 10 02 12   111    50 10272    50    62     2     0 -9999
2015 10 02 13   117    56 10276    60    77     4     0 -9999
2015 10 02 14   122    44 10277    60    88 -9999     0 -9999
2015 10 02 15   128    44 10278    50   108     4     0 -9999
2015 10 02 16   139    44 10279    60    98     4     0 -9999
2015 10 02 17   144    56 10279    50   113 -9999     0 -9999
2015 10 02 18   144    56 10276    50   108     6     0 -9999
2015 10 02 19   144    50 10269    50    98 -9999     0 -9999
2015 10 02 20   150    56 10263    40   108     4     0 -9999
2015 10 02 21   156    50 10259    30   108     4     0 -9999
2015 10 02 22   144    61 10259    50    82 -9999     0 -9999
2015 10 02 23   139    83 10256    40    77 -9999     0 -9999
2015 10 03 00   144    50 10257    50    93     6     0 -9999
2015 10 03 01   139    50 10254    50    67 -9999     0 -9999
2015 10 03 02   133    44 10255    60    72 -9999     0 -9999
2015 10 03 03   122    39 10260    70    93 -9999     0 -9999
2015 10 03 04   117    39 10256    60    93 -9999     0 -9999
2015 10 03 05   111    33 10254    70    98 -9999     0 -9999
2015 10 03 06   106    28 10251    70    82 -9999     0 -9999
2015 10 03 07   106    28 10245    60   103 -9999     0 -9999
2015 10 03 08   106    28 10241    70    88 -9999     0 -9999
2015 10 03 09   106    28 10242    60    77 -9999     0 -9999
2015 10 03 10   106    33 10239    60    72 -9999     0 -9999
2015 10 03 11   100    28 10237    70    67 -9999     0 -9999
2015 10 03 12   100    33 10232    60    72     8     0 -9999
2015 10 03 13   100    39 10233    60    77 -9999    -1 -9999
2015 10 03 14   106    39 10234    60    82 -9999    -1 -9999
2015 10 03 15   111    39 10236    60    82 -9999     0 -9999
2015 10 03 16   111    39 10230    60   103 -9999     0 -9999
2015 10 03 17   117    44 10227    50   103 -9999     0 -9999
2015 10 03 18   111    44 10229    70    82     8     0    -1
2015 10 03 19   117    50 10226    60    77 -9999     0 -9999
2015 10 03 20   117    44 10224    50    93 -9999     0 -9999
2015 10 03 21   106    61 10229    60    88 -9999    -1 -9999
2015 10 03 22    94    83 10230    50    67 -9999    -1 -9999
2015 10 03 23    94    83 10230    60    67 -9999     3 -9999
2015 10 04 00    89    78 10234    60    67     8    -1     3
2015 10 04 01    94    72 10229    60    77 -9999    -1 -9999
2015 10 04 02    94    72 10229    70    67 -9999     0 -9999
2015 10 04 03   100    72 10228    70    67 -9999     0 -9999
2015 10 04 04    94    72 10226    70    67 -9999     0 -9999
2015 10 04 05   100    72 10223    70    46 -9999     0 -9999
2015 10 04 06   100    72 10221    60    46     8     0    -1
2015 10 04 07   100    72 10219    70    67 -9999     0 -9999
2015 10 04 08   100    72 10218    70    57 -9999     0 -9999
2015 10 04 09   100    78 10218    70    51 -9999     0 -9999
2015 10 04 10   100    78 10223    40    36 -9999     0 -9999
2015 10 04 11   100    83 10224    40    36 -9999     0 -9999
2015 10 04 12   100    83 10222    50    41     8     0 -9999
2015 10 04 13   106    89 10224    60    41 -9999     0 -9999
2015 10 04 14   111    89 10230    50    41 -9999     0 -9999
2015 10 04 15   117    94 10229    60    62 -9999     0 -9999
2015 10 04 16   122    94 10230    40    62 -9999     0 -9999
2015 10 04 17   122   100 10228    40    62 -9999     0 -9999
2015 10 04 18   133   100 10227    40    57     8     0 -9999
2015 10 04 19   133   100 10222    30    57 -9999     0 -9999
2015 10 04 20   133   100 10218    30    67 -9999     0 -9999
2015 10 04 21   133   100 10220    30    62 -9999     0 -9999
2015 10 04 22   133   106 10218    30    51 -9999     0 -9999
2015 10 04 23   133   106 10218    40    57 -9999     0 -9999
2015 10 05 00   133   106 10218    50    46     8     0 -9999
2015 10 05 01   133   111 10221    30    36 -9999     0 -9999
2015 10 05 02   139   111 10220    40    46 -9999     0 -9999
2015 10 05 03   139   117 10218    50    41 -9999     0 -9999
2015 10 05 04   139   117 10221    60    46 -9999     0 -9999
2015 10 05 05   139   117 10219    70    46 -9999     0 -9999
2015 10 05 06   133   117 10216    90    41     8     0 -9999
2015 10 05 07   133   117 10214    60    31 -9999     0 -9999
2015 10 05 08   133   117 10212    60    31 -9999     0 -9999
2015 10 05 09   133   122 10212    40    26 -9999     0 -9999
2015 10 05 10   133   117 10213    50    15 -9999     0 -9999
2015 10 05 11   128   117 10219    20    31 -9999     0 -9999
2015 10 05 12   133   122 10222    40    31     8     0 -9999
2015 10 05 13   133   122 10224    40    26 -9999     0 -9999
2015 10 05 14   133   122 10225    40    36 -9999     0 -9999
2015 10 05 15   139   128 10227    60    36 -9999     0 -9999
2015 10 05 16   139   128 10228    70    36 -9999     0 -9999
2015 10 05 17   150   128 10223    50    26 -9999     0 -9999
2015 10 05 18   150   128 10221    40    31     8     0 -9999
2015 10 05 19   156   128 10214    50    36 -9999     0 -9999
2015 10 05 20   156   128 10208    30    26 -9999     0 -9999
2015 10 05 21   150   128 10206    50    36 -9999     0 -9999
2015 10 05 22   150   128 10206    20    41 -9999     0 -9999
2015 10 05 23   144   128 10210    30    36 -9999     0 -9999
2015 10 06 00   144   122 10213    20    36     8     0 -9999
2015 10 06 01   144   122 10216    50    31 -9999     0 -9999
2015 10 06 02   144   128 10216    40    36 -9999     0 -9999
2015 10 06 03   144   128 10214 -9999    26 -9999     0 -9999
2015 10 06 04   144   128 10212   360    31 -9999     0 -9999
2015 10 06 05   139   128 10211   360    26 -9999     0 -9999
2015 10 06 06   139   128 10208   360    21     8     0 -9999
2015 10 06 07   139   128 10207   360    26 -9999     0 -9999
2015 10 06 08   139   128 10207   350    31 -9999     0 -9999
2015 10 06 09   139   128 10203    10    26 -9999    -1 -9999
2015 10 06 10   133   128 10206   340    41 -9999    -1 -9999
2015 10 06 11   133   128 10212   360    26 -9999    -1 -9999
2015 10 06 12   128   117 10212   360    26     8    -1    -1
2015 10 06 13   133   117 10216    20    15 -9999     0 -9999
2015 10 06 14   144   122 10217    10    31 -9999     0 -9999
2015 10 06 15   150   122 10219    20    26 -9999     0 -9999
2015 10 06 16   161   122 10220    10    26 -9999     0 -9999
2015 10 06 17   167   117 10220   360    26 -9999     0 -9999
2015 10 06 18   183   117 10212    40    15     4     0 -9999
2015 10 06 19   194   111 10204   300    15     2     0 -9999
2015 10 06 20   200   111 10196     0     0     2     0 -9999
2015 10 06 21   206   100 10196     0     0     2     0 -9999
2015 10 06 22   217   106 10192     0     0     2     0 -9999
2015 10 06 23   194   117 10188   160    26     2     0 -9999
2015 10 07 00   161   122 10191   140    46     2     0 -9999
2015 10 07 01   150   117 10193   130    31     2     0 -9999
2015 10 07 02   139   117 10194   150    21     4     0 -9999
2015 10 07 03   150   128 10194   190    26 -9999     0 -9999
2015 10 07 04   150   128 10195   210    15 -9999     0 -9999
2015 10 07 05   156   133 10195   230    21 -9999     0 -9999
2015 10 07 06   156   133 10192   230    21     8     0 -9999
2015 10 07 07   156   133 10189   230    26 -9999     0 -9999
2015 10 07 08   156   133 10189   230    15 -9999     0 -9999
2015 10 07 09   150   133 10187     0     0 -9999     0 -9999
2015 10 07 10   144   133 10185   220    15 -9999     0 -9999
2015 10 07 11   144   133 10191   260    31 -9999     0 -9999
2015 10 07 12   144   128 10197   270    15     6     0 -9999
2015 10 07 13   156   133 10202   310    26 -9999     0 -9999
2015 10 07 14   167   128 10208   340    36 -9999     0 -9999
2015 10 07 15   189   122 10210 -9999    31     4     0 -9999
2015 10 07 16   206   117 10211    40    21     2     0 -9999
2015 10 07 17   211   122 10210    60    41     2     0 -9999
2015 10 07 18   211   122 10210    80    36     2     0 -9999
2015 10 07 19   206   128 10208    60    46     2     0 -9999
2015 10 07 20   194   133 10205    50    57     4     0 -9999
2015 10 07 21   178   128 10204    50    57     4     0 -9999
2015 10 07 22   167   122 10207    70    57     4     0 -9999
2015 10 07 23   156   122 10207    60    46 -9999     0 -9999
2015 10 08 00   150   117 10208    60    46     6     0 -9999
2015 10 08 01   144   117 10209    60    36     4     0 -9999
2015 10 08 02   139   111 10209    60    36     4     0 -9999
2015 10 08 03   133   106 10210    70    36     2     0 -9999
2015 10 08 04   133   106 10207    80    36     2     0 -9999
2015 10 08 05   128   100 10205    50    21     2     0 -9999
2015 10 08 06   128    94 10199    90    15     2     0 -9999
2015 10 08 07   117    89 10192     0     0     2     0 -9999
2015 10 08 08   117    94 10187   100    21     0     0 -9999
2015 10 08 09   111    94 10183   170    15     2     0 -9999
2015 10 08 10   111    94 10180   160    15 -9999     0 -9999
2015 10 08 11   111    89 10177   180    21     2     0 -9999
2015 10 08 12   122    94 10176   180    15     6     0 -9999
2015 10 08 13   133   106 10176   180    21 -9999     0 -9999
2015 10 08 14   144   117 10169   180    26 -9999     0 -9999
2015 10 08 15   183   128 10164   220    31 -9999     0 -9999
2015 10 08 16   206   133 10153   200    62 -9999     0 -9999
2015 10 08 17   228   133 10146   220    57     4     0 -9999
2015 10 08 18   233   128 10138   230    51     4     0 -9999
2015 10 08 19   250   133 10124   240    72 -9999     0 -9999
2015 10 08 20   239   133 10118   220    67 -9999     0 -9999
2015 10 08 21   239   133 10113   240    46 -9999     0 -9999
2015 10 08 22   233   133 10111   230    46 -9999     0 -9999
2015 10 08 23   228   133 10107   220    51 -9999     0 -9999
2015 10 09 00   222   139 10108   210    41     8     0 -9999
2015 10 09 01   211   156 -9999   250    57 -9999     2 -9999
2015 10 09 02   194   167 10113   240    31 -9999     8 -9999
2015 10 09 03   183   167 10113   250    26     4     0 -9999
2015 10 09 04   178   161 10120   250    21     4     0 -9999
2015 10 09 05   183   156 10122   300    46 -9999     0 -9999
2015 10 09 06   178   150 10125   360    62     8     0    10
2015 10 09 07   161   139 -9999    30    46 -9999     0 -9999
2015 10 09 08   156   133 10140    40    46 -9999     0 -9999
2015 10 09 09   156   122 10145    10    46 -9999     0 -9999
2015 10 09 10   150   122 10152   330    62 -9999     0 -9999
2015 10 09 11   144   106 10162   340    82 -9999     0 -9999
2015 10 09 12   133    94 10173   350    62     8     0 -9999
2015 10 09 13   122    78 10187   340    62 -9999     0 -9999
2015 10 09 14   128    83 10200   350    72     4     0 -9999
2015 10 09 15   133    83 10207   360    67 -9999     0 -9999
2015 10 09 16   139    83 10213   350    62 -9999     0 -9999
2015 10 09 17   144    83 10215    10    67 -9999     0 -9999
2015 10 09 18   144    78 10219    10    46     8     0 -9999
2015 10 09 19   144    83 10216    40    41 -9999     0 -9999
2015 10 09 20   150    78 10212    20    62 -9999     0 -9999
2015 10 09 21   144    72 10215    30    46 -9999     0 -9999
2015 10 09 22   150    78 10221    40    51 -9999     0 -9999
2015 10 09 23   139    72 10226    40    51 -9999     0 -9999
2015 10 10 00   128    72 10230    50    36     6     0 -9999
2015 10 10 01   117    67 10232    20    21     4     0 -9999
2015 10 10 02   117    67 10234    10    21     2     0 -9999
2015 10 10 03    94    67 10240 -9999    15     4     0 -9999
2015 10 10 04   106    72 10241     0     0     2     0 -9999
2015 10 10 05    83    67 10238   270    21     2     0 -9999
2015 10 10 06    89    67 10242   310    15     4     0 -9999
2015 10 10 07    89    72 10241     0     0 -9999     0 -9999
2015 10 10 08    89    67 10237     0     0 -9999     0 -9999
2015 10 10 09    72    61 10237     0     0     4     0 -9999
2015 10 10 10    72    56 10232     0     0     4     0 -9999
2015 10 10 11    72    56 10232     0     0     2     0 -9999
2015 10 10 12    67    56 10235     0     0     2     0 -9999
2015 10 10 13    61    50 10240     0     0     2     0 -9999
2015 10 10 14   106    78 10239     0     0     2     0 -9999
2015 10 10 15   128    72 10237   240    41 -9999     0 -9999
2015 10 10 16   139    72 10226   200    36 -9999     0 -9999
2015 10 10 17   156    72 10219   230    36 -9999     0 -9999
2015 10 10 18   161    67 10208   230    46     6     0 -9999
2015 10 10 19   172    61 10192   210    41 -9999     0 -9999
2015 10 10 20   178    61 10183   240    46 -9999     0 -9999
2015 10 10 21   183    61 10174   220    41 -9999     0 -9999
2015 10 10 22   178    61 10165   240    57 -9999     0 -9999
2015 10 10 23   172    61 10157   220    41 -9999     0 -9999
2015 10 11 00   150    61 10160   210    31     6     0 -9999
2015 10 11 01   139    61 10154   200    31 -9999     0 -9999
2015 10 11 02   128    67 10151   220    26 -9999     0 -9999
2015 10 11 03   122    67 10151   200    41     4     0 -9999
2015 10 11 04   133    67 10145   220    36 -9999     0 -9999
2015 10 11 05   139    67 10140   220    41 -9999     0 -9999
2015 10 11 06   133    67 10133   230    41     6     0 -9999
2015 10 11 07   133    67 10127   240    46     4     0 -9999
2015 10 11 08   128    67 10126   230    46     2     0 -9999
2015 10 11 09   117    67 10119   210    36     2     0 -9999
2015 10 11 10   111    67 10117   220    36     0     0 -9999
2015 10 11 11   106    67 10116   220    41     2     0 -9999
2015 10 11 12   106    72 10114   210    36     2     0 -9999
2015 10 11 13   111    72 10111   210    41     2     0 -9999
2015 10 11 14   133    83 10108   220    41     2     0 -9999
2015 10 11 15   161    89 10106   240    46     2     0 -9999
2015 10 11 16   189    94 10102   220    51     2     0 -9999
2015 10 11 17   211   100 10093   210    57     2     0 -9999
2015 10 11 18   233   106 10079   220    57     2     0 -9999
2015 10 11 19   250   111 10066   210    77     2     0 -9999
2015 10 11 20   256   117 10060   220    57     2     0 -9999
2015 10 11 21   256   111 10054   210    82     2     0 -9999
2015 10 11 22   250   111 10049   200    82     2     0 -9999
2015 10 11 23   239   106 10044   200    72     2     0 -9999
2015 10 12 00   222    94 10046   200    51     2     0 -9999
2015 10 12 01   211    89 10044   190    62     0     0 -9999
2015 10 12 02   211    83 10047   200    77     0     0 -9999
2015 10 12 03   200    83 10045   200    62     0     0 -9999
2015 10 12 04   194    83 10043   200    77     2     0 -9999
2015 10 12 05   189    94 10037   210    72     2     0 -9999
2015 10 12 06   183   100 10027   220    62     0     0 -9999
2015 10 12 07   178   106 10019   200    77     0     0 -9999
2015 10 12 08   172   106 10012   200    72     0     0 -9999
2015 10 12 09   172   111  9998   200    67     0     0 -9999
2015 10 12 10   172   117  9993   200    72     2     0 -9999
2015 10 12 11   167   117  9992   200    51     4     0 -9999
2015 10 12 12   161   117  9989   210    62     4     0 -9999
2015 10 12 13   167   122  9989   220    46     2     0 -9999
2015 10 12 14   178   133  9994   250    41     4     0 -9999
2015 10 12 15   200   133  9999   280    67 -9999     0 -9999
2015 10 12 16   206   106  9998   290    62 -9999     0 -9999
2015 10 12 17   200    94  9999   270    46 -9999     0 -9999
2015 10 12 18   194    78  9993   250    36     6     0 -9999
2015 10 12 19   206    72  9985   240    51 -9999     0 -9999
2015 10 12 20   228    56  9978   230    77     2     0 -9999
2015 10 12 21   239    39  9973   260    72     2     0 -9999
2015 10 12 22   222    39  9978   270    98     4     0 -9999
2015 10 12 23   206    44  9982   280    67 -9999     0 -9999
2015 10 13 00   183    50  9993   280   113     6     0 -9999
2015 10 13 01   172    56  9996   280   124     4     0 -9999
2015 10 13 02   167    56  9994   290    57 -9999     0 -9999
2015 10 13 03   161    61  9995   310    93 -9999     0 -9999
2015 10 13 04   139    67 10005   300    77 -9999     0 -9999
2015 10 13 05   133    56 10008   310    82 -9999     0 -9999
2015 10 13 06   117    39 10014   300    57     4     0 -9999
2015 10 13 07   111    33 10015   300    82     2     0 -9999
2015 10 13 08   100    39 10018   300    46     2     0 -9999
2015 10 13 09   100    39 10020   300    72     4     0 -9999
2015 10 13 10   100    44 10027   290    88 -9999     0 -9999
2015 10 13 11   106    44 10033   290    77 -9999     0 -9999
2015 10 13 12   100    44 10037   280    57     4     0 -9999
2015 10 13 13   100    50 10044   280    62     2     0 -9999
2015 10 13 14   111    50 10052   310    77 -9999     0 -9999
2015 10 13 15   111    50 10058   300    72 -9999     0 -9999
2015 10 13 16   111    50 10066   310    77 -9999     0 -9999
2015 10 13 17   117    50 10071   310    67 -9999     0 -9999
2015 10 13 18   128    56 10073   320    77     8     0 -9999
2015 10 13 19   150    61 10072   300    62 -9999     0 -9999
2015 10 13 20   156    61 10071   290    46 -9999     0 -9999
2015 10 13 21   167    61 10074   310    57 -9999     0 -9999
2015 10 13 22   161    61 10078   300    31 -9999     0 -9999
2015 10 13 23   161    67 10080   300    15 -9999     0 -9999
2015 10 14 00   150    67 10084     0     0     4     0 -9999
2015 10 14 01   122    61 10092     0     0     2     0 -9999
2015 10 14 02   122    72 10098   290    31     2     0 -9999
2015 10 14 03   117    67 10105   310    51     2     0 -9999
2015 10 14 04   117    61 10110   330    36     2     0 -9999
2015 10 14 05    94    61 10112   320    31     2     0 -9999
2015 10 14 06    83    56 10112   310    31     0     0 -9999
2015 10 14 07    83    50 10117   310    41     0     0 -9999
2015 10 14 08    83    50 10115   310    36     2     0 -9999
2015 10 14 09    78    44 10118   320    46 -9999     0 -9999
2015 10 14 10    72    39 10122   330    36 -9999     0 -9999
2015 10 14 11    61    33 10133   290    31     2     0 -9999
2015 10 14 12    56    28 10140   320    36     2     0 -9999
2015 10 14 13    67    33 10145   310    41     2     0 -9999
2015 10 14 14    83    39 10155   330    41     2     0 -9999
2015 10 14 15   106    33 10162   340    46     2     0 -9999
2015 10 14 16   117    28 10165   360    26     2     0 -9999
2015 10 14 17   133    22 10170   350    26     0     0 -9999
2015 10 14 18   144    28 10165 -9999    31     0     0 -9999
2015 10 14 19   161    22 10162   300    31     0     0 -9999
2015 10 14 20   167    22 10158   300    51     0     0 -9999
2015 10 14 21   172    17 10156   300    57     2     0 -9999
2015 10 14 22   167    17 10153   310    57     2     0 -9999
2015 10 14 23   156    17 10154   290    41     0     0 -9999
2015 10 15 00   139    17 10157   240    21     0     0 -9999
2015 10 15 01   122    28 10163   250    21     0     0 -9999
2015 10 15 02   117    28 10164   230    21     0     0 -9999
2015 10 15 03   111    28 10164   240    31     0     0 -9999
2015 10 15 04   106    28 10164   240    31     4     0 -9999
2015 10 15 05   100    33 10161   240    31     2     0 -9999
2015 10 15 06   100    33 10164   250    41     0     0 -9999
2015 10 15 07   100    28 10165   250    41     0     0 -9999
2015 10 15 08    94    28 10162   250    41     2     0 -9999
2015 10 15 09    89    28 10157   260    36 -9999     0 -9999
2015 10 15 10    89    28 10156   250    46     0     0 -9999
2015 10 15 11    83    28 10157   240    36     0     0 -9999
2015 10 15 12    83    28 10156   240    26     2     0 -9999
2015 10 15 13    89    28 10156   250    41 -9999     0 -9999
2015 10 15 14   111    33 10161   230    62 -9999 -9999 -9999
2015 10 15 15   128    33 10161   250    67 -9999     0 -9999
2015 10 15 16   133    44 10165   260    51 -9999     0 -9999
2015 10 15 17   156    50 10160   270    46 -9999     0 -9999
2015 10 15 18   161    50 10147   230    26     8    -1     3
2015 10 15 19   178    50 10138   250    36 -9999     0 -9999
2015 10 15 20   200    22 10131   270    67     4     0 -9999
2015 10 15 21   189     0 10133   280    67 -9999     0 -9999
2015 10 15 22   194   -39 10133   280   118     4     0 -9999
2015 10 15 23   172   -61 10150   300    93     2     0 -9999
2015 10 16 00   150   -39 10170   320    98     2     0 -9999
2015 10 16 01   128   -28 10184   320    41     0     0 -9999
2015 10 16 02   100   -11 10194   320    26     0     0 -9999
2015 10 16 03    94    -6 10201   300    26     0     0 -9999
2015 10 16 04    94    -6 10207   290    36     0     0 -9999
2015 10 16 05    78    -6 10209   280    31     0     0 -9999
2015 10 16 06    83     0 10210   290    41     0     0 -9999
2015 10 16 07    78     0 10211   290    36     0     0 -9999
2015 10 16 08    72     0 10212   290    36     0     0 -9999
2015 10 16 09    67     0 10215   280    41     0     0 -9999
2015 10 16 10    67     0 10221   290    41     0     0 -9999
2015 10 16 11    67     0 10228   300    51     0     0 -9999
2015 10 16 12    61     0 10235   310    51     2     0 -9999
2015 10 16 13    61     6 10242   320    46     2     0 -9999
2015 10 16 14    78    11 10251   330    67     2     0 -9999
2015 10 16 15    89     0 10257   330    67     2     0 -9999
2015 10 16 16   100   -11 10256   340    57     2     0 -9999
2015 10 16 17   100   -17 10259   320    62     4     0 -9999
2015 10 16 18   117   -22 10251   310    57     4     0 -9999
2015 10 16 19   117   -28 10248   300    72     4     0 -9999
2015 10 16 20   117   -22 10248   310    46     4     0 -9999
2015 10 16 21   122   -33 10249   330    67     4     0 -9999
2015 10 16 22   117   -28 10249   300    57     4     0 -9999
2015 10 16 23    94   -28 10250   310    46     4     0 -9999
2015 10 17 00    89   -28 10257   320    41     4     0 -9999
2015 10 17 01    83   -28 10261   330    41     4     0 -9999
2015 10 17 02    72   -33 10262   340    51     2     0 -9999
2015 10 17 03    61   -33 10265   350    36     2     0 -9999
2015 10 17 04    50   -33 10270   340    46     2     0 -9999
2015 10 17 05    44   -33 10272   330    41     0     0 -9999
2015 10 17 06    28   -33 10273   320    31     0     0 -9999
2015 10 17 07    22   -39 10276   320    36     0     0 -9999
2015 10 17 08    22   -50 10279   320    51     0     0 -9999
2015 10 17 09    17   -50 10282   320    57     0     0 -9999
2015 10 17 10    17   -50 10287   330    51     0     0 -9999
2015 10 17 11    17   -56 10294   330    51     0     0 -9999
2015 10 17 12    11   -56 10303   330    51     2     0 -9999
2015 10 17 13    11   -56 10310   320    51     2     0 -9999
2015 10 17 14    39   -61 10318   330    46     2     0 -9999
2015 10 17 15    56   -61 10322   340    41     4     0 -9999
2015 10 17 16    67   -83 10323   320    51 -9999     0 -9999
2015 10 17 17    72   -72 10321   320    31 -9999     0 -9999
2015 10 17 18    89   -61 10312   330    41     4     0 -9999
2015 10 17 19   100   -56 10305   330    62     4     0 -9999
2015 10 17 20   106   -50 10297   300    57     2     0 -9999
2015 10 17 21   117   -56 10290   320    67     2     0 -9999
2015 10 17 22   111   -56 10288   320    51     2     0 -9999
2015 10 17 23   100   -50 10287   320    57     2     0 -9999
2015 10 18 00    78   -44 10291   320    26     2     0 -9999
2015 10 18 01    61   -33 10294   280    21     0     0 -9999
2015 10 18 02    50   -28 10296   290    26     2     0 -9999
2015 10 18 03    44   -28 10297   300    15     2     0 -9999
2015 10 18 04    39   -28 10299   280    15     0     0 -9999
2015 10 18 05    28   -22 10299   260    26     0     0 -9999
2015 10 18 06    28   -22 10296     0     0     0     0 -9999
2015 10 18 07    17   -22 10297   270    31     0     0 -9999
2015 10 18 08    22   -22 10300   280    31     0     0 -9999
2015 10 18 09    28   -22 10300     0     0     0     0 -9999
2015 10 18 10    17   -28 10304   260    15     0     0 -9999
2015 10 18 11    11   -28 10310   260    15     0     0 -9999
2015 10 18 12    11   -28 10316   280    26     2     0 -9999
2015 10 18 13    22   -22 10322   270    21     2     0 -9999
2015 10 18 14    61   -17 10327   310    26     2     0 -9999
2015 10 18 15    89   -17 10329   310    26     2     0 -9999
2015 10 18 16   117   -22 10330   320    15     2     0 -9999
2015 10 18 17   128   -22 10324   310    21     0     0 -9999
2015 10 18 18   139   -33 10317   310    46     2     0 -9999
2015 10 18 19   144   -39 10311 -9999    21     2     0 -9999
2015 10 18 20   144   -44 10300   210    21     0     0 -9999
2015 10 18 21   144   -44 10294 -9999    21     0     0 -9999
2015 10 18 22   144   -44 10287     0     0     0     0 -9999
2015 10 18 23   117   -33 10283   200    21     0     0 -9999
2015 10 19 00    78    17 10280   140    36     0     0 -9999
2015 10 19 01    83    22 10280   160    31     0     0 -9999
2015 10 19 02    78     0 10276   180    41     0     0 -9999
2015 10 19 03    83   -17 10271   190    46     0     0 -9999
2015 10 19 04    61   -22 10268   170    36     0     0 -9999
2015 10 19 05    61   -22 10266   190    36     0     0 -9999
2015 10 19 06    72   -28 10260   190    41     0     0 -9999
2015 10 19 07    94   -33 10253   200    57     0     0 -9999
2015 10 19 08   100   -28 10247   200    77     0     0 -9999
2015 10 19 09    94   -28 10244   200    67     0     0 -9999
2015 10 19 10    89   -22 10242   200    46     0     0 -9999
2015 10 19 11   100   -28 10236   200    82     0     0 -9999
2015 10 19 12   106   -28 10229   200   103     2     0 -9999
2015 10 19 13   106   -28 10226   210    82     2     0 -9999
2015 10 19 14   122   -22 10220   210    98     2     0 -9999
2015 10 19 15   133   -17 10212   210    82     2     0 -9999
2015 10 19 16   150   -11 10206   210    88     2     0 -9999
2015 10 19 17   178     0 10194   210    93     2     0 -9999
2015 10 19 18   200     6 10184   220    98     4     0 -9999
2015 10 19 19   206    11 10171   220   108 -9999     0 -9999
2015 10 19 20   211    17 10164   210    88 -9999     0 -9999
2015 10 19 21   222    28 10157   220    88 -9999     0 -9999
2015 10 19 22   222    33 10154   210   103 -9999     0 -9999
2015 10 19 23   211    33 10155   210    93 -9999     0 -9999
2015 10 20 00   200    33 10159   210    77     6     0 -9999
2015 10 20 01   194    28 10163   210    82 -9999     0 -9999
2015 10 20 02   183    28 10163   210   103 -9999     0 -9999
2015 10 20 03   178    28 10163   210    82 -9999     0 -9999
2015 10 20 04   172    22 10166   210    88     4     0 -9999
2015 10 20 05   161    28 10170   210    62 -9999     0 -9999
2015 10 20 06   161    22 10171   220    67     6     0 -9999
2015 10 20 07   150    22 10175   220    51 -9999     0 -9999
2015 10 20 08   150    22 10175   220    77     4     0 -9999
2015 10 20 09   144    28 10176   210    57     2     0 -9999
2015 10 20 10   144    28 10178   220    51 -9999     0 -9999
2015 10 20 11   139    28 10180   220    72     2     0 -9999
2015 10 20 12   139    22 10181   220    62     6     0 -9999
2015 10 20 13   139    28 10184   220    57 -9999     0 -9999
2015 10 20 14   144    28 10189   220    67 -9999     0 -9999
2015 10 20 15   161    28 10193   230    51 -9999     0 -9999
2015 10 20 16   183    33 10192   230    51 -9999     0 -9999
2015 10 20 17   178    39 10189   210    41 -9999    -1 -9999
2015 10 20 18   183    50 10184   220    31     8    -1     0
2015 10 20 19   228    39 10175   230    51 -9999     0 -9999
2015 10 20 20   228    44 10170   210    31 -9999     0 -9999
2015 10 20 21   233    44 10165   230    31 -9999     0 -9999
2015 10 20 22   233    44 10166   200    57 -9999     0 -9999
2015 10 20 23   206    50 10167   270    21 -9999     0 -9999
2015 10 21 00   194    56 10175     0     0     8    -1 -9999
2015 10 21 01   167    94 10182   330    21 -9999    -1 -9999
2015 10 21 02   183    78 10185   190    36 -9999    -1 -9999
2015 10 21 03   161   117 10200   240    67 -9999    28 -9999
2015 10 21 04   144   122 10203   220    26 -9999    -1 -9999
2015 10 21 05   139   128 10203   160    31 -9999    -1 -9999
2015 10 21 06   139   122 10200   170    31     8    -1    90
2015 10 21 07   139   111 10193   180    31 -9999     3 -9999
2015 10 21 08   128   100 10192   170    36 -9999     0 -9999
2015 10 21 09   133    94 10187   160    41 -9999     0 -9999
2015 10 21 10   117    89 10189   180    26 -9999     0 -9999
2015 10 21 11   111    89 10192   170    31 -9999     0 -9999
2015 10 21 12   133   106 10189   190    36     8     0     3
2015 10 21 13   139   106 10191   190    36 -9999     0 -9999
2015 10 21 14   156   111 10192   200    57 -9999     0 -9999
2015 10 21 15   167   111 10193   210    72 -9999     0 -9999
2015 10 21 16   178   117 10190   210    62 -9999     0 -9999
2015 10 21 17   206   122 10180   210    72     4     0 -9999
2015 10 21 18   217   122 10181   220    67     6     0 -9999
2015 10 21 19   217   128 10180   240    62 -9999     0 -9999
2015 10 21 20   228   133 10171   220    62 -9999     0 -9999
2015 10 21 21   228   133 10163   230    57 -9999     0 -9999
2015 10 21 22   239   133 10157   220    67 -9999     0 -9999
2015 10 21 23   228   133 10160   210    62 -9999     0 -9999
2015 10 22 00   217   133 10173   270    51     6     0    20
2015 10 22 01   206   133 10184   270    36 -9999     0 -9999
2015 10 22 02   189   139 10187   290    46 -9999     0 -9999
2015 10 22 03   178   144 10190   260    31 -9999     0 -9999
2015 10 22 04   172   139 10195   270    31 -9999     0 -9999
2015 10 22 05   167   133 10195   280    31 -9999     0 -9999
2015 10 22 06   161   122 10197   320    46     8     0 -9999
2015 10 22 07   156   117 10202   330    31 -9999     0 -9999
2015 10 22 08   144   106 10204   360    26 -9999     0 -9999
2015 10 22 09   133   106 10209    40    21 -9999     0 -9999
2015 10 22 10   133    89 10217    10    41 -9999     0 -9999
2015 10 22 11   128    78 10224   360    36 -9999     0 -9999
2015 10 22 12   122    72 10233   350    36     8     0 -9999
2015 10 22 13   117    72 10239    10    26 -9999     0 -9999
2015 10 22 14   117    72 10248   350    26 -9999     0 -9999
2015 10 22 15   139    72 10252    30    41 -9999     0 -9999
2015 10 22 16   139    78 10255    30    31 -9999     0 -9999
2015 10 22 17   150    78 10259 -9999    15 -9999     0 -9999
2015 10 22 18   161    72 10251    80    36     6     0 -9999
2015 10 22 19   167    67 10249    40    31     2     0 -9999
2015 10 22 20   167    61 10246    20    36     4     0 -9999
2015 10 22 21   161    56 10245    50    36     4     0 -9999
2015 10 22 22   150    39 10248    60    41 -9999     0 -9999
2015 10 22 23   128    56 10252    60    46 -9999     0 -9999
2015 10 23 00   117    72 10254    60    41     4     0 -9999
2015 10 23 01   117    78 10260    60    31     4     0 -9999
2015 10 23 02   111    72 10257    80    21 -9999     0 -9999
2015 10 23 03   117    67 10260    60    26 -9999     0 -9999
2015 10 23 04   111    67 10261 -9999    26     4     0 -9999
2015 10 23 05   111    61 10254    70    36 -9999     0 -9999
2015 10 23 06   111    67 10248    70    36     6     0 -9999
2015 10 23 07   117    61 10244    90    46 -9999     0 -9999
2015 10 23 08   117    56 10241    90    41 -9999     0 -9999
2015 10 23 09   111    67 10243   100    46 -9999     0 -9999
2015 10 23 10   111    72 10241    90    36 -9999     0 -9999
2015 10 23 11   117    67 10240   100    51 -9999     0 -9999
2015 10 23 12   117    61 10241   100    46     8     0 -9999
2015 10 23 13   122    67 10235   100    51 -9999     0 -9999
2015 10 23 14   122    61 10233    90    36 -9999     0 -9999
2015 10 23 15   139    56 10224   110    77 -9999     0 -9999
2015 10 23 16   133    56 10220   130    72 -9999     0 -9999
2015 10 23 17   139    61 10208   110    57 -9999     0 -9999
2015 10 23 18   139    72 10198   110    62     8     3     3
2015 10 23 19   150    78 10181   120    51 -9999     0 -9999
2015 10 23 20   156    89 10169   120    62 -9999     0 -9999
2015 10 23 21   161    89 10162   140    62 -9999     0 -9999
2015 10 23 22   167    83 10150   130    67 -9999     0 -9999
2015 10 23 23   156    89 10153   150    67 -9999    15 -9999
2015 10 24 00   133   117 10147   130    41     8    23    70
2015 10 24 01   139   117 10143   140    46 -9999    -1 -9999
2015 10 24 02   144   122 10139   170    41 -9999    -1 -9999
2015 10 24 03   156   144 10132   180    51 -9999    -1 -9999
2015 10 24 04   161   156 10126   170    46 -9999    -1 -9999
2015 10 24 05   167   161 10120   180    46 -9999     0 -9999
2015 10 24 06   178   161 10114   180    51     8    -1     3
2015 10 24 07   172   161 10109   180    36 -9999     5 -9999
2015 10 24 08   172   167 10099   180    41 -9999     3 -9999
2015 10 24 09   183   167 10092   200    67 -9999     0 -9999
2015 10 24 10   183   167 10088   200    77 -9999     0 -9999
2015 10 24 11   183   167 10084   210    57 -9999     0 -9999
2015 10 24 12   183   167 10083   210    67     8     0    20
2015 10 24 13   189   167 10081   200    67 -9999     0 -9999
2015 10 24 14   189   172 10082   210    57 -9999     8 -9999
2015 10 24 15   183   172 10080   220    51 -9999    10 -9999
2015 10 24 16   167   150 10085   250    62 -9999    10 -9999
2015 10 24 17   172   139 10088   260    88 -9999    10 -9999
2015 10 24 18   172   117 10094   270    98     6     0    70
2015 10 24 19   150   117 10101   250    82 -9999     3 -9999
2015 10 24 20   156   117 10102   250    67 -9999     3 -9999
2015 10 24 21   144   111 10113   270    77 -9999     3 -9999
2015 10 24 22   139   106 10123   300    82 -9999     5 -9999
2015 10 24 23   128   100 10138   300    77 -9999    13 -9999
2015 10 25 00   122    83 10156   310    82     8     5 -9999
2015 10 25 01   117    72 10169   320    62 -9999     0 -9999
2015 10 25 02   111    61 10183   320    57 -9999     0 -9999
2015 10 25 03   111    56 10192   310    51 -9999     0 -9999
2015 10 25 04   111    56 10201   320    51 -9999     0 -9999
2015 10 25 05   100    56 10207   320    46     4     0 -9999
2015 10 25 06    78    50 10213   290    26     2     0 -9999
2015 10 25 07    83    50 10222   320    46     0     0 -9999
2015 10 25 08    78    44 10228   330    46     0     0 -9999
2015 10 25 09    67    44 10234   290    26     0     0 -9999
2015 10 25 10    56    39 10241   280    26     0     0 -9999
2015 10 25 11    56    39 10251   300    26     0     0 -9999
2015 10 25 12    50    33 10257   300    15     2     0 -9999
2015 10 25 13    61    44 10266   300    21     2     0 -9999
2015 10 25 14    83    50 10275   310    21     2     0 -9999
2015 10 25 15   111    44 10283   340    15     0     0 -9999
2015 10 25 16   128    33 10284     0     0     2     0 -9999
2015 10 25 17   144    17 10285   320    26     2     0 -9999
2015 10 25 18   150    11 10284     0     0     2     0 -9999
2015 10 25 19   156     6 10275    20    15     2     0 -9999
2015 10 25 20   161    11 10271     0     0     2     0 -9999
2015 10 25 21   167     6 10272     0     0     2     0 -9999
2015 10 25 22   150    22 10274    90    31     2     0 -9999
2015 10 25 23   117    28 10281   120    21     2     0 -9999
2015 10 26 00    94    28 10286   140    36     0     0 -9999
2015 10 26 01    94    22 10287   160    31     0     0 -9999
2015 10 26 02    89    28 10284   150    21     0     0 -9999
2015 10 26 03    89    33 10283     0     0     0     0 -9999
2015 10 26 04    72    33 10285   180    15     0     0 -9999
2015 10 26 05    78    39 10285     0     0     0     0 -9999
2015 10 26 06    61    33 10287     0     0     0     0 -9999
2015 10 26 07    61    39 10287     0     0     0     0 -9999
2015 10 26 08    56    39 10285     0     0     0     0 -9999
2015 10 26 09    50    33 10286     0     0     0     0 -9999
2015 10 26 10    44    33 10289     0     0     0     0 -9999
2015 10 26 11    50    33 10292     0     0     2     0 -9999
2015 10 26 12    39    28 10293     0     0     2     0 -9999
2015 10 26 13    50    33 10297     0     0     2     0 -9999
2015 10 26 14    83    56 10301     0     0     2     0 -9999
2015 10 26 15   117    56 10300   110    21     2     0 -9999
2015 10 26 16   133    44 10296   150    31     4     0 -9999
2015 10 26 17   144    44 10293   170    26 -9999     0 -9999
2015 10 26 18   156    33 10283    80    36     6     0 -9999
2015 10 26 19   156    28 10275   110    46 -9999     0 -9999
2015 10 26 20   156    33 10273   100    46 -9999     0 -9999
2015 10 26 21   150    39 10270    80    51 -9999     0 -9999
2015 10 26 22   139    44 10269    80    46 -9999     0 -9999
2015 10 26 23   128    56 10270    60    36 -9999     0 -9999
2015 10 27 00   117    61 10268    50    36     8     0 -9999
2015 10 27 01   111    72 10271    60    41 -9999     0 -9999
2015 10 27 02   106    72 10265    90    26 -9999     0 -9999
2015 10 27 03   117    67 10265    90    36 -9999     0 -9999
2015 10 27 04   122    67 10266   100    36 -9999     0 -9999
2015 10 27 05   122    44 10263   120    51 -9999     0 -9999
2015 10 27 06   117    50 10261   120    41     8     0 -9999
2015 10 27 07   117    44 10256   110    57 -9999     0 -9999
2015 10 27 08   111    56 10253   100    31 -9999     0 -9999
2015 10 27 09   111    50 10245    90    26 -9999     0 -9999
2015 10 27 10   111    50 10243    80    21 -9999     0 -9999
2015 10 27 11   106    56 10242    90    36 -9999     0 -9999
2015 10 27 12   106    50 10243    90    41     8     0 -9999
2015 10 27 13   111    50 10241    90    46 -9999     0 -9999
2015 10 27 14   117    61 10240    90    41 -9999     0 -9999
2015 10 27 15   122    56 10237   100    67 -9999     0 -9999
2015 10 27 16   128    56 10228    90    67 -9999     0 -9999
2015 10 27 17   117    72 10220    90    46 -9999    30 -9999
2015 10 27 18   117    67 10202    80    62     8    13     5
2015 10 27 19   122    67 10186    80    57 -9999     5 -9999
2015 10 27 20   128    67 10174   100    67 -9999     3 -9999
2015 10 27 21   133    72 10165   100    72 -9999     3 -9999
2015 10 27 22   133    61 10155   100    82 -9999     5 -9999
2015 10 27 23   117    83 10147   100    62 -9999    33 -9999
2015 10 28 00   111    89 10138   100    67     8     8    20
2015 10 28 01   111    89 10127   110   103 -9999     5 -9999
2015 10 28 02   106    89 10116   110    88 -9999    13 -9999
2015 10 28 03   106    94 10103   110    88 -9999     5 -9999
2015 10 28 04   106    94 10090   110    88 -9999    -1 -9999
2015 10 28 05   106   100 10074   110    62 -9999     3 -9999
2015 10 28 06   111   106 10054   120    72     8    -1   100
2015 10 28 07   111   106 10038   120    67 -9999    -1 -9999
2015 10 28 08   111   106 10021   130    62 -9999    -1 -9999
2015 10 28 09   111   111 10005   140    41 -9999    -1 -9999
2015 10 28 10   111   111  9990   150    26 -9999    -1 -9999
2015 10 28 11   117   111  9978   170    41 -9999    -1 -9999
2015 10 28 12   122   117  9970   190    51     8    -1    50
2015 10 28 13   122   122  9963   190    57 -9999    -1 -9999
2015 10 28 14   128   128  9960   210    46 -9999    -1 -9999
2015 10 28 15   133   128  9956   230    41 -9999    -1 -9999
2015 10 28 16   128   117  9956   250    67 -9999    13 -9999
2015 10 28 17   122   111  9960   250    67 -9999     5 -9999
2015 10 28 18   122   111  9954   240    77     8     5    20
2015 10 28 19   111    94  9957   250    62 -9999     3 -9999
2015 10 28 20   117    83  9959   250    98 -9999     0 -9999
2015 10 28 21   111    83  9964   250    67 -9999     0 -9999
2015 10 28 22   111    83  9966   230    46 -9999    10 -9999
2015 10 28 23   100    78  9972   260    98 -9999    20 -9999
2015 10 29 00    67    44  9989   280    88     8    18    20
2015 10 29 01    56    17  9996   270   103 -9999    10 -9999
2015 10 29 02    50    -6 10002   260    93 -9999     0 -9999
2015 10 29 03    44    -6 10000   250    82     4     0 -9999
2015 10 29 04    39   -17  9999   250    82     4     0 -9999
2015 10 29 05    33   -22 10000   250    72     2     0 -9999
2015 10 29 06    28   -22  9998   250    82     2     0 -9999
2015 10 29 07    28   -17  9999   240    88     2     0 -9999
2015 10 29 08    22   -17  9998   250    88     2     0 -9999
2015 10 29 09    28   -17  9996   250   103     4     0 -9999
2015 10 29 10    28   -11  9999   250   103 -9999     0 -9999
2015 10 29 11    28   -11 10005   250    98 -9999     0 -9999
2015 10 29 12    28   -11 10006   250    88     8     0 -9999
2015 10 29 13    28    -6 10014   250    82 -9999    -1 -9999
2015 10 29 14    33     0 10029   260    82 -9999    -1 -9999
2015 10 29 15    44     6 10034   260    98 -9999    -1 -9999
2015 10 29 16    56    17 10046   260    88 -9999     0 -9999
2015 10 29 17    61    17 10055   270    98 -9999     0 -9999
2015 10 29 18    67    17 10063   260    82     8     0     0
2015 10 29 19    67    28 10068   270    62 -9999     0 -9999
2015 10 29 20    72    28 10078   270    72 -9999     0 -9999
2015 10 29 21    78    33 10084   280    67 -9999     0 -9999
2015 10 29 22    78    39 10093   290    46 -9999     0 -9999
2015 10 29 23    83    33 10103   290    46 -9999     0 -9999
2015 10 30 00    78    22 10116   320    72     8     0 -9999
2015 10 30 01    78    17 10123   290    36 -9999     0 -9999
2015 10 30 02    78    22 10130   300    46 -9999     0 -9999
2015 10 30 03    72    22 10139   290    31 -9999     0 -9999
2015 10 30 04    67    28 10146   300    21 -9999     0 -9999
2015 10 30 05    61    22 10152   320    31     2     0 -9999
2015 10 30 06    56    22 10157   300    36     0     0 -9999
2015 10 30 07    39    11 10159   310    21     0     0 -9999
2015 10 30 08    39    17 10169   280    31     2     0 -9999
2015 10 30 09    33    11 10177   270    21     2     0 -9999
2015 10 30 10    39    17 10184   280    26 -9999     0 -9999
2015 10 30 11    22    11 10191   260    26     2     0 -9999
2015 10 30 12    22    17 10195   270    15     2     0 -9999
2015 10 30 13    28    22 10199   300    21     2     0 -9999
2015 10 30 14    61    39 10204     0     0     2     0 -9999
2015 10 30 15    89    50 10204 -9999    15     0     0 -9999
2015 10 30 16   100    56 10207   180    15     2     0 -9999
2015 10 30 17   117    44 10210   220    36     2     0 -9999
2015 10 30 18   128    50 10201   230    31     6     0 -9999
2015 10 30 19   128    33 10191   180    31 -9999     0 -9999
2015 10 30 20   128    33 10191   200    41 -9999     0 -9999
2015 10 30 21   128    39 10191   200    36 -9999     0 -9999
2015 10 30 22   117    33 10178   200    36 -9999     0 -9999
2015 10 30 23    94    33 10179   180    36 -9999     0 -9999
2015 10 31 00    89    39 10179   180    36     8     0 -9999
2015 10 31 01    89    39 10179   190    31 -9999     0 -9999
2015 10 31 02    89    39 10182   190    41 -9999     0 -9999
2015 10 31 03    94    39 10185   180    46 -9999     0 -9999
2015 10 31 04    94    39 10182   190    51 -9999     0 -9999
2015 10 31 05    89    39 10172   190    46 -9999     0 -9999
2015 10 31 06    83    39 10168   170    36     8     0 -9999
2015 10 31 07    89    39 10164   180    41 -9999     0 -9999
2015 10 31 08    78    44 10159   170    46 -9999     8 -9999
2015 10 31 09    78    50 10151   160    36 -9999     5 -9999
2015 10 31 10    72    56 10150   170    26 -9999    -1 -9999
2015 10 31 11    72    56 10141   140    36 -9999    -1 -9999
2015 10 31 12    72    56 10143   160    36     8    -1     8
2015 10 31 13    72    50 10134   150    51 -9999    -1 -9999
2015 10 31 14    72    56 10128   150    41 -9999     3 -9999
2015 10 31 15    72    61 10124   150    41 -9999    -1 -9999
2015 10 31 16    72    61 10118   170    57 -9999     8 -9999
2015 10 31 17    72    67 10104   160    67 -9999 -9999 -9999
2015 10 31 18    78    72 10084   160    57     8     8   140
2015 10 31 19    83    72 10069   170    46 -9999     3 -9999
2015 10 31 20    83    78 10055   170    72 -9999    -1 -9999
2015 10 31 21    89    78 10049   190    67 -9999    -1 -9999
2015 10 31 22    94    83 10048   200    62 -9999 -9999 -9999
2015 10 31 23   100    94 10049   200    67 -9999 -9999 -9999
2015 11 01 00   106   100 10052   220    57     8 -9999    50
2015 11 01 01   111   100 10052   240    41 -9999 -9999 -9999
2015 11 01 02   106    94 10056   250    41 -9999 -9999 -9999
2015 11 01 03   106    89 10059   250    46 -9999     0 -9999
2015 11 01 04   106    83 10067   260    51 -9999     0 -9999
2015 11 01 05   106    72 10070   270    77 -9999     0 -9999
2015 11 01 06    89    67 10072   250    46     2     0    -1
2015 11 01 07    89    67 10074   240    57     2     0 -9999
2015 11 01 08    83    67 10077   230    51     2     0 -9999
2015 11 01 09    83    67 10077   250    72     2     0 -9999
2015 11 01 10    78    67 10081   240    57     4     0 -9999
2015 11 01 11    78    61 10088   250    72     2     0 -9999
2015 11 01 12    72    56 10096   250    57     2     0 -9999
2015 11 01 13    72    56 10101   250    51     2     0 -9999
2015 11 01 14    83    56 10113   260    36     2     0 -9999
2015 11 01 15   106    56 10121   240    46     2     0 -9999
2015 11 01 16   133    39 10123   260    72     2     0 -9999
2015 11 01 17   150    39 10129   260    46     2     0 -9999
2015 11 01 18   156    39 10130   250    67     2     0 -9999
2015 11 01 19   167    22 10129   260    62     2     0 -9999
2015 11 01 20   172    50 10127   250    36     2     0 -9999
2015 11 01 21   172    39 10128   250    51     2     0 -9999
2015 11 01 22   167    39 10131   250    46     2     0 -9999
2015 11 01 23   156    44 10136   230    31     2     0 -9999
2015 11 02 00   139    50 10142   200    31     2     0 -9999
2015 11 02 01   128    56 10147   190    36     0     0 -9999
2015 11 02 02   128    61 10148   210    21     0     0 -9999
2015 11 02 03   106    61 10151   190    31     0     0 -9999
2015 11 02 04   100    72 10148   170    31     0     0 -9999
2015 11 02 05    89    72 10145   160    21     0     0 -9999
2015 11 02 06    89    72 10141   170    21     0     0 -9999
2015 11 02 07    83    72 10142   160    15     2     0 -9999
2015 11 02 08   117    78 10137   200    36     2     0 -9999
2015 11 02 09   111    72 10138   220    21     2     0 -9999
2015 11 02 10   111    67 10141   220    31     2     0 -9999
2015 11 02 11   111    67 10145   210    36     0     0 -9999
2015 11 02 12   111    67 10144   210    46     2     0 -9999
2015 11 02 13   111    72 10148   230    41     4     0 -9999
2015 11 02 14   122    78 10150   220    51 -9999     0 -9999
2015 11 02 15   144    72 10150   220    51     4     0 -9999
2015 11 02 16   178    78 10151   230    62     4     0 -9999
2015 11 02 17   194    78 10148   210    82     4     0 -9999
2015 11 02 18   206    61 10142   220    41     4     0 -9999
2015 11 02 19   217    44 10138   220    72     2     0 -9999
2015 11 02 20   222    44 10131   210    77     4     0 -9999
2015 11 02 21   222    50 10136   220    62     4     0 -9999
2015 11 02 22   211    39 10138   210    67     2     0 -9999
2015 11 02 23   200    39 10140   200    57     2     0 -9999
2015 11 03 00   172    56 10144   190    51     2     0 -9999
2015 11 03 01   167    67 10154   200    46     2     0 -9999
2015 11 03 02   161    72 10150   200    46 -9999     0 -9999
2015 11 03 03   156    78 10156   210    31     2     0 -9999
2015 11 03 04   150    78 10158   210    31     0     0 -9999
2015 11 03 05   139    78 10161   200    36     0     0 -9999
2015 11 03 06   139    72 10163   200    36     0     0 -9999
2015 11 03 07   133    67 10165   220    26     0     0 -9999
2015 11 03 08   128    61 10168   230    21     0     0 -9999
2015 11 03 09   106    56 10173   210    21     0     0 -9999
2015 11 03 10    89    61 10173   190    26     0     0 -9999
2015 11 03 11    89    67 10180   250    15     0     0 -9999
2015 11 03 12    72    61 10189   190    15     2     0 -9999
2015 11 03 13    78    67 10195     0     0     0     0 -9999
2015 11 03 14   106    89 10202   150    15     2     0 -9999
2015 11 03 15   133   100 10203   180    26     0     0 -9999
2015 11 03 16   161   117 10201   220    26     0     0 -9999
2015 11 03 17   172   122 10201   200    36     0     0 -9999
2015 11 03 18   183   128 10194   180    31     0     0 -9999
2015 11 03 19   200   128 10186   200    36     0     0 -9999
2015 11 03 20   206   128 10180   200    46     0     0 -9999
2015 11 03 21   211   122 10181   190    41     0     0 -9999
2015 11 03 22   194   117 10182   180    67     0     0 -9999
2015 11 03 23   178   128 10188   190    46     0     0 -9999
2015 11 04 00   156   128 10192   220    21     2     0 -9999
2015 11 04 01   133   117 10195   200    26     2     0 -9999
2015 11 04 02   133   122 10194   180    26     0     0 -9999
2015 11 04 03   122   117 10195   170    36     0     0 -9999
2015 11 04 04   122   122 10191   180    26     0     0 -9999
2015 11 04 05   106   106 10190   170    26     2     0 -9999
2015 11 04 06   106   106 10191   170    21     2     0 -9999
2015 11 04 07    89    89 10191   180    21     9     0 -9999
2015 11 04 08   106   106 10193   180    15     9     0 -9999
2015 11 04 09   111   111 10195   170    21     9     0 -9999
2015 11 04 10   117   117 10195   210    21     9     0 -9999
2015 11 04 11   117   117 10197   220    21     9     0 -9999
2015 11 04 12   111   111 10201   260    31     9     0 -9999
2015 11 04 13   117   117 10204   230    21     9     0 -9999
2015 11 04 14   122   122 10209   220    15     9     0 -9999
2015 11 04 15   133   133 10210   220    31 -9999     0 -9999
2015 11 04 16   139   139 10208   220    31 -9999     0 -9999
2015 11 04 17   161   144 10202   210    31 -9999     0 -9999
2015 11 04 18   178   150 10193   210    46     2     0 -9999
2015 11 04 19   200   150 10187   210    46     2     0 -9999
2015 11 04 20   211   144 10180   200    62     2     0 -9999
2015 11 04 21   217   150 10174   190    82     2     0 -9999
2015 11 04 22   211   144 10173   190    62     4     0 -9999
2015 11 04 23   194   139 10174   200    51     2     0 -9999
2015 11 05 00   172   139 10175   180    36     2     0 -9999
2015 11 05 01   178   139 10176   190    36     2     0 -9999
2015 11 05 02   178   139 10173   190    46 -9999     0 -9999
2015 11 05 03   172   144 10176   190    41 -9999     0 -9999
2015 11 05 04   167   144 10175   190    41     4     0 -9999
2015 11 05 05   161   139 10175   190    41     2     0 -9999
2015 11 05 06   156   139 10174   190    36     2     0 -9999
2015 11 05 07   161   144 10171   190    36     2     0 -9999
2015 11 05 08   156   144 10171   200    41     2     0 -9999
2015 11 05 09   161   150 10170   210    51 -9999     0 -9999
2015 11 05 10   161   150 10167   210    36 -9999     0 -9999
2015 11 05 11   161   150 10168   210    41 -9999     0 -9999
2015 11 05 12   161   144 10171   200    41     8     0 -9999
2015 11 05 13   161   144 10171   200    41 -9999     0 -9999
2015 11 05 14   161   139 10172   190    36 -9999     0 -9999
2015 11 05 15   172   139 10170   200    41 -9999     0 -9999
2015 11 05 16   189   133 10160   200    51 -9999     0 -9999
2015 11 05 17   194   117 10148   200    82     2     0 -9999
2015 11 05 18   206   117 10134   190   103     2     0 -9999
2015 11 05 19   206   122 10125   180   108 -9999     0 -9999
2015 11 05 20   200   122 10116   200    93 -9999     0 -9999
2015 11 05 21   200   128 10112   200    88 -9999     0 -9999
2015 11 05 22   200   139 10112   200    62 -9999     0 -9999
2015 11 05 23   200   144 10103   190    72 -9999     0 -9999
2015 11 06 00   189   150 10105   200    93     8     0 -9999
2015 11 06 01   189   150 10096   200    98 -9999     0 -9999
2015 11 06 02   189   150 10087   210    98 -9999     0 -9999
2015 11 06 03   183   150 10076   210    98 -9999     0 -9999
2015 11 06 04   183   156 10067   200   124 -9999     0 -9999
2015 11 06 05   189   156 10060   210   113 -9999     0 -9999
2015 11 06 06   183   161 10044   210    88     8    -1    -1
2015 11 06 07   178   161 10034   210    82 -9999     5 -9999
2015 11 06 08   156   133 -9999   260    93 -9999    -1 -9999
2015 11 06 09   139   122 -9999   260    62 -9999    -1 -9999
2015 11 06 10   122    94 10072   270    98 -9999     0 -9999
2015 11 06 11   100    67 10086   280    72     4     0 -9999
2015 11 06 12    83    50 10101   270    72     6     0    40
2015 11 06 13    67    33 10117   280    98     2     0 -9999
2015 11 06 14    83    33 10130   270    82     2     0 -9999
2015 11 06 15    89    39 10141   280    72 -9999     0 -9999
2015 11 06 16    94    44 10150   290    82 -9999     0 -9999
2015 11 06 17   100    50 10160   260    77 -9999     0 -9999
2015 11 06 18   106    50 10163   270    82     8     0 -9999
2015 11 06 19   106    44 10166   270    72 -9999     0 -9999
2015 11 06 20   100    44 10173   280    72 -9999     0 -9999
2015 11 06 21   100    39 10176   260    62 -9999     0 -9999
2015 11 06 22    89    39 10183   260    77 -9999     0 -9999
2015 11 06 23    89    33 10190   280    46 -9999     0 -9999
2015 11 07 00    89    28 10198   300    62     8     0 -9999
2015 11 07 01    83    22 10206   290    82 -9999     0 -9999
2015 11 07 02    78    28 10208   280    46     4     0 -9999
2015 11 07 03    67    28 10214   250    21     4     0 -9999
2015 11 07 04    67    28 10219   260    26 -9999     0 -9999
2015 11 07 05    56    22 10220   270    21 -9999     0 -9999
2015 11 07 06    50    22 10223   260    26     2     0 -9999
2015 11 07 07    44    22 10225   270    26     2     0 -9999
2015 11 07 08    44    17 10229   280    41     0     0 -9999
2015 11 07 09    33    11 10232   260    26     0     0 -9999
2015 11 07 10    33    11 10235   250    31     0     0 -9999
2015 11 07 11    28    11 10241   250    31     0     0 -9999
2015 11 07 12    28    11 10245   260    36     0     0 -9999
2015 11 07 13    28    11 10252   270    31     2     0 -9999
2015 11 07 14    44    17 10256   270    41     2     0 -9999
2015 11 07 15    72    22 10259   280    46     0     0 -9999
2015 11 07 16    94    17 10258   260    62     2     0 -9999
2015 11 07 17   106    17 10260   280    72     2     0 -9999
2015 11 07 18   106    17 10257   280    82     6     0 -9999
2015 11 07 19   111    17 10252   300    88 -9999     0 -9999
2015 11 07 20   100     0 10252   280    72 -9999     0 -9999
2015 11 07 21   106    -6 10258   290    51     2     0 -9999
2015 11 07 22    94   -17 10263   280    57     2     0 -9999
2015 11 07 23    78   -17 10269   290    41     2     0 -9999
2015 11 08 00    67   -17 10275   290    31     0     0 -9999
2015 11 08 01    56   -22 10283   280    36     0     0 -9999
2015 11 08 02    50   -22 10288   270    26     0     0 -9999
2015 11 08 03    44   -22 10293   280    36     0     0 -9999
2015 11 08 04    33   -22 10300   280    31     0     0 -9999
2015 11 08 05    22   -22 10301   280    26     0     0 -9999
2015 11 08 06    22   -22 10300   300    15     0     0 -9999
2015 11 08 07     6   -28 10301     0     0     0     0 -9999
2015 11 08 08    11   -22 10300     0     0     0     0 -9999
2015 11 08 09     6   -28 10303   240    15     0     0 -9999
2015 11 08 10     6   -22 10301   300    15     0     0 -9999
2015 11 08 11   -17   -28 10306     0     0     0     0 -9999
2015 11 08 12    -6   -22 10309     0     0     0     0 -9999
2015 11 08 13   -11   -28 10313     0     0     0     0 -9999
2015 11 08 14    22    -6 10317   250    15     0     0 -9999
2015 11 08 15    61   -11 10317   220    26     0     0 -9999
2015 11 08 16    83   -22 10314   210    36     0     0 -9999
2015 11 08 17    94   -22 10312   210    46     0     0 -9999
2015 11 08 18   100   -22 10300   210    41     0     0 -9999
2015 11 08 19   106   -22 10291   200    31     0     0 -9999
2015 11 08 20   111   -22 10282   230    31     2     0 -9999
2015 11 08 21   111   -22 10275   210    31     2     0 -9999
2015 11 08 22   100   -22 10274   250    31     2     0 -9999
2015 11 08 23    94   -28 10272   230    15     2     0 -9999
2015 11 09 00    78   -28 10272     0     0     0     0 -9999
2015 11 09 01    44   -17 10273   210    21     0     0 -9999
2015 11 09 02    44   -17 10271   200    31     0     0 -9999
2015 11 09 03    33   -22 10269   190    21     0     0 -9999
2015 11 09 04    44   -28 10266   200    26     0     0 -9999
2015 11 09 05    22   -28 10265   190    26     0     0 -9999
2015 11 09 06    17   -22 10262     0     0     0     0 -9999
2015 11 09 07    17   -28 10261     0     0     0     0 -9999
2015 11 09 08     0   -28 10260   160    26     0     0 -9999
2015 11 09 09     6   -22 10256     0     0     0     0 -9999
2015 11 09 10     0   -28 10257     0     0     0     0 -9999
2015 11 09 11     0   -28 10259     0     0     0     0 -9999
2015 11 09 12     0   -17 10259     0     0     2     0 -9999
2015 11 09 13    -6   -22 10260     0     0     0     0 -9999
2015 11 09 14    28     0 10262     0     0     0     0 -9999
2015 11 09 15    67     6 10260     0     0     0     0 -9999
2015 11 09 16    89     0 10256   150    15     0     0 -9999
2015 11 09 17   106   -17 10250   180    21     0     0 -9999
2015 11 09 18   117   -28 10240   170    26     0     0 -9999
2015 11 09 19   128   -28 10229     0     0     0     0 -9999
2015 11 09 20   128   -28 10224   160    31     0     0 -9999
2015 11 09 21   133   -44 10222     0     0     0     0 -9999
2015 11 09 22   111   -17 10221    90    41     0     0 -9999
2015 11 09 23    89   -11 10220    90    31     2     0 -9999
2015 11 10 00    83     0 10220    70    21     2     0 -9999
2015 11 10 01    72    11 10218    10    15     4     0 -9999
2015 11 10 02    78    11 10218     0     0 -9999     0 -9999
2015 11 10 03    72    11 10216     0     0 -9999     0 -9999
2015 11 10 04    61    17 10214     0     0     4     0 -9999
2015 11 10 05    56    11 10206   320    15 -9999     0 -9999
2015 11 10 06    44    11 10203     0     0     4     0 -9999
2015 11 10 07    44     6 10200     0     0     2     0 -9999
2015 11 10 08    39     6 10200     0     0     2     0 -9999
2015 11 10 09    28     0 10197     0     0     0     0 -9999
2015 11 10 10    17     0 10198     0     0     0     0 -9999
2015 11 10 11    28     0 10199     0     0     0     0 -9999
2015 11 10 12    22     0 10198   360    15     2     0 -9999
2015 11 10 13    28     0 10209   300    21     2     0 -9999
2015 11 10 14    44    17 10209   330    15     2     0 -9999
2015 11 10 15    83    11 10205   360    15     4     0 -9999
2015 11 10 16   106     6 10198     0     0 -9999     0 -9999
2015 11 10 17   122   -17 10196   310    21     4     0 -9999
2015 11 10 18   122   -17 10186 -9999    15     4     0 -9999
2015 11 10 19   122   -11 10176   210    26     2     0 -9999
2015 11 10 20   128   -11 10173   260    26     2     0 -9999
2015 11 10 21   128   -11 10167   250    36     4     0 -9999
2015 11 10 22   117    -6 10167   240    31     4     0 -9999
2015 11 10 23   100   -11 10167   270    15     2     0 -9999
2015 11 11 00    72    -6 10164   210    21     2     0 -9999
2015 11 11 01    78     0 10164   240    15     2     0 -9999
2015 11 11 02    78    -6 10163   220    15     2     0 -9999
2015 11 11 03    44    -6 10159   150    31     0     0 -9999
2015 11 11 04    50     0 10155   150    31     2     0 -9999
2015 11 11 05    50    -6 10151   180    31     0     0 -9999
2015 11 11 06    56    -6 10153   200    26     2     0 -9999
2015 11 11 07    50     6 10151   180    26 -9999     0 -9999
2015 11 11 08    44     0 10148   160    21 -9999     0 -9999
2015 11 11 09    33    -6 10142   150    26     2     0 -9999
2015 11 11 10    33     0 10138   150    41 -9999     0 -9999
2015 11 11 11    33     0 10134   150    36     2     0 -9999
2015 11 11 12    33     6 10131   150    26     2     0 -9999
2015 11 11 13    33     6 10127   160    26     2     0 -9999
2015 11 11 14    67    22 10126   160    36     2     0 -9999
2015 11 11 15   100    33 10121   170    46     2     0 -9999
2015 11 11 16   133    50 10112   160    72     2     0 -9999
2015 11 11 17   150    72 10103   180    67     4     0 -9999
2015 11 11 18   161    78 10089   170    82     2     0 -9999
2015 11 11 19   161    89 10077   180    77 -9999     0 -9999
2015 11 11 20   167    94 10061   160    88 -9999     0 -9999
2015 11 11 21   161    89 10044   160    77 -9999     0 -9999
2015 11 11 22   167    72 10039   150    77 -9999     0 -9999
2015 11 11 23   161    61 10025   150    88 -9999     0 -9999
2015 11 12 00   161    56  9997   140   103     8     0 -9999
2015 11 12 01   156    56  9982   150    93 -9999     0 -9999
2015 11 12 02   122    89 -9999   160   108 -9999    -1 -9999
2015 11 12 03   122   100  9956   170   134 -9999    18 -9999
2015 11 12 04   111   100  9972   220    51 -9999    71 -9999
2015 11 12 05   106    94  9934   150    57 -9999    13 -9999
2015 11 12 06   106   100  9916   160    57     2     0   110
2015 11 12 07   128   106  9899   180    72 -9999     0 -9999
2015 11 12 08   117    56  9903   230   108 -9999     0 -9999
2015 11 12 09    94    44  9906   220   139 -9999     0 -9999
2015 11 12 10    67    28  9914   230   134 -9999     0 -9999
2015 11 12 11    56    39  9916   230   103 -9999    -1 -9999
2015 11 12 12    61    39  9922   240   108     8    -1    -1
2015 11 12 13    61    44  9929   250   108 -9999    -1 -9999
2015 11 12 14    61    39  9945   260   134 -9999    -1 -9999
2015 11 12 15    61    44  9962   260   124 -9999    -1 -9999
2015 11 12 16    67    50  9978   260   108 -9999    -1 -9999
2015 11 12 17    78    50  9993   270    88 -9999     0 -9999
2015 11 12 18    78    44 10008   270   113     8     0    -1
2015 11 12 19    78    39 10020   270   124 -9999     0 -9999
2015 11 12 20    78    39 10037   260    82 -9999     0 -9999
2015 11 12 21    72    33 10052   270   113 -9999     0 -9999
2015 11 12 22    72    28 10065   280    93 -9999     0 -9999
2015 11 12 23    72    33 10074   260    62 -9999     0 -9999
2015 11 13 00    83    22 10087   270   118     8     0 -9999
2015 11 13 01    72    11 10095   290    98 -9999     0 -9999
2015 11 13 02    61    -6 10100   280   103 -9999     0 -9999
2015 11 13 03    61   -17 10105   290    98 -9999     0 -9999
2015 11 13 04    61   -17 10109   280   118 -9999     0 -9999
2015 11 13 05    61   -17 10110   280    93 -9999     0 -9999
2015 11 13 06    56   -17 10116   280    88     8     0 -9999
2015 11 13 07    50   -22 10121   270    98 -9999     0 -9999
2015 11 13 08    44   -22 10127   280    82 -9999     0 -9999
2015 11 13 09    39   -22 10131   280    82     0     0 -9999
2015 11 13 10    39   -22 10133   270    57 -9999     0 -9999
2015 11 13 11    28   -22 10139   270    77     4     0 -9999
2015 11 13 12    22   -22 10141   270    72     2     0 -9999
2015 11 13 13    17   -22 10148   270    82     2     0 -9999
2015 11 13 14    28   -22 10156   280    82     2     0 -9999
2015 11 13 15    33   -22 10159   270   103     4     0 -9999
2015 11 13 16    44   -28 10164   280   113     4     0 -9999
2015 11 13 17    56   -39 10168   300   113     2     0 -9999
2015 11 13 18    67   -39 10171   300   113     4     0 -9999
2015 11 13 19    78   -39 10171   290    98     4     0 -9999
2015 11 13 20    78   -39 10174   300    77     4     0 -9999
2015 11 13 21    78   -50 10181   300    72     4     0 -9999
2015 11 13 22    72   -56 10192   300    72     2     0 -9999
2015 11 13 23    61   -56 10201   290    57     0     0 -9999
2015 11 14 00    50   -44 10212   290    26     0     0 -9999
2015 11 14 01    33   -44 10218   300    26     0     0 -9999
2015 11 14 02    28   -39 10221   290    31     0     0 -9999
2015 11 14 03    22   -39 10228   280    26     0     0 -9999
2015 11 14 04    11   -39 10235   280    26     0     0 -9999
2015 11 14 05    11   -39 10240   270    26     0     0 -9999
2015 11 14 06     0   -39 10245   260    21     0     0 -9999
2015 11 14 07   -11   -39 10248   260    21     0     0 -9999
2015 11 14 08   -11   -44 10250   280    31     0     0 -9999
2015 11 14 09   -17   -44 10252   260    31     0     0 -9999
2015 11 14 10   -17   -44 10251     0     0     0     0 -9999
2015 11 14 11   -17   -50 10256     0     0     0     0 -9999
2015 11 14 12   -33   -56 10260     0     0     0     0 -9999
2015 11 14 13   -28   -56 10262     0     0     2     0 -9999
2015 11 14 14    -6   -28 10265   190    15     2     0 -9999
2015 11 14 15    33   -22 10263   190    41     2     0 -9999
2015 11 14 16    67   -22 10263   190    51 -9999     0 -9999
2015 11 14 17    78   -39 10255   190    51 -9999     0 -9999
2015 11 14 18   100   -33 10240   200    77     4     0 -9999
2015 11 14 19   111   -22 10229   190    82     4     0 -9999
2015 11 14 20   122   -11 10219   190    77     4     0 -9999
2015 11 14 21   133    -6 10215   200    82     4     0 -9999
2015 11 14 22   133     6 10212   200    62 -9999     0 -9999
2015 11 14 23   128    11 10213   200    41     4     0 -9999
2015 11 15 00   117    17 10215   210    36     4     0 -9999
2015 11 15 01   122    17 10218   210    36     2     0 -9999
2015 11 15 02   122    17 10216   220    41     2     0 -9999
2015 11 15 03   111    17 10220   210    36     0     0 -9999
2015 11 15 04   106    17 10221   220    36     0     0 -9999
2015 11 15 05   100    11 10222   220    41     0     0 -9999
2015 11 15 06    94    11 10223   220    36     0     0 -9999
2015 11 15 07    89     6 10223   220    41     0     0 -9999
2015 11 15 08    83     6 10227   230    36     0     0 -9999
2015 11 15 09    78     6 10230   240    26     0     0 -9999
2015 11 15 10    78     6 10231   230    36     0     0 -9999
2015 11 15 11    72     0 10233   230    41     0     0 -9999
2015 11 15 12    67     0 10236   240    46     0     0 -9999
2015 11 15 13    67     0 10238   240    41     2     0 -9999
2015 11 15 14    83     0 10241   240    51     2     0 -9999
2015 11 15 15   100     6 10243   230    46     2     0 -9999
2015 11 15 16   117     6 10243   240    51     4     0 -9999
2015 11 15 17   139    11 10241   220    51     4     0 -9999
2015 11 15 18   161    22 10234   220    46     4     0 -9999
2015 11 15 19   172     6 10227   220    72     2     0 -9999
2015 11 15 20   178     6 10220   220    51     2     0 -9999
2015 11 15 21   172     6 10216   220    57     0     0 -9999
2015 11 15 22   161     6 10214   200    31     0     0 -9999
2015 11 15 23   144     6 10216   200    41     2     0 -9999
2015 11 16 00   111    11 10219   190    26     2     0 -9999
2015 11 16 01   100    17 10217   180    41     2     0 -9999
2015 11 16 02   106    17 10218   190    51     2     0 -9999
2015 11 16 03   122    17 10219   200    51 -9999     0 -9999
2015 11 16 04   128     6 10217   210    62 -9999     0 -9999
2015 11 16 05   117    11 10217   200    51 -9999     0 -9999
2015 11 16 06   117    11 10218   210    57     6     0 -9999
2015 11 16 07   117    11 10213   210    51 -9999     0 -9999
2015 11 16 08   106    17 10212   200    46 -9999     0 -9999
2015 11 16 09   106    17 10213   200    36 -9999     0 -9999
2015 11 16 10    83    22 10210   180    26 -9999     0 -9999
2015 11 16 11    78    28 10209   160    21 -9999     0 -9999
2015 11 16 12    78    28 10207   150    41     6     0 -9999
2015 11 16 13    72    17 10207   170    31 -9999     0 -9999
2015 11 16 14    72    22 10208   160    36     4     0 -9999
2015 11 16 15   111    17 10208   170    46     4     0 -9999
2015 11 16 16   133    17 10206   180    57     4     0 -9999
2015 11 16 17   139    11 10203   180    62 -9999     0 -9999
2015 11 16 18   133    17 10190   170    57     8     0 -9999
2015 11 16 19   128    28 10187   170    51 -9999     0 -9999
2015 11 16 20   122    39 10188   170    46 -9999    -1 -9999
2015 11 16 21   122    22 10191   170    72 -9999     0 -9999
2015 11 16 22   111    44 10190   180    93 -9999    -1 -9999
2015 11 16 23   100    56 10195   170    93 -9999     0 -9999
2015 11 17 00    89    56 10196   160    77     8    -1     0
2015 11 17 01    83    67 10197   160    72 -9999    -1 -9999
2015 11 17 02    83    67 10193   160    67 -9999    -1 -9999
2015 11 17 03    89    72 10188   160    57 -9999    -1 -9999
2015 11 17 04    83    72 10184   160    57 -9999    18 -9999
2015 11 17 05    83    78 10179   150    51 -9999    10 -9999
2015 11 17 06    83    78 10175   130    51     8     3    30
2015 11 17 07    89    78 -9999   150    41 -9999    -1 -9999
2015 11 17 08    89    78 10173   140    46 -9999     0 -9999
2015 11 17 09    94    78 10170   140    51 -9999     0 -9999
2015 11 17 10    94    83 10165   160    62 -9999    -1 -9999
2015 11 17 11   100    83 10162   150    57 -9999    -1 -9999
2015 11 17 12   106    83 10159   150    62     8    -1    -1
2015 11 17 13   100    83 10155   150    72 -9999    -1 -9999
2015 11 17 14   106    89 10150   140    77 -9999    -1 -9999
2015 11 17 15   117    89 10143   140    67 -9999     0 -9999
2015 11 17 16   122    89 10135   140    98 -9999    -1 -9999
2015 11 17 17   128    94 10128   150   113 -9999    -1 -9999
2015 11 17 18   128   106 10115   150    82     8     3     3
2015 11 17 19   128   111 10099   130    82 -9999    23 -9999
2015 11 17 20   128   117 -9999   150    88 -9999     7 -9999
2015 11 17 21   133   122 10083   140    88 -9999    66 -9999
2015 11 17 22   139   128 10079   150    77 -9999    -1 -9999
2015 11 17 23   144   128 10076   150    77 -9999     5 -9999
2015 11 18 00   144   128 10075   150    82     8     3   160
2015 11 18 01   144   117 10071   150    93 -9999     0 -9999
2015 11 18 02   144   111 10074   150    77 -9999     0 -9999
2015 11 18 03   150   111 10067   160    88 -9999     0 -9999
2015 11 18 04   161   111 10058   160   118 -9999     0 -9999
2015 11 18 05   161   106 10053   170    98 -9999     0 -9999
2015 11 18 06   156   100 10050   170    93     8    -1    -1
2015 11 18 07   139   106 10048   170    93 -9999     3 -9999
2015 11 18 08   139   106 10035   160    98 -9999    -1 -9999
2015 11 18 09   144   106 10031   160    88 -9999    -1 -9999
2015 11 18 10   139   117 10026   170    98 -9999    10 -9999
2015 11 18 11   139   122 10006   150    98 -9999    30 -9999
2015 11 18 12   150   122  9984   150   129     8    -1    40
2015 11 18 13   156   128  9986   170   103 -9999    -1 -9999
2015 11 18 14   161   128  9990   170   129 -9999    -1 -9999
2015 11 18 15   156   133  9990   160   129 -9999     3 -9999
2015 11 18 16   150   111  9987   180    88 -9999     5 -9999
2015 11 18 17   156    89  9985   190    82 -9999     0 -9999
2015 11 18 18   150    78  9971   190   103     8     0     8
2015 11 18 19   150    72  9971   210   129 -9999     0 -9999
2015 11 18 20   139    67  9976   190   154 -9999     0 -9999
2015 11 18 21   133    78  9973   200   103 -9999     0 -9999
2015 11 18 22   133    72  9980   200    72 -9999     0 -9999
2015 11 18 23   128    67  9994   200    77     4     0 -9999
2015 11 19 00   128    61 10004   220    72     6     0 -9999
2015 11 19 01   106    50 10015   240    77 -9999     0 -9999
2015 11 19 02    94    39 10023   220    51     4     0 -9999
2015 11 19 03    94    39 10029   210    57     4     0 -9999
2015 11 19 04    89    39 10032   220    51 -9999     0 -9999
2015 11 19 05    89    39 10034   220    77 -9999     0 -9999
2015 11 19 06    89    39 10042   240    67     8     0 -9999
2015 11 19 07    78    33 10043   220    67     4     0 -9999
2015 11 19 08    72    33 10048   210    51     2     0 -9999
2015 11 19 09    72    39 10052   220    57 -9999     0 -9999
2015 11 19 10    72    39 10058   230    51 -9999     0 -9999
2015 11 19 11    72    44 10064   240    62 -9999    -1 -9999
2015 11 19 12    67    22 10074   250    93     6     0     0
2015 11 19 13    56     0 10088   260    98 -9999     0 -9999
2015 11 19 14    44   -28 10103   260    77     2     0 -9999
2015 11 19 15    44   -44 10116   280   108     2     0 -9999
2015 11 19 16    44   -39 10126   270   113     2     0 -9999
2015 11 19 17    50   -44 10129   260    98     2     0 -9999
2015 11 19 18    56   -50 10132   260   108     2     0 -9999
2015 11 19 19    56   -72 10138   260   129     2     0 -9999
2015 11 19 20    50   -67 10145   250   124 -9999     0 -9999
2015 11 19 21    56   -78 10150   250   139     4     0 -9999
2015 11 19 22    50   -72 10158   260    77 -9999     0 -9999
2015 11 19 23    44   -83 10168   270   108     2     0 -9999
2015 11 20 00    33   -72 10179   250    82     2     0 -9999
2015 11 20 01    28   -67 10185   240    62     0     0 -9999
2015 11 20 02    22   -61 10189   240    46     0     0 -9999
2015 11 20 03    28   -67 10192   240    62     0     0 -9999
2015 11 20 04    22   -67 10194   250    62     0     0 -9999
2015 11 20 05    22   -72 10198   240    62     0     0 -9999
2015 11 20 06    17   -72 10202   250    77     0     0 -9999
2015 11 20 07    17   -78 10207   250    57     0     0 -9999
2015 11 20 08    11   -78 10214   250    67     0     0 -9999
2015 11 20 09     6   -78 10217   250    51     0     0 -9999
2015 11 20 10     6   -78 10223   250    46     0     0 -9999
2015 11 20 11     0   -78 10229   250    51     0     0 -9999
2015 11 20 12     0   -78 10234   240    51     0     0 -9999
2015 11 20 13    -6   -78 10241   250    57     0     0 -9999
2015 11 20 14     6   -78 10249   250    51 -9999     0 -9999
2015 11 20 15    11   -83 10251   260    41     4     0 -9999
2015 11 20 16    28  -100 10257   260    62     4     0 -9999
2015 11 20 17    39  -106 10261   270    46 -9999     0 -9999
2015 11 20 18    39  -100 10256   250    46     8     0 -9999
2015 11 20 19    44   -94 10250   250    41 -9999     0 -9999
2015 11 20 20    44   -89 10245   260    36 -9999     0 -9999
2015 11 20 21    39   -83 10243   240    31 -9999     0 -9999
2015 11 20 22    33   -89 10242   250    31 -9999     0 -9999
2015 11 20 23    33   -89 10239   270    21 -9999     0 -9999
2015 11 21 00    33   -83 10237   300    21     8     0 -9999
2015 11 21 01    22   -33 10245     0     0 -9999    -1 -9999
2015 11 21 02     0    -6 10251     0     0     9    13 -9999
2015 11 21 03     0    -6 10255    10    26 -9999    25 -9999
2015 11 21 04     0    -6 10258    40    26 -9999    20 -9999
2015 11 21 05     0    -6 10253    60    21 -9999    13 -9999
2015 11 21 06     0    -6 10245    60    31     8    -1    70
2015 11 21 07     0    -6 10235    60    41 -9999     5 -9999
2015 11 21 08     6     0 10223    70    41 -9999     5 -9999
2015 11 21 09     6     0 -9999    70    31 -9999    -1 -9999
2015 11 21 10     6     0 10202    70    31 -9999     3 -9999
2015 11 21 11     0     0 10200    60    31 -9999    18 -9999
2015 11 21 12     0     0 10189    70    31     8    15    50
2015 11 21 13     0     0 10179    90    26 -9999    15 -9999
2015 11 21 14     0     0 10187    20    26 -9999    18 -9999
2015 11 21 15     0     0 10168    50    31     9    13 -9999
2015 11 21 16     6     0 -9999    10    36 -9999    -1 -9999
2015 11 21 17     0     0 10152   360    31 -9999    23 -9999
2015 11 21 18    -6   -11 10142   340    77     8    28   100
2015 11 21 19   -17   -22 10148   340    93     9    79 -9999
2015 11 21 20   -17   -28 10146   340   108     9    61 -9999
2015 11 21 21   -17   -33 10152   350   103 -9999     3 -9999
2015 11 21 22   -22   -39 10164   330    93 -9999    -1 -9999
2015 11 21 23   -28   -39 10176   320    82 -9999    -1 -9999
2015 11 22 00   -28   -67 10185   320    82     8    -1   150
2015 11 22 01   -33   -72 10195   310    67 -9999     0 -9999
2015 11 22 02   -44   -83 10197   310    41     2     0 -9999
2015 11 22 03   -56   -83 10202   300    51     2     0 -9999
2015 11 22 04   -61   -94 10206   310    57     0     0 -9999
2015 11 22 05   -67  -100 10213   300    41     0     0 -9999
2015 11 22 06   -72  -106 10218   300    46     0     0 -9999
2015 11 22 07   -89  -117 10218   280    26     0     0 -9999
2015 11 22 08   -89  -122 10223   270    31     0     0 -9999
2015 11 22 09  -106  -128 10226   260    36     0     0 -9999
2015 11 22 10  -111  -133 10228   260    36     0     0 -9999
2015 11 22 11  -111  -133 10234   270    41     0     0 -9999
2015 11 22 12  -117  -133 10239   260    36     0     0 -9999
2015 11 22 13  -117  -133 10240   260    31     2     0 -9999
2015 11 22 14  -117  -128 10238   240    15     2     0 -9999
2015 11 22 15  -106  -117 10239   250    15     2     0 -9999
2015 11 22 16   -78  -100 10238     0     0     2     0 -9999
2015 11 22 17   -56   -89 10234   230    36     2     0 -9999
2015 11 22 18   -44   -89 10226   200    31     2     0 -9999
2015 11 22 19   -39   -94 10220   200    46     2     0 -9999
2015 11 22 20   -39  -100 10207   190    46     2     0 -9999
2015 11 22 21   -44   -94 10205   180    31     4     0 -9999
2015 11 22 22   -44   -94 10205   180    67 -9999     0 -9999
2015 11 22 23   -50  -100 10198   170    72 -9999     0 -9999
2015 11 23 00   -56  -100 10200   190    57     6     0 -9999
2015 11 23 01   -50   -89 10200   200    57 -9999     0 -9999
2015 11 23 02   -50   -83 10197   200    57 -9999     0 -9999
2015 11 23 03   -44   -72 10192   190    57 -9999     0 -9999
2015 11 23 04   -39   -72 10188   200    46 -9999     0 -9999
2015 11 23 05   -39   -67 10180   190    41 -9999     0 -9999
2015 11 23 06   -28   -61 10172   190    57     6     0 -9999
2015 11 23 07   -22   -61 10163   200    51 -9999     0 -9999
2015 11 23 08   -28   -67 10162   190    46 -9999     0 -9999
2015 11 23 09   -28   -61 10156   180    51 -9999     0 -9999
2015 11 23 10   -22   -61 10151   190    51 -9999     0 -9999
2015 11 23 11   -33   -67 10149   190    46     4     0 -9999
2015 11 23 12   -39   -67 10148   200    46     2     0 -9999
2015 11 23 13   -33   -67 10155   210    41     2     0 -9999
2015 11 23 14   -28   -56 10158   240    46     2     0 -9999
2015 11 23 15   -22   -50 10162   250    41     2     0 -9999
2015 11 23 16    -6   -39 10162   270    41     4     0 -9999
2015 11 23 17     0   -33 10171   260    46 -9999     0 -9999
2015 11 23 18     0   -33 10170   250    46     8     0 -9999
2015 11 23 19     6   -28 10172   250    36 -9999     0 -9999
2015 11 23 20    17   -22 10171   250    46     2     0 -9999
2015 11 23 21    28   -22 10173   250    41     2     0 -9999
2015 11 23 22    22   -22 10179   230    36     0     0 -9999
2015 11 23 23    11   -28 10187   260    36     2     0 -9999
2015 11 24 00     6   -28 10199   260    15     0     0 -9999
2015 11 24 01     0   -33 10206   270    31     0     0 -9999
2015 11 24 02    -6   -33 10212   280    41     2     0 -9999
2015 11 24 03    -6   -33 10214   280    46     2     0 -9999
2015 11 24 04    -6   -33 10221   290    41     2     0 -9999
2015 11 24 05   -17   -39 10225   300    21     2     0 -9999
2015 11 24 06   -17   -39 10229   240    26     2     0 -9999
2015 11 24 07   -28   -39 10233   270    15     2     0 -9999
2015 11 24 08   -33   -50 10239   290    15     2     0 -9999
2015 11 24 09   -33   -50 10242   290    21     2     0 -9999
2015 11 24 10   -44   -56 10248   250    15     2     0 -9999
2015 11 24 11   -44   -56 10255   250    15 -9999     0 -9999
2015 11 24 12   -39   -50 10261     0     0     6     0 -9999
2015 11 24 13   -22   -33 10266     0     0 -9999     0 -9999
2015 11 24 14   -17   -33 10270     0     0 -9999     0 -9999
2015 11 24 15   -11   -22 10275   190    21 -9999     0 -9999
2015 11 24 16     0   -22 10278   170    15 -9999     0 -9999
2015 11 24 17    22   -11 10278   140    15 -9999     0 -9999
2015 11 24 18    39     0 10271   140    21     6     0 -9999
2015 11 24 19    44    -6 10265   160    41     4     0 -9999
2015 11 24 20    44     0 10259   140    41     2     0 -9999
2015 11 24 21    44    -6 10253   140    51     4     0 -9999
2015 11 24 22    39    -6 10253   140    51     2     0 -9999
2015 11 24 23    33   -11 10254   150    41     2     0 -9999
2015 11 25 00    28   -11 10255   140    51     2     0 -9999
2015 11 25 01    22   -11 10255   140    51     2     0 -9999
2015 11 25 02    22   -11 10252   140    51     2     0 -9999
2015 11 25 03    17   -17 10248   140    46     2     0 -9999
2015 11 25 04    17   -11 10246   140    46     2     0 -9999
2015 11 25 05    17   -11 10245   150    41     2     0 -9999
2015 11 25 06     6   -17 10245   160    36     4     0 -9999
2015 11 25 07     0   -17 10243   170    31     4     0 -9999
2015 11 25 08     6   -17 10242   170    36     2     0 -9999
2015 11 25 09    -6   -22 10240   160    36     2     0 -9999
2015 11 25 10    -6   -17 10239   160    36     2     0 -9999
2015 11 25 11     0   -22 10233   150    31     2     0 -9999
2015 11 25 12     0   -22 10235   150    36     2     0 -9999
2015 11 25 13    17   -17 10237   170    46     2     0 -9999
2015 11 25 14    44    -6 10243   180    62     4     0 -9999
2015 11 25 15    61    -6 10246   190    77 -9999     0 -9999
2015 11 25 16    61    -6 10240   180    72 -9999     0 -9999
2015 11 25 17    67    -6 10234   180    62 -9999     0 -9999
2015 11 25 18    72     0 10229   190    72     6     0 -9999
2015 11 25 19    78    11 10222   190    88 -9999     0 -9999
2015 11 25 20    78    17 10215   180    82 -9999     0 -9999
2015 11 25 21    72    22 10215   180    77 -9999     0 -9999
2015 11 25 22    78    28 10218   180    77 -9999     0 -9999
2015 11 25 23    83    28 10220   180    88 -9999     0 -9999
2015 11 26 00    94    33 10222   190    88     8     0 -9999
2015 11 26 01    94    33 10226   190    88 -9999     0 -9999
2015 11 26 02    94    33 10227   190   103 -9999    -1 -9999
2015 11 26 03    94    33 10224   180    88 -9999     0 -9999
2015 11 26 04   100    33 10226   190    88 -9999     0 -9999
2015 11 26 05   106    39 10231   200    67 -9999    -1 -9999
2015 11 26 06   106    50 10231   200    77     8    -1     0
2015 11 26 07   100    67 10232   200    88 -9999     3 -9999
2015 11 26 08    89    78 10235   200    57 -9999    10 -9999
2015 11 26 09    94    78 10234   200    62 -9999    10 -9999
2015 11 26 10    94    83 10234   200    57 -9999     5 -9999
2015 11 26 11   100    83 10233   200    51 -9999     5 -9999
2015 11 26 12   106    89 10232   200    67     8     3    40
2015 11 26 13   106    89 10239   200    72 -9999     0 -9999
2015 11 26 14   111    94 10241   200    67 -9999     0 -9999
2015 11 26 15   117    94 10242   200    77 -9999     0 -9999
2015 11 26 16   122    94 10242   200    72 -9999     0 -9999
2015 11 26 17   122   106 10237   190    72 -9999    13 -9999
2015 11 26 18   128   106 10227   190    77     8     3    20
2015 11 26 19   128   111 10216   190    77 -9999    -1 -9999
2015 11 26 20   133   122 10207   190    72 -9999    15 -9999
2015 11 26 21   144   128 10206   200    62 -9999    13 -9999
2015 11 26 22   144   128 10209   190    62 -9999    -1 -9999
2015 11 26 23   150   128 10211   190    57 -9999     0 -9999
2015 11 27 00   156   122 10211   190    77     8     0    30
2015 11 27 01   150   122 10210   190    67 -9999     0 -9999
2015 11 27 02   150   117 10212   200    82 -9999     0 -9999
2015 11 27 03   150   117 10213   200    88 -9999    -1 -9999
2015 11 27 04   144   111 10211   210    88 -9999     0 -9999
2015 11 27 05   139   111 10211   210    72 -9999    -1 -9999
2015 11 27 06   133   117 10209   210    51     8    28    20
2015 11 27 07   128   117 10202   200    72 -9999    33 -9999
2015 11 27 08   133   117 10203   210    67 -9999    28 -9999
2015 11 27 09   133   122 10211   230    31 -9999    30 -9999
2015 11 27 10    50    44 10226    30    72 -9999    46 -9999
2015 11 27 11    44    39 10234    20    67 -9999    28 -9999
2015 11 27 12    39    28 10251   360    93     8    10   180
2015 11 27 13    28    22 10265    10    51 -9999    10 -9999
2015 11 27 14    28    17 10270    10    72 -9999     5 -9999
2015 11 27 15    28    17 -9999    10    77 -9999    -1 -9999
2015 11 27 16    28    22 10285    10    77 -9999     3 -9999
2015 11 27 17    28    17 10288    20    72 -9999    10 -9999
2015 11 27 18    28    11 10286    20    72     8     8    40
2015 11 27 19    22     6 10289    10    88 -9999    -1 -9999
2015 11 27 20    17     6 10290    10    82 -9999     3 -9999
2015 11 27 21    17    -6 10298   360    88 -9999    -1 -9999
2015 11 27 22    17     0 10298    20    82 -9999     0 -9999
2015 11 27 23    17    -6 10299    20    72 -9999    -1 -9999
2015 11 28 00    22   -11 10302    30    62     8    -1     3
2015 11 28 01    17   -11 10307    30    62 -9999     0 -9999
2015 11 28 02    22   -11 10301    20    72 -9999     0 -9999
2015 11 28 03    22   -11 10302    20    72 -9999     0 -9999
2015 11 28 04    22   -11 10298    30    82 -9999     0 -9999
2015 11 28 05    22    -6 10299    20    62 -9999     0 -9999
2015 11 28 06    11   -17 10298   350    41     8     0 -9999
2015 11 28 07     6   -17 10295   360    51 -9999     0 -9999
2015 11 28 08     6   -22 10292   350    51 -9999     0 -9999
2015 11 28 09     0   -22 10292   360    46 -9999     0 -9999
2015 11 28 10     6   -22 10292   350    36 -9999     0 -9999
2015 11 28 11     0   -22 10297   340    51 -9999     0 -9999
2015 11 28 12     0   -22 10294   350    41     8     0     0
2015 11 28 13     0   -22 10296   350    31 -9999     0 -9999
2015 11 28 14     0   -22 10294   350    41 -9999     0 -9999
2015 11 28 15    11   -22 10299    10    36 -9999     0 -9999
2015 11 28 16    22   -22 10299    40    62 -9999     0 -9999
2015 11 28 17    28   -28 10295    30    62 -9999     0 -9999
2015 11 28 18    33   -28 10288    40    57     6     0 -9999
2015 11 28 19    28   -28 10284    40    67 -9999     0 -9999
2015 11 28 20    28   -22 10284    30    67 -9999     0 -9999
2015 11 28 21    22   -28 10284    30    67 -9999     0 -9999
2015 11 28 22    17   -22 10284    20    57 -9999     0 -9999
2015 11 28 23    22   -22 10286    30    41 -9999     0 -9999
2015 11 29 00    17   -17 10284    10    41     8     0 -9999
2015 11 29 01    17   -28 10285    20    36 -9999     0 -9999
2015 11 29 02    11   -28 10285   350    26 -9999     0 -9999
2015 11 29 03     0   -33 10288   360    26     2     0 -9999
2015 11 29 04    -6   -33 10287   350    31     4     0 -9999
2015 11 29 05   -11   -39 10285   360    31     2     0 -9999
2015 11 29 06   -11   -44 10287   360    26     2     0 -9999
2015 11 29 07   -17   -44 10285   340    26     2     0 -9999
2015 11 29 08   -22   -50 10288   340    31     0     0 -9999
2015 11 29 09   -22   -56 10290   350    31     0     0 -9999
2015 11 29 10   -22   -61 10285   350    41     2     0 -9999
2015 11 29 11   -22   -67 10285    10    41     2     0 -9999
2015 11 29 12   -28   -67 10285   350    21     4     0 -9999
2015 11 29 13   -28   -72 10290   360    31     2     0 -9999
2015 11 29 14   -28   -72 10291    10    36     2     0 -9999
2015 11 29 15   -11   -61 10295   360    26     4     0 -9999
2015 11 29 16    11   -39 10286    30    36     4     0 -9999
2015 11 29 17    28   -22 10284    20    26 -9999     0 -9999
2015 11 29 18    44    -6 10282    50    31     6     0 -9999
2015 11 29 19    44     0 10265    40    46 -9999     0 -9999
2015 11 29 20    44     0 10267    50    41 -9999     0 -9999
2015 11 29 21    44     0 10267    40    41 -9999     0 -9999
2015 11 29 22    39     0 10267    30    41 -9999     0 -9999
2015 11 29 23    28     0 10271    30    36 -9999     0 -9999
2015 11 30 00    22    -6 10274     0     0     6     0 -9999
2015 11 30 01    28     0 10266    50    31 -9999     0 -9999
2015 11 30 02    33     0 10265    50    36 -9999     0 -9999
2015 11 30 03    44    -6 10259    60    31 -9999     0 -9999
2015 11 30 04    50   -28 10260    90    41 -9999     0 -9999
2015 11 30 05    44   -28 10256    90    46 -9999     0 -9999
2015 11 30 06    44   -17 10248   100    46     8     0 -9999
2015 11 30 07    39   -22 10245    90    41 -9999     0 -9999
2015 11 30 08    39   -28 10241    70    36 -9999     0 -9999
2015 11 30 09    39   -17 10236    60    41 -9999     0 -9999
2015 11 30 10    39   -11 10231    90    41 -9999     0 -9999
2015 11 30 11    39   -11 10233    90    31 -9999     0 -9999
2015 11 30 12    39     0 10230    70    46     8     0 -9999
2015 11 30 13    39     6 10229    90    46 -9999     0 -9999
2015 11 30 14    39     0 10226    90    46 -9999     0 -9999
2015 11 30 15    44     6 10226    90    41 -9999     0 -9999
2015 11 30 16    44    11 10225    80    46 -9999     0 -9999
2015 11 30 17    50     6 10210    70    67 -9999     0 -9999
2015 11 30 18    50    11 10203    90    51     8     0 -9999
2015 11 30 19    61    11 10193    70    57 -9999     0 -9999
2015 11 30 20    61    17 10180    70    62 -9999     0 -9999
2015 11 30 21    61    22 10171    80    62 -9999    -1 -9999
2015 11 30 22    67    17 10166    90    51 -9999     3 -9999
2015 11 30 23    67    22 10161   100    46 -9999    -1 -9999
2015 12 01 00    61    33 10151    90    36     8    18    20
2015 12 01 01    61    28 10143    90    57 -9999    10 -9999
2015 12 01 02    67    17 10139   120    82 -9999     3 -9999
2015 12 01 03    61    33 10129   130    77 -9999    13 -9999
2015 12 01 04    56    44 10134   260    26 -9999    13 -9999
2015 12 01 05    50    44 10119   130    46 -9999     5 -9999
2015 12 01 06    50    50 10119   170    15     8     3    50
2015 12 01 07    56    50 10106   120    46 -9999     5 -9999
2015 12 01 08    56    50 10099   140    41 -9999    -1 -9999
2015 12 01 09    56    56 10095   140    26 -9999    30 -9999
2015 12 01 10    61    56 10091   190    26 -9999     8 -9999
2015 12 01 11    61    50 -9999   250    46 -9999    -1 -9999
2015 12 01 12    56    44 10092   250    46     8    -1    50
2015 12 01 13    50    28 10094   240    51 -9999    -1 -9999
2015 12 01 14    50    17 10098   240    41 -9999     0 -9999
2015 12 01 15    44    11 10106   240    88 -9999     0 -9999
2015 12 01 16    33     0 10106   240    62 -9999     0 -9999
2015 12 01 17    44    -6 10105   220    67     4     0 -9999
2015 12 01 18    44   -17 10100   240    62     2     0    -1
2015 12 01 19    50   -17 10099   240    62     4     0 -9999
2015 12 01 20    50   -17 10097   240    62 -9999     0 -9999
2015 12 01 21    56   -11 10096   220    67 -9999     0 -9999
2015 12 01 22    50    -6 10097   220    26     4     0 -9999
2015 12 01 23    50    -6 10104   210    31 -9999     0 -9999
2015 12 02 00    39     0 10104   180    31     8     0 -9999
2015 12 02 01    44     6 10101   180    41 -9999     0 -9999
2015 12 02 02    39     6 10097   180    36 -9999     0 -9999
2015 12 02 03    28     0 10097   180    41     4     0 -9999
2015 12 02 04    33     0 10095   210    46 -9999     0 -9999
2015 12 02 05    39     6 10095   220    41 -9999     0 -9999
2015 12 02 06    33     6 10094   230    26     8     0 -9999
2015 12 02 07    28     6 10087     0     0 -9999     0 -9999
2015 12 02 08    22     6 10084   240    21 -9999    -1 -9999
2015 12 02 09    11     0 10078   260    26 -9999     3 -9999
2015 12 02 10     6     0 -9999   280    21 -9999    -1 -9999
2015 12 02 11     0     0 -9999   300    26 -9999    -1 -9999
2015 12 02 12     0    -6 10070   290    31     9    10    20
2015 12 02 13     0   -11 10074   270    41 -9999     8 -9999
2015 12 02 14     0    -6 10078   290    62 -9999     5 -9999
2015 12 02 15    -6   -17 10080   290    41 -9999     3 -9999
2015 12 02 16     0   -17 10081   280    21 -9999     3 -9999
2015 12 02 17     6   -11 -9999   250    36 -9999    -1 -9999
2015 12 02 18     6   -11 10080   270    26     8     3    30
2015 12 02 19     6   -11 -9999   270    46 -9999    -1 -9999
2015 12 02 20     6   -11 10088   290    36 -9999    -1 -9999
2015 12 02 21    11   -22 10096   290    46 -9999     0 -9999
2015 12 02 22    11   -17 10111   290    46 -9999    -1 -9999
2015 12 02 23     6   -22 10122   300    62 -9999    -1 -9999
2015 12 03 00     6   -33 10133   300    51     8     0     5
2015 12 03 01     6   -39 10144   310    67 -9999     0 -9999
2015 12 03 02     0   -33 10150   290    57     4     0 -9999
2015 12 03 03     0   -33 10158   290    46     4     0 -9999
2015 12 03 04    -6   -39 10168   290    46     2     0 -9999
2015 12 03 05    -6   -39 10176   290    51     2     0 -9999
2015 12 03 06    -6   -33 10184   300    41     2     0 -9999
2015 12 03 07    -6   -28 10189   310    41     2     0 -9999
2015 12 03 08    -6   -28 10197   300    41     2     0 -9999
2015 12 03 09     0   -22 10206   300    46 -9999     0 -9999
2015 12 03 10     6   -22 10212   310    62 -9999     0 -9999
2015 12 03 11    11   -17 10221   290    31 -9999     0 -9999
2015 12 03 12    11   -11 10230   250    31     8     0 -9999
2015 12 03 13    11   -11 10240   280    36 -9999     0 -9999
2015 12 03 14    17   -11 10249   320    51 -9999     0 -9999
2015 12 03 15    11   -11 10259   290    41 -9999     0 -9999
2015 12 03 16     6   -11 10266   280    41 -9999     0 -9999
2015 12 03 17    11    -6 10269   260    57 -9999     0 -9999
2015 12 03 18    11    -6 10268   250    41     8     0 -9999
2015 12 03 19    11    -6 10268   270    51 -9999     0 -9999
2015 12 03 20    11    -6 10269   230    67 -9999     0 -9999
2015 12 03 21    11   -11 10272   260    67 -9999     0 -9999
2015 12 03 22    11    -6 10277   260    51 -9999     0 -9999
2015 12 03 23    11    -6 10281   240    51 -9999     0 -9999
2015 12 04 00    11    -6 10285   240    46     8     0 -9999
2015 12 04 01    11    -6 10289   240    57 -9999     0 -9999
2015 12 04 02    11    -6 10291   240    36 -9999     0 -9999
2015 12 04 03    11    -6 10295   250    51 -9999     0 -9999
2015 12 04 04     6    -6 10299   250    51 -9999     0 -9999
2015 12 04 05    11    -6 10300   260    46 -9999     0 -9999
2015 12 04 06    11    -6 10303   250    67     8     0 -9999
2015 12 04 07    17     6 10299   240    36 -9999     0 -9999
2015 12 04 08    17     0 10305   250    41 -9999     0 -9999
2015 12 04 09    11     0 10308   230    57 -9999     0 -9999
2015 12 04 10     6     0 10310   230    41 -9999     0 -9999
2015 12 04 11     6    -6 10313   240    36 -9999     0 -9999
2015 12 04 12     0    -6 10318   240    31     8     0 -9999
2015 12 04 13     0    -6 10323   230    41 -9999     0 -9999
2015 12 04 14     0    -6 10334   230    21 -9999     0 -9999
2015 12 04 15     6     0 10342   230    41 -9999     0 -9999
2015 12 04 16    11     0 10348   240    26     4     0 -9999
2015 12 04 17    39     6 10345   250    31     0     0 -9999
2015 12 04 18    56    11 10343   240    46     0     0 -9999
2015 12 04 19    78    22 10336   240    36     0     0 -9999
2015 12 04 20    78    11 10335   230    41     0     0 -9999
2015 12 04 21    83    11 10335   250    51     0     0 -9999
2015 12 04 22    72    11 10341   230    31     0     0 -9999
2015 12 04 23    56    17 10344   200    36     0     0 -9999
2015 12 05 00    33    17 10349   190    26     0     0 -9999
2015 12 05 01    33    11 10355   180    31     0     0 -9999
2015 12 05 02    17     6 10356   180    36     2     0 -9999
2015 12 05 03    28    28 10358   190    36 -9999     0 -9999
2015 12 05 04    28    28 10362   210    41 -9999     0 -9999
2015 12 05 05    22    17 10362   200    46 -9999     0 -9999
2015 12 05 06    17    11 10363   200    41     8     0 -9999
2015 12 05 07    17    11 10361   210    41 -9999     0 -9999
2015 12 05 08     6     6 10363   210    46 -9999     0 -9999
2015 12 05 09     6     0 10369   210    26 -9999     0 -9999
2015 12 05 10    -6    -6 10368   190    36 -9999     0 -9999
2015 12 05 11    -6   -11 10370   200    36 -9999     0 -9999
2015 12 05 12    -6   -11 10371   180    36     8     0 -9999
2015 12 05 13   -11   -11 10376   220    31 -9999     0 -9999
2015 12 05 14   -11   -11 -9999   210    26 -9999     0 -9999
2015 12 05 15   -11   -11 10379   200    26 -9999     0 -9999
2015 12 05 16     6   -11 10378   180    26 -9999     0 -9999
2015 12 05 17    28    -6 10369   200    31     4     0 -9999
2015 12 05 18    50    -6 10356   180    31     4     0 -9999
2015 12 05 19    61    -6 10349   190    41     4     0 -9999
2015 12 05 20    72    -6 10345   210    41     4     0 -9999
2015 12 05 21    67    -6 10341   180    36     4     0 -9999
2015 12 05 22    44    -6 10338   160    36 -9999     0 -9999
2015 12 05 23    17   -11 10336   160    41 -9999     0 -9999
2015 12 06 00    22     0 10335   170    51     6     0 -9999
2015 12 06 01    11     0 10334   180    36 -9999     0 -9999
2015 12 06 02     0   -11 10336   180    31 -9999     0 -9999
2015 12 06 03     0   -11 10335   200    31 -9999     0 -9999
2015 12 06 04     0    -6 10323   180    41 -9999     0 -9999
2015 12 06 05    11     6 10319   160    31 -9999     0 -9999
2015 12 06 06     6     0 10314   170    36     8     0 -9999
2015 12 06 07     0    -6 10309   180    31 -9999     0 -9999
2015 12 06 08     0    -6 10300   170    31 -9999     0 -9999
2015 12 06 09     6    -6 10298   230    21 -9999     0 -9999
2015 12 06 10     6    -6 10297   220    21 -9999     0 -9999
2015 12 06 11   -11   -22 10291   170    26 -9999     0 -9999
2015 12 06 12   -17   -22 10286   180    31     6     0 -9999
2015 12 06 13   -22   -28 10281   170    26 -9999     0 -9999
2015 12 06 14   -22   -22 10277   170    26     2     0 -9999
2015 12 06 15    11     0 10270   170    36     2     0 -9999
2015 12 06 16    39    11 10269   210    31     2     0 -9999
2015 12 06 17    56    11 10259   220    31     2     0 -9999
2015 12 06 18    72    11 10248 -9999    26     2     0 -9999
2015 12 06 19    78    11 10244   250    31     4     0 -9999
2015 12 06 20    67    17 10237     0     0 -9999     0 -9999
2015 12 06 21    78    11 10226   130    31 -9999     0 -9999
2015 12 06 22    67     6 10232   220    21 -9999     0 -9999
2015 12 06 23    44     6 10235   190    15 -9999     0 -9999
2015 12 07 00    44     6 10240   260    21     6     0 -9999
2015 12 07 01    39     6 10241   280    26 -9999     0 -9999
2015 12 07 02    28     0 10240   260    15     4     0 -9999
2015 12 07 03    22     6 10236   260    21     4     0 -9999
2015 12 07 04    22     6 10234   330    15     2     0 -9999
2015 12 07 05     6    -6 10238   300    15     0     0 -9999
2015 12 07 06    -6   -11 10238   320    15     2     0 -9999
2015 12 07 07     0   -11 10235   320    15     0     0 -9999
2015 12 07 08     0   -11 10235     0     0     0     0 -9999
2015 12 07 09   -22   -28 10234   330    31     0     0 -9999
2015 12 07 10   -11   -11 -9999   340    26     9     0 -9999
2015 12 07 11   -11   -11 10237    10    21     9     0 -9999
2015 12 07 12    -6   -11 10241    40    26     9    -1 -9999
2015 12 07 13    -6    -6 10242   340    21     9     0 -9999
2015 12 07 14    -6    -6 10244   310    21     9     0 -9999
2015 12 07 15     0     0 10246     0     0     9     0 -9999
2015 12 07 16     6     6 10247     0     0     9     0 -9999
2015 12 07 17     6     6 10247   190    15 -9999     0 -9999
2015 12 07 18     6     6 10235   230    21     8     0 -9999
2015 12 07 19    17    17 10219   190    31 -9999     0 -9999
2015 12 07 20    22    17 10217   180    41 -9999     0 -9999
2015 12 07 21    28    17 10215   190    41 -9999     0 -9999
2015 12 07 22    28    11 10208   190    36 -9999     0 -9999
2015 12 07 23    28    17 10203   190    36 -9999     0 -9999
2015 12 08 00    33    17 10206   210    46     8     0 -9999
2015 12 08 01    22    11 10201   210    46 -9999     0 -9999
2015 12 08 02    22    17 10193   190    41 -9999     0 -9999
2015 12 08 03    28    22 10187   200    46 -9999     0 -9999
2015 12 08 04    28    22 10173   190    72 -9999     0 -9999
2015 12 08 05    33    28 10175   210    51 -9999    -1 -9999
2015 12 08 06    39    22 10170   200    46     8    -1    -1
2015 12 08 07    33    17 10166   200    46 -9999     0 -9999
2015 12 08 08    33    11 10160   200    41 -9999     0 -9999
2015 12 08 09    39    17 10155   190    57 -9999     0 -9999
2015 12 08 10    39    22 10149   190    51 -9999     0 -9999
2015 12 08 11    39    22 10148   190    51 -9999     0 -9999
2015 12 08 12    39    22 10145   200    57     8     0 -9999
2015 12 08 13    39    22 10145   210    57 -9999     0 -9999
2015 12 08 14    44    28 10142   200    41 -9999     0 -9999
2015 12 08 15    44    28 10140   210    57 -9999     0 -9999
2015 12 08 16    50    28 10144   210    57 -9999     0 -9999
2015 12 08 17    61    28 -9999   210    41 -9999     0 -9999
2015 12 08 18    67    33 10128   200    46     8     0 -9999
2015 12 08 19    67    33 10121   180    46 -9999     0 -9999
2015 12 08 20    72    39 10112   180    46 -9999     0 -9999
2015 12 08 21    72    39 10108   180    51 -9999     0 -9999
2015 12 08 22    72    44 10105   170    36 -9999     0 -9999
2015 12 08 23    61    44 10101   150    36 -9999     0 -9999
2015 12 09 00    67    44 10097   160    46     8     0 -9999
2015 12 09 01    67    50 10093   170    46 -9999     0 -9999
2015 12 09 02    61    44 10091   180    31 -9999     0 -9999
2015 12 09 03    67    50 10087   180    36 -9999     0 -9999
2015 12 09 04    78    56 10076   180    57 -9999     0 -9999
2015 12 09 05    78    50 10069   180    62 -9999     0 -9999
2015 12 09 06    83    56 10060   190    62     8     0 -9999
2015 12 09 07    78    56 10049   190    51 -9999     0 -9999
2015 12 09 08    78    56 10045   190    46 -9999     0 -9999
2015 12 09 09    78    56 10044   210    46 -9999     0 -9999
2015 12 09 10    72    56 10040   200    36 -9999     0 -9999
2015 12 09 11    72    61 10038   220    31 -9999     0 -9999
2015 12 09 12    67    56 10044   250    36     6     0 -9999
2015 12 09 13    50    44 10049   250    31     2     0 -9999
2015 12 09 14    44    39 10053   250    26     2     0 -9999
2015 12 09 15    61    39 10059   260    46     2     0 -9999
2015 12 09 16    72    44 10064   270    41 -9999     0 -9999
2015 12 09 17    89    44 10065   270    46     0     0 -9999
2015 12 09 18   100    44 10056   250    41     2     0 -9999
2015 12 09 19   100    44 10056   230    41 -9999     0 -9999
2015 12 09 20   111    39 10059   250    46 -9999     0 -9999
2015 12 09 21   106    44 10058   250    51 -9999     0 -9999
2015 12 09 22   100    50 10067   250    31 -9999     0 -9999
2015 12 09 23    83    33 10071   250    36 -9999     0 -9999
2015 12 10 00    67    33 10078   240    15     6     0 -9999
2015 12 10 01    72    39 10083   230    21 -9999     0 -9999
2015 12 10 02    78    39 10085   240    41 -9999     0 -9999
2015 12 10 03    72    33 10083   230    36 -9999     0 -9999
2015 12 10 04    67    33 10081   220    21 -9999     0 -9999
2015 12 10 05    56    28 10082   200    36     2     0 -9999
2015 12 10 06    50    22 10078   210    26     2     0 -9999
2015 12 10 07    56    28 10073   190    36     4     0 -9999
2015 12 10 08    56    28 10066   190    36 -9999     0 -9999
2015 12 10 09    56    28 10058   190    41 -9999     0 -9999
2015 12 10 10    72    28 10052   200    57 -9999     0 -9999
2015 12 10 11    89    33 10047   190    62 -9999     0 -9999
2015 12 10 12    89    33 10038   190    77     6     0 -9999
2015 12 10 13    83    33 10032   190    77 -9999     0 -9999
2015 12 10 14    83    33 10019   190    82 -9999     0 -9999
2015 12 10 15   100    39 10011   180    72 -9999     0 -9999
2015 12 10 16   117    39 10000   200    88 -9999     0 -9999
2015 12 10 17   128    33  9991   210   108 -9999     0 -9999
2015 12 10 18   139    39  9981   200   118     8     0 -9999
2015 12 10 19   133    44  9976   210   103 -9999     0 -9999
2015 12 10 20   139    44  9971   220    93 -9999     0 -9999
2015 12 10 21   133    50  9969   230    88 -9999     0 -9999
2015 12 10 22   128    56  9981   260   134 -9999     0 -9999
2015 12 10 23   106    44  9997   250   118 -9999     0 -9999
2015 12 11 00    89    33 10011   240    82     4     0 -9999
2015 12 11 01    83    28 10016   230    72     2     0 -9999
2015 12 11 02    78    33 10024   220    51     0     0 -9999
2015 12 11 03    78    33 10022   210    72     0     0 -9999
2015 12 11 04    83    28 10024   230    51     0     0 -9999
2015 12 11 05    78    28 10028   230    51     2     0 -9999
2015 12 11 06    78    28 10028   230    51     6     0 -9999
2015 12 11 07    78    22 10026   220    51     4     0 -9999
2015 12 11 08    78    17 10030   230    51     0     0 -9999
2015 12 11 09    78    11 10034   240    57     0     0 -9999
2015 12 11 10    61    11 10044   250    51     0     0 -9999
2015 12 11 11    56    11 10050   240    51     2     0 -9999
2015 12 11 12    61     6 10063   250    67     6     0 -9999
2015 12 11 13    56     6 10070   260    41 -9999     0 -9999
2015 12 11 14    56     6 10081   240    36 -9999     0 -9999
2015 12 11 15    61     6 10088   250    31 -9999     0 -9999
2015 12 11 16    72    11 10099   230    31 -9999     0 -9999
2015 12 11 17    83    11 10101   230    26 -9999     0 -9999
2015 12 11 18    89     6 10096   240    21     8     0 -9999
2015 12 11 19    94     6 10096   230    21 -9999     0 -9999
2015 12 11 20   100    17 10091   130    15 -9999     0 -9999
2015 12 11 21   100    22 10095   160    21 -9999     0 -9999
2015 12 11 22    83    22 10099   140    26 -9999     0 -9999
2015 12 11 23    78    11 10103   130    31 -9999     0 -9999
2015 12 12 00    94    17 10103    90    26     8     0 -9999
2015 12 12 01    83    22 10098    70    31 -9999     0 -9999
2015 12 12 02    94    33 10104    70    36 -9999     0 -9999
2015 12 12 03    89    50 10100    70    31 -9999    -1 -9999
2015 12 12 04    94    56 10097 -9999    31 -9999    -1 -9999
2015 12 12 05    94    61 10099    50    21 -9999     0 -9999
2015 12 12 06    94    61 10100    30    21     8     0    -1
2015 12 12 07    94    61 10097     0     0 -9999     0 -9999
2015 12 12 08    94    67 10091    10    21 -9999     0 -9999
2015 12 12 09    94    67 10095     0     0 -9999    -1 -9999
2015 12 12 10    89    78 10101   360    21 -9999    -1 -9999
2015 12 12 11    89    78 10104   360    15 -9999    -1 -9999
2015 12 12 12    83    83 10115   340    15     8     0    -1
2015 12 12 13    89    83 -9999     0     0 -9999    -1 -9999
2015 12 12 14    89    83 10127    10    21 -9999    -1 -9999
2015 12 12 15    89    89 -9999    20    15 -9999     0 -9999
2015 12 12 16    94    94 10141     0     0 -9999    -1 -9999
2015 12 12 17   111   100 -9999     0     0 -9999    -1 -9999
2015 12 12 18   117   106 10141    10    21     8     0    -1
2015 12 12 19   128   106 10143     0     0 -9999     0 -9999
2015 12 12 20   139   111 10140    30    21 -9999     0 -9999
2015 12 12 21   122    94 10143    60    26 -9999     0 -9999
2015 12 12 22   106    83 10148    60    26 -9999     0 -9999
2015 12 12 23   100    78 10150 -9999    26 -9999     0 -9999
2015 12 13 00   100    78 10155    40    26     8     0 -9999
2015 12 13 01    94    83 10158 -9999    21 -9999    -1 -9999
2015 12 13 02    89    83 10155    20    21 -9999    -1 -9999
2015 12 13 03    83    83 10153    30    21     9    -1 -9999
2015 12 13 04    83    83 10150 -9999    26 -9999     0 -9999
2015 12 13 05    83    83 10147    40    15 -9999     0 -9999
2015 12 13 06    83    83 10142     0     0     8     0    -1
2015 12 13 07    89    89 10134    60    15 -9999     0 -9999
2015 12 13 08    94    89 10132     0     0 -9999     0 -9999
2015 12 13 09   100    94 10127     0     0 -9999     0 -9999
2015 12 13 10   150   144 10117   180    41 -9999     0 -9999
2015 12 13 11   156   144 10115   170    62 -9999     0 -9999
2015 12 13 12   156   144 10114   180    62     8     5     5
2015 12 13 13   156   150 10113   190    62 -9999    15 -9999
2015 12 13 14   156   150 10107   200    72 -9999     3 -9999
2015 12 13 15   156   144 10105   190    72 -9999     0 -9999
2015 12 13 16   156   144 10099   170    67 -9999     0 -9999
2015 12 13 17   161   144 10089   180    67 -9999     0 -9999
2015 12 13 18   161   133 10076   190    88     8     0    20
2015 12 13 19   161   128 10070   190    67 -9999     0 -9999
2015 12 13 20   156   133 10065   190    72 -9999    -1 -9999
2015 12 13 21   150   133 10058   180    67 -9999    15 -9999
2015 12 13 22   150   139 10056   170    62 -9999    15 -9999
2015 12 13 23   144   133 -9999   170    82 -9999     5 -9999
2015 12 14 00   144   139 10040   180    82     8    43    80
2015 12 14 01   139   133 10029   160    67 -9999    36 -9999
2015 12 14 02   144   133 10016   150    72 -9999    33 -9999
2015 12 14 03   144   139 10001   140    62 -9999    25 -9999
2015 12 14 04   150   133  9988   150    62 -9999     5 -9999
2015 12 14 05   156   133  9976   170    82 -9999     8 -9999
2015 12 14 06   161   133  9963   170    93     8    -1   110
2015 12 14 07   156   139  9957   160    93 -9999    18 -9999
2015 12 14 08   150   139  9938   150    82 -9999    43 -9999
2015 12 14 09   150   139  9924   140    82 -9999     8 -9999
2015 12 14 10   150   139  9913   170    72 -9999    -1 -9999
2015 12 14 11   150   128  9901   170    62 -9999     0 -9999
2015 12 14 12   139   111  9904   190   118     8    -1    70
2015 12 14 13   128   106  9899   190   129 -9999     5 -9999
2015 12 14 14   128   106  9891   190    82 -9999    -1 -9999
2015 12 14 16   100    72  9907   220    62 -9999    -1 -9999
2015 12 14 17   100    78  9903   210    67 -9999    -1 -9999
2015 12 14 18   100    78  9896   210    67     8    -1    20
2015 12 14 19    89    72  9897   200    98 -9999     5 -9999
2015 12 14 20    89    61  9903   220    62 -9999     3 -9999
2015 12 14 21    89    61  9913   210    67 -9999    -1 -9999
2015 12 14 22    89    56  9924   240    57 -9999    -1 -9999
2015 12 14 23    78    44  9936   240    57 -9999    -1 -9999
2015 12 15 00    83    44  9950   240    72     8     0     8
2015 12 15 01    72    39  9960   240    57     4     0 -9999
2015 12 15 02    67    39  9969   240    41 -9999     0 -9999
2015 12 15 03    67    44  9981   240    57 -9999    -1 -9999
2015 12 15 04    56    33  9993   240    46 -9999     0 -9999
2015 12 15 05    61    33 10007   270    46 -9999     0 -9999
2015 12 15 06    56    33 10019   260    36     6     0    -1
2015 12 15 07    56    33 10030   260    36 -9999     0 -9999
2015 12 15 08    56    44 10043   260    31 -9999    -1 -9999
2015 12 15 09    56    39 10056   310    77 -9999    -1 -9999
2015 12 15 10    44    22 10070   300    41 -9999     0 -9999
2015 12 15 11    44    22 10078   320    36 -9999     0 -9999
2015 12 15 12    39    17 10094   330    51     8    -1    -1
2015 12 15 13    39     6 10106   330    57 -9999    -1 -9999
2015 12 15 14    39     6 10119   340    41 -9999     0 -9999
2015 12 15 15    39     6 10130   340    36 -9999     0 -9999
2015 12 15 16    50     6 10135 -9999    31 -9999     0 -9999
2015 12 15 17    50     6 10134    70    15 -9999     0 -9999
2015 12 15 18    50    11 10127    50    36     8     0    -1
2015 12 15 19    50    11 10128    70    46 -9999     0 -9999
2015 12 15 20    50     6 10129    50    31 -9999     0 -9999
2015 12 15 21    44     0 10131    70    41 -9999     0 -9999
2015 12 15 22    39     0 10137    80    41 -9999     0 -9999
2015 12 15 23    39     0 10138    80    31 -9999     0 -9999
2015 12 16 00    44     6 10141    80    36     8     0 -9999
2015 12 16 01    44     6 10135    80    51 -9999     0 -9999
2015 12 16 02    44    11 10131   100    62 -9999     0 -9999
2015 12 16 03    50    17 10126   130    62 -9999     0 -9999
2015 12 16 04    50    22 10119   140    62 -9999     0 -9999
2015 12 16 05    50    28 10120   150    57 -9999     0 -9999
2015 12 16 06    50    28 10118   160    57     8     0 -9999
2015 12 16 07    50    33 10114   170    46 -9999     0 -9999
2015 12 16 08    50    33 10106   160    46 -9999     0 -9999
2015 12 16 09    50    33 10095   140    67 -9999     0 -9999
2015 12 16 10    50    39 10087   140    67 -9999     0 -9999
2015 12 16 11    56    39 10085   140    82 -9999     0 -9999
2015 12 16 12    56    39 10087   170    46     8     0 -9999
2015 12 16 13    56    44 10062   130    82 -9999    20 -9999
2015 12 16 14    61    50 10056   140    62 -9999     0 -9999
2015 12 16 15    61    50 10044   160    67 -9999     8 -9999
2015 12 16 16    67    56 10028   160    62 -9999     3 -9999
2015 12 16 17    72    61 10032   170    72 -9999     0 -9999
2015 12 16 18    83    67 10018   180    77     8     0    30
2015 12 16 19    94    72 10010   200    77 -9999     0 -9999
2015 12 16 20   111    72 10000   190    72     4     0 -9999
2015 12 16 21   117    56  9997   220    93 -9999     0 -9999
2015 12 16 22    83    -6 10011   240    93     4     0 -9999
2015 12 16 23    61     0 10024   240    82     2     0 -9999
2015 12 17 00    44    -6 10041   260    77     8     0 -9999
2015 12 17 01    39   -11 10048   260    88 -9999     0 -9999
2015 12 17 02    33   -17 10051   250    82 -9999     0 -9999
2015 12 17 03    33   -11 10052   250    67 -9999     0 -9999
2015 12 17 04    22   -22 10060   260    72 -9999     0 -9999
2015 12 17 05    17   -28 10066   280    82 -9999     0 -9999
2015 12 17 06    17   -39 10066   260   103     8     0 -9999
2015 12 17 07    11   -33 10068   260    93 -9999     0 -9999
2015 12 17 08    11   -28 10072   280    82 -9999     0 -9999
2015 12 17 09     0   -39 10080   280    77 -9999     0 -9999
2015 12 17 10     0   -50 10080   280    77 -9999     0 -9999
2015 12 17 11    -6   -44 10087   270    82 -9999     0 -9999
2015 12 17 12    -6   -56 10095   290    51     8     0 -9999
2015 12 17 13    -6   -56 10102   270    62 -9999     0 -9999
2015 12 17 14   -11   -61 10110   280    82 -9999     0 -9999
2015 12 17 15   -11   -67 10116   290    93 -9999     0 -9999
2015 12 17 16    -6   -61 10125   290    93 -9999     0 -9999
2015 12 17 17     0   -61 10126   280    88 -9999     0 -9999
2015 12 17 18     0   -61 10126   270    88     6     0 -9999
2015 12 17 19    11   -61 10121   270    72 -9999     0 -9999
2015 12 17 20     0   -61 10123   290    67 -9999     0 -9999
2015 12 17 21     6   -67 10126   270    67 -9999     0 -9999
2015 12 17 22    -6   -67 10131   280    67 -9999     0 -9999
2015 12 17 23   -11   -67 10139   270    46 -9999     0 -9999
2015 12 18 00   -17   -61 10140   250    26     6     0 -9999
2015 12 18 01   -17   -61 10144   210    26 -9999     0 -9999
2015 12 18 02   -17   -56 10146   230    26 -9999     0 -9999
2015 12 18 03   -11   -56 10146   220    31 -9999     0 -9999
2015 12 18 04   -17   -56 10145   240    51 -9999     0 -9999
2015 12 18 05   -22   -56 10143   240    46     4     0 -9999
2015 12 18 06   -22   -56 10142   260    46     6     0 -9999
2015 12 18 07   -22   -67 10139   270    62     4     0 -9999
2015 12 18 08   -28   -89 10141   280    62     2     0 -9999
2015 12 18 09   -33   -89 10144   270    46     2     0 -9999
2015 12 18 10   -39   -94 10141   280    51     4     0 -9999
2015 12 18 11   -39  -100 10140   280    36 -9999     0 -9999
2015 12 18 12   -33   -94 10140   260    46     8     0 -9999
2015 12 18 13   -33   -83 10139   260    36 -9999     0 -9999
2015 12 18 14   -33  -100 10143   270    88 -9999     0 -9999
2015 12 18 15   -39  -100 10147   270    67     4     0 -9999
2015 12 18 16   -39  -106 10155   290    93     4     0 -9999
2015 12 18 17   -28  -111 10158   290   108     4     0 -9999
2015 12 18 18   -22  -111 10156   280    98     4     0 -9999
2015 12 18 19   -22  -100 10155   270    77 -9999     0 -9999
2015 12 18 20   -22   -78 10152   270    62     4    -1 -9999
2015 12 18 21    -6   -89 10151   240    77     4     0 -9999
2015 12 18 22    -6   -83 10156   260    46 -9999     0 -9999
2015 12 18 23     0   -83 10158   250    46 -9999     0 -9999
2015 12 19 00    -6   -78 10159   240    21     6     0     0
2015 12 19 01    -6   -67 10163   270    31 -9999    -1 -9999
2015 12 19 02   -17   -56 10169   270    46 -9999    -1 -9999
2015 12 19 03   -39   -61 10182   310    31     4     0 -9999
2015 12 19 04   -33   -56 10188   290    46 -9999     0 -9999
2015 12 19 05   -28   -67 10193   290    57 -9999    -1 -9999
2015 12 19 06   -44   -83 10204   290    82     2    -1    -1
2015 12 19 07   -67  -111 10213   280    88     2     0 -9999
2015 12 19 08   -72  -117 10223   290    67     0     0 -9999
2015 12 19 09   -78  -122 10230   300    67     0     0 -9999
2015 12 19 10   -83  -133 10235   280    67     0     0 -9999
2015 12 19 11   -89  -133 10246   300    72     0     0 -9999
2015 12 19 12   -94  -139 10258   290    67     0     0 -9999
2015 12 19 13   -94  -139 10267   280    62     2     0 -9999
2015 12 19 14   -94  -139 10276   280    62     2     0 -9999
2015 12 19 15   -83  -139 10284   270    51     2     0 -9999
2015 12 19 16   -67  -133 10293   260    67     0     0 -9999
2015 12 19 17   -44  -122 10295   270    62     0     0 -9999
2015 12 19 18   -33  -117 10287   250    62     2     0 -9999
2015 12 19 19   -17  -111 10286   250    67     4     0 -9999
2015 12 19 20   -17  -111 10286   240    62     4     0 -9999
2015 12 19 21   -11  -111 10288   250    72     2     0 -9999
2015 12 19 22   -17  -111 10288   250    46     2     0 -9999
2015 12 19 23   -22  -100 10294   230    26     2     0 -9999
2015 12 20 00   -28  -100 10297   230    21     2     0 -9999
2015 12 20 01   -33  -100 10298   220    15     0     0 -9999
2015 12 20 02   -44   -94 10297   180    21     0     0 -9999
2015 12 20 03   -50   -89 10294   180    31     4     0 -9999
2015 12 20 04   -50   -89 10287   160    31     4     0 -9999
2015 12 20 05   -50   -83 10282   160    26 -9999     0 -9999
2015 12 20 06   -50   -83 10274   170    31     6     0 -9999
2015 12 20 07   -33   -72 10264   170    41 -9999     0 -9999
2015 12 20 08   -33   -72 10260   170    36 -9999     0 -9999
2015 12 20 09   -28   -67 10250   160    41     4     0 -9999
2015 12 20 10   -11   -50 10239   180    46 -9999     0 -9999
2015 12 20 11     0   -44 10233   180    57 -9999     0 -9999
2015 12 20 12     0   -39 10220   190    67     8     0 -9999
2015 12 20 13     6   -33 10213   180    46 -9999     0 -9999
2015 12 20 14    11   -28 10203   190    62 -9999     0 -9999
2015 12 20 15    22   -22 10200   190    72 -9999     0 -9999
2015 12 20 16    44   -17 10193   190    72 -9999     0 -9999
2015 12 20 17    67   -11 10185   200    72 -9999     0 -9999
2015 12 20 18    83   -17 10165   190    77     6     0 -9999
2015 12 20 19   100   -11 10148   210    93 -9999     0 -9999
2015 12 20 20    94   -11 10139   200    82 -9999     0 -9999
2015 12 20 21   100   -22 10135   210    93 -9999     0 -9999
2015 12 20 22    89   -28 10131   190    98 -9999     0 -9999
2015 12 20 23    83   -22 10126   200    82 -9999     0 -9999
2015 12 21 00    78   -22 10130   200    77     8     0 -9999
2015 12 21 01    78   -17 10129   200    77 -9999     0 -9999
2015 12 21 02    78   -11 10126   200    93 -9999    -1 -9999
2015 12 21 03    83   -11 10120   200    93 -9999     0 -9999
2015 12 21 04    89   -11 10113   200    98 -9999     0 -9999
2015 12 21 05    89     6 10111   200   103 -9999    -1 -9999
2015 12 21 06    72    28 10107   210    88     8     8     5
2015 12 21 07    61    33 10099   210    93 -9999    15 -9999
2015 12 21 08    56    39 10096   200    77 -9999    30 -9999
2015 12 21 09    56    44 10092   200    98 -9999    41 -9999
2015 12 21 10    56    44 10083   200    77 -9999    13 -9999
2015 12 21 11    56    50 10078   200    62 -9999     3 -9999
2015 12 21 12    61    50 10073   190    57     8    -1   100
2015 12 21 13    61    56 10069   190    57 -9999     5 -9999
2015 12 21 14    67    56 10062   200    57 -9999    33 -9999
2015 12 21 15    78    67 10056   200    72 -9999    13 -9999
2015 12 21 16    83    72 10057   190    72 -9999    -1 -9999
2015 12 21 17    94    78 10052   210    67 -9999    -1 -9999
2015 12 21 18    94    83 10049   210    51     8     8    60
2015 12 21 19   100    89 10047   240    46 -9999    10 -9999
2015 12 21 20   111    89 10053   240    51 -9999     0 -9999
2015 12 21 21   106    94 10057   250    46 -9999     0 -9999
2015 12 21 22   100    94 10065   280    46 -9999    -1 -9999
2015 12 21 23    94    83 10072   290    26 -9999     0 -9999
2015 12 22 00    89    78 10080   330    36     8     0    10
2015 12 22 01    61    56 10087    20    36 -9999     0 -9999
2015 12 22 02    56    50 10085    60    36 -9999     0 -9999
2015 12 22 03    50    50 10089    60    26 -9999     0 -9999
2015 12 22 04    50    44 10084    60    26 -9999    -1 -9999
2015 12 22 05    50    44 10084    60    31 -9999    -1 -9999
2015 12 22 06    50    50 10081   360    15     8    -1    -1
2015 12 22 07    50    44 10080   330    26 -9999    -1 -9999
2015 12 22 08    50    44 10081   320    15     9     3 -9999
2015 12 22 09    44    39 10084   260    36 -9999     3 -9999
2015 12 22 10    44    39 10086   250    41 -9999    -1 -9999
2015 12 22 11    39    28 10089   240    41 -9999     0 -9999
2015 12 22 12    33    22 10097   260    62     8     0     5
2015 12 22 13    28    22 10103   250    46 -9999     0 -9999
2015 12 22 14    28    17 10105   270    36 -9999     0 -9999
2015 12 22 15    33    22 10109   260    26 -9999     0 -9999
2015 12 22 16    33    17 10112   270    15 -9999     0 -9999
2015 12 22 17    33    11 10118   210    41 -9999     0 -9999
2015 12 22 18    33     6 10110   210    46     8     0 -9999
2015 12 22 19    22     6 10109   200    57 -9999     0 -9999
2015 12 22 20    22     6 10111   230    36 -9999     0 -9999
2015 12 22 21    28     6 10113   250    31 -9999     0 -9999
2015 12 22 22    22     0 10114   200    31 -9999     0 -9999
2015 12 22 23    17     0 10107   160    36 -9999     0 -9999
2015 12 23 00    22     6 10100   140    41     8     0 -9999
2015 12 23 01    22     6 10100   140    57 -9999     0 -9999
2015 12 23 02    22    11 10098   140    57 -9999     0 -9999
2015 12 23 03    28    17 10088   140    62 -9999     0 -9999
2015 12 23 04    39    22 10085   150    31 -9999     0 -9999
2015 12 23 05    39    33 10074   140    46 -9999     0 -9999
2015 12 23 06    50    39 10061   140    46     8     0 -9999
2015 12 23 07    56    50 10048   140    57 -9999    -1 -9999
2015 12 23 08    61    61 10047   150    26 -9999    -1 -9999
2015 12 23 09    67    61 10046   120    31 -9999     0 -9999
2015 12 23 10    72    67 10034   130    41     9     0 -9999
2015 12 23 11    72    72 10026   150    21     9     0 -9999
2015 12 23 12    89    89 10018   150    46     9     0    -1
2015 12 23 13    89    89 10005   130    51 -9999     0 -9999
2015 12 23 14    94    94  9988   130    62     9     0 -9999
2015 12 23 15   111   111  9974   140    72 -9999    -1 -9999
2015 12 23 16   122   117 -9999   140    67 -9999     2 -9999
2015 12 23 17   139   133  9929   150    72 -9999    66 -9999
2015 12 23 18   150   139  9902   170    88     8    46   110
2015 12 23 19   144   122  9904   200    93 -9999     8 -9999
2015 12 23 20   144   122  9887   180    88 -9999    -1 -9999
2015 12 23 21   139   117  9874   170    82 -9999     0 -9999
2015 12 23 22   133   111  9872   180    88 -9999     0 -9999
2015 12 23 23   128   106  9861   170    82 -9999     0 -9999
2015 12 24 00   133   106  9865   190   103     6     0    20
2015 12 24 01   133   106  9863   190    98 -9999     0 -9999
2015 12 24 02   139   100 -9999   210   108 -9999    -1 -9999
2015 12 24 03   139   100  9875   200   113 -9999     0 -9999
2015 12 24 04   128    67  9891   210   124 -9999     0 -9999
2015 12 24 05    67    39  9933   260   139 -9999     0 -9999
2015 12 24 06    44    11  9967   260    98     6     0     0
2015 12 24 07    50     6  9993   260   118 -9999     0 -9999
2015 12 24 08    39     0 10021   250   103 -9999     0 -9999
2015 12 24 09    33   -17 10045   260   113 -9999     0 -9999
2015 12 24 10    28   -22 10056   260    93 -9999     0 -9999
2015 12 24 11    22   -17 10071   240    98 -9999     0 -9999
2015 12 24 12    22   -22 10090   260   113     6     0 -9999
2015 12 24 13    11   -22 10094   260    57 -9999     0 -9999
2015 12 24 14    11   -22 10111   230    46     4     0 -9999
2015 12 24 15    17   -22 10133   240    67     4     0 -9999
2015 12 24 16    28   -17 10135   270    77 -9999     0 -9999
2015 12 24 17    33   -11 10147   240    67 -9999     0 -9999
2015 12 24 18    44   -11 10152   240    62     6     0 -9999
2015 12 24 19    44   -11 10152   240    46 -9999     0 -9999
2015 12 24 20    44    -6 10153   200    51 -9999     0 -9999
2015 12 24 21    44    -6 10150   190    26 -9999     0 -9999
2015 12 24 22    44     0 10158   190    36 -9999     0 -9999
2015 12 24 23    44     0 10165   190    31 -9999     0 -9999
2015 12 25 00    44    11 10164   190    31     8     0 -9999
2015 12 25 01    44    11 10161   160    26 -9999     0 -9999
2015 12 25 02    50    11 10157     0     0 -9999     0 -9999
2015 12 25 03    50    17 10168     0     0 -9999     0 -9999
2015 12 25 04    44    17 10172     0     0 -9999     0 -9999
2015 12 25 05    39    11 10175     0     0     4     0 -9999
2015 12 25 06    33    11 10181     0     0     6     0 -9999
2015 12 25 07    33    17 10182   290    15 -9999     0 -9999
2015 12 25 08    33    17 10195     0     0 -9999     0 -9999
2015 12 25 09    33    11 10203   280    21 -9999     0 -9999
2015 12 25 10    22     6 10208   290    31     2     0 -9999
2015 12 25 11    28     6 10211   330    36     2     0 -9999
2015 12 25 12    11    -6 10217   340    46     6     0 -9999
2015 12 25 13    11   -11 10232   350    26 -9999     0 -9999
2015 12 25 14     6   -11 10244   350    15 -9999     0 -9999
2015 12 25 15    22    -6 10253   350    31 -9999     0 -9999
2015 12 25 16    39     0 10259   360    41 -9999     0 -9999
2015 12 25 17    50    -6 10260   350    41     4     0 -9999
2015 12 25 18    56    -6 10256   350    41     6     0 -9999
2015 12 25 19    61   -11 10255    10    31 -9999     0 -9999
2015 12 25 20    61     0 10253    60    36 -9999     0 -9999
2015 12 25 21    44     0 10264    70    51 -9999     0 -9999
2015 12 25 22    28    -6 10271    70    62 -9999     0 -9999
2015 12 25 23    22    -6 10284    50    62 -9999     0 -9999
2015 12 26 00    22    -6 10285    60    51     8     0 -9999
2015 12 26 01    28    -6 10286    60    31 -9999     0 -9999
2015 12 26 02    17    -6 10288    40    36     4     0 -9999
2015 12 26 03    11    -6 10281    30    41     2     0 -9999
2015 12 26 04    17     0 10277    60    51 -9999     0 -9999
2015 12 26 05    28    11 10277    70    36 -9999     0 -9999
2015 12 26 06    28    11 10271    90    36     4     0 -9999
2015 12 26 07    33     6 10256    90    57 -9999     0 -9999
2015 12 26 08    39     6 10262    70    51     4     0 -9999
2015 12 26 09    39     6 10264    70    51     4     0 -9999
2015 12 26 10    39    11 10254    60    62 -9999     0 -9999
2015 12 26 11    39     6 10250    80    46 -9999     0 -9999
2015 12 26 12    39     6 10244    70    57     8     0 -9999
2015 12 26 13    44     6 10235    70    57 -9999     0 -9999
2015 12 26 14    44     6 10223    80    72 -9999     0 -9999
2015 12 26 15    50     6 10218    80    46 -9999     0 -9999
2015 12 26 16    50    11 10218   100    62 -9999     0 -9999
2015 12 26 17    50    22 10206    70    41 -9999    -1 -9999
2015 12 26 18    50    39 10186    80    36     8    20    20
2015 12 26 19    56    44 10174    90    36 -9999     3 -9999
2015 12 26 20    56    50 10174    50    26 -9999    -1 -9999
2015 12 26 21    56    50 10168    50    31 -9999     5 -9999
2015 12 26 22    56    50 10169    30    31 -9999     3 -9999
2015 12 26 23    56    50 10169    40    31 -9999     3 -9999
2015 12 27 00    56    50 10167    20    36     8     3    20
2015 12 27 01    56    56 10165    20    36 -9999    -1 -9999
2015 12 27 02    56    56 10162    10    41     9    -1 -9999
2015 12 27 03    50    50 10166   350    46     9    -1 -9999
2015 12 27 04    44    44 10163   360    46     9    -1 -9999
2015 12 27 05    44    44 10169   330    51 -9999    -1 -9999
2015 12 27 06    44    44 10181   360    21     8    18    10
2015 12 27 07    39    39 10182   340    67 -9999    15 -9999
2015 12 27 08    39    28 10179   350    67 -9999     8 -9999
2015 12 27 09    33    22 10191   360    57 -9999     3 -9999
2015 12 27 10    33    22 10198   360    57 -9999    -1 -9999
2015 12 27 11    28    17 10201    10    67 -9999    -1 -9999
2015 12 27 12    28    17 10209   360    67     8    -1    30
2015 12 27 13    33    17 10213    10    82 -9999    -1 -9999
2015 12 27 14    28    11 10224    10    77 -9999     0 -9999
2015 12 27 15    28    11 10235    10    77 -9999    -1 -9999
2015 12 27 16    28    11 10254    10    77 -9999     5 -9999
2015 12 27 17    33    11 10252    20    98 -9999    -1 -9999
2015 12 27 18    33    11 10256    30   103     8     3     5
2015 12 27 19    33    11 10256    30    88 -9999     3 -9999
2015 12 27 20    28     6 10264    10    82 -9999    -1 -9999
2015 12 27 21    22    -6 10267    10    93 -9999    -1 -9999
2015 12 27 22    22   -17 10271    20    82 -9999    -1 -9999
2015 12 27 23    17   -17 10282    30    67 -9999     0 -9999
2015 12 28 00    17   -22 10284    20    67     8     0     5
2015 12 28 01    17   -22 10284    40    82 -9999    -1 -9999
2015 12 28 02    22   -28 10287    30    72 -9999    -1 -9999
2015 12 28 03    22   -22 10286    40    57 -9999    -1 -9999
2015 12 28 04    22   -28 10284    40    77 -9999     0 -9999
2015 12 28 05    22   -39 10280    50    88 -9999     0 -9999
2015 12 28 06    17   -33 10269    50   108     8     0    -1
2015 12 28 07    11   -39 10268    50    93 -9999     0 -9999
2015 12 28 08    11   -39 10272    60    82 -9999     0 -9999
2015 12 28 09    11   -39 10266    60    98 -9999     0 -9999
2015 12 28 10    11   -33 10254    60    98 -9999     0 -9999
2015 12 28 11     6   -39 10252    70   103 -9999     0 -9999
2015 12 28 12     6   -39 10244    70   108     8     0 -9999
2015 12 28 13     0   -33 10230    70    93 -9999     3 -9999
2015 12 28 14    -6   -22 10217    70    77 -9999    10 -9999
2015 12 28 15    -6   -28 10199    60   118 -9999     5 -9999
2015 12 28 16    -6   -28 10196    70   124 -9999    13 -9999
2015 12 28 17    -6   -28 -9999    70   108 -9999     2 -9999
2015 12 28 18     0   -17 10158    60    98     8    33    50
2015 12 28 19     0   -11 -9999    60   118 -9999    41 -9999
2015 12 28 20     6    -6 10099    70    93 -9999    46 -9999
2015 12 28 21     6    -6 10067    70   108 -9999    38 -9999
2015 12 28 22     6    -6 10055    70   113 -9999    51 -9999
2015 12 28 23    11     0 10023    70    88 -9999    36 -9999
2015 12 29 00    11     0 10013    70   103     8    10   210
2015 12 29 01    11     6 10002    60    67 -9999    15 -9999
2015 12 29 02    17     6  9998    80    62 -9999    18 -9999
2015 12 29 03    17    11  9984    80    46 -9999    10 -9999
2015 12 29 04    17    17  9984    50    15 -9999     8 -9999
2015 12 29 05    22    17  9981     0     0 -9999     5 -9999
2015 12 29 06    39    33  9986   220    62     8    13    50
2015 12 29 07    33    22  9996   220    46 -9999    -1 -9999
2015 12 29 08    28    22 10007   220    46 -9999    -1 -9999
2015 12 29 09    17     6 10021   230    62 -9999    -1 -9999
2015 12 29 10    11     6 10029   230    51 -9999     0 -9999
2015 12 29 11    11     6 10043   250    72 -9999    -1 -9999
2015 12 29 12     6     6 10062   250    57     8    -1 -9999
2015 12 29 13     6     0 10078   260    51 -9999     0 -9999
2015 12 29 14     6    -6 10097   260    67 -9999     0 -9999
2015 12 29 15     6    -6 10112   280    51 -9999    -1 -9999
2015 12 29 16     6   -17 10126   290    57 -9999     0 -9999
2015 12 29 17     0   -22 10140   250    57 -9999     0 -9999
2015 12 29 18    -6   -33 10147   260    67     8     0    -1
2015 12 29 19    -6   -33 10155   260    67 -9999     0 -9999
2015 12 29 20   -11   -39 10161   270    62 -9999     0 -9999
2015 12 29 21   -11   -39 10174   270    51 -9999     0 -9999
2015 12 29 22   -11   -39 10187   250    51 -9999     0 -9999
2015 12 29 23   -11   -39 10196   250    41 -9999     0 -9999
2015 12 30 00   -11   -39 10205   260    41     8     0 -9999
2015 12 30 01   -11   -44 10210   270    57 -9999     0 -9999
2015 12 30 02   -11   -39 10210   260    36 -9999     0 -9999
2015 12 30 03   -11   -44 10219   250    31 -9999     0 -9999
2015 12 30 04   -11   -44 10218   270    36 -9999     0 -9999
2015 12 30 05   -11   -44 10220   260    36 -9999     0 -9999
2015 12 30 06   -17   -44 10219   280    31     8     0 -9999
2015 12 30 07   -17   -44 10220   280    36 -9999     0 -9999
2015 12 30 08   -17   -44 10227   210    31 -9999     0 -9999
2015 12 30 09   -17   -50 10227   250    26 -9999     0 -9999
2015 12 30 10   -22   -50 10225   270    36 -9999     0 -9999
2015 12 30 11   -22   -50 10224   230    26 -9999     0 -9999
2015 12 30 12   -22   -50 10217   280    26     8     0 -9999
2015 12 30 13   -22   -44 -9999   250    36 -9999    -1 -9999
2015 12 30 14   -28   -39 10226   250    26 -9999     8 -9999
2015 12 30 15   -28   -39 10229   240    31 -9999     3 -9999
2015 12 30 16   -22   -44 10230   270    41 -9999    13 -9999
2015 12 30 17   -17   -44 10226   270    41 -9999    -1 -9999
2015 12 30 18   -17   -56 10216   260    31     6     0    20
2015 12 30 19   -17   -56 10216   250    46 -9999     0 -9999
2015 12 30 20   -22   -61 10216   280    62 -9999     0 -9999
2015 12 30 21   -22   -61 10219   270    62 -9999     0 -9999
2015 12 30 22   -22   -61 10223   270    51 -9999     0 -9999
2015 12 30 23   -28   -61 10229   250    46 -9999     0 -9999
2015 12 31 00   -28   -61 10234   260    57     8     0 -9999
2015 12 31 01   -28   -56 10239   260    41 -9999     0 -9999
2015 12 31 02   -28   -56 10240   260    41 -9999     0 -9999
2015 12 31 03   -28   -61 10239   250    41 -9999     0 -9999
2015 12 31 04   -28   -61 10242   240    46 -9999     0 -9999
2015 12 31 05   -28   -61 10239   250    31 -9999     0 -9999
2015 12 31 06   -28   -61 10237   250    36     8     0 -9999
2015 12 31 07   -28   -61 10237   270    51 -9999     0 -9999
2015 12 31 08   -28   -56 10242   260    57 -9999     0 -9999
2015 12 31 09   -28   -61 10244   250    41 -9999     0 -9999
2015 12 31 10   -28   -61 10239   250    51 -9999     0 -9999
2015 12 31 11   -39   -61 10242   270    57 -9999    -1 -9999
2015 12 31 12   -39   -72 10248   270    62     8    -1    -1
2015 12 31 13   -44   -72 10252   270    41 -9999    -1 -9999
2015 12 31 14   -39   -72 10256   260    46 -9999     0 -9999
2015 12 31 15   -44   -72 10260   280    46 -9999     0 -9999
2015 12 31 16   -39   -72 10265   260    62 -9999     0 -9999
2015 12 31 17   -33   -78 10263   270    67 -9999     0 -9999
2015 12 31 18   -33   -78 10254   290    62     6     0     0
2015 12 31 19   -33   -89 10250   280    67 -9999     0 -9999
2015 12 31 20   -33   -78 -9999   240    67 -9999     0 -9999
2015 12 31 21   -33   -78 10251   260    72 -9999     0 -9999
2015 12 31 22   -33   -83 10254   260    82 -9999     0 -9999
2015 12 31 23   -39   -83 10255   270    67 -9999     0 -9999
