2025 01 01 00    17   -11 10120   320    62     8 -9999     3
2025 01 01 01    17   -11 10127   320    51 -9999     0 -9999
2025 01 01 02    17   -11 10134   310    41 -9999     0 -9999
2025 01 01 03    11   -17 10140   310    36     8     0 -9999
2025 01 01 04    17   -17 10142   290    46 -9999     0 -9999
2025 01 01 05    17   -22 10147   300    57 -9999     0 -9999
2025 01 01 06    11   -28 10151   280    62     8     0 -9999
2025 01 01 07     6   -33 10153   280    51 -9999     0 -9999
2025 01 01 08     0   -39 10158   280    57 -9999     0 -9999
2025 01 01 09    -6   -50 10163   280    46     8     0 -9999
2025 01 01 10   -11   -61 10167   290    67 -9999     0 -9999
2025 01 01 11   -11   -61 10168   280    62 -9999     0 -9999
2025 01 01 12    -6   -61 10171   280    46     8     0 -9999
2025 01 01 13   -11   -78 10175   280    72 -9999     0 -9999
2025 01 01 14   -17   -78 10182   280    51 -9999     0 -9999
2025 01 01 15   -17   -67 10187   280    62     8    -1 -9999
2025 01 01 16   -11   -61 10195   270    72 -9999    -1 -9999
2025 01 01 17    -6   -72 10193   280    77 -9999     0 -9999
2025 01 01 18   -17   -78 10191   280    77     8     0    -1
2025 01 01 19   -17   -78 10191   280    57 -9999     0 -9999
2025 01 01 20   -17   -72 10193   270    72 -9999     0 -9999
2025 01 01 21   -17   -72 10195   270    62     8     0 -9999
2025 01 01 22   -17   -78 10202   260    62 -9999     0 -9999
2025 01 01 23   -22   -89 10211   280    67 -9999     0 -9999
2025 01 02 00   -28   -89 10215   270    57     2     0 -9999
2025 01 02 01   -33   -89 10216   270    41 -9999     0 -9999
2025 01 02 02   -28   -83 10220   260    36 -9999     0 -9999
2025 01 02 03   -28   -94 10222   270    72     8     0 -9999
2025 01 02 04   -44  -100 10231   290    72 -9999     0 -9999
2025 01 02 05   -44  -100 10230   290    31 -9999     0 -9999
2025 01 02 06   -44  -100 10227   280    46     8     0 -9999
2025 01 02 07   -44  -100 10228   290    51 -9999     0 -9999
2025 01 02 08   -44  -100 10232   300    46 -9999     0 -9999
2025 01 02 09   -39  -100 10238   270    62     8     0 -9999
2025 01 02 10   -39  -100 10234   290    31 -9999     0 -9999
2025 01 02 11   -33   -94 10238   260    36 -9999     0 -9999
2025 01 02 12   -39   -94 10244   270    46     6     0 -9999
2025 01 02 13   -39  -100 10245   280    31 -9999     0 -9999
2025 01 02 14   -44   -94 10251   260    31 -9999     0 -9999
2025 01 02 15   -39   -94 10256   260    51     4     0 -9999
2025 01 02 16   -22   -94 10259   280    41     4     0 -9999
2025 01 02 17   -17   -94 10253   260    31     4     0 -9999
2025 01 02 18    -6  -106 10242   300    51     6     0 -9999
2025 01 02 19    -6  -100 10233 -9999    31 -9999     0 -9999
2025 01 02 20    -6  -100 10232   270    41 -9999     0 -9999
2025 01 02 21    -6   -94 10233   230    51     8     0 -9999
2025 01 02 22    -6   -94 10233   260    26 -9999     0 -9999
2025 01 02 23    -6   -94 10234   260    46 -9999     0 -9999
2025 01 03 00   -22   -50 10235   240    41     8     3 -9999
2025 01 03 01   -22   -50 -9999   250    31 -9999    -1 -9999
2025 01 03 02   -22   -56 -9999   270    46 -9999    -1 -9999
2025 01 03 03   -28   -61 10230   270    46     6     0 -9999
2025 01 03 04   -33   -67 10227   280    51 -9999     0 -9999
2025 01 03 05   -33   -67 10227   290    46 -9999     0 -9999
2025 01 03 06   -39   -78 10230   270    36     4     0     3
2025 01 03 07   -39   -83 10227   270    36     2     0 -9999
2025 01 03 08   -44   -89 10230   280    31 -9999     0 -9999
2025 01 03 09   -39   -89 10229   290    36     8     0 -9999
2025 01 03 10   -44   -89 10226   280    36 -9999     0 -9999
2025 01 03 11   -44   -83 10227   310    57 -9999    -1 -9999
2025 01 03 12   -44   -94 10233   320    51     8    -1    -1
2025 01 03 13   -56  -111 10236   300    82 -9999     0 -9999
2025 01 03 14   -61  -117 10239   310    51     2     0 -9999
2025 01 03 15   -61  -122 10246   300    72     2     0 -9999
2025 01 03 16   -56  -122 10249   290    46     2     0 -9999
2025 01 03 17   -50  -128 10248   300    57     2     0 -9999
2025 01 03 18   -44  -122 10245   310    82     4     0 -9999
2025 01 03 19   -44  -122 10243   280    67 -9999     0 -9999
2025 01 03 20   -44  -122 10245   300    82 -9999     0 -9999
2025 01 03 21   -44  -128 10250   300    67     6     0 -9999
2025 01 03 22   -44  -139 10254   310    62     2     0 -9999
2025 01 03 23   -50  -133 10258   290    46     2     0 -9999
2025 01 04 00   -50  -133 10261   290    41     0     0 -9999
2025 01 04 01   -56  -133 10263   290    51     0     0 -9999
2025 01 04 02   -61  -144 10266   300    46     0     0 -9999
2025 01 04 03   -61  -150 10267   290    46     0     0 -9999
2025 01 04 04   -67  -156 10269   290    51     0     0 -9999
2025 01 04 05   -72  -156 10270   300    41     0     0 -9999
2025 01 04 06   -78  -156 10267   300    41     0     0 -9999
2025 01 04 07   -83  -156 10267   290    46     0     0 -9999
2025 01 04 08   -89  -156 10272   300    46     0     0 -9999
2025 01 04 09   -94  -156 10274   300    36     0     0 -9999
2025 01 04 10  -100  -156 10279   320    46     0     0 -9999
2025 01 04 11  -100  -161 10278   310    41     0     0 -9999
2025 01 04 12  -106  -161 10284   300    51     0     0 -9999
2025 01 04 13  -111  -167 10287   280    36     2     0 -9999
2025 01 04 14  -111  -161 10285   290    51     2     0 -9999
2025 01 04 15  -100  -167 10287   310    51     2     0 -9999
2025 01 04 16   -89  -167 10288   270    46     2     0 -9999
2025 01 04 17   -72  -167 10283   290    57     2     0 -9999
2025 01 04 18   -61  -172 10278   270    46     2     0 -9999
2025 01 04 19   -50  -178 10271   290    36     2     0 -9999
2025 01 04 20   -50  -172 10267   280    57 -9999     0 -9999
2025 01 04 21   -44  -172 10263   280    46     6     0 -9999
2025 01 04 22   -50  -172 10266   270    36 -9999     0 -9999
2025 01 04 23   -56  -172 10265   270    36 -9999     0 -9999
2025 01 05 00   -61  -172 10269   270    26     4     0 -9999
2025 01 05 01   -67  -172 10270   270    26 -9999     0 -9999
2025 01 05 02   -67  -172 10267   280    31 -9999     0 -9999
2025 01 05 03   -67  -172 10267   270    26     6     0 -9999
2025 01 05 04   -72  -178 10263   310    36 -9999     0 -9999
2025 01 05 05   -72  -183 10265   300    51 -9999     0 -9999
2025 01 05 06   -83  -178 10265   300    41     6     0 -9999
2025 01 05 07   -83  -178 10262   290    26 -9999     0 -9999
2025 01 05 08   -83  -178 10261   300    31 -9999     0 -9999
2025 01 05 09   -83  -178 10259   310    46     6     0 -9999
2025 01 05 10   -83  -178 10260   310    31 -9999     0 -9999
2025 01 05 11   -89  -183 10257   300    31 -9999     0 -9999
2025 01 05 12   -89  -189 10257   320    31     8     0 -9999
2025 01 05 13   -94  -194 10256   320    31 -9999     0 -9999
2025 01 05 14   -94  -194 10254   330    36 -9999     0 -9999
2025 01 05 15   -89  -194 10255   310    21     6     0 -9999
2025 01 05 16   -83  -194 10256   330    21 -9999     0 -9999
2025 01 05 17   -78  -194 10254    10    21 -9999     0 -9999
2025 01 05 18   -72  -200 10239   360    31     6     0 -9999
2025 01 05 19   -67  -194 10230    10    31 -9999     0 -9999
2025 01 05 20   -67  -194 10217    30    31 -9999     0 -9999
2025 01 05 21   -67  -172 10211    50    46     8     0 -9999
2025 01 05 22   -67  -139 -9999    30    57 -9999     0 -9999
2025 01 05 23   -61  -106 10206    20    51 -9999     0 -9999
2025 01 06 00   -61  -106 10201   360    57     8     0 -9999
2025 01 06 01   -61  -106 10198   350    67 -9999     0 -9999
2025 01 06 02   -56  -100 10200   340    41 -9999     0 -9999
2025 01 06 03   -61   -94 10197   350    67     8    -1 -9999
2025 01 06 04   -72   -89 10198   340    67 -9999    -1 -9999
2025 01 06 05   -67   -83 -9999   350    57 -9999    -1 -9999
2025 01 06 06   -61   -78 10186   350    62     8    -1    -1
2025 01 06 07   -56   -72 10180   350    57 -9999    -1 -9999
2025 01 06 08   -50   -67 10179   360    67 -9999     0 -9999
2025 01 06 09   -56   -72 10182   350    82     8    -1 -9999
2025 01 06 10   -56   -72 10180   350    62 -9999    -1 -9999
2025 01 06 11   -56   -72 -9999   350    67 -9999    -1 -9999
2025 01 06 12   -50   -67 10184   350    88     8    -1    -1
2025 01 06 13   -44   -61 10187   350    77 -9999    -1 -9999
2025 01 06 14   -44   -61 10194   340    77 -9999    -1 -9999
2025 01 06 15   -39   -56 10201   350    62     8    -1 -9999
2025 01 06 16   -33   -44 10211   350    57 -9999    -1 -9999
2025 01 06 17   -28   -39 10214   350    62 -9999    -1 -9999
2025 01 06 18   -22   -33 10212   350    82     8     3     3
2025 01 06 19   -17   -33 10213   350    72 -9999    -1 -9999
2025 01 06 20   -17   -39 10217   350    72 -9999    -1 -9999
2025 01 06 21   -17   -44 10225   340    77     8    -1 -9999
2025 01 06 22   -17   -50 10239   340    62 -9999    -1 -9999
2025 01 06 23   -28   -56 10250   340    62 -9999     0 -9999
2025 01 07 00   -33   -72 10259   340    67     6     0    -1
2025 01 07 01   -33   -72 10269   330    67 -9999     0 -9999
2025 01 07 02   -39   -72 10274   340    67 -9999     0 -9999
2025 01 07 03   -39   -83 10279   330    62     6     0 -9999
2025 01 07 04   -44   -89 10283   330    51 -9999     0 -9999
2025 01 07 05   -50   -94 10287   310    46 -9999     0 -9999
2025 01 07 06   -56  -100 10285   300    46     6     0 -9999
2025 01 07 07   -61  -106 10286   300    46 -9999     0 -9999
2025 01 07 08   -72  -111 10291   320    31     4     0 -9999
2025 01 07 09   -78  -117 10294   310    31     2     0 -9999
2025 01 07 10   -83  -122 10294   280    21     2     0 -9999
2025 01 07 11   -89  -122 10295   310    21     2     0 -9999
2025 01 07 12   -89  -122 10299   300    26     2     0 -9999
2025 01 07 13   -89  -128 10310   290    15     4     0 -9999
2025 01 07 14   -89  -122 10315   320    26 -9999     0 -9999
2025 01 07 15   -78  -111 10320   310    31     6     0 -9999
2025 01 07 16   -61  -100 10322   320    36 -9999     0 -9999
2025 01 07 17   -56  -106 10319   330    36 -9999     0 -9999
2025 01 07 18   -44   -94 10311   310    46     8     0 -9999
2025 01 07 19   -44  -100 10304   320    31 -9999     0 -9999
2025 01 07 20   -39   -94 10300   350    36 -9999     0 -9999
2025 01 07 21   -33   -94 10301   330    36 -9999     0 -9999
2025 01 07 22   -44  -106 10306   310    21 -9999     0 -9999
2025 01 07 23   -50  -111 10308   310    26 -9999     0 -9999
2025 01 08 00   -50  -111 10311   310    26     8     0 -9999
2025 01 08 01   -56  -117 10312   310    26 -9999     0 -9999
2025 01 08 02   -61  -117 10313   300    26 -9999     0 -9999
2025 01 08 03   -67  -122 10313   330    31     4     0 -9999
2025 01 08 04   -67  -122 10310   310    31     4     0 -9999
2025 01 08 05   -67  -122 10310   300    31     4     0 -9999
2025 01 08 06   -72  -122 10305   300    31     2     0 -9999
2025 01 08 07   -78  -122 10299   300    26     2     0 -9999
2025 01 08 08   -78  -128 10298   300    31     2     0 -9999
2025 01 08 09   -83  -133 10295   300    26     2     0 -9999
2025 01 08 10   -89  -133 10291   290    21     0     0 -9999
2025 01 08 11   -94  -133 10288   290    26     0     0 -9999
2025 01 08 12   -94  -133 10293   310    31     0     0 -9999
2025 01 08 13  -100  -139 10292   310    36     2     0 -9999
2025 01 08 14  -100  -139 10290   310    31     2     0 -9999
2025 01 08 15   -83  -128 10287   310    31     2     0 -9999
2025 01 08 16   -67  -117 10284   300    31     4     0 -9999
2025 01 08 17   -50  -111 10277   330    21     4     0 -9999
2025 01 08 18   -44  -117 10264   290    26     6     0 -9999
2025 01 08 19   -39  -122 10254   290    31 -9999     0 -9999
2025 01 08 20   -39  -128 10249   310    46 -9999     0 -9999
2025 01 08 21   -39  -128 10248   280    41     8     0 -9999
2025 01 08 22   -44  -133 10247   290    31 -9999     0 -9999
2025 01 08 23   -50  -144 10249   300    46 -9999     0 -9999
2025 01 09 00   -50  -144 10247   300    31     6     0 -9999
2025 01 09 01   -56  -139 10248   280    15     2     0 -9999
2025 01 09 02   -67  -139 10247     0     0     0     0 -9999
2025 01 09 03   -72  -133 10245     0     0     0     0 -9999
2025 01 09 04   -78  -139 10242     0     0     0     0 -9999
2025 01 09 05   -83  -139 10244   240    15     0     0 -9999
2025 01 09 06   -83  -150 10244   240    21     0     0 -9999
2025 01 09 07   -89  -150 10244   250    26     0     0 -9999
2025 01 09 08   -94  -150 10246   240    15     0     0 -9999
2025 01 09 09   -94  -150 10249   210    15     0     0 -9999
2025 01 09 10  -100  -150 10249     0     0     0     0 -9999
2025 01 09 11  -100  -150 10248     0     0     0     0 -9999
2025 01 09 12  -100  -150 10251     0     0     2     0 -9999
2025 01 09 13  -100  -150 10251   190    15     0     0 -9999
2025 01 09 14  -100  -144 10252   180    21     2     0 -9999
2025 01 09 15   -78  -128 10254   160    26     2     0 -9999
2025 01 09 16   -56  -128 10258   180    41     2     0 -9999
2025 01 09 17   -39  -139 10252   200    57     2     0 -9999
2025 01 09 18   -28  -133 10239   200    51     2     0 -9999
2025 01 09 19   -22  -117 10226   190    41     2     0 -9999
2025 01 09 20   -17  -106 10222   210    62     2     0 -9999
2025 01 09 21   -17   -94 10232   210    72 -9999     0 -9999
2025 01 09 22   -22   -94 10220   190    46 -9999     0 -9999
2025 01 09 23   -39   -94 10216   180    46 -9999     0 -9999
2025 01 10 00   -44   -89 10225   190    51     6     0 -9999
2025 01 10 01   -56  -100 10217   180    57 -9999     0 -9999
2025 01 10 02   -56  -106 10218   190    57     4     0 -9999
2025 01 10 03   -56  -106 10206   190    57     4     0 -9999
2025 01 10 04   -61  -106 10201   200    36     4     0 -9999
2025 01 10 05   -61  -106 10200   200    46     4     0 -9999
2025 01 10 06   -61  -106 10189   200    57     4     0 -9999
2025 01 10 07   -61  -100 10189   210    62 -9999     0 -9999
2025 01 10 08   -56   -94 10188   200    41 -9999     0 -9999
2025 01 10 09   -50   -89 10183   200    41     8     0 -9999
2025 01 10 10   -44   -78 10176   210    36 -9999     0 -9999
2025 01 10 11   -39   -72 10162   190    41 -9999     0 -9999
2025 01 10 12   -33   -61 10163   200    31     8    -1    -1
2025 01 10 13   -33   -56 10156   200    31 -9999     3 -9999
2025 01 10 14   -33   -50 10154   200    36 -9999     5 -9999
2025 01 10 15   -33   -50 10149   190    41     9     5 -9999
2025 01 10 16   -28   -50 10146   190    36 -9999     3 -9999
2025 01 10 17   -22   -44 10132   190    41 -9999     3 -9999
2025 01 10 18   -22   -44 10117   210    36     8    -1    20
2025 01 10 19   -17   -39 10103   210    41 -9999     5 -9999
2025 01 10 20   -17   -33 10093   220    41 -9999     5 -9999
2025 01 10 21   -17   -33 10084   230    26     8     3 -9999
2025 01 10 22   -11   -39 10078   270    26 -9999     3 -9999
2025 01 10 23   -22   -44 10075   310    36 -9999    -1 -9999
2025 01 11 00   -22   -50 10073   280    26     8     0    20
2025 01 11 01   -22   -50 10071   280    26 -9999    -1 -9999
2025 01 11 02   -22   -50 10065   280    31 -9999    -1 -9999
2025 01 11 03   -28   -50 10061   250    36     8    -1 -9999
2025 01 11 04   -22   -50 10059   280    31 -9999    -1 -9999
2025 01 11 05   -28   -50 10059   260    21 -9999    -1 -9999
2025 01 11 06   -28   -50 10054   280    21     8    -1    -1
2025 01 11 07   -22   -56 10054   290    36 -9999     0 -9999
2025 01 11 08   -22   -56 10058   290    41 -9999     0 -9999
2025 01 11 09   -22   -50 10063   280    41     8     0 -9999
2025 01 11 10   -22   -50 10064   280    36 -9999     0 -9999
2025 01 11 11   -22   -50 10070   290    36 -9999     0 -9999
2025 01 11 12   -28   -50 10076   280    36     8     0 -9999
2025 01 11 13   -28   -50 10083   270    31 -9999     0 -9999
2025 01 11 14   -33   -56 10089   260    31 -9999     0 -9999
2025 01 11 15   -28   -50 10097   270    31     6     0 -9999
2025 01 11 16   -17   -50 10105   250    26 -9999     0 -9999
2025 01 11 17   -11   -50 10108   280    31 -9999     0 -9999
2025 01 11 18    -6   -56 10108   280    31     6     0 -9999
2025 01 11 19    -6   -61 10108   260    46 -9999     0 -9999
2025 01 11 20    -6   -56 10107   250    31 -9999     0 -9999
2025 01 11 21    -6   -61 10108 -9999    26     6     0 -9999
2025 01 11 22    -6   -61 10113   210    41 -9999     0 -9999
2025 01 11 23   -11   -72 10112   180    36 -9999     0 -9999
2025 01 12 00   -17   -72 10119   210    41     8     0 -9999
2025 01 12 01   -22   -83 10124   200    46 -9999     0 -9999
2025 01 12 02   -22   -78 10119   170    46 -9999     0 -9999
2025 01 12 03   -28   -72 10118   180    46     8     0 -9999
2025 01 12 04   -22   -67 10114   170    51 -9999     0 -9999
2025 01 12 05   -28   -61 -9999   180    62 -9999    -1 -9999
2025 01 12 06   -22   -67 10108   190    72     8    -1    -1
2025 01 12 07   -17   -61 10100   180    67 -9999     0 -9999
2025 01 12 08   -17   -56 10097   180    41 -9999     0 -9999
2025 01 12 09   -17   -50 10091   180    62     8     0 -9999
2025 01 12 10   -17   -50 10080   180    41 -9999     0 -9999
2025 01 12 11   -17   -50 10078   180    67 -9999    -1 -9999
2025 01 12 12   -17   -44 10072   180    57     8    -1    -1
2025 01 12 13   -17   -39 10076   190    46 -9999    -1 -9999
2025 01 12 14   -11   -33 10077   190    41 -9999    -1 -9999
2025 01 12 15   -11   -28 10079   200    46     8     3 -9999
2025 01 12 16    -6   -22 10077   200    46 -9999     3 -9999
2025 01 12 17     0   -17 10075   210    51 -9999     3 -9999
2025 01 12 18     6   -11 10070   220    51     8    -1     8
2025 01 12 19     6   -11 10067   230    72 -9999    -1 -9999
2025 01 12 20    11    -6 10065   230    82 -9999     0 -9999
2025 01 12 21    11   -22 10073   260    77     8    -1 -9999
2025 01 12 22   -11   -56 10089   250    67 -9999     0 -9999
2025 01 12 23   -11   -61 10098   260    67 -9999     0 -9999
2025 01 13 00   -17   -72 10109   260    67     8     0    -1
2025 01 13 01   -22   -83 10119   270    82 -9999     0 -9999
2025 01 13 02   -22   -89 10126   250    57 -9999     0 -9999
2025 01 13 03   -33   -94 10131   260    72     6     0 -9999
2025 01 13 04   -39  -106 10139   270   103 -9999     0 -9999
2025 01 13 05   -56  -117 10146   270    72     2     0 -9999
2025 01 13 06   -72  -122 10151   270    51     2     0 -9999
2025 01 13 07   -83  -133 10158   260    67     2     0 -9999
2025 01 13 08   -89  -139 10165   260    72     2     0 -9999
2025 01 13 09  -100  -144 10170   260    67     2     0 -9999
2025 01 13 10  -106  -150 10172   260    62     2     0 -9999
2025 01 13 11  -111  -156 10178   260    77     2     0 -9999
2025 01 13 12  -117  -167 10185   270    67     2     0 -9999
2025 01 13 13  -128  -172 10193   260    62     2     0 -9999
2025 01 13 14  -128  -172 10204   260    57     2     0 -9999
2025 01 13 15  -128  -172 10210   270    82     2     0 -9999
2025 01 13 16  -117  -172 10214   280    67     2     0 -9999
2025 01 13 17  -106  -167 10218   270    62     2     0 -9999
2025 01 13 18   -89  -161 10214   260    62     2     0 -9999
2025 01 13 19   -83  -156 10209   270    72     2     0 -9999
2025 01 13 20   -78  -156 10209   250    67     2     0 -9999
2025 01 13 21   -72  -156 10217   280    57     2     0 -9999
2025 01 13 22   -78  -156 10218   270    57     2     0 -9999
2025 01 13 23   -83  -161 10223   270    51     0     0 -9999
2025 01 14 00   -89  -161 10227   240    46     0     0 -9999
2025 01 14 01   -94  -161 10232   250    36     0     0 -9999
2025 01 14 02   -94  -156 10234   240    51     0     0 -9999
2025 01 14 03   -94  -156 10235   250    46     0     0 -9999
2025 01 14 04  -100  -156 10233   240    26     2     0 -9999
2025 01 14 05  -106  -156 10236   230    26     4     0 -9999
2025 01 14 06  -106  -150 10232   220    36     6     0 -9999
2025 01 14 07  -106  -150 10230   230    31 -9999     0 -9999
2025 01 14 08  -100  -150 10225   210    26 -9999     0 -9999
2025 01 14 09  -100  -144 10220   220    36     8     0 -9999
2025 01 14 10   -94  -139 10214   230    31 -9999     0 -9999
2025 01 14 11   -94  -133 10214   240    31 -9999    -1 -9999
2025 01 14 12   -94  -122 10215   230    36     8    -1    -1
2025 01 14 13   -94  -117 10218   260    26 -9999     3 -9999
2025 01 14 14   -89  -117 10224   290    31 -9999    -1 -9999
2025 01 14 15  -106  -144 10242   330    72     4    -1 -9999
2025 01 14 16  -117  -172 10256   330    77     2     0 -9999
2025 01 14 17  -117  -189 10265   310    72     2     0 -9999
2025 01 14 18  -111  -189 10266   320    82     2     0     3
2025 01 14 19  -106  -189 10271   310    57     2     0 -9999
2025 01 14 20   -94  -183 10274   310    51     2     0 -9999
2025 01 14 21   -89  -178 10283   290    67     2     0 -9999
2025 01 14 22   -89  -172 10295   300    46     2     0 -9999
2025 01 14 23  -100  -172 10301   300    46     2     0 -9999
2025 01 15 00  -106  -172 10311   300    36     0     0 -9999
2025 01 15 01  -106  -172 10318   280    21     0     0 -9999
2025 01 15 02  -111  -172 10327   250    21     0     0 -9999
2025 01 15 03  -117  -172 10331   250    15     0     0 -9999
2025 01 15 04  -122  -172 10339   220    21     0     0 -9999
2025 01 15 05  -128  -178 10340   250    21     0     0 -9999
2025 01 15 06  -133  -178 10338   260    26     0     0 -9999
2025 01 15 07  -133  -183 10336   260    15     0     0 -9999
2025 01 15 08  -139  -183 10337   220    21     0     0 -9999
2025 01 15 09  -139  -183 10332   260    21     0     0 -9999
2025 01 15 10  -144  -183 10330   230    15     0     0 -9999
2025 01 15 11  -144  -183 10330     0     0     0     0 -9999
2025 01 15 12  -150  -183 10331   260    15     0     0 -9999
2025 01 15 13  -150  -189 10332   240    26     0     0 -9999
2025 01 15 14  -150  -183 10334   270    21     0     0 -9999
2025 01 15 15  -133  -178 10327   240    31     0     0 -9999
2025 01 15 16  -111  -178 10323   240    51     0     0 -9999
2025 01 15 17   -94  -172 10309   220    57     0     0 -9999
2025 01 15 18   -89  -167 10297   240    51     2     0 -9999
2025 01 15 19   -78  -167 10280   240    62     2     0 -9999
2025 01 15 20   -78  -156 10266   200    51     2     0 -9999
2025 01 15 21   -83  -156 10255   220    57     6     0 -9999
2025 01 15 22   -89  -150 10253   220    57 -9999     0 -9999
2025 01 15 23   -89  -150 10248   220    46 -9999     0 -9999
2025 01 16 00   -89  -139 10238   220    57     8     0 -9999
2025 01 16 01   -89  -139 10217   220    57 -9999     0 -9999
2025 01 16 02   -89  -133 10208   210    67 -9999     0 -9999
2025 01 16 03   -83  -133 10197   210    51     8     0 -9999
2025 01 16 04   -78  -128 10185   220    82 -9999     0 -9999
2025 01 16 05   -83  -111 10173   230    62 -9999    -1 -9999
2025 01 16 06   -78  -106 10154   220    67     8    -1    -1
2025 01 16 07   -72  -111 10139   230    51 -9999     3 -9999
2025 01 16 08   -61  -111 10126   230    72 -9999     0 -9999
2025 01 16 09   -56  -106 10113   230    67     8     0 -9999
2025 01 16 10   -56  -106 10106   230    67     4     0 -9999
2025 01 16 11   -61  -100 10101   240    46     4     0 -9999
2025 01 16 12   -56   -94 10103   250    31     6     0     3
2025 01 16 13   -39   -83 10102   260    41 -9999     0 -9999
2025 01 16 14   -33   -72 10105   270    31 -9999     0 -9999
2025 01 16 15   -17   -56 10112   290    51     8     0 -9999
2025 01 16 16     0   -39 10119   300    57 -9999     0 -9999
2025 01 16 17    22   -33 10120   300    51     2     0 -9999
2025 01 16 18    33   -33 10122   310    67     6     0 -9999
2025 01 16 19    28   -33 10124   300    67 -9999     0 -9999
2025 01 16 20    28   -39 10128   300    57 -9999     0 -9999
2025 01 16 21    28   -39 10132   290    57     8     0 -9999
2025 01 16 22    28   -44 10139   320    46 -9999     0 -9999
2025 01 16 23    22   -44 10151   290    41 -9999     0 -9999
2025 01 17 00    22   -44 10155   290    41     8     0 -9999
2025 01 17 01    17   -50 10156   270    31 -9999     0 -9999
2025 01 17 02    11   -50 10160   240    26 -9999     0 -9999
2025 01 17 03     6   -50 10163   240    31     8     0 -9999
2025 01 17 04     0   -50 10166   240    31 -9999     0 -9999
2025 01 17 05   -11   -56 10165   230    31     4     0 -9999
2025 01 17 06   -17   -56 10161   220    26     4     0 -9999
2025 01 17 07   -17   -56 10151   210    21     4     0 -9999
2025 01 17 08   -22   -56 10146   210    36 -9999     0 -9999
2025 01 17 09   -22   -61 10143   200    31     6     0 -9999
2025 01 17 10   -28   -61 10134   190    41 -9999     0 -9999
2025 01 17 11   -28   -56 10127   170    26     4     0 -9999
2025 01 17 12   -28   -61 10117   170    41     2     0 -9999
2025 01 17 13   -22   -56 10102   170    51     4     0 -9999
2025 01 17 14   -11   -44 10095   190    51     2     0 -9999
2025 01 17 15     6   -39 10084   180    67     2     0 -9999
2025 01 17 16    22   -44 10078   200    88     2     0 -9999
2025 01 17 17    39   -33 10064   200    72 -9999     0 -9999
2025 01 17 18    67   -22 10043   190    72     2     0 -9999
2025 01 17 19    78   -22 10026   200   108     2     0 -9999
2025 01 17 20    83   -17 10014   210    98     2     0 -9999
2025 01 17 21    83   -11 10008   200    88     2     0 -9999
2025 01 17 22    78   -11 10000   200    72     2     0 -9999
2025 01 17 23    61   -11 10000   190    72     2     0 -9999
2025 01 18 00    56   -11 10007   200    77     2     0 -9999
2025 01 18 01    50   -11 10010   200    62     4     0 -9999
2025 01 18 02    50    -6 10011   200    57 -9999     0 -9999
2025 01 18 03    50    -6 10008   210    62     8     0 -9999
2025 01 18 04    50    -6 10011   230    46 -9999     0 -9999
2025 01 18 05    50    -6 10010   220    46 -9999     0 -9999
2025 01 18 06    44    -6 10012   250    36     8     0 -9999
2025 01 18 07    33   -17 10015   300    41 -9999     0 -9999
2025 01 18 08    33   -28 10026   330    46 -9999     0 -9999
2025 01 18 09    28   -39 10038   320    72     8     0 -9999
2025 01 18 10    11   -56 10049   330    62 -9999     0 -9999
2025 01 18 11     6   -56 10061   320    62 -9999     0 -9999
2025 01 18 12     0   -61 10075   330    72     8     0 -9999
2025 01 18 13     0   -72 10090   350    88 -9999     0 -9999
2025 01 18 14   -11   -83 10103   350    82 -9999     0 -9999
2025 01 18 15   -22  -100 10124   350    98     6     0 -9999
2025 01 18 16   -28  -106 10139   350    72 -9999     0 -9999
2025 01 18 17   -28  -111 10148   350    62 -9999     0 -9999
2025 01 18 18   -17  -117 10149   340    67     6     0 -9999
2025 01 18 19   -17  -117 10149   340    51     4     0 -9999
2025 01 18 20   -11  -128 10151   330    67     4     0 -9999
2025 01 18 21   -17  -133 10157   340    41     6     0 -9999
2025 01 18 22   -22  -139 10165   310    41     4     0 -9999
2025 01 18 23   -33  -150 10177   330    46 -9999     0 -9999
2025 01 19 00   -39  -144 10189   320    51     6     0 -9999
2025 01 19 01   -50  -156 10197   320    57 -9999     0 -9999
2025 01 19 02   -56  -172 10202   320    36 -9999     0 -9999
2025 01 19 03   -61  -178 10204   330    57     6     0 -9999
2025 01 19 04   -72  -194 10209   320    67 -9999     0 -9999
2025 01 19 05   -83  -206 10215   320    51 -9999     0 -9999
2025 01 19 06  -100  -206 10221   340    62     6     0 -9999
2025 01 19 07  -111  -206 10220   340    67 -9999     0 -9999
2025 01 19 08  -117  -206 10221   330    67 -9999     0 -9999
2025 01 19 09  -122  -211 10222   330    67     6     0 -9999
2025 01 19 10  -128  -206 10221   330    62 -9999     0 -9999
2025 01 19 11  -133  -211 10224   320    46 -9999     0 -9999
2025 01 19 12  -139  -217 10229   320    46     8     0 -9999
2025 01 19 13  -139  -217 10235   320    41 -9999     0 -9999
2025 01 19 14  -144  -222 10241   310    62 -9999     0 -9999
2025 01 19 15  -150  -228 10247   330    46     6     0 -9999
2025 01 19 16  -150  -228 10252   310    62     4     0 -9999
2025 01 19 17  -139  -222 10251   320    72     2     0 -9999
2025 01 19 18  -133  -228 10246   300    67     2     0 -9999
2025 01 19 19  -128  -228 10242   290    62     2     0 -9999
2025 01 19 20  -128  -233 10242   300    67     2     0 -9999
2025 01 19 21  -122  -228 10247   310    67     4     0 -9999
2025 01 19 22  -133  -239 10252   320    46     2     0 -9999
2025 01 19 23  -139  -244 10259   300    51     2     0 -9999
2025 01 20 00  -144  -239 10269   300    57     2     0 -9999
2025 01 20 01  -150  -233 10275   290    57     4     0 -9999
2025 01 20 02  -156  -233 10283   290    51     2     0 -9999
2025 01 20 03  -161  -239 10288   280    51     2     0 -9999
2025 01 20 04  -167  -244 10294   280    57     2     0 -9999
2025 01 20 05  -167  -244 10298   300    57     2     0 -9999
2025 01 20 06  -172  -244 10300   280    51     2     0 -9999
2025 01 20 07  -178  -250 10303   300    57     0     0 -9999
2025 01 20 08  -178  -250 10306   280    36     0     0 -9999
2025 01 20 09  -183  -250 10310   280    41     0     0 -9999
2025 01 20 10  -183  -244 10310   270    36     0     0 -9999
2025 01 20 11  -183  -244 10313   250    36     0     0 -9999
2025 01 20 12  -189  -244 10319   250    36     0     0 -9999
2025 01 20 13  -189  -244 10323   240    36     2     0 -9999
2025 01 20 14  -183  -239 10327   240    41     2     0 -9999
2025 01 20 15  -167  -239 10333   270    41     2     0 -9999
2025 01 20 16  -156  -239 10337   270    67     2     0 -9999
2025 01 20 17  -139  -239 10334   240    72     2     0 -9999
2025 01 20 18  -133  -239 10328   250    77     2     0 -9999
2025 01 20 19  -122  -244 10322   270    72     2     0 -9999
2025 01 20 20  -122  -239 10316   270    88 -9999     0 -9999
2025 01 20 21  -117  -244 10318   240    82     4     0 -9999
2025 01 20 22  -122  -239 10322   270    72     4     0 -9999
2025 01 20 23  -128  -233 10328   260    62     4     0 -9999
2025 01 21 00  -139  -233 10334   270    41     2     0 -9999
2025 01 21 01  -139  -233 10335   280    36     2     0 -9999
2025 01 21 02  -144  -239 10338   290    36     4     0 -9999
2025 01 21 03  -150  -228 10339   320    51     6     0 -9999
2025 01 21 04  -156  -233 10343   290    62 -9999     0 -9999
2025 01 21 05  -167  -228 10347   300    46 -9999    -1 -9999
2025 01 21 06  -178  -250 10346   310    46     2     0    -1
2025 01 21 07  -183  -278 10345   290    46     2     0 -9999
2025 01 21 08  -194  -283 10348   260    67     0     0 -9999
2025 01 21 09  -200  -272 10353   280    67     2     0 -9999
2025 01 21 10  -206  -272 10354   270    62     0     0 -9999
2025 01 21 11  -211  -272 10354   280    36     0     0 -9999
2025 01 21 12  -217  -272 10357   260    46     2     0 -9999
2025 01 21 13  -222  -272 10363   270    36     2     0 -9999
2025 01 21 14  -222  -272 10365   270    51     2     0 -9999
2025 01 21 15  -217  -272 10367   280    72     2     0 -9999
2025 01 21 16  -206  -278 10367   250    62     2     0 -9999
2025 01 21 17  -194  -283 10366   250    67     2     0 -9999
2025 01 21 18  -189  -289 10356   270    72     2     0 -9999
2025 01 21 19  -183  -283 10348   260    72     2     0 -9999
2025 01 21 20  -178  -278 10342   240    51     2     0 -9999
2025 01 21 21  -172  -272 10338   240    67     2     0 -9999
2025 01 21 22  -172  -278 10337   240    72     2     0 -9999
2025 01 21 23  -172  -272 10337   230    51     2     0 -9999
2025 01 22 00  -178  -267 10341   230    46     0     0 -9999
2025 01 22 01  -178  -261 10333   210    36     0     0 -9999
2025 01 22 02  -178  -256 10327   210    36     0     0 -9999
2025 01 22 03  -178  -256 10320   210    46     0     0 -9999
2025 01 22 04  -172  -256 10317   200    46     0     0 -9999
2025 01 22 05  -172  -244 10314   200    88     4     0 -9999
2025 01 22 06  -178  -244 10305   200    41     2     0 -9999
2025 01 22 07  -178  -244 10299   190    46 -9999     0 -9999
2025 01 22 08  -172  -239 10283   180    67     4     0 -9999
2025 01 22 09  -178  -233 10272   180    57     6     0 -9999
2025 01 22 10  -161  -228 10258   190    67 -9999     0 -9999
2025 01 22 11  -156  -222 10249   190    57 -9999     0 -9999
2025 01 22 12  -144  -217 10236   190    67     8     0 -9999
2025 01 22 13  -133  -206 10234   190    67 -9999     0 -9999
2025 01 22 14  -117  -200 10229   190    57 -9999     0 -9999
2025 01 22 15  -111  -183 10232   190    67     8    -1 -9999
2025 01 22 16  -106  -150 10228   210    72 -9999    -1 -9999
2025 01 22 17  -100  -139 10223   200    77 -9999     3 -9999
2025 01 22 18   -89  -133 10211   210    62 -9999    -1     3
2025 01 22 19   -61  -128 10194   200    82 -9999    -1 -9999
2025 01 22 20   -56  -144 10189   210    77 -9999     0 -9999
2025 01 22 21   -50  -133 10186   210    62     8     0 -9999
2025 01 22 22   -50  -128 10185   220    62 -9999    -1 -9999
2025 01 22 23   -56   -94 10183   230    41 -9999    -1 -9999
2025 01 23 00   -56   -89 10187   240    31     8    -1    -1
2025 01 23 01   -56   -89 10188   200    26 -9999     0 -9999
2025 01 23 02   -44  -106 10185   220    62 -9999     0 -9999
2025 01 23 03   -44   -89 10185   220    57     8    -1 -9999
2025 01 23 04   -50   -78 10183   220    57 -9999    -1 -9999
2025 01 23 05   -56   -78 10181   210    36 -9999     3 -9999
2025 01 23 06   -56   -78 10176   200    41     8    -1     3
2025 01 23 07   -56   -78 10170   210    36 -9999    -1 -9999
2025 01 23 11   -44   -67 10172   260    41 -9999 -9999 -9999
2025 01 23 12   -44   -67 10182   300    51     8    -1     3
2025 01 23 13   -56   -89 10198   320    72 -9999    -1 -9999
2025 01 23 14   -72  -111 10211   320    57 -9999 -9999 -9999
2025 01 23 15   -78  -122 10220   320    57     8 -9999 -9999
2025 01 23 16   -94  -144 10236   320    46     4 -9999 -9999
2025 01 23 17   -78  -139 10244   310    41     2 -9999 -9999
2025 01 23 18   -72  -139 10245   310    57     2 -9999    -1
2025 01 23 19   -67  -156 10245   300    62     2 -9999 -9999
2025 01 23 20   -67  -156 10245   290    46     2 -9999 -9999
2025 01 23 21   -72  -161 10250   290    51     2 -9999 -9999
2025 01 23 22   -83  -161 10256   290    46     2 -9999 -9999
2025 01 23 23   -89  -167 10264   300    51     2 -9999 -9999
2025 01 24 00  -100  -161 10270   260    51     0 -9999 -9999
2025 01 24 01  -111  -167 10274   260    31     0 -9999 -9999
2025 01 24 02  -111  -167 10274   270    41     0 -9999 -9999
2025 01 24 03  -117  -167 10274   270    46     0 -9999 -9999
2025 01 24 04  -117  -172 10276   270    36     0 -9999 -9999
2025 01 24 05  -128  -172 10274   250    31     0 -9999 -9999
2025 01 24 06  -139  -178 10270   240    31     0 -9999 -9999
2025 01 24 07  -144  -178 10266   230    26     0 -9999 -9999
2025 01 24 08  -150  -178 10265   240    15     0 -9999 -9999
2025 01 24 09  -150  -178 10264   210    15     0 -9999 -9999
2025 01 24 10  -156  -183 10262   230    21     0 -9999 -9999
2025 01 24 11  -161  -189 10260   260    15     0 -9999 -9999
2025 01 24 12  -161  -189 10259   210    15     0 -9999 -9999
2025 01 24 13  -167  -194 10261   220    21     0 -9999 -9999
2025 01 24 14  -161  -189 10256   210    26     0 -9999 -9999
2025 01 24 15  -139  -178 10264   240    31     2 -9999 -9999
2025 01 24 16  -117  -172 10263   210    31     2 -9999 -9999
2025 01 24 17   -94  -178 10257   220    51     2 -9999 -9999
2025 01 24 18   -83  -178 10249   230    62     2 -9999 -9999
2025 01 24 19   -72  -172 10243   220    46 -9999 -9999 -9999
2025 01 24 20   -72  -178 10232   230    46 -9999 -9999 -9999
2025 01 24 21   -67  -167 10231   230    51     8 -9999 -9999
2025 01 24 22   -61  -161 10224   220    41 -9999 -9999 -9999
2025 01 24 23   -61  -156 10218   190    41 -9999 -9999 -9999
2025 01 25 00   -61  -156 10213   180    41     8 -9999 -9999
2025 01 25 01   -61  -144 10216   190    46 -9999 -9999 -9999
2025 01 25 02   -56  -139 10214   190    57 -9999 -9999 -9999
2025 01 25 03   -61  -133 10215   190    51     8 -9999 -9999
2025 01 25 04   -56  -128 10205   200    41 -9999 -9999 -9999
2025 01 25 05   -56  -117 10198   200    72 -9999 -9999 -9999
2025 01 25 06   -50  -117 10190   190    67     8     0 -9999
2025 01 25 07   -44  -117 10184   200    77 -9999     0 -9999
2025 01 25 08   -44  -117 10184   220    62 -9999     0 -9999
2025 01 25 09   -44  -111 10185   220    51     6     0 -9999
2025 01 25 10   -44  -111 10184   230    46 -9999     0 -9999
2025 01 25 11   -44  -111 10186   220    46 -9999     0 -9999
2025 01 25 12   -56  -111 10191   230    41     6     0 -9999
2025 01 25 13   -56  -111 10193   230    51     4     0 -9999
2025 01 25 14   -56  -106 10197   220    41 -9999     0 -9999
2025 01 25 15   -39  -100 10199   220    57     6     0 -9999
2025 01 25 16   -11   -83 10201   220    57     4     0 -9999
2025 01 25 17     6   -72 10202   220    46     4     0 -9999
2025 01 25 18    22   -61 10193   210    67     6     0 -9999
2025 01 25 19    39   -50 10182   240    82 -9999     0 -9999
2025 01 25 20    44   -44 10174   240    88 -9999     0 -9999
2025 01 25 21    50   -61 10174   250    72     6     0 -9999
2025 01 25 22    39   -61 10182   270    93 -9999     0 -9999
2025 01 25 23    28   -78 10192   270    77 -9999     0 -9999
2025 01 26 00    17   -72 10200   250    72     6     0 -9999
2025 01 26 01    17   -67 10206   250    67 -9999     0 -9999
2025 01 26 02    11   -67 10213   270    77 -9999     0 -9999
2025 01 26 03   -11   -94 10224   300    77     6     0 -9999
2025 01 26 04   -22  -106 10231   280    62 -9999     0 -9999
2025 01 26 05   -28  -111 10236   290    62 -9999     0 -9999
2025 01 26 06   -33  -117 10241   300    62     6     0 -9999
2025 01 26 07   -39  -117 10246   290    62 -9999     0 -9999
2025 01 26 08   -50  -117 10250   290    36 -9999     0 -9999
2025 01 26 09   -56  -122 10260   300    36     6     0 -9999
2025 01 26 10   -61  -122 10262   300    31 -9999     0 -9999
2025 01 26 11   -67  -122 10265   290    41 -9999     0 -9999
2025 01 26 12   -72  -128 10270   300    36     6     0 -9999
2025 01 26 13   -78  -128 10278   300    31 -9999     0 -9999
2025 01 26 14   -78  -128 10284   290    26 -9999     0 -9999
2025 01 26 15   -78  -128 10290   300    41     6     0 -9999
2025 01 26 16   -67  -133 10291   300    36 -9999     0 -9999
2025 01 26 17   -50  -133 10289   320    21 -9999     0 -9999
2025 01 26 18   -39  -128 10281   240    31     6     0 -9999
2025 01 26 19   -17  -122 10272   260    26 -9999     0 -9999
2025 01 26 20    -6  -122 10262   270    46 -9999     0 -9999
2025 01 26 21    -6  -117 10258   260    31     6     0 -9999
2025 01 26 22    -6  -117 10254   240    41 -9999     0 -9999
2025 01 26 23   -11  -122 10250   250    36     4     0 -9999
2025 01 27 00   -28  -117 10250   260    21     2     0 -9999
2025 01 27 01   -33  -117 10252   250    21     2     0 -9999
2025 01 27 02   -39  -122 10250   250    36     0     0 -9999
2025 01 27 03   -44  -122 10248   270    46     0     0 -9999
2025 01 27 04   -50  -139 10243   260    46     0     0 -9999
2025 01 27 05   -61  -139 10239   260    46     0     0 -9999
2025 01 27 06   -67  -133 10233   240    36     0     0 -9999
2025 01 27 07   -67  -133 10225   250    46     0     0 -9999
2025 01 27 08   -67  -133 10214   250    51     0     0 -9999
2025 01 27 09   -72  -139 10205   240    51     0     0 -9999
2025 01 27 10   -72  -144 10195   240    46     0     0 -9999
2025 01 27 11   -72  -144 10189   240    46     0     0 -9999
2025 01 27 12   -72  -150 10181   230    51     0     0 -9999
2025 01 27 13   -72  -150 10173   230    51     2     0 -9999
2025 01 27 14   -61  -144 10164   230    62     2     0 -9999
2025 01 27 15   -44  -139 10154   240    77     2     0 -9999
2025 01 27 16   -28  -128 10143   240    72     2     0 -9999
2025 01 27 17     0  -122 10135   240    62     2     0 -9999
2025 01 27 18    17  -117 10113   230    93     2     0 -9999
2025 01 27 19    39  -117 10096   230   113     2     0 -9999
2025 01 27 20    56  -122 10086   250    88     4     0 -9999
2025 01 27 21    61  -111 10072   240    77     6     0 -9999
2025 01 27 22    67  -111 10059   230    93 -9999     0 -9999
2025 01 27 23    61  -100 10058   230    77 -9999     0 -9999
2025 01 28 00    61   -94 10060   240    93     8     0 -9999
2025 01 28 01    56   -83 10059   230    88 -9999     0 -9999
2025 01 28 02    56   -83 10068   260    62 -9999     0 -9999
2025 01 28 03    56   -89 10071   260    72     6     0 -9999
2025 01 28 04    44   -83 10080   260    36 -9999     0 -9999
2025 01 28 05    39   -72 10085   290    57     2     0 -9999
2025 01 28 06    28   -67 10091   300    41     2     0 -9999
2025 01 28 07    11   -72 10093   290    31     0     0 -9999
2025 01 28 08     0   -72 10096   250    31     0     0 -9999
2025 01 28 09    -6   -72 10101   260    36     0     0 -9999
2025 01 28 10    -6   -78 10102   260    31     0     0 -9999
2025 01 28 11   -11   -78 10108   260    36     0     0 -9999
2025 01 28 12   -17   -78 10109   270    31     0     0 -9999
2025 01 28 13   -22   -78 10109   260    31     2 -9999 -9999
2025 01 28 14   -22   -72 10108   260    31     2     0 -9999
2025 01 28 15     0   -61 10099   260    31     4     0 -9999
2025 01 28 16    17   -61 10093   240    41 -9999 -9999 -9999
2025 01 28 17    33   -67 10076   220    77 -9999     0 -9999
2025 01 28 18    50   -67 10059   230    88     6     0 -9999
2025 01 28 19    67   -50 10035   230    67 -9999     0 -9999
2025 01 28 20    78   -44 10013   220    67 -9999     0 -9999
2025 01 28 21    83   -39  9997   230   103     6     0 -9999
2025 01 28 22    83   -33  9992   230    77 -9999     0 -9999
2025 01 28 23    89   -33  9990   250    98 -9999 -9999 -9999
2025 01 29 00    78   -39  9992   240    88     2     0 -9999
2025 01 29 01    78   -39  9994   240    98     0     0 -9999
2025 01 29 02    72   -39  9995   240    82     0     0 -9999
2025 01 29 03    78   -39  9995   250    82     2     0 -9999
2025 01 29 04    78   -39 10002   260    82     4     0 -9999
2025 01 29 05    72   -44 10009   260    57     2     0 -9999
2025 01 29 06    61   -50 10017   270    67     2     0 -9999
2025 01 29 07    56   -50 10025   280    57     2 -9999 -9999
2025 01 29 08    50   -44 10032   280    57     2     0 -9999
2025 01 29 09    39   -44 10041   260    51     4     0 -9999
2025 01 29 10    39   -44 10048   270    62     4     0 -9999
2025 01 29 11    33   -44 10060   280    67     4     0 -9999
2025 01 29 12    28   -39 10071   290    57     4     0 -9999
2025 01 29 13    22   -39 10085   280    46 -9999     0 -9999
2025 01 29 14    22   -39 10098   280    51 -9999     0 -9999
2025 01 29 15    33   -39 10111   290    77     6     0 -9999
2025 01 29 16    44   -39 10121   300    67 -9999     0 -9999
2025 01 29 17    61   -44 10130   300    62 -9999     0 -9999
2025 01 29 18    72   -50 10133   290    67     6     0 -9999
2025 01 29 19    72   -56 10135   300    62 -9999     0 -9999
2025 01 29 20    83   -56 10136   290    67     4     0 -9999
2025 01 29 21    78   -50 10140   270    62     4     0 -9999
2025 01 29 22    72   -56 10148   280    67     4     0 -9999
2025 01 29 23    67   -56 10153   290    41     4     0 -9999
2025 01 30 00    56   -56 10156   290    31     2     0 -9999
2025 01 30 01    44   -56 10164   230    15     0     0 -9999
2025 01 30 02    22   -56 10171   230    15     2     0 -9999
2025 01 30 03    17   -56 10166   220    21     6     0 -9999
2025 01 30 04    28   -50 10173   230    26     2     0 -9999
2025 01 30 05    22   -56 10170   250    26     2     0 -9999
2025 01 30 06     6   -56 10174   240    26     2     0 -9999
2025 01 30 07     6   -56 10171   230    15     2     0 -9999
2025 01 30 08    -6   -61 10166   210    21     0     0 -9999
2025 01 30 09   -11   -61 10165   230    21     0     0 -9999
2025 01 30 10   -28   -67 10167     0     0     0     0 -9999
2025 01 30 11   -22   -67 10165     0     0     0     0 -9999
2025 01 30 12   -22   -61 10161   150    15     0     0 -9999
2025 01 30 13   -17   -56 10156   160    26     2     0 -9999
2025 01 30 14    -6   -50 10156     0     0     2     0 -9999
2025 01 30 15    22   -33 10142   150    21     2     0 -9999
2025 01 30 16    56   -33 10144   200    41 -9999     0 -9999
2025 01 30 17    78   -50 10141   200    77 -9999     0 -9999
2025 01 30 18    94   -44 10129   210    67     8     0 -9999
2025 01 30 19   100   -33 10116   200    77 -9999     0 -9999
2025 01 30 20    94     0 10111   210    72 -9999     0 -9999
2025 01 30 21    89    28 10110   220    77     8     0 -9999
2025 01 30 22    83    33 10106   200    51 -9999     0 -9999
2025 01 30 23    78    28 10105   180    46 -9999     0 -9999
2025 01 31 00    61    44 10105   190    26     8     5 -9999
2025 01 31 01    50    44 10105   190    26 -9999    38 -9999
2025 01 31 02    50    39 10105   190    36 -9999    15 -9999
2025 01 31 03    44    39 10098   190    21     8     8 -9999
2025 01 31 04    44    39 10094     0     0 -9999     8 -9999
2025 01 31 05    39    33 -9999   180    26 -9999    -1 -9999
2025 01 31 06    44    39 10080   190    26     8    23   130
2025 01 31 07    44    39 -9999   140    15 -9999     2 -9999
2025 01 31 08    44    39 10071    50    26 -9999     5 -9999
2025 01 31 09    39    33 10060    40    31     8     0 -9999
2025 01 31 10    44    39 10054    80    31 -9999     0 -9999
2025 01 31 11    44    33 10046    60    26 -9999     0 -9999
2025 01 31 12    33    28 10047    80    36     9    -1    20
2025 01 31 13    39    33 10042    40    51 -9999     8 -9999
2025 01 31 14    39    33 10051    30    57 -9999     5 -9999
2025 01 31 15    39    33 10042    30    77     8    46 -9999
2025 01 31 16    44    33 10062    20    57 -9999    94 -9999
2025 01 31 17    39    28 10056    10   108 -9999    91 -9999
2025 01 31 18    39    28 10053    10   118     8    38   280
2025 01 31 19    28    17 10060    10   124 -9999     8 -9999
2025 01 31 20    22     6 10073    10    88 -9999     8 -9999
2025 01 31 21    33    -6 10090    20   108 -9999     3 -9999
2025 01 31 22    28    -6 10110    20   124 -9999     0 -9999
2025 01 31 23    22   -17 10131    10   124     2     0 -9999
2025 02 01 00    17   -22 10151    10    98     2     0    20
2025 02 01 01    17   -22 10168    10   108     4     0 -9999
2025 02 01 02    11   -28 10182    10    88     2     0 -9999
2025 02 01 03    11   -28 10191    20    82     4     0 -9999
2025 02 01 04    11   -33 10201    20    62 -9999     0 -9999
2025 02 01 05    11   -22 10210    30    67 -9999     0 -9999
2025 02 01 06     6   -33 10222    30    77     6     0 -9999
2025 02 01 07     6   -39 10226    20    77 -9999     0 -9999
2025 02 01 08     0   -50 10233    30    72 -9999     0 -9999
2025 02 01 09    -6   -50 10245    30    57     6     0 -9999
2025 02 01 10   -11   -50 10252    20    77 -9999     0 -9999
2025 02 01 11   -11   -61 10257    40    77 -9999     0 -9999
2025 02 01 12   -17   -67 10266    50    67     6     0 -9999
2025 02 01 13   -17   -67 10276    40    57 -9999     0 -9999
2025 02 01 14   -17   -72 10281    50    67 -9999     0 -9999
2025 02 01 15   -11   -78 10284    70    62     6     0 -9999
2025 02 01 16   -11   -72 10291    60    62 -9999     0 -9999
2025 02 01 17   -11   -72 10291    80    62 -9999     0 -9999
2025 02 01 18   -11   -72 10284    80    51     6     0 -9999
2025 02 01 19     0   -67 10273    80    41 -9999     0 -9999
2025 02 01 20     6   -72 10267    90    46 -9999     0 -9999
2025 02 01 21     0   -72 10262   100    36     6     0 -9999
2025 02 01 22     0   -78 10255   110    46 -9999     0 -9999
2025 02 01 23    -6   -61 10238   100    51 -9999     0 -9999
2025 02 02 00     0   -61 10239   110    51     6     0 -9999
2025 02 02 01     0   -50 10236   120    57 -9999     0 -9999
2025 02 02 02     0   -50 10224   130    72 -9999     0 -9999
2025 02 02 03     0   -44 10221   130    77     8     0 -9999
2025 02 02 04     0   -44 10214   140    62 -9999     0 -9999
2025 02 02 05     0   -50 10203   140    82 -9999     0 -9999
2025 02 02 06    -6   -50 10197   150    67     8     0 -9999
2025 02 02 07    -6   -50 10190   150    51 -9999     0 -9999
2025 02 02 08     0   -50 10175   150    57 -9999     0 -9999
2025 02 02 09     6   -44 10160   150    72     8    -1 -9999
2025 02 02 10     6   -39 10154   160    36 -9999    -1 -9999
2025 02 02 11    11   -33 10148   170    51 -9999    -1 -9999
2025 02 02 12    11   -28 10143   180    26     8    -1    -1
2025 02 02 13    17   -17 10143   190    41 -9999    -1 -9999
2025 02 02 14    17   -11 10144   190    31 -9999    -1 -9999
2025 02 02 15    22     0 10142   200    21     8     0 -9999
2025 02 02 16    33     6 10142   210    36 -9999     0 -9999
2025 02 02 17    39    17 10146   210    36 -9999     0 -9999
2025 02 02 18    44    22 10140   230    36     8     0    -1
2025 02 02 19    50    22 10139   270    41 -9999     0 -9999
2025 02 02 20    56    22 10140   260    36 -9999     0 -9999
2025 02 02 21    61    28 10140   210    31     6     0 -9999
2025 02 02 22    61    28 10148   200    21 -9999     0 -9999
2025 02 02 23    61    28 10154   200    15 -9999     0 -9999
2025 02 03 00    56    22 10157   220    15     6     0 -9999
2025 02 03 01    44    22 10159   170    21     4     0 -9999
2025 02 03 02    39    17 10154   160    26 -9999     0 -9999
2025 02 03 03    39    22 10155   170    21     8     0 -9999
2025 02 03 04    44    22 10148   160    36 -9999     0 -9999
2025 02 03 05    44    28 10144   180    26 -9999     0 -9999
2025 02 03 06    50    39 10137   160    31     6     0 -9999
2025 02 03 07    50    39 10137   180    21 -9999     0 -9999
2025 02 03 08    50    39 10130   180    31 -9999     0 -9999
2025 02 03 09    50    39 10125   170    21     6     0 -9999
2025 02 03 10    50    39 10114   160    15 -9999     0 -9999
2025 02 03 11    39    33 10114     0     0 -9999     0 -9999
2025 02 03 12    39    28 10101   160    15     6     0 -9999
2025 02 03 13    39    33 10103     0     0 -9999     0 -9999
2025 02 03 14    39    33 10102     0     0 -9999     0 -9999
2025 02 03 15    50    39 10099    10    31     6     0 -9999
2025 02 03 16    44    33 10100   360    26 -9999     0 -9999
2025 02 03 17    56    39 10100    10    26 -9999     0 -9999
2025 02 03 18    50    39 10094    10    46     8     0 -9999
2025 02 03 19    39    28 10094    30    77 -9999     0 -9999
2025 02 03 20    28    17 10106    10    82 -9999     0 -9999
2025 02 03 21    22    11 10121    10    93     8     0 -9999
2025 02 03 22    17     6 10135    20    88 -9999     0 -9999
2025 02 03 23    17     0 10142    20    88 -9999     0 -9999
2025 02 04 00    17     0 10158    10    93     8     0 -9999
2025 02 04 01    17   -11 10173    20    93 -9999     0 -9999
2025 02 04 02    17   -11 10186    10    62 -9999     0 -9999
2025 02 04 03    17   -17 10194   360    62     8     0 -9999
2025 02 04 04    11   -17 10202   360    62 -9999     0 -9999
2025 02 04 05     6   -22 10212   350    72 -9999     0 -9999
2025 02 04 06     6   -28 10220   350    67     8     0 -9999
2025 02 04 07     0   -39 -9999   340    62     4     0 -9999
2025 02 04 08    -6   -44 10231   340    57     2     0 -9999
2025 02 04 09   -11   -50 10250   310    36     2     0 -9999
2025 02 04 10   -17   -67 10259   310    41     0     0 -9999
2025 02 04 11   -17   -78 10262   320    41     0     0 -9999
2025 02 04 12   -22   -78 10276   320    46     4     0 -9999
2025 02 04 13   -33   -89 10288   350    82 -9999     0 -9999
2025 02 04 14   -44  -100 10295   350    82 -9999     0 -9999
2025 02 04 15   -39  -122 10306   360    77     4     0 -9999
2025 02 04 16   -39  -117 10316    20    46     2     0 -9999
2025 02 04 17   -39  -106 10317    30    72 -9999     0 -9999
2025 02 04 18   -33  -100 10314    20    88     6    -1    -1
2025 02 04 19   -39   -94 10312    20    88 -9999    -1 -9999
2025 02 04 20   -39   -94 10314    20    62 -9999    -1 -9999
2025 02 04 21   -44  -100 10317    10    82     8    -1 -9999
2025 02 04 22   -50  -100 10328    20    57 -9999    -1 -9999
2025 02 04 23   -50  -106 10325    20    72 -9999     0 -9999
2025 02 05 00   -50  -106 10329    20    82     8     0    -1
2025 02 05 01   -56  -100 10329    10    57 -9999     0 -9999
2025 02 05 02   -50   -94 10322    10    72 -9999     0 -9999
2025 02 05 03   -44   -89 10320   360    46     8     0 -9999
2025 02 05 04   -50   -89 10318   350    51 -9999     0 -9999
2025 02 05 05   -50   -89 10314   350    46 -9999     0 -9999
2025 02 05 06   -44   -89 10308   350    46     8     0 -9999
2025 02 05 07   -39   -83 10307    10    31 -9999     0 -9999
2025 02 05 08   -28   -72 10305    60    51 -9999     0 -9999
2025 02 05 09   -28   -78 10306    40    67     8     0 -9999
2025 02 05 10   -28   -78 10302    60    72 -9999     0 -9999
2025 02 05 11   -28   -78 10301    60    57 -9999     0 -9999
2025 02 05 12   -33   -83 10294    70    41     8     0 -9999
2025 02 05 13   -33   -83 10293    80    57 -9999     0 -9999
2025 02 05 14   -33   -83 10291    90    51 -9999     0 -9999
2025 02 05 15   -28   -83 10278    90    51     8     0 -9999
2025 02 05 16   -22   -83 10271   100    67 -9999     0 -9999
2025 02 05 17   -22   -78 10270    70    51 -9999     0 -9999
2025 02 05 18   -17   -78 10257    90    46     8     0 -9999
2025 02 05 19   -17   -78 10236    80    51 -9999     0 -9999
2025 02 05 20   -11   -78 10219    80    62 -9999     0 -9999
2025 02 05 21   -11   -78 10201    90    67     8     0 -9999
2025 02 05 22   -11   -78 10191    90    62 -9999     0 -9999
2025 02 05 23   -11   -78 10179   100    51 -9999     0 -9999
2025 02 06 00    -6   -78 10169    90    57 -9999     0 -9999
2025 02 06 01    -6   -78 10156   110    57 -9999     0 -9999
2025 02 06 02   -11   -72 10146   110    72 -9999     0 -9999
2025 02 06 03   -22   -44 10135   120    46     8    -1 -9999
2025 02 06 04   -17   -28 10125   130    31 -9999     3 -9999
2025 02 06 05   -17   -28 10111   130    41 -9999     8 -9999
2025 02 06 06   -17   -28 10103   130    36     8     3    10
2025 02 06 07   -17   -28 10095   130    15 -9999    -1 -9999
2025 02 06 08   -17   -28 10092     0     0 -9999    -1 -9999
2025 02 06 09   -17   -22 10087     0     0     8    -1 -9999
2025 02 06 10   -17   -28 10083   260    21 -9999    -1 -9999
2025 02 06 11   -11   -22 10089   250    36 -9999    -1 -9999
2025 02 06 12   -11   -22 10090   270    31     8     0    -1
2025 02 06 13    -6   -33 10108   280    46 -9999     0 -9999
2025 02 06 14    -6   -33 10110   260    36 -9999     0 -9999
2025 02 06 15    -6   -33 10117   280    72     8     0 -9999
2025 02 06 16     0   -28 10131   260    62 -9999     0 -9999
2025 02 06 17     0   -33 10134   270    82 -9999     0 -9999
2025 02 06 18     0   -39 10137   280    67     6     0 -9999
2025 02 06 19     6   -39 10136   260    67 -9999     0 -9999
2025 02 06 20    11   -44 10137   260    62 -9999     0 -9999
2025 02 06 21    22   -50 10135   260    67     4     0 -9999
2025 02 06 22    22   -44 10132   240    88 -9999     0 -9999
2025 02 06 23    22   -56 10135   250    82 -9999     0 -9999
2025 02 07 00    17   -56 10139   250    72     2     0 -9999
2025 02 07 01    11   -50 10143   250    77 -9999     0 -9999
2025 02 07 02     6   -50 10152   260    72 -9999     0 -9999
2025 02 07 03     6   -72 10158   270    82     0     0 -9999
2025 02 07 04     0  -128 10173   280   103     0     0 -9999
2025 02 07 05   -17  -150 10190   290    62     0     0 -9999
2025 02 07 06   -28  -156 10204   310    93     0     0 -9999
2025 02 07 07   -44  -161 10222   310    88     0     0 -9999
2025 02 07 08   -50  -161 10230   320    72     0     0 -9999
2025 02 07 09   -61  -156 10234   340    46     2     0 -9999
2025 02 07 10   -67  -161 10240   320    46 -9999     0 -9999
2025 02 07 11   -67  -161 10252   300    36 -9999     0 -9999
2025 02 07 12   -72  -161 10266   300    31     6     0 -9999
2025 02 07 13   -72  -167 10270   300    41 -9999     0 -9999
2025 02 07 14   -72  -167 10275   320    46 -9999     0 -9999
2025 02 07 15   -67  -156 10278   260    21     8     0 -9999
2025 02 07 16   -50  -150 10278     0     0 -9999     0 -9999
2025 02 07 17   -39  -150 10283   290    21 -9999     0 -9999
2025 02 07 18   -33  -150 10275   230    26     6     0 -9999
2025 02 07 19   -17  -139 10269   250    36 -9999     0 -9999
2025 02 07 20   -17  -133 10260   220    26 -9999     0 -9999
2025 02 07 21    -6  -133 10253   200    36 -9999     0 -9999
2025 02 07 22    -6  -133 10252   230    26 -9999     0 -9999
2025 02 07 23    -6  -128 10253   240    21 -9999     0 -9999
2025 02 08 00   -11  -122 10250   250    15     8     0 -9999
2025 02 08 01   -17  -122 10243   190    15 -9999     0 -9999
2025 02 08 02   -22  -111 10242     0     0 -9999     0 -9999
2025 02 08 03   -28  -111 10241     0     0     8     0 -9999
2025 02 08 04   -33  -117 10236    90    15 -9999     0 -9999
2025 02 08 05   -28  -111 10235   100    15 -9999     0 -9999
2025 02 08 06   -28  -100 10228   120    21     6     0 -9999
2025 02 08 07   -22  -106 10222   100    15 -9999     0 -9999
2025 02 08 08   -17   -94 10214    90    15 -9999     0 -9999
2025 02 08 09   -11   -89 10203    90    46     8     0 -9999
2025 02 08 10   -11   -83 10200   100    46 -9999     0 -9999
2025 02 08 11   -11   -78 10184   100    62 -9999     0 -9999
2025 02 08 12    -6   -78 10182    80    51     8     0 -9999
2025 02 08 13    -6   -78 10171   110    46 -9999     0 -9999
2025 02 08 14    -6   -89 10156   110    67 -9999     0 -9999
2025 02 08 15     0   -89 10153   100    57     8     0 -9999
2025 02 08 16     6   -89 10147   110    51 -9999     0 -9999
2025 02 08 17     6   -78 10136    80    46 -9999     0 -9999
2025 02 08 18     6   -78 10126    60    46     8     0 -9999
2025 02 08 19     0   -61 -9999    70    46 -9999    -1 -9999
2025 02 08 20    -6   -50 10110    80    31 -9999    -1 -9999
2025 02 08 21   -11   -39 10113    30    31     8    -1 -9999
2025 02 08 22   -11   -33 10116   330    21 -9999    -1 -9999
2025 02 08 23   -11   -33 10138   320    41 -9999     3 -9999
2025 02 09 00   -11   -33 10138   350    36     8    -1     3
2025 02 09 01   -11   -44 10154   330    31 -9999     0 -9999
2025 02 09 02    -6   -44 10165   280    26 -9999     0 -9999
2025 02 09 03    -6   -50 10178   300    41     8     0 -9999
2025 02 09 04    -6   -50 10188   320    51 -9999    -1 -9999
2025 02 09 05    -6   -50 10198   310    57 -9999    -1 -9999
2025 02 09 06   -17   -50 10208   300    51     8    -1    -1
2025 02 09 07   -22   -61 10218   320    67 -9999    -1 -9999
2025 02 09 08   -22   -61 10225   320    57 -9999    -1 -9999
2025 02 09 09   -22   -67 10232   320    31     8    -1 -9999
2025 02 09 10   -28   -72 10239   330    57 -9999     0 -9999
2025 02 09 11   -39   -94 10251   320    51 -9999     0 -9999
2025 02 09 12   -44   -94 10263   330    41     8    -1    -1
2025 02 09 13   -56  -111 10276   340    41 -9999    -1 -9999
2025 02 09 14   -50  -111 10281   340    46 -9999    -1 -9999
2025 02 09 15   -44  -106 10282   300    15     8    -1 -9999
2025 02 09 16   -39  -106 10285   330    21 -9999    -1 -9999
2025 02 09 17   -33  -100 10291   310    21 -9999     0 -9999
2025 02 09 18   -28  -100 10286 -9999    26     6     0    -1
2025 02 09 19   -11  -100 10279     0     0 -9999     0 -9999
2025 02 09 20   -11  -100 10274   250    41 -9999     0 -9999
2025 02 09 21    -6  -100 10275   260    36     4     0 -9999
2025 02 09 22     0  -100 10276   260    46     4     0 -9999
2025 02 09 23    -6  -100 10278   260    26 -9999     0 -9999
2025 02 10 00   -17  -106 10284   250    26     2     0 -9999
2025 02 10 01   -22  -100 10291   240    31     0     0 -9999
2025 02 10 02   -28  -100 10295   250    31     0     0 -9999
2025 02 10 03   -33  -106 10299   270    36     0     0 -9999
2025 02 10 04   -44  -111 10303   300    26     0     0 -9999
2025 02 10 05   -50  -144 10309   300    36     0     0 -9999
2025 02 10 06   -56  -156 10314   290    31     0     0 -9999
2025 02 10 07   -61  -156 10315   290    26     0     0 -9999
2025 02 10 08   -67  -156 10318   270    21     0     0 -9999
2025 02 10 09   -72  -150 10322   260    26     0     0 -9999
2025 02 10 10   -78  -150 10323   250    26     0     0 -9999
2025 02 10 11   -83  -150 10324   260    26     0     0 -9999
2025 02 10 12   -83  -150 10327   240    15     0     0 -9999
2025 02 10 13   -83  -150 10326     0     0     0     0 -9999
2025 02 10 14   -72  -144 10337   230    26     2     0 -9999
2025 02 10 15   -56  -133 10341   260    41     2     0 -9999
2025 02 10 16   -33  -128 10342   320    31     2     0 -9999
2025 02 10 17   -22  -128 10344   300    26     2     0 -9999
2025 02 10 18    -6  -133 10337   270    26     2     0 -9999
2025 02 10 19     6  -150 10327     0     0 -9999     0 -9999
2025 02 10 20    17  -150 10318   320    15 -9999     0 -9999
2025 02 10 21    17  -156 10305    40    15 -9999     0 -9999
2025 02 10 22    17  -156 10307   140    15 -9999     0 -9999
2025 02 10 23     6  -156 10306     0     0 -9999     0 -9999
2025 02 11 00   -17  -106 10306   100    36     6     0 -9999
2025 02 11 01   -22  -106 10304   140    31 -9999     0 -9999
2025 02 11 02   -28  -100 10303   150    26 -9999     0 -9999
2025 02 11 03   -28  -100 10298   150    21     6     0 -9999
2025 02 11 04   -28  -100 10293   170    26 -9999     0 -9999
2025 02 11 05   -22  -100 10292   190    21 -9999     0 -9999
2025 02 11 06   -28  -100 10285     0     0     8     0 -9999
2025 02 11 07   -33   -89 10281    20    15 -9999     0 -9999
2025 02 11 08   -33   -83 10276     0     0 -9999     0 -9999
2025 02 11 09   -33   -83 10270   350    15     8     0 -9999
2025 02 11 10   -39  -111 10275   360    62 -9999     0 -9999
2025 02 11 11   -44  -117 10277    10    62 -9999     0 -9999
2025 02 11 12   -44  -100 10279    10    62     8    -1    -1
2025 02 11 13   -56   -94 -9999   360    62 -9999    -1 -9999
2025 02 11 14   -56   -94 10279    20    62 -9999    -1 -9999
2025 02 11 15   -56   -94 10278    20    67     8    -1 -9999
2025 02 11 16   -56  -100 -9999    20    82 -9999    -1 -9999
2025 02 11 17   -50   -94 10274    20    77 -9999    -1 -9999
2025 02 11 18   -44   -94 10264    10    82 -9999    -1    -1
2025 02 11 19   -44   -89 10255    30    67 -9999    -1 -9999
2025 02 11 20   -44   -94 10245    10    77 -9999    -1 -9999
2025 02 11 21   -44   -94 10243    30    77 -9999    -1 -9999
2025 02 11 22   -50  -100 10246    20    72 -9999    -1 -9999
2025 02 11 23   -50  -100 10246    30    72 -9999     0 -9999
2025 02 12 00   -50  -106 10246    40    77     8     0    -1
2025 02 12 01   -50  -100 10241    40    62 -9999     0 -9999
2025 02 12 02   -50  -100 10236    30    67 -9999     0 -9999
2025 02 12 03   -50  -100 10232    30    67     8     0 -9999
2025 02 12 04   -50  -100 10226    30    72 -9999     0 -9999
2025 02 12 05   -50  -106 10228    30    82 -9999     0 -9999
2025 02 12 06   -56  -111 10232    30    62     8     0 -9999
2025 02 12 07   -56  -111 10230    20    77 -9999     0 -9999
2025 02 12 08   -67  -117 10225   360    72 -9999     0 -9999
2025 02 12 09   -67  -128 10220    10    62     8     0 -9999
2025 02 12 10   -72  -111 10213    10    62 -9999    -1 -9999
2025 02 12 11   -67   -94 10199    20    41 -9999     3 -9999
2025 02 12 12   -39   -67 10194    50    57     8    -1     3
2025 02 12 13   -33   -61 10179    60    62 -9999     0 -9999
2025 02 12 14   -28   -61 10174    70    62 -9999     0 -9999
2025 02 12 15   -22   -61 10175    70    51     8    -1 -9999
2025 02 12 16   -22   -56 10165    50    62 -9999    -1 -9999
2025 02 12 17   -22   -50 10169    50    67 -9999    -1 -9999
2025 02 12 18   -22   -44 10155    50    57     9    -1     3
2025 02 12 19   -28   -44 10128    60    62     9     8 -9999
2025 02 12 20   -28   -50 10124    60    72 -9999     8 -9999
2025 02 12 21   -28   -50 10115    70    51     8     3 -9999
2025 02 12 22   -22   -44 10110    80    51 -9999     3 -9999
2025 02 12 23   -22   -50 10110   100    57 -9999    -1 -9999
2025 02 13 00   -28   -56 10105    80    62     8    -1    20
2025 02 13 01   -33   -61 10105    80    31 -9999    -1 -9999
2025 02 13 02   -33   -50 10094    60    36 -9999    10 -9999
2025 02 13 03   -33   -50 10097    50    31     8     5 -9999
2025 02 13 04   -33   -50 10097   360    21 -9999     3 -9999
2025 02 13 05   -33   -50 10098   330    31 -9999    -1 -9999
2025 02 13 06   -33   -50 10101   310    31     8    -1    20
2025 02 13 07   -50   -72 10113   300    51 -9999    -1 -9999
2025 02 13 08   -56   -83 10116   320    46 -9999    -1 -9999
2025 02 13 09   -67   -89 10127   320    67     8    -1 -9999
2025 02 13 10   -67  -100 10135   320    51 -9999     0 -9999
2025 02 13 11   -72  -106 10153   310    46 -9999     0 -9999
2025 02 13 12   -72  -106 10170   300    67     8     0    -1
2025 02 13 13   -89  -117 10185   290    51 -9999     0 -9999
2025 02 13 14   -94  -128 10208   290    62 -9999     0 -9999
2025 02 13 15   -94  -133 10222   300    57     2     0 -9999
2025 02 13 16   -89  -133 10237   270    57 -9999     0 -9999
2025 02 13 17   -89  -133 10249   270    62 -9999     0 -9999
2025 02 13 18   -83  -139 10254   290    57     2     0 -9999
2025 02 13 19   -78  -150 10261   260    62 -9999     0 -9999
2025 02 13 20   -78  -167 10272   300    82 -9999     0 -9999
2025 02 13 21   -83  -172 10285   260    82     2     0 -9999
2025 02 13 22   -89  -183 10299   260    67     0     0 -9999
2025 02 13 23   -89  -178 10309   280    67     0     0 -9999
2025 02 14 00  -106  -172 10324   250    57     0     0 -9999
2025 02 14 01  -117  -178 10335   240    51     0     0 -9999
2025 02 14 02  -128  -183 10345   260    67     0     0 -9999
2025 02 14 03  -133  -189 10350   260    46     0     0 -9999
2025 02 14 04  -139  -194 10358   260    36     0     0 -9999
2025 02 14 05  -144  -200 10362   260    31     0     0 -9999
2025 02 14 06  -150  -200 10367   260    36     0     0 -9999
2025 02 14 07  -150  -200 10364   270    21     0     0 -9999
2025 02 14 08  -156  -200 10369   240    15     0     0 -9999
2025 02 14 09  -156  -200 10375   220    15     2     0 -9999
2025 02 14 10  -161  -194 10379   250    15 -9999     0 -9999
2025 02 14 11  -161  -200 10390   240    15 -9999     0 -9999
2025 02 14 12  -150  -194 10386   210    15     4     0 -9999
2025 02 14 13  -150  -189 10390   210    15 -9999     0 -9999
2025 02 14 14  -133  -183 10388   180    26 -9999     0 -9999
2025 02 14 15  -117  -167 10381   170    31     8     0 -9999
2025 02 14 16   -94  -156 10372   150    36 -9999     0 -9999
2025 02 14 17   -67  -144 10362   140    41 -9999     0 -9999
2025 02 14 18   -56  -139 10354   150    57     8     0 -9999
2025 02 14 19   -44  -139 10339   160    51 -9999     0 -9999
2025 02 14 20   -39  -150 10324   170    62 -9999     0 -9999
2025 02 14 21   -39  -139 10310   150    62     8     0 -9999
2025 02 14 22   -39  -139 10298   140    51 -9999     0 -9999
2025 02 14 23   -44  -144 10286   130    57 -9999     0 -9999
2025 02 15 00   -44  -144 10286   150    51     8     0 -9999
2025 02 15 01   -61  -100 -9999   130    51 -9999     2 -9999
2025 02 15 02   -61   -78 10262   140    57 -9999    18 -9999
2025 02 15 03   -56   -72 10246   120    67     8     2 -9999
2025 02 15 04   -44   -67 10226   120    67 -9999     3 -9999
2025 02 15 05   -33   -56 10217   140    41 -9999     0 -9999
2025 02 15 06   -33   -56 10203   150    62     8     0    40
2025 02 15 07   -28   -56 10191   160    41 -9999     0 -9999
2025 02 15 08   -22   -61 10178   160    31 -9999     0 -9999
2025 02 15 09   -17   -56 10167   160    26     8     0 -9999
2025 02 15 10   -17   -56 10157   150    26 -9999     0 -9999
2025 02 15 11   -17   -56 10145   120    26 -9999     0 -9999
2025 02 15 12   -17   -50 10141   140    15     8     0 -9999
2025 02 15 13   -11   -44 10138     0     0 -9999     0 -9999
2025 02 15 14   -11   -39 10136     0     0 -9999     0 -9999
2025 02 15 15     0   -39 10138     0     0     8     0 -9999
2025 02 15 16     0   -39 10131   360    15 -9999     0 -9999
2025 02 15 17     6   -39 10124   350    21 -9999     0 -9999
2025 02 15 18     6   -44 10118   360    26     8    -1     0
2025 02 15 19     0   -44 -9999   340    31 -9999    -1 -9999
2025 02 15 20     0   -33 10109   350    36 -9999    -1 -9999
2025 02 15 21     0   -33 10111   340    36     8     3 -9999
2025 02 15 22     0   -39 10106   360    46 -9999     0 -9999
2025 02 15 23     0   -39 -9999    30    31 -9999     0 -9999
2025 02 16 00     0   -33 10109    20    62     8     0     5
2025 02 16 01    -6   -33 10112    20    72 -9999     0 -9999
2025 02 16 02    -6   -39 10100    20    82 -9999     0 -9999
2025 02 16 03    -6   -39 10106    20    72     8     0 -9999
2025 02 16 04   -11   -39 10094   360   103 -9999     0 -9999
2025 02 16 05   -22   -50 10086   360    82 -9999    -1 -9999
2025 02 16 06   -28   -56 10082   340    62     8    -1    -1
2025 02 16 07   -28   -56 10080   340    67 -9999    -1 -9999
2025 02 16 08   -28   -61 10079   330    62 -9999    -1 -9999
2025 02 16 09   -28   -61 10072   330    67     8    -1 -9999
2025 02 16 10   -28   -61 10065   330    72 -9999    -1 -9999
2025 02 16 11   -28   -61 10068   320    77 -9999    -1 -9999
2025 02 16 12   -33   -61 10076   320    77     8    -1    -1
2025 02 16 13   -33   -67 10081   330    82 -9999    -1 -9999
2025 02 16 14   -39   -72 10087   320    88 -9999    -1 -9999
2025 02 16 15   -39   -83 10098   310    67     6    -1 -9999
2025 02 16 16   -39   -78 10104   310    72 -9999    -1 -9999
2025 02 16 17   -33   -78 10111   310    82 -9999    -1 -9999
2025 02 16 18   -33   -78 10118   310    77     8    -1    -1
2025 02 16 19   -33   -89 10125   320    77 -9999     0 -9999
2025 02 16 20   -33   -94 10130   320    88 -9999     0 -9999
2025 02 16 21   -39  -100 10142   290    77     6     0 -9999
2025 02 16 22   -39  -100 10151   310    72 -9999     0 -9999
2025 02 16 23   -50  -117 10161   300    72 -9999     0 -9999
2025 02 17 00   -56  -128 10172   290    46     4     0 -9999
2025 02 17 01   -67  -133 10184   290    57 -9999     0 -9999
2025 02 17 02   -78  -156 10189   290    57     0     0 -9999
2025 02 17 03   -94  -167 10199   280    46     0     0 -9999
2025 02 17 04  -106  -178 10207   270    36     0     0 -9999
2025 02 17 05  -117  -189 10214   290    41     0     0 -9999
2025 02 17 06  -128  -200 10221   280    51     0     0 -9999
2025 02 17 07  -139  -206 10228   280    57     0     0 -9999
2025 02 17 08  -144  -211 10237   290    46     0     0 -9999
2025 02 17 09  -150  -217 10240   280    57     0     0 -9999
2025 02 17 10  -156  -217 10243   270    46     0     0 -9999
2025 02 17 11  -161  -217 10249   270    41     0     0 -9999
2025 02 17 12  -167  -217 10257   250    26     0     0 -9999
2025 02 17 13  -167  -217 10263   270    41 -9999     0 -9999
2025 02 17 14  -167  -211 10271   270    51 -9999     0 -9999
2025 02 17 15  -156  -206 10275   280    57     2     0 -9999
2025 02 17 16  -150  -211 10278   270    62 -9999     0 -9999
2025 02 17 17  -144  -211 10278   260    72 -9999     0 -9999
2025 02 17 18  -139  -211 10274   270    67     4     0 -9999
2025 02 17 19  -128  -211 10270   270    51 -9999     0 -9999
2025 02 17 20  -133  -217 10269   250    72 -9999     0 -9999
2025 02 17 21  -133  -217 10272   250    67     6     0 -9999
2025 02 17 22  -128  -222 10276   280    51 -9999     0 -9999
2025 02 17 23  -133  -228 10280   290    41 -9999     0 -9999
2025 02 18 00  -144  -228 10288   310    62     6     0 -9999
2025 02 18 01  -150  -233 10296   310    62 -9999     0 -9999
2025 02 18 02  -156  -233 10302   290    36 -9999     0 -9999
2025 02 18 03  -161  -239 10308   310    46     2     0 -9999
2025 02 18 04  -167  -244 10307   310    41 -9999     0 -9999
2025 02 18 05  -172  -244 10311   310    46 -9999     0 -9999
2025 02 18 06  -172  -250 10319   320    51     6     0 -9999
2025 02 18 07  -178  -256 10325   320    51 -9999     0 -9999
2025 02 18 08  -189  -256 10330   310    51 -9999     0 -9999
2025 02 18 09  -194  -261 10332   310    31     2     0 -9999
2025 02 18 10  -194  -261 10337   310    36 -9999     0 -9999
2025 02 18 11  -200  -267 10346   300    41     0     0 -9999
2025 02 18 12  -206  -267 10350   310    46     4     0 -9999
2025 02 18 13  -206  -267 10351   300    41 -9999     0 -9999
2025 02 18 14  -200  -261 10359   300    41 -9999     0 -9999
2025 02 18 15  -183  -256 10360   320    41     2     0 -9999
2025 02 18 16  -161  -233 10359   300    46 -9999     0 -9999
2025 02 18 17  -128  -211 10360   340    41 -9999     0 -9999
2025 02 18 18  -117  -206 10360   320    41     2     0 -9999
2025 02 18 19  -106  -211 10352   340    36 -9999     0 -9999
2025 02 18 20  -100  -217 10344   330    41 -9999     0 -9999
2025 02 18 21  -106  -222 10349   340    21     6     0 -9999
2025 02 18 22  -111  -228 10347   290    41 -9999     0 -9999
2025 02 18 23  -122  -233 10350   320    46 -9999     0 -9999
2025 02 19 00  -128  -228 10351   320    41     8     0 -9999
2025 02 19 01  -139  -228 10354   310    57 -9999     0 -9999
2025 02 19 02  -144  -228 10367   300    31 -9999     0 -9999
2025 02 19 03  -144  -228 10372   300    31     8     0 -9999
2025 02 19 04  -144  -228 10370   300    36 -9999     0 -9999
2025 02 19 05  -144  -228 10364   300    26 -9999     0 -9999
2025 02 19 06  -144  -222 10358   330    51     8     0 -9999
2025 02 19 07  -144  -228 10356   330    46 -9999     0 -9999
2025 02 19 08  -144  -222 10354   340    41 -9999     0 -9999
2025 02 19 09  -150  -222 10351   340    41     8     0 -9999
2025 02 19 10  -150  -217 10350   310    21 -9999     0 -9999
2025 02 19 11  -150  -217 10352   280    26 -9999     0 -9999
2025 02 19 12  -150  -217 10353   280    36     8     0 -9999
2025 02 19 13  -156  -222 10355   310    36 -9999     0 -9999
2025 02 19 14  -150  -217 10358   310    31 -9999     0 -9999
2025 02 19 15  -133  -206 10356   300    36     8     0 -9999
2025 02 19 16  -122  -194 10350   310    31 -9999     0 -9999
2025 02 19 17  -111  -189 10345   290    41 -9999     0 -9999
2025 02 19 18  -100  -183 10333   300    41     6     0 -9999
2025 02 19 19   -89  -183 10324   320    51 -9999     0 -9999
2025 02 19 20   -83  -172 10318   290    51 -9999     0 -9999
2025 02 19 21   -94  -178 10315   280    57     6     0 -9999
2025 02 19 22  -100  -189 10315   290    51 -9999     0 -9999
2025 02 19 23  -111  -194 10316   310    51 -9999     0 -9999
2025 02 20 00  -111  -194 10314   310    46     8     0 -9999
2025 02 20 01  -117  -194 10313   280    41 -9999     0 -9999
2025 02 20 02  -122  -194 10311   310    46 -9999     0 -9999
2025 02 20 03  -122  -194 10310   300    31     6     0 -9999
2025 02 20 04  -128  -194 10309   280    36 -9999     0 -9999
2025 02 20 05  -133  -194 10307   260    36 -9999     0 -9999
2025 02 20 06  -133  -189 10304   270    31     6     0 -9999
2025 02 20 07  -133  -189 10300   280    46 -9999     0 -9999
2025 02 20 08  -139  -194 10297   280    41 -9999     0 -9999
2025 02 20 09  -144  -194 10295   280    41     4     0 -9999
2025 02 20 10  -144  -206 10296   290    41 -9999     0 -9999
2025 02 20 11  -150  -206 10299   300    36 -9999     0 -9999
2025 02 20 12  -156  -206 10300   300    36     6     0 -9999
2025 02 20 13  -150  -200 10304   300    41 -9999     0 -9999
2025 02 20 14  -139  -194 10310   290    62 -9999     0 -9999
2025 02 20 15  -117  -178 10315   300    46     2     0 -9999
2025 02 20 16   -94  -161 10318   300    51 -9999     0 -9999
2025 02 20 17   -72  -150 10321   280    51 -9999     0 -9999
2025 02 20 18   -67  -150 10321   280    36 -9999     0 -9999
2025 02 20 19   -61  -139 10315   300    46 -9999     0 -9999
2025 02 20 20   -50  -122 10317   290    41 -9999     0 -9999
2025 02 20 21   -44  -122 10320   290    62     0     0 -9999
2025 02 20 22   -44  -122 10326   290    41 -9999     0 -9999
2025 02 20 23   -56  -128 10332   300    46 -9999     0 -9999
2025 02 21 00   -61  -128 10339   280    36     2     0 -9999
2025 02 21 01   -67  -133 10344   290    46     0     0 -9999
2025 02 21 02   -78  -133 10345   290    36     0     0 -9999
2025 02 21 03   -89  -139 10350   260    41     0     0 -9999
2025 02 21 04   -94  -139 10355   250    31     0     0 -9999
2025 02 21 05   -94  -139 10355   250    36     0     0 -9999
2025 02 21 06   -94  -144 10353   270    36     0     0 -9999
2025 02 21 07  -100  -144 10354   270    31     0     0 -9999
2025 02 21 08  -106  -144 10354   270    26     0     0 -9999
2025 02 21 09  -106  -144 10357   250    26     0     0 -9999
2025 02 21 10  -111  -144 10358   280    26     0     0 -9999
2025 02 21 11  -117  -150 10366   250    26     0     0 -9999
2025 02 21 12  -117  -150 10369   260    21     0     0 -9999
2025 02 21 13  -117  -144 10370   230    21     0     0 -9999
2025 02 21 14  -106  -144 10374   260    26     0     0 -9999
2025 02 21 15   -83  -133 10375   230    21     0     0 -9999
2025 02 21 16   -61  -128 10372   230    31     0     0 -9999
2025 02 21 17   -39  -122 10366   230    41     0     0 -9999
2025 02 21 18   -33  -111 10361   230    57     2     0 -9999
2025 02 21 19   -39  -117 10352   240    51 -9999     0 -9999
2025 02 21 20   -33  -106 10347   230    51     0     0 -9999
2025 02 21 21   -28  -106 10340   260    51     0     0 -9999
2025 02 21 22   -28  -100 10334   240    41     0     0 -9999
2025 02 21 23   -33  -111 10333   230    51     0     0 -9999
2025 02 22 00   -44  -117 10330   240    21     0     0 -9999
2025 02 22 01   -50  -111 10327   230    31     0     0 -9999
2025 02 22 02   -61  -117 10324   250    26     0     0 -9999
2025 02 22 03   -67  -117 10315   200    21     0     0 -9999
2025 02 22 04   -67  -111 10307   200    41     0     0 -9999
2025 02 22 05   -67  -111 10300   220    46     0     0 -9999
2025 02 22 06   -67  -117 10299   230    36     0     0 -9999
2025 02 22 07   -67  -117 10293   230    36     0     0 -9999
2025 02 22 08   -72  -122 10287   230    51     0     0 -9999
2025 02 22 09   -78  -128 10280   220    51     0     0 -9999
2025 02 22 10   -78  -128 10275   220    46     0     0 -9999
2025 02 22 11   -83  -133 10273   230    31     0     0 -9999
2025 02 22 12   -89  -133 10270   220    46     0     0 -9999
2025 02 22 13   -94  -139 10267   220    46 -9999     0 -9999
2025 02 22 14   -83  -133 10265   220    57 -9999     0 -9999
2025 02 22 15   -67  -133 10258   220    62     2     0 -9999
2025 02 22 16   -50  -133 10250   220    67 -9999     0 -9999
2025 02 22 17   -33  -133 10241   220    51 -9999     0 -9999
2025 02 22 18   -22  -122 10232   210    82     6     0 -9999
2025 02 22 19   -11  -133 10223   220    93 -9999     0 -9999
2025 02 22 20     0  -122 10217   210    77 -9999     0 -9999
2025 02 22 21     0  -117 10212   240    72     4     0 -9999
2025 02 22 22     6  -100 10209   230    72 -9999     0 -9999
2025 02 22 23     6   -89 10213   240    36 -9999     0 -9999
2025 02 23 00     6   -83 10216   230    51     6     0 -9999
2025 02 23 01     0   -78 10219   240    31 -9999     0 -9999
2025 02 23 02     0   -72 10217   240    31 -9999     0 -9999
2025 02 23 03    -6   -72 10215   230    31     2     0 -9999
2025 02 23 04   -11   -72 10213   220    26 -9999     0 -9999
2025 02 23 05   -17   -72 10210   210    21     4     0 -9999
2025 02 23 06   -22   -78 10208   220    21     4     0 -9999
2025 02 23 07   -28   -78 10209   210    15     4     0 -9999
2025 02 23 08   -33   -78 10208   200    26 -9999     0 -9999
2025 02 23 09   -33   -83 10202   220    36     4     0 -9999
2025 02 23 10   -33   -83 10201   230    31     4     0 -9999
2025 02 23 11   -39   -83 10197   200    26     4     0 -9999
2025 02 23 12   -33   -78 10193   200    21     6     0 -9999
2025 02 23 13   -33   -78 10195   200    21 -9999     0 -9999
2025 02 23 14   -22   -72 10189   180    36 -9999     0 -9999
2025 02 23 15   -11   -67 10194   210    36     8     0 -9999
2025 02 23 16     0   -61 10188   230    41 -9999     0 -9999
2025 02 23 17    11   -56 10182   210    36 -9999     0 -9999
2025 02 23 18    17   -56 10173   210    41     8     0 -9999
2025 02 23 19    28   -50 10162   170    36 -9999     0 -9999
2025 02 23 20    50   -39 10150   190    46 -9999     0 -9999
2025 02 23 21    61   -33 10149   190    31     6     0 -9999
2025 02 23 22    67   -28 10140   210    41 -9999     0 -9999
2025 02 23 23    67   -22 10138   210    21 -9999     0 -9999
2025 02 24 00    67   -22 10141     0     0     6     0 -9999
2025 02 24 01    44   -22 10136   170    31     2     0 -9999
2025 02 24 02    44   -22 10135   200    21 -9999     0 -9999
2025 02 24 03    33   -22 10128   170    21     4     0 -9999
2025 02 24 04    33   -22 10123   180    31 -9999     0 -9999
2025 02 24 05    50    -6 10115   210    62 -9999     0 -9999
2025 02 24 06    44   -11 10108   210    62     4     0 -9999
2025 02 24 07    44   -17 10095   210    62     4     0 -9999
2025 02 24 08    39   -17 10094   220    57 -9999     0 -9999
2025 02 24 09    33   -17 10078   210    67     8     0 -9999
2025 02 24 10    39   -17 10066   220    72 -9999     0 -9999
2025 02 24 11    44   -17 10064   220    57 -9999     0 -9999
2025 02 24 12    39   -17 10059   210    67     6     0 -9999
2025 02 24 13    39   -11 10056   210    72 -9999     0 -9999
2025 02 24 14    50   -11 10054   220    77 -9999     0 -9999
2025 02 24 15    56    -6 10056   220    72     8     0 -9999
2025 02 24 16    72     0 10060   250    77 -9999     0 -9999
2025 02 24 17    83    11 10061   250    72 -9999     0 -9999
2025 02 24 18   100    22 10059   230    72     8     0 -9999
2025 02 24 19   100    28 10058   250    57 -9999     0 -9999
2025 02 24 20   111    33 10056   250    62 -9999     0 -9999
2025 02 24 21   117    44 10052   230    41     6     0 -9999
2025 02 24 22   111    39 10059   250    57 -9999     0 -9999
2025 02 24 23   111    39 10057   240    36 -9999     0 -9999
2025 02 25 00   106    44 10063   240    36     8     0 -9999
2025 02 25 01   100    44 10071   240    41 -9999     0 -9999
2025 02 25 02    94    44 10076   240    36 -9999     0 -9999
2025 02 25 03    89    39 10071   320    21     8     0 -9999
2025 02 25 04    83    39 10073   190    21 -9999     0 -9999
2025 02 25 05    83    33 10067   180    26 -9999    -1 -9999
2025 02 25 06    83    33 10066   240    21     8    -1     0
2025 02 25 07    67    39 10064     0     0 -9999     5 -9999
2025 02 25 08    56    39 10056   180    15 -9999     0 -9999
2025 02 25 09    39    22 10055     0     0     8     0 -9999
2025 02 25 10    44    28 10061   310    26 -9999     0 -9999
2025 02 25 11    50    28 10065   210    21 -9999     0 -9999
2025 02 25 12    44    28 10072   240    21     4     0     5
2025 02 25 13    44    22 10079   250    21     2     0 -9999
2025 02 25 14    56    22 10092   300    41     0     0 -9999
2025 02 25 15    83    33 10092   320    46     0     0 -9999
2025 02 25 16    94    33 10096   300    31     0     0 -9999
2025 02 25 17   100    22 10100   310    51     2     0 -9999
2025 02 25 18   111    17 10102   330    36     2     0 -9999
2025 02 25 19   111    11 10099   270    31     2     0 -9999
2025 02 25 20   122    17 10100   280    46     2     0 -9999
2025 02 25 21   117    11 10106   280    51     2     0 -9999
2025 02 25 22   117    11 10109   250    41     2     0 -9999
2025 02 25 23   106     6 10111   280    21     2     0 -9999
2025 02 26 00    94     6 10108   270    26     2     0 -9999
2025 02 26 01    78     6 10111     0     0     0     0 -9999
2025 02 26 02    61     0 10115   230    15     0     0 -9999
2025 02 26 03    50     0 10118   170    26     0     0 -9999
2025 02 26 04    39    -6 10119     0     0     0     0 -9999
2025 02 26 05    28   -11 10116     0     0     2     0 -9999
2025 02 26 06    22   -11 10121     0     0     6     0 -9999
2025 02 26 07    28    -6 10130     0     0 -9999     0 -9999
2025 02 26 08    28     0 10111   180    26 -9999     0 -9999
2025 02 26 09    39     0 10114   180    21     8     0 -9999
2025 02 26 10    39     6 10104   150    31 -9999     0 -9999
2025 02 26 11    50     6 10090   140    46 -9999     0 -9999
2025 02 26 12    50    11 10083   120    31     8    -1    -1
2025 02 26 13    50    17 10096    20    51 -9999     8 -9999
2025 02 26 14    39    22 10093   100    46 -9999     8 -9999
2025 02 26 15    44    22 10097    90    41     8     0 -9999
2025 02 26 16    56    28 10100   110    57 -9999     0 -9999
2025 02 26 17    72    33 10088    90    46 -9999     0 -9999
2025 02 26 18    83    33 10077   120    57     6     0    20
2025 02 26 19    72    22 10076   100    36 -9999     0 -9999
2025 02 26 20   100    33 10069    70    31 -9999     0 -9999
2025 02 26 21    83    28 10061    30    51     6     0 -9999
2025 02 26 22    89    28 10066    40    36 -9999     0 -9999
2025 02 26 23    72    22 10072   340    26 -9999     0 -9999
2025 02 27 00    72    22 10085   320    26     6     0 -9999
2025 02 27 01    61    22 10092   350    41 -9999     0 -9999
2025 02 27 02    44    17 10093   350    31 -9999     0 -9999
2025 02 27 03    39    17 10098   340    36     8     0 -9999
2025 02 27 04    39    17 10102   330    46 -9999     0 -9999
2025 02 27 05    33    17 10102   320    36 -9999     5 -9999
2025 02 27 06    33    17 10101   300    26     8     0     5
2025 02 27 07    28    11 10101   290    26 -9999     3 -9999
2025 02 27 08    22    11 10097   260    26     2     0 -9999
2025 02 27 09    22    11 10098   260    36     2     0 -9999
2025 02 27 10    28    22 10097   270    41 -9999     0 -9999
2025 02 27 11    28    22 10100   270    36 -9999     0 -9999
2025 02 27 12    28    22 10099   250    31     8     0     3
2025 02 27 13    28    17 10095   240    57 -9999     0 -9999
2025 02 27 14    22    11 10099   250    46 -9999     0 -9999
2025 02 27 15    44    17 10095   260    51     4     0 -9999
2025 02 27 16    72    22 10093   280    57     2     0 -9999
2025 02 27 17    78    22 10092   270    72     4     0 -9999
2025 02 27 18    89    11 10094   290    88     4     0 -9999
2025 02 27 19    89    -6 10096   290    77 -9999     0 -9999
2025 02 27 20   100    -6 10102   290   108 -9999     0 -9999
2025 02 27 21    89   -17 10108   290    93     6     0 -9999
2025 02 27 22    89    -6 10117   330    72 -9999     0 -9999
2025 02 27 23    83   -17 10125   320    51     4     0 -9999
2025 02 28 00    72   -28 10134   310    51     2     0 -9999
2025 02 28 01    56   -28 10139   320    26     0     0 -9999
2025 02 28 02    44   -33 10142     0     0     0     0 -9999
2025 02 28 03    39   -33 10143   250    21     0     0 -9999
2025 02 28 04    28   -33 10141   230    21     2     0 -9999
2025 02 28 05    28   -28 10131   210    26 -9999     0 -9999
2025 02 28 06    22   -28 10121   220    26     4     0 -9999
2025 02 28 07    17   -28 10116   230    31     4     0 -9999
2025 02 28 08    22   -22 10109   240    41     4     0 -9999
2025 02 28 09    22   -22 10095   220    36     6     0 -9999
2025 02 28 10    22   -28 10082   210    46     2     0 -9999
2025 02 28 11    22   -28 10072   200    46     2     0 -9999
2025 02 28 12    33   -28 10054   210    57 -9999     0 -9999
2025 02 28 13    44   -28 10032   210    67 -9999     0 -9999
2025 02 28 14    56   -33 10017   200    82 -9999     0 -9999
2025 02 28 15    83   -28  9988   210   103 -9999     0 -9999
2025 02 28 16   100   -17  9985   230    82 -9999     0 -9999
2025 02 28 17   106    -6  9977   250    72 -9999     0 -9999
2025 02 28 18   122     6  9972   250    98 -9999     0 -9999
2025 02 28 19   133    17  9967   260    98 -9999     0 -9999
2025 02 28 20   128    11  9961   270    93 -9999     0 -9999
2025 02 28 21   139    11  9958   260   129     4     0 -9999
2025 02 28 22   133     6  9963   270    98 -9999     0 -9999
2025 02 28 23   128     0  9968   270   113 -9999     0 -9999
2025 03 01 00   100     6  9988   290    77     6     0 -9999
2025 03 01 01    83   -17 10002   290   113 -9999     0 -9999
2025 03 01 02    67   -33 10019   290   103 -9999     0 -9999
2025 03 01 03    44   -50 10038   330   108     8     0 -9999
2025 03 01 04    33   -61 10051   320    98 -9999     0 -9999
2025 03 01 05    22   -67 10061   310    72 -9999     0 -9999
2025 03 01 06    11   -89 10071   330    93     6     0 -9999
2025 03 01 07     0   -83 10079   340    88 -9999     0 -9999
2025 03 01 08    -6   -94 10087   320    72 -9999     0 -9999
2025 03 01 09   -11   -94 10099   330    77     6     0 -9999
2025 03 01 10   -22  -111 10114   330    77 -9999    -1 -9999
2025 03 01 11   -28  -111 10132   330    72 -9999     0 -9999
2025 03 01 12   -33  -111 10147   350    82     8    -1    -1
2025 03 01 13   -39  -117 10162    10    72 -9999    -1 -9999
2025 03 01 14   -44  -139 10179    20    93 -9999     0 -9999
2025 03 01 15   -44  -139 10193   350    82     6     0 -9999
2025 03 01 16   -39  -144 10203    10    72     4     0 -9999
2025 03 01 17   -39  -156 10212   350    62     2     0 -9999
2025 03 01 18   -28  -167 10217    10    46     2     0    -1
2025 03 01 19   -22  -172 10216   360    57     2     0 -9999
2025 03 01 20   -11  -156 10217   330    41     2     0 -9999
2025 03 01 21   -17  -167 10220   340    36     2     0 -9999
2025 03 01 22   -11  -150 10223   320    41     2     0 -9999
2025 03 01 23   -22  -167 10227   310    51     2     0 -9999
2025 03 02 00   -33  -156 10234   330    31     0     0 -9999
2025 03 02 01   -39  -144 10240   330    21     0     0 -9999
2025 03 02 02   -39  -144 10241    70    15     0     0 -9999
2025 03 02 03   -44  -133 10243     0     0     0     0 -9999
2025 03 02 04   -44  -128 10243     0     0     0     0 -9999
2025 03 02 05   -56  -128 10243     0     0     0     0 -9999
2025 03 02 06   -56  -122 10242     0     0     0     0 -9999
2025 03 02 07   -61  -122 10246   230    21     0     0 -9999
2025 03 02 08   -67  -122 10246   240    21     0     0 -9999
2025 03 02 09   -67  -122 10246   250    21     0     0 -9999
2025 03 02 10   -72  -122 10249   250    21     0     0 -9999
2025 03 02 11   -72  -122 10254   250    15     0     0 -9999
2025 03 02 12   -78  -122 10257     0     0     0     0 -9999
2025 03 02 13   -78  -117 10258   250    15     2     0 -9999
2025 03 02 14   -50  -111 10265   350    15     4     0 -9999
2025 03 02 15   -33  -128 10267 -9999    15     4     0 -9999
2025 03 02 16   -22  -133 10264     0     0 -9999     0 -9999
2025 03 02 17    -6  -133 10262   310    26 -9999     0 -9999
2025 03 02 18    -6  -139 10253 -9999    21     6     0 -9999
2025 03 02 19     6  -144 10244   220    31 -9999     0 -9999
2025 03 02 20    11  -133 10233   210    31 -9999     0 -9999
2025 03 02 21    17  -139 10228     0     0     6     0 -9999
2025 03 02 22    22  -133 10223   240    26     4     0 -9999
2025 03 02 23    22  -128 10223   220    26 -9999     0 -9999
2025 03 03 00    11  -133 10224   220    26     4     0 -9999
2025 03 03 01     6  -128 10224   250    15     2     0 -9999
2025 03 03 02    -6  -117 10220   250    15     2     0 -9999
2025 03 03 03   -17   -94 10220   130    21     6     0 -9999
2025 03 03 04   -17   -83 10217   140    26 -9999     0 -9999
2025 03 03 05   -11   -78 10208   140    26 -9999     0 -9999
2025 03 03 06    -6   -83 10206   170    15     6     0 -9999
2025 03 03 07     0  -106 10208   180    21 -9999     0 -9999
2025 03 03 08     0  -106 10212     0     0 -9999     0 -9999
2025 03 03 09     6  -111 10210   180    15     8     0 -9999
2025 03 03 10     6   -94 10204   180    26 -9999     0 -9999
2025 03 03 11     6   -78 10196   160    41 -9999     0 -9999
2025 03 03 12     6   -72 10194   180    36     8     0 -9999
2025 03 03 13    11   -78 10193   180    51 -9999     0 -9999
2025 03 03 14    17   -78 10189   180    51 -9999     0 -9999
2025 03 03 15    22   -78 10190   190    57     8     0 -9999
2025 03 03 16    33   -72 10185   190    51 -9999     0 -9999
2025 03 03 17    39   -72 10181   190    51 -9999     0 -9999
2025 03 03 18    44   -72 10175   190    62     8     0 -9999
2025 03 03 19    56   -67 10166   200    57 -9999     0 -9999
2025 03 03 20    72   -56 10149   200    72 -9999     0 -9999
2025 03 03 21    83   -56 10139   200    57     6     0 -9999
2025 03 03 22    89   -50 10132   200    72 -9999     0 -9999
2025 03 03 23    78   -50 10132   190    51 -9999     0 -9999
2025 03 04 00    67   -44 10127   170    46     6     0 -9999
2025 03 04 01    61   -44 10123   160    46 -9999     0 -9999
2025 03 04 02    61   -44 10119   160    41 -9999     0 -9999
2025 03 04 03    67   -39 10115   180    41     8     0 -9999
2025 03 04 04    78   -33 10113   190    62 -9999     0 -9999
2025 03 04 05    78   -39 10101   180    67 -9999     0 -9999
2025 03 04 06    83   -39 10092   190    57     8     0 -9999
2025 03 04 07    83   -33 10089   190    62 -9999    -1 -9999
2025 03 04 08    67     6 10080   180    46 -9999     3 -9999
2025 03 04 09    72    -6 10077   200    41     8     0 -9999
2025 03 04 10    78    -6 10063   190    51 -9999     0 -9999
2025 03 04 11    72    17 10069   210    57 -9999     0 -9999
2025 03 04 12    72    39 10067   220    51     8     3     3
2025 03 04 13    72    61 10066   190    31 -9999    15 -9999
2025 03 04 14    83    61 10066   200    57 -9999     5 -9999
2025 03 04 15    83    50 10062   180    72     8     0 -9999
2025 03 04 16    83    50 10055   180    88 -9999     0 -9999
2025 03 04 17    83    50 10049   200    93 -9999     0 -9999
2025 03 04 18    83    56 10032   180    72     8     0    20
2025 03 04 19    78    61 10016   180    98 -9999    25 -9999
2025 03 04 20    78    61 10017   180    62 -9999    30 -9999
2025 03 04 21    78    61 10013   170    51     8     2 -9999
2025 03 04 22    78    56 10001   150    26 -9999     5 -9999
2025 03 04 23    89    50  9988   100    26 -9999    -1 -9999
2025 03 05 00    83    56  9992    50    51     8     3    90
2025 03 05 01    78    39  9982    90    62 -9999     0 -9999
2025 03 05 02    67    44  9971    80    51 -9999    10 -9999
2025 03 05 03    61    44  9949   100    41     8    13 -9999
2025 03 05 04    67    50  9923    80    51 -9999    20 -9999
2025 03 05 05    72    61  9907 -9999    26 -9999    -1 -9999
2025 03 05 06    67    56  9865    50    41     8     0    40
2025 03 05 07    72    56  9858    10    36 -9999    -1 -9999
2025 03 05 08    67    61  9841   340    21 -9999    36 -9999
2025 03 05 09    67    61  9829   310    21     8    36 -9999
2025 03 05 10    61    56  9817    30    15 -9999     5 -9999
2025 03 05 11    61    56  9818     0     0 -9999     0 -9999
2025 03 05 12   100    83  9815   200    46     8     0    80
2025 03 05 13    94    83  9819   200    51 -9999    13 -9999
2025 03 05 14    94    78  9820   200    51 -9999     0 -9999
2025 03 05 15   100    78  9816   210    57     8     0 -9999
2025 03 05 16   100    72  9819   220    62 -9999     0 -9999
2025 03 05 17   100    61  9819   220    62 -9999     0 -9999
2025 03 05 18    89    61  9825   210    72     8    -1    10
2025 03 05 19    56    44 -9999   310    72 -9999     2 -9999
2025 03 05 20    33    17  9856   320    88 -9999    -1 -9999
2025 03 05 21    28     0  9878   310    88     8    -1 -9999
2025 03 05 22    17    -6  9900   320    88 -9999    -1 -9999
2025 03 05 23     6   -17  9924   310   103 -9999    -1 -9999
2025 03 06 00     6   -39  9948   310   108     8    -1     5
2025 03 06 01     0   -44  9966   310   108 -9999     0 -9999
2025 03 06 02    -6   -56  9983   310    82 -9999     0 -9999
2025 03 06 03    -6   -61  9996   320   103     8    -1 -9999
2025 03 06 04   -11   -61 10008   310    93 -9999    -1 -9999
2025 03 06 05    -6   -61 10017   310    93 -9999     0 -9999
2025 03 06 06    -6   -61 10025   300    77     8     0    -1
2025 03 06 07   -11   -67 10039   310    98 -9999     0 -9999
2025 03 06 08    -6   -61 10049   300    77 -9999     0 -9999
2025 03 06 09   -11   -67 10054   300    77     8     0 -9999
2025 03 06 10   -17   -78 10067   300    67 -9999     0 -9999
2025 03 06 11   -22   -72 10074   290    41     0     0 -9999
2025 03 06 12   -22   -78 10085   300    72     2     0 -9999
2025 03 06 13   -22   -72 10094   290    46 -9999     0 -9999
2025 03 06 14   -17   -78 10106   310    67 -9999     0 -9999
2025 03 06 15   -11   -83 10109   310    82     2     0 -9999
2025 03 06 16     0   -89 10116   300    62     0     0 -9999
2025 03 06 17    17   -89 10126   290    67     0     0 -9999
2025 03 06 18    22   -78 10129   290    72     0     0 -9999
2025 03 06 19    28   -83 10130   300    62     0     0 -9999
2025 03 06 20    39   -89 10129   300    46     0     0 -9999
2025 03 06 21    50   -72 10124   300    62     2     0 -9999
2025 03 06 22    44   -78 10128   270    62 -9999     0 -9999
2025 03 06 23    44   -72 10130   280    46 -9999     0 -9999
2025 03 07 00    33   -61 10133   250    41     2     0 -9999
2025 03 07 01    28   -56 10131   240    21 -9999     0 -9999
2025 03 07 02    22   -50 10134   240    26     0     0 -9999
2025 03 07 03    11   -50 10139   240    26     6     0 -9999
2025 03 07 04    11   -50 10141   240    26 -9999     0 -9999
2025 03 07 05    11   -50 10140   260    26 -9999     0 -9999
2025 03 07 06    17   -44 10138   260    31     8     0 -9999
2025 03 07 07    17   -44 10143   250    36 -9999     0 -9999
2025 03 07 08    17   -44 10141   250    26 -9999     0 -9999
2025 03 07 09    17   -44 10137     0     0     8     0 -9999
2025 03 07 10    17   -44 10136     0     0 -9999     0 -9999
2025 03 07 11    17   -44 10134   210    15 -9999     0 -9999
2025 03 07 12    17   -44 10130   220    26     8     0 -9999
2025 03 07 13    17   -39 10125     0     0 -9999     0 -9999
2025 03 07 14    22   -28 10126   190    15 -9999     0 -9999
2025 03 07 15    33   -17 10122     0     0     8    -1 -9999
2025 03 07 16    44    -6 10112   170    21 -9999     0 -9999
2025 03 07 17    33     0 10111   180    31 -9999    -1 -9999
2025 03 07 18    28     6 10104   120    31     8     3     3
2025 03 07 19    22     6 10093   130    21 -9999    10 -9999
2025 03 07 20    17     0 10086 -9999    26 -9999    10 -9999
2025 03 07 21    17     6 10084    90    26     8     8 -9999
2025 03 07 22    22     6 -9999    80    26 -9999    -1 -9999
2025 03 07 23    22     6 10090    70    26 -9999    -1 -9999
2025 03 08 00    17     0 10097    80    15     8     3    30
2025 03 08 01    17     0 10098   120    26 -9999    -1 -9999
2025 03 08 02    11     0 10106   340    21 -9999     0 -9999
2025 03 08 03    11    -6 10113     0     0     6     0 -9999
2025 03 08 04    11     0 10121   320    41 -9999     0 -9999
2025 03 08 05    11    -6 10123   290    26 -9999     0 -9999
2025 03 08 06     6   -11 10124   290    36     2     0    -1
2025 03 08 07     6   -17 10129   300    36 -9999     0 -9999
2025 03 08 08     0   -22 10139   330    41 -9999     0 -9999
2025 03 08 09    -6   -28 10147   340    41     4     0 -9999
2025 03 08 10   -17   -33 10156   360    26 -9999     0 -9999
2025 03 08 11   -17   -39 10163    20    26 -9999     0 -9999
2025 03 08 12   -28   -50 10171   350    26     4     0 -9999
2025 03 08 13   -17   -39 10174     0     0 -9999     0 -9999
2025 03 08 14     0   -33 10182     0     0 -9999     0 -9999
2025 03 08 15     6   -28 10184     0     0     2     0 -9999
2025 03 08 16    22   -22 10187   220    31 -9999     0 -9999
2025 03 08 17    39   -17 10187   240    31 -9999     0 -9999
2025 03 08 18    56   -28 10179   240    67     2     0 -9999
2025 03 08 19    72   -28 10166   260    46 -9999     0 -9999
2025 03 08 20    83   -17 10157   250    67 -9999     0 -9999
2025 03 08 21    94   -22 10154   270    51     2     0 -9999
2025 03 08 22    94   -28 10152   280    72 -9999     0 -9999
2025 03 08 23    89   -28 10154   250    67 -9999     0 -9999
2025 03 09 00    78   -28 10153   250    57     2     0 -9999
2025 03 09 01    72   -11 10153   230    51 -9999     0 -9999
2025 03 09 02    67   -17 10153   250    46     0     0 -9999
2025 03 09 03    61   -17 10155   250    46     2     0 -9999
2025 03 09 04    56   -22 10156   260    51     0     0 -9999
2025 03 09 05    50   -28 10155   260    41     0     0 -9999
2025 03 09 06    44   -28 10154   260    46     0     0 -9999
2025 03 09 07    44   -33 10154   270    46     0     0 -9999
2025 03 09 08    39   -28 10154   270    36     0     0 -9999
2025 03 09 09    28   -28 10151   260    26     0     0 -9999
2025 03 09 10    22   -28 10152   270    31     0     0 -9999
2025 03 09 11    22   -28 10153   260    31     0     0 -9999
2025 03 09 12    17   -28 10159   260    31     0     0 -9999
2025 03 09 13    17   -22 10161     0     0 -9999     0 -9999
2025 03 09 14    39   -17 10162   230    21 -9999     0 -9999
2025 03 09 15    56   -11 10159   220    41     6     0 -9999
2025 03 09 16    83     0 10160   220    26 -9999     0 -9999
2025 03 09 17   100     0 10154   230    41 -9999     0 -9999
2025 03 09 18   122    -6 10149   260    51     2     0 -9999
2025 03 09 19   133    -6 10137   230    72 -9999     0 -9999
2025 03 09 20   139     0 10128   240    62 -9999     0 -9999
2025 03 09 21   139    11 10124   240    57     4     0 -9999
2025 03 09 22   139     6 10118   230    82 -9999     0 -9999
2025 03 09 23   139     6 10118   250    77 -9999     0 -9999
2025 03 10 00   128     0 10120   240    46     6     0 -9999
2025 03 10 01   122     0 10120   230    46 -9999     0 -9999
2025 03 10 02   111     6 10122   230    36 -9999     0 -9999
2025 03 10 03   100     6 10119   220    36     2     0 -9999
2025 03 10 04   100     0 10117   230    41 -9999     0 -9999
2025 03 10 05    94     0 10112   230    41 -9999     0 -9999
2025 03 10 06    89    -6 10109   240    41 -9999     0 -9999
2025 03 10 07    83    -6 10104   240    41 -9999     0 -9999
2025 03 10 08    67    -6 10103   230    36 -9999     0 -9999
2025 03 10 09    61   -11 10101   240    31     2     0 -9999
2025 03 10 10    56   -11 10099   230    26 -9999     0 -9999
2025 03 10 11    50   -11 10099   220    26 -9999     0 -9999
2025 03 10 12    44   -17 10100   230    31     2     0 -9999
2025 03 10 13    44   -17 10102   230    26 -9999     0 -9999
2025 03 10 14    72   -11 10102   230    21     0     0 -9999
2025 03 10 15   100     0 10100   230    51     0     0 -9999
2025 03 10 16   133    17 10097   230    36 -9999     0 -9999
2025 03 10 17   156    17 10087   230    57 -9999     0 -9999
2025 03 10 18   178    11 10080   230    72     4     0 -9999
2025 03 10 19   183    17 10068   250    67 -9999     0 -9999
2025 03 10 20   189    22 10058   240    72 -9999     0 -9999
2025 03 10 21   200    17 10048   240    51     6     0 -9999
2025 03 10 22   200     6 10041   230    67 -9999     0 -9999
2025 03 10 23   194     6 10034   210    72 -9999     0 -9999
2025 03 11 00   183     0 10029   210    57     6     0 -9999
2025 03 11 01   167     6 10028   200    36     0     0 -9999
2025 03 11 02   167     0 10023   200    51 -9999     0 -9999
2025 03 11 03   167     0 10019   200    67     4     0 -9999
2025 03 11 04   161     6 10011   210    82 -9999     0 -9999
2025 03 11 05   150     6 10008   220    72 -9999     0 -9999
2025 03 11 06   139     6 10009   230    57     4     0 -9999
2025 03 11 07   128    11 10010   220    57 -9999     0 -9999
2025 03 11 08   128    11 10010   240    57 -9999     0 -9999
2025 03 11 09   111    11 10008   230    46     6     0 -9999
2025 03 11 10   100    11 10012   230    21 -9999     0 -9999
2025 03 11 11    94    11 10020   260    26 -9999     0 -9999
2025 03 11 12    89    11 10028   270    31     6     0 -9999
2025 03 11 13    89    17 10041   310    36 -9999     0 -9999
2025 03 11 14   117    28 10059    10    88 -9999     0 -9999
2025 03 11 15    72     6 10084    20   113     6     0 -9999
2025 03 11 16    61     0 10100    20   134 -9999     0 -9999
2025 03 11 17    67   -17 10109    20   129 -9999     0 -9999
2025 03 11 18    67   -39 10115    20   113     6     0 -9999
2025 03 11 19    67   -44 10113    30   108 -9999     0 -9999
2025 03 11 20    72   -56 10114    30   108 -9999     0 -9999
2025 03 11 21    67   -50 10117    30   103     6     0 -9999
2025 03 11 22    56   -50 10120    40    82 -9999     0 -9999
2025 03 11 23    44   -50 10121    40    82 -9999     0 -9999
2025 03 12 00    33   -56 10124    30    67     6     0 -9999
2025 03 12 01    22   -56 10127    30    57 -9999     0 -9999
2025 03 12 02    22   -50 10127    30    62 -9999     0 -9999
2025 03 12 03    22   -39 10126    30    62     4     0 -9999
2025 03 12 04    22   -28 10120    40    46 -9999     0 -9999
2025 03 12 05    28   -22 10117    60    41 -9999     0 -9999
2025 03 12 06    39   -33 10112    70    46     2     0 -9999
2025 03 12 07    44   -50 10107    80    36 -9999     0 -9999
2025 03 12 08    39   -44 10104    80    31 -9999     0 -9999
2025 03 12 09    33   -39 10097   110    41     2     0 -9999
2025 03 12 10    39   -67 10096   100    41 -9999     0 -9999
2025 03 12 11    33   -94 10099   100    46 -9999     0 -9999
2025 03 12 12    33   -78 10104    70    41     2     0 -9999
2025 03 12 13    28   -72 10098    90    41 -9999     0 -9999
2025 03 12 14    50   -89 10100    90    41 -9999     0 -9999
2025 03 12 15    61   -89 10100    90    41     2     0 -9999
2025 03 12 16    67   -83 10102    40    41 -9999     0 -9999
2025 03 12 17    83   -72 10098    70    36 -9999     0 -9999
2025 03 12 18    94   -61 10095    50    26     2     0 -9999
2025 03 12 19   100   -39 10091    40    31 -9999     0 -9999
2025 03 12 20   100   -44 10092    30    31 -9999     0 -9999
2025 03 12 21   100   -50 10093    40    46 -9999     0 -9999
2025 03 12 22    94   -56 10096    20    36 -9999     0 -9999
2025 03 12 23    89   -61 10097    10    41 -9999     0 -9999
2025 03 13 00    72   -56 10104   360    26     4     0 -9999
2025 03 13 01    67   -50 10109    50    36 -9999     0 -9999
2025 03 13 02    56   -67 10112    80    36 -9999     0 -9999
2025 03 13 03    39   -56 10118    30    31     2     0 -9999
2025 03 13 04    33   -50 10120    50    26 -9999     0 -9999
2025 03 13 05    33   -56 10116    40    21 -9999     0 -9999
2025 03 13 06    17   -33 10116    30    21     2     0 -9999
2025 03 13 07    22   -28 10114    20    31 -9999     0 -9999
2025 03 13 08     6   -28 10113    20    31 -9999     0 -9999
2025 03 13 09    11   -17 10112    10    21     2     0 -9999
2025 03 13 10    11   -11 10114   360    21 -9999     0 -9999
2025 03 13 11    11   -11 10120    10    26 -9999     0 -9999
2025 03 13 12    17   -11 10123     0     0     2     0 -9999
2025 03 13 13    33     0 10124    30    15 -9999     0 -9999
2025 03 13 14    61    11 10125     0     0 -9999     0 -9999
2025 03 13 15    94    11 10130    90    21     2     0 -9999
2025 03 13 16   122     6 10131   100    31 -9999     0 -9999
2025 03 13 17   144     0 10133    90    41 -9999     0 -9999
2025 03 13 18   144     0 10129   110    62     4     0 -9999
2025 03 13 19   150     0 10122    90    62 -9999     0 -9999
2025 03 13 20   156     0 10114    80    46 -9999     0 -9999
2025 03 13 21   150     6 10109    90    51     2     0 -9999
2025 03 13 22   144     0 10109    60    41 -9999     0 -9999
2025 03 13 23   128   -11 10108    60    46 -9999     0 -9999
2025 03 14 00   106   -17 10109    80    36     2     0 -9999
2025 03 14 01    89   -17 10107    80    31     0     0 -9999
2025 03 14 02    78    -6 10105   100    31     0     0 -9999
2025 03 14 03    72    -6 10098    90    21     0     0 -9999
2025 03 14 04    72     0 10095   120    15 -9999     0 -9999
2025 03 14 05    89    11 10093   140    36 -9999     0 -9999
2025 03 14 06   100    17 10087   140    41     6     0 -9999
2025 03 14 07   100    17 10082   140    41 -9999     0 -9999
2025 03 14 08    94    17 10072   140    41 -9999     0 -9999
2025 03 14 09    94    17 10065   150    41     4     0 -9999
2025 03 14 10   100    22 10062   150    41 -9999     0 -9999
2025 03 14 11    94    28 10061   160    41 -9999     0 -9999
2025 03 14 12    94    39 10056   160    41     6     0 -9999
2025 03 14 13   100    50 10056   160    41 -9999     0 -9999
2025 03 14 14   128    67 10047   170    46 -9999     0 -9999
2025 03 14 15   167    83 10042   170    51     6     0 -9999
2025 03 14 16   200    89 10034   170    72 -9999     0 -9999
2025 03 14 17   222   100 10021   170    77 -9999     0 -9999
2025 03 14 18   239    94 10004   170   103     2     0 -9999
2025 03 14 19   250   106  9988   150   124 -9999     0 -9999
2025 03 14 20   256    94  9975   170   118 -9999     0 -9999
2025 03 14 21   256   106  9961   160    82     6     0 -9999
2025 03 14 22   250   106  9951   180    77 -9999     0 -9999
2025 03 14 23   250   111  9942   150   108 -9999     0 -9999
2025 03 15 00   239   111  9934   160    82     6     0 -9999
2025 03 15 01   233    94  9932   160    82 -9999     0 -9999
2025 03 15 02   228   106  9926   150    77 -9999     0 -9999
2025 03 15 03   228   111  9926   170   113     8     0 -9999
2025 03 15 04   228   100  9908   170   118 -9999     0 -9999
2025 03 15 05   222   106  9903   170   108 -9999    -1 -9999
2025 03 15 06   128   111  9928   250    93     8    38    30
2025 03 15 07   122   111  9899   120    62 -9999    76 -9999
2025 03 15 08   128   111  9893   180    31 -9999    -1 -9999
2025 03 15 09   133   111  9890   160    41     6     0 -9999
2025 03 15 10   133   106  9889   170    72 -9999     0 -9999
2025 03 15 11   144    89  9883   180    57 -9999     0 -9999
2025 03 15 12   144   111  9880   170    77     6     0    90
2025 03 15 13   156   117  9881   180    98 -9999     0 -9999
2025 03 15 14   161    89  9889   200    98 -9999     0 -9999
2025 03 15 15   172    61  9888   200   108     8     0 -9999
2025 03 15 16   172    50  9895   210   113 -9999     0 -9999
2025 03 15 17   172    50  9904   210    98 -9999     0 -9999
2025 03 15 18   183    67  9914   220    82     6     0 -9999
2025 03 15 19   183    67  9907   200   108 -9999     0 -9999
2025 03 15 20   178    67  9915   220    88 -9999     0 -9999
2025 03 15 21   167    67  9916   230   118     8     0 -9999
2025 03 15 22   128    61  9931   250    72 -9999     0 -9999
2025 03 15 23   111    50  9943   260    72 -9999     0 -9999
2025 03 16 00   106    44  9951   240    41     8     0 -9999
2025 03 16 01    94    33  9947   270    31 -9999     0 -9999
2025 03 16 02    78    22  9965   290    36 -9999     0 -9999
2025 03 16 03    67    17  9972   300    41     8     0 -9999
2025 03 16 04    67    11  9964   290    36 -9999    -1 -9999
2025 03 16 05    56    22  9963   320    36 -9999     3 -9999
2025 03 16 06    50    17  9958   310    26     8    -1     3
2025 03 16 07    39    11  9954   310    36 -9999     3 -9999
2025 03 16 08    33    11  9957   330    26 -9999     3 -9999
2025 03 16 09    22     6  9961   300    46     8    13 -9999
2025 03 16 10    22     0  9957   320    57 -9999     3 -9999
2025 03 16 11    17    -6  9970   320    31 -9999    -1 -9999
2025 03 16 12    17   -11  9977   310    51     8     0    20
2025 03 16 13    11   -17  9989   310    57 -9999     0 -9999
2025 03 16 14     6   -17 10003   310    57 -9999    -1 -9999
2025 03 16 15    -6   -22 10020   320    51     8     8 -9999
2025 03 16 16    -6   -22 10032   300    57 -9999     5 -9999
2025 03 16 17    -6   -22 10044   300    41     9    13 -9999
2025 03 16 18     0   -22 10056   320    46     8    -1    30
2025 03 16 19     6   -28 10067   300    62 -9999    -1 -9999
2025 03 16 20     6   -39 10079   280    62 -9999    -1 -9999
2025 03 16 21    11   -39 10095   290    41     8     0 -9999
2025 03 16 22     6   -50 10110   310    41 -9999     0 -9999
2025 03 16 23    17   -50 10123   280    41 -9999     0 -9999
2025 03 17 00    11   -61 10138   250    26     2     0    -1
2025 03 17 01     6   -56 10148   210    26 -9999     0 -9999
2025 03 17 02     0   -56 10158   210    15 -9999     0 -9999
2025 03 17 03     0   -56 10170   240    26     2     0 -9999
2025 03 17 04    -6   -50 10178   260    26 -9999     0 -9999
2025 03 17 05    -6   -50 10186   260    21 -9999     0 -9999
2025 03 17 06   -11   -50 10193   260    26     2     0 -9999
2025 03 17 07   -11   -56 10200   260    26     0     0 -9999
2025 03 17 08   -17   -56 10198     0     0     0     0 -9999
2025 03 17 09   -28   -56 10199     0     0     0     0 -9999
2025 03 17 10   -28   -56 10204   240    26     0     0 -9999
2025 03 17 11   -28   -56 10204   220    15 -9999     0 -9999
2025 03 17 12   -28   -56 10209   190    15     2     0 -9999
2025 03 17 13   -17   -44 10220     0     0 -9999     0 -9999
2025 03 17 14    11   -39 10224   170    15 -9999     0 -9999
2025 03 17 15    39   -50 10220   160    57     6     0 -9999
2025 03 17 16    56   -56 10210   150    77 -9999     0 -9999
2025 03 17 17    61   -56 10199   190    62 -9999     0 -9999
2025 03 17 18    72   -44 10193   190    77     4     0 -9999
2025 03 17 19    94   -44 10176   190    93 -9999     0 -9999
2025 03 17 20   106   -39 10156   170   103 -9999     0 -9999
2025 03 17 21   117   -28 10137   170   113     2     0 -9999
2025 03 17 22   117   -17 10124   170    98 -9999     0 -9999
2025 03 17 23   117   -17 10121   180    82 -9999     0 -9999
2025 03 18 00   106   -11 10129   190    67     2     0 -9999
2025 03 18 01   100     6 10131   190    57     0     0 -9999
2025 03 18 02    94     6 10131   190    88     0     0 -9999
2025 03 18 03    89     0 10128   190    88     0     0 -9999
2025 03 18 04    83     0 10127   190    77     0     0 -9999
2025 03 18 05    83     0 10122   190    72     0     0 -9999
2025 03 18 06    83     0 10117   200    67     2     0 -9999
2025 03 18 07    83     0 10113   190    67 -9999     0 -9999
2025 03 18 08    83     6 10105   200    57 -9999     0 -9999
2025 03 18 09    94    11 10101   200    77     6     0 -9999
2025 03 18 10    89    11 10100   200    67 -9999     0 -9999
2025 03 18 11    83    11 10102   200    62 -9999     0 -9999
2025 03 18 12    83    11 10103   190    57     2     0 -9999
2025 03 18 13    78    17 10098   190    41 -9999     0 -9999
2025 03 18 14    89    17 10093   190    51 -9999     0 -9999
2025 03 18 15   100    22 10096   200    41     6     0 -9999
2025 03 18 16   117    22 10091   180    41 -9999     0 -9999
2025 03 18 17   144    33 10079   180    41 -9999     0 -9999
2025 03 18 18   156    39 10064   170    46     8     0 -9999
2025 03 18 19   183    50 10048   170    41 -9999     0 -9999
2025 03 18 20   194    56 10035   180    67 -9999     0 -9999
2025 03 18 21   217    72 10020   160    67     6     0 -9999
2025 03 18 22   217    78 10011   190    57 -9999     0 -9999
2025 03 18 23   217    72 10011   180    72 -9999     0 -9999
2025 03 19 00   206    72 10015   180    26     8     0 -9999
2025 03 19 01   183    78 10021   100    21 -9999     0 -9999
2025 03 19 02    78    28 10028    20    57 -9999     0 -9999
2025 03 19 03    67    22 10033    20    51     8     0 -9999
2025 03 19 04    61    22 10033    30    46 -9999     0 -9999
2025 03 19 05    61    22 10032    30    46 -9999     0 -9999
2025 03 19 06    61    28 10032    20    26     8     0 -9999
2025 03 19 07    61    28 10027    40    41 -9999     0 -9999
2025 03 19 08    56    22 10024    50    36 -9999     0 -9999
2025 03 19 09    50    22 10021    50    41     8     0 -9999
2025 03 19 10    44    17 10023    40    46 -9999     0 -9999
2025 03 19 11    44    17 10021    20    46 -9999     0 -9999
2025 03 19 12    44    22 10018    50    31     6     0 -9999
2025 03 19 13    50    22 10024    30    46 -9999     0 -9999
2025 03 19 14    61    28 10017    30    57 -9999     0 -9999
2025 03 19 15    72    28 10010    60    67     6     0 -9999
2025 03 19 16    83    28 10014    30    72 -9999     0 -9999
2025 03 19 17    61    22 10008    30    77 -9999     0 -9999
2025 03 19 18    56    33  9998    30    77     8    -1    -1
2025 03 19 19    44    33  9969    60    77 -9999    23 -9999
2025 03 19 20    44    33  9974    50    77 -9999    13 -9999
2025 03 19 21    44    33  9944    50    82     8     8 -9999
2025 03 19 22    50    39  9943    40    72 -9999     0 -9999
2025 03 19 23    56    44  9958   290    67 -9999    58 -9999
2025 03 20 00    44    28  9959   350    93     8    33   130
2025 03 20 01    44    22 -9999    20    77 -9999    -1 -9999
2025 03 20 02    39    22  9981   350    46 -9999     0 -9999
2025 03 20 03    33    11  9990   350    77     8     0 -9999
2025 03 20 04    28     6 -9999   360    82 -9999    -1 -9999
2025 03 20 05    22     0  9994    10    88 -9999     3 -9999
2025 03 20 06    22     0  9983    10    93     8    -1     3
2025 03 20 07    22    -6  9993   360   108 -9999     0 -9999
2025 03 20 08    11   -11 10011   330    67 -9999    10 -9999
2025 03 20 09     6    -6 10024   320    51     9    18 -9999
2025 03 20 10     0   -11 10039   320    51     9    18 -9999
2025 03 20 11     0   -11 10051   320    62 -9999    10 -9999
2025 03 20 12    -6   -22 10065   320    82     8    -1    60
2025 03 20 13    -6   -33 -9999   320    72 -9999    -1 -9999
2025 03 20 14     0   -50 10092   320    72 -9999    -1 -9999
2025 03 20 15    11   -56 10107   330    72     6     0 -9999
2025 03 20 16    22   -50 10118   320    82 -9999     0 -9999
2025 03 20 17    28   -50 10126   350    72 -9999     0 -9999
2025 03 20 18    39   -39 10134   310    67     4     0    -1
2025 03 20 19    44   -50 10137   310    62 -9999     0 -9999
2025 03 20 20    61   -44 10141   310    57 -9999     0 -9999
2025 03 20 21    67   -44 10143   320    57     2     0 -9999
2025 03 20 22    67   -72 10148   300    51 -9999     0 -9999
2025 03 20 23    67   -67 10153   300    46 -9999     0 -9999
2025 03 21 00    50   -83 10159   310    41     4     0 -9999
2025 03 21 01    28   -39 10165   100    41 -9999     0 -9999
2025 03 21 02    17   -33 10168   120    26 -9999     0 -9999
2025 03 21 03    11   -33 10167   160    26     4     0 -9999
2025 03 21 04    11   -33 10167   170    31 -9999     0 -9999
2025 03 21 05     6   -33 10168   180    26 -9999     0 -9999
2025 03 21 06     0   -39 10163   190    21     0     0 -9999
2025 03 21 07     0   -44 10158   200    21     0     0 -9999
2025 03 21 08     0   -50 10147   200    31 -9999     0 -9999
2025 03 21 09     0   -56 10142   210    31     0     0 -9999
2025 03 21 10     0   -50 10137   200    26 -9999     0 -9999
2025 03 21 11     0   -50 10128   190    31 -9999     0 -9999
2025 03 21 12    17   -44 10125   210    51     4     0 -9999
2025 03 21 13    28   -44 10121   210    77 -9999     0 -9999
2025 03 21 14    44   -39 10118   210    77 -9999     0 -9999
2025 03 21 15    67   -39 10108   200    72     6     0 -9999
2025 03 21 16    89   -33 10096   200    93 -9999     0 -9999
2025 03 21 17   100   -28 10080   210    82 -9999     0 -9999
2025 03 21 18   128   -17 10068   200   103     2     0 -9999
2025 03 21 19   139    -6 10053   210    93 -9999     0 -9999
2025 03 21 20   144    -6 10038   200    93 -9999     0 -9999
2025 03 21 21   150   -11 10029   210   129     8     0 -9999
2025 03 21 22   150   -11 10020   210    88 -9999     0 -9999
2025 03 21 23   144   -17 10028   220    98 -9999     0 -9999
2025 03 22 00   133   -17 10026   200    72     8     0 -9999
2025 03 22 01   133   -17 10023   210    57 -9999     0 -9999
2025 03 22 02   128   -17 10022   210    51 -9999     0 -9999
2025 03 22 03   122     0 10027   240    62     8    -1 -9999
2025 03 22 04   111    17 10026   260    41 -9999    -1 -9999
2025 03 22 05   100    17 10031   280    57 -9999     0 -9999
2025 03 22 06    89    17 10039   300    77     2     0     0
2025 03 22 07    78    11 10050   300    62 -9999     0 -9999
2025 03 22 08    78    11 10059   300    57 -9999     0 -9999
2025 03 22 09    67   -17 10069   300    62     6     0 -9999
2025 03 22 10    50   -39 10082   310    46 -9999     0 -9999
2025 03 22 11    39   -50 10096   310    46 -9999     0 -9999
2025 03 22 12    28   -44 10111    10    51 -9999     0 -9999
2025 03 22 13    22   -61 10127   350    67 -9999     0 -9999
2025 03 22 14    28   -67 10138   340    62 -9999     0 -9999
2025 03 22 15    39   -67 10153   360    46     2     0 -9999
2025 03 22 16    44   -78 10165 -9999    26 -9999     0 -9999
2025 03 22 17    50   -83 10170 -9999    21 -9999     0 -9999
2025 03 22 18    56   -89 10170 -9999    21     2     0 -9999
2025 03 22 19    72   -94 10174    80    31 -9999     0 -9999
2025 03 22 20    72  -100 10175    80    36 -9999     0 -9999
2025 03 22 21    56   -33 10173    80    57     2     0 -9999
2025 03 22 22    50   -33 10176   100    57 -9999     0 -9999
2025 03 22 23    39   -33 10179    90    51 -9999     0 -9999
2025 03 23 00    22   -39 10180    90    46     4     0 -9999
2025 03 23 01    11   -39 10183    80    36 -9999     0 -9999
2025 03 23 02    11   -33 10188   100    36 -9999     0 -9999
2025 03 23 03    11   -33 10189    90    31     8     0 -9999
2025 03 23 04    17   -28 10188   120    41 -9999     0 -9999
2025 03 23 05    17   -22 10187   120    41 -9999     0 -9999
2025 03 23 06    22   -17 10181   120    41     6     0 -9999
2025 03 23 07    22   -22 10174   110    31 -9999     0 -9999
2025 03 23 08    17   -33 10166   130    26 -9999     0 -9999
2025 03 23 09    22   -33 10158   130    36     6     0 -9999
2025 03 23 10    28   -39 10144   120    41 -9999     0 -9999
2025 03 23 11    33   -39 10144   140    41 -9999     0 -9999
2025 03 23 12    33   -44 10133   150    62     8     0 -9999
2025 03 23 13    39   -44 10129   150    57 -9999     0 -9999
2025 03 23 14    50   -44 10127   150    62 -9999     0 -9999
2025 03 23 15    61   -44 10110   140    77     8     0 -9999
2025 03 23 16    78   -33 10100   150    67 -9999     0 -9999
2025 03 23 17   106    -6 10075   140    82 -9999     0 -9999
2025 03 23 18   100    17 10060   170    77     6     0 -9999
2025 03 23 19    83    11 10053   160    82 -9999     0 -9999
2025 03 23 20    78    22 -9999   160    62 -9999     0 -9999
2025 03 23 21    67    50 10032   170    57     8    28 -9999
2025 03 23 22    72    56 10020   160    51 -9999    18 -9999
2025 03 23 23    78    61 10005   190    46 -9999    -1 -9999
2025 03 24 00    72    50 10015   250    98     8    10    60
2025 03 24 01    56    17 10030   260    93 -9999     0 -9999
2025 03 24 02    56     6 10043   270   103 -9999     0 -9999
2025 03 24 03    50   -11 10044   270    98     6     0 -9999
2025 03 24 04    44   -11 10045   270    72 -9999     0 -9999
2025 03 24 05    39   -22 10045   260    88 -9999     0 -9999
2025 03 24 06    33   -22 10045   270   118     8     0    -1
2025 03 24 07    28   -28 10045   280    77 -9999     0 -9999
2025 03 24 08    22   -33 10045   280    93 -9999     0 -9999
2025 03 24 09    22   -50 10046   270    98     8     0 -9999
2025 03 24 10    17   -44 10049   270    67 -9999     0 -9999
2025 03 24 11    17   -39 10054   260    62 -9999     0 -9999
2025 03 24 12    17   -44 10063   270    72     8     0 -9999
2025 03 24 13    11   -56 10075   270    98 -9999     0 -9999
2025 03 24 14    11   -56 10077   270    88 -9999     0 -9999
2025 03 24 15    11   -50 10079   280   108     8     0 -9999
2025 03 24 16    28   -44 10086   300    77 -9999     0 -9999
2025 03 24 17    28   -44 10092   280    88 -9999     0 -9999
2025 03 24 18    39   -39 10094   280    67     6     0 -9999
2025 03 24 19    67   -28 10088   260    98 -9999     0 -9999
2025 03 24 20    83   -44 10089   270   103 -9999     0 -9999
2025 03 24 21    94   -56 10094   300    62     2     0 -9999
2025 03 24 22    94   -67 10100   270    93 -9999     0 -9999
2025 03 24 23    89   -67 10108   280    57 -9999     0 -9999
2025 03 25 00    83   -72 10114   290    46     4     0 -9999
2025 03 25 01    72   -67 10121   280    46 -9999     0 -9999
2025 03 25 02    67   -61 10133   280    41 -9999     0 -9999
2025 03 25 03    61   -61 10137   290    41     4     0 -9999
2025 03 25 04    56   -61 10137   300    31 -9999     0 -9999
2025 03 25 05    28   -39 10139    90    21 -9999     0 -9999
2025 03 25 06    17   -28 10137   130    26     4     0 -9999
2025 03 25 07    17   -22 10137   150    15 -9999     0 -9999
2025 03 25 08     6   -22 10134     0     0 -9999     0 -9999
2025 03 25 09    11   -22 10134     0     0     6     0 -9999
2025 03 25 10     6   -28 10139     0     0 -9999     0 -9999
2025 03 25 11     6   -33 10142     0     0 -9999     0 -9999
2025 03 25 12     6   -39 10151   300    21     6     0 -9999
2025 03 25 13    22   -33 10155   300    26 -9999     0 -9999
2025 03 25 14    39   -33 10159   320    26 -9999     0 -9999
2025 03 25 15    61   -44 10165   320    41     6     0 -9999
2025 03 25 16    72   -61 10169   310    57 -9999     0 -9999
2025 03 25 17    83   -67 10171   310    62 -9999     0 -9999
2025 03 25 18    94   -78 10173   310    57     2     0 -9999
2025 03 25 19   100   -72 10172   310    93 -9999     0 -9999
2025 03 25 20    94   -72 10171   330    67 -9999     0 -9999
2025 03 25 21   100   -67 10177   330    77     4     0 -9999
2025 03 25 22    78   -22 10182    60    51 -9999     0 -9999
2025 03 25 23    61   -33 10192    60    46 -9999     0 -9999
2025 03 26 00    50   -28 10198   100    41     2     0 -9999
2025 03 26 01    33   -33 10205   120    21 -9999     0 -9999
2025 03 26 02    28   -28 10208   100    26 -9999     0 -9999
2025 03 26 03    22   -28 10208   100    21     0     0 -9999
2025 03 26 04    17   -28 10208   140    31 -9999     0 -9999
2025 03 26 05    11   -28 10212   150    26 -9999     0 -9999
2025 03 26 06    17   -22 10215     0     0     6     0 -9999
2025 03 26 07    17   -17 10216    90    15 -9999     0 -9999
2025 03 26 08    11   -28 10216     0     0 -9999     0 -9999
2025 03 26 09     0   -33 10216     0     0     4     0 -9999
2025 03 26 10     0   -33 10217     0     0 -9999     0 -9999
2025 03 26 11     6   -33 10220   180    15 -9999     0 -9999
2025 03 26 12     0   -39 10227     0     0     6     0 -9999
2025 03 26 13    17   -28 10233     0     0 -9999     0 -9999
2025 03 26 14    28   -28 10241    30    21 -9999     0 -9999
2025 03 26 15    44   -17 10247   100    21     6     0 -9999
2025 03 26 16    61   -17 10249     0     0 -9999     0 -9999
2025 03 26 17    67   -17 10250   130    21 -9999 -9999 -9999
2025 03 26 18    89   -28 10245   180    31     6     0     0
2025 03 26 19   106   -11 10236 -9999    15 -9999     0 -9999
2025 03 26 20   122   -22 10228 -9999    26 -9999     0 -9999
2025 03 26 21   117   -22 10225     0     0     6     0 -9999
2025 03 26 22    94     0 10224    80    46 -9999     0 -9999
2025 03 26 23    78   -11 10228    80    46 -9999     0 -9999
2025 03 27 00    67   -17 10228   100    36     6     0 -9999
2025 03 27 01    56   -22 10229    90    26 -9999     0 -9999
2025 03 27 02    56   -22 10229   120    26 -9999     0 -9999
2025 03 27 03    56   -22 10234   120    21     8     0 -9999
2025 03 27 04    56   -17 10231   160    21 -9999     0 -9999
2025 03 27 05    56   -11 10229   180    26 -9999     0 -9999
2025 03 27 06    61   -11 10230   190    26     8     0 -9999
2025 03 27 07    56    -6 10223   190    31 -9999     0 -9999
2025 03 27 08    61     0 10218   200    26 -9999     0 -9999
2025 03 27 09    67    -6 10213   210    31     6     0 -9999
2025 03 27 10    72    -6 10218   230    31 -9999     0 -9999
2025 03 27 11    72     0 10221   210    21 -9999     0 -9999
2025 03 27 12    72     0 10226   220    26     8     0 -9999
2025 03 27 13    83     0 10226   220    26 -9999     0 -9999
2025 03 27 14    83     6 10227   210    26 -9999     0 -9999
2025 03 27 15    94     6 10231   220    31     8     0 -9999
2025 03 27 16   106     6 10229   220    41 -9999     0 -9999
2025 03 27 17   106    17 10226   210    26 -9999     0 -9999
2025 03 27 18   111    28 10224   210    46 -9999    -1 -9999
2025 03 27 19   117    22 10218   210    57 -9999    -1 -9999
2025 03 27 20   117    22 10212   200    46 -9999     0 -9999
2025 03 27 21   122    22 10205   200    51 -9999     0 -9999
2025 03 27 22   117    28 10204   210    41 -9999     0 -9999
2025 03 27 23   111    44 10197   170    26 -9999     0 -9999
2025 03 28 00   111    33 10190   140    46 -9999     0    -1
2025 03 28 01   100    28 10185   140    26 -9999     0 -9999
2025 03 28 02   100    39 10189   150    31 -9999     0 -9999
2025 03 28 03   100    44 10182   140    31 -9999     0 -9999
2025 03 28 04   100    44 10176   150    36 -9999     0 -9999
2025 03 28 05   100    44 10178   150    46 -9999     0 -9999
2025 03 28 06   100    44 10171   140    31     8     0 -9999
2025 03 28 07    94    44 10162   150    36 -9999     0 -9999
2025 03 28 08    94    44 10150   130    26 -9999     0 -9999
2025 03 28 09   100    44 10134   160    31     8     3 -9999
2025 03 28 10    89    56 10122   120    31 -9999    -1 -9999
2025 03 28 11    94    72 10115   160    15 -9999     3 -9999
2025 03 28 12   100    78 10120   350    82     8    -1     5
2025 03 28 13    94    78 10124   110    26 -9999     0 -9999
2025 03 28 14   117    89 10116   150    36 -9999     0 -9999
2025 03 28 15   150    94 10124 -9999    21     6     0 -9999
2025 03 28 16   167   106 10119   190    31 -9999     0 -9999
2025 03 28 17   200   122 10101   180    57 -9999     0 -9999
2025 03 28 18   233   122 10093   230    82     6     0 -9999
2025 03 28 19   239   117 10090   230   113 -9999     0 -9999
2025 03 28 20   250   106 10078   220   103 -9999     0 -9999
2025 03 28 21   250   100 10070   220   113     4     0 -9999
2025 03 28 22   250   100 10064   210   108 -9999     0 -9999
2025 03 28 23   250    94 10060   220    72 -9999     0 -9999
2025 03 29 00   250    94 10059   220    67     2     0 -9999
2025 03 29 01   233    94 10057   210    72 -9999     0 -9999
2025 03 29 02   228   100 10064   220    88 -9999     0 -9999
2025 03 29 03   217   111 10070   230   118     4     0 -9999
2025 03 29 04   211   106 10078   230    82 -9999     0 -9999
2025 03 29 05   200   100 10076   210    82 -9999     0 -9999
2025 03 29 06   194   106 10073   220    98     4     0 -9999
2025 03 29 07   189   106 10078   220    77 -9999     0 -9999
2025 03 29 08   178   106 10079   220    82 -9999     0 -9999
2025 03 29 09   172   106 10081   220    46     6     0 -9999
2025 03 29 10   167   100 10088   220    41 -9999     0 -9999
2025 03 29 11   161   100 10091   210    46 -9999     0 -9999
2025 03 29 12   167   106 10096   210    46     8     0 -9999
2025 03 29 13   167   111 10103   200    31 -9999     0 -9999
2025 03 29 14   167   117 10101   210    46 -9999     0 -9999
2025 03 29 15   189   122 10103   210    72     8     0 -9999
2025 03 29 16   183   133 10106   210    57 -9999     0 -9999
2025 03 29 17   189   128 10102   200    62 -9999     0 -9999
2025 03 29 18   206   139 10098   200    62     6     0 -9999
2025 03 29 19   206   139 10092   200    62 -9999     0 -9999
2025 03 29 20   206   139 10087   200    62 -9999     0 -9999
2025 03 29 21   211   150 10084   180    46     6     0 -9999
2025 03 29 22   194   144 10084   180    82 -9999     0 -9999
2025 03 29 23   100    50 10094    50    41 -9999     0 -9999
2025 03 30 00    78    56 10094    50    46     8    -1    -1
2025 03 30 01    72    56 10095    30    46 -9999    -1 -9999
2025 03 30 02    72    56 10095    40    41 -9999    -1 -9999
2025 03 30 03    67    56 10091    40    36     8    -1 -9999
2025 03 30 04    61    56 10089    60    31 -9999     5 -9999
2025 03 30 05    61    50 10084    50    36 -9999     3 -9999
2025 03 30 06    61    50 10075    40    26     8     3    20
2025 03 30 07    61    56 10066    50    21 -9999     3 -9999
2025 03 30 08    67    61 10054    50    21 -9999    -1 -9999
2025 03 30 09    67    61 10049    20    21     8    -1 -9999
2025 03 30 10    78    72 10040   100    15 -9999    -1 -9999
2025 03 30 11    89    78 10043    70    21 -9999    -1 -9999
2025 03 30 12    89    78 10040    50    21     8     0     3
2025 03 30 13   111   106 10039     0     0 -9999     0 -9999
2025 03 30 14   172   156 10032   210    77 -9999     0 -9999
2025 03 30 15   183   161 10027   200    57     8     0 -9999
2025 03 30 16   194   167 10021   200    93 -9999     0 -9999
2025 03 30 17   211   167 10008   190    46 -9999     0 -9999
2025 03 30 18   228   156  9998   200    72     6     0 -9999
2025 03 30 19   239   139  9984   200    93 -9999     0 -9999
2025 03 30 20   189   144  9987   230    41 -9999    23 -9999
2025 03 30 21   183   111  9992   250    77     8    -1 -9999
2025 03 30 22   172   106  9994   240    93 -9999    -1 -9999
2025 03 30 23   150    89  9997   250    98 -9999     0 -9999
2025 03 31 00   122    67 10009   260    77     8     0    20
2025 03 31 01   106    56 10014   250    82 -9999     0 -9999
2025 03 31 02    94    39 10027   260    88 -9999     0 -9999
2025 03 31 03    83    28 10023   250    72     8     0 -9999
2025 03 31 04    72    22 10029   280    57 -9999    -1 -9999
2025 03 31 05    67    11 10037   250    57 -9999     0 -9999
2025 03 31 06    56    22 10041   260    62     8    -1    -1
2025 03 31 07    50    28 10042   270    51 -9999     3 -9999
2025 03 31 08    33    11 10055   340    57 -9999    -1 -9999
2025 03 31 09    28     0 10072   330    67     8    -1 -9999
2025 03 31 10    22   -11 10083   320    51 -9999     0 -9999
2025 03 31 11    17   -17 10095   360    67 -9999     0 -9999
2025 03 31 12    11   -17 10103   330    57     8    -1     3
2025 03 31 13    17   -28 10117   350    57 -9999     0 -9999
2025 03 31 14    17   -28 10124   340    72 -9999     0 -9999
2025 03 31 15    17   -28 10131   330    67     8     0 -9999
2025 03 31 16    22   -28 10153   340    51 -9999     0 -9999
2025 03 31 17    33   -22 10151   330    57 -9999     0 -9999
2025 03 31 18    39   -17 10154   310    36     8     0 -9999
2025 03 31 19    50   -22 10156   340    46 -9999     0 -9999
2025 03 31 20    61   -17 10153   330    57 -9999     0 -9999
2025 03 31 21    67   -17 10151   310    46     4     0 -9999
2025 03 31 22    83   -28 10153   350    46     4 -9999 -9999
2025 03 31 23    83   -39 10155   330    51 -9999 -9999 -9999
2025 04 01 00    56   -17 10162    70    51     2 -9999 -9999
2025 04 01 01    28   -17 10174    50    41 -9999 -9999 -9999
2025 04 01 02    22   -28 10185    50    36     0 -9999 -9999
2025 04 01 03    22   -28 10190    60    41     2 -9999 -9999
2025 04 01 04    17   -22 10201    50    46     2 -9999 -9999
2025 04 01 05    22   -22 10204    60    36 -9999 -9999 -9999
2025 04 01 06    22   -22 10209    60    41     6 -9999 -9999
2025 04 01 07    17   -39 -9999    30    57     4     0 -9999
2025 04 01 08    17   -44 10206    40    62     4     0 -9999
2025 04 01 09    11   -50 10203    60    51     2     0 -9999
2025 04 01 10    11   -56 10210    60    36     2     0 -9999
2025 04 01 11    11   -56 10213    80    36     2     0 -9999
2025 04 01 12    11   -50 10210    80    46     4     0 -9999
2025 04 01 13    22   -61 10217    80    46     2     0 -9999
2025 04 01 14    33   -83 10225   120    26     2     0 -9999
2025 04 01 15    39   -67 10225    80    57     4     0 -9999
2025 04 01 16    44   -44 10221    90    62 -9999     0 -9999
2025 04 01 17    44   -50 10215    80    57 -9999     0 -9999
2025 04 01 18    44   -78 10205    80    51     8     0 -9999
2025 04 01 19    50   -61 10199    90    62 -9999     0 -9999
2025 04 01 20    50   -50 10195   100    36 -9999     0 -9999
2025 04 01 21    56   -50 10195   100    41     8     0 -9999
2025 04 01 22    50   -50 10186    70    51 -9999     0 -9999
2025 04 01 23    50   -44 10169    70    62 -9999     0 -9999
2025 04 02 00    56   -28 10161    80    72     8     0 -9999
2025 04 02 01    67   -11 10166   100    51 -9999     0 -9999
2025 04 02 02    72   -11 10147    90    82 -9999     0 -9999
2025 04 02 03    72   -11 10140   110    93     8     0 -9999
2025 04 02 04    72    -6 10147   120    93 -9999     0 -9999
2025 04 02 05    67     0 10141   110    77 -9999     0 -9999
2025 04 02 06    61     0 10131   120    98     8     0 -9999
2025 04 02 07    50     0 10118   100    88 -9999     0 -9999
2025 04 02 08    50    11 10105   110    93 -9999    -1 -9999
2025 04 02 09    50     6 10077   110    98     8     0 -9999
2025 04 02 10    50    11 10062   110   108 -9999     5 -9999
2025 04 02 11    44    28 -9999    80    51 -9999    17 -9999
2025 04 02 12    50    33 10036   110    77     8    48   100
2025 04 02 13    67    50 10027   130    98 -9999    20 -9999
2025 04 02 14    56    44 10023   110    67 -9999    36 -9999
2025 04 02 15    61    50 10018   110    36     8     5 -9999
2025 04 02 16    67    56 10025    80    31 -9999    10 -9999
2025 04 02 17    67    56 10021   110    51 -9999    43 -9999
2025 04 02 18    89    83  9977   140    31     8    25   140
2025 04 02 19   100    89 -9999   120    26 -9999    -1 -9999
2025 04 02 20   117   106  9977   130    46 -9999     5 -9999
2025 04 02 21   144   122  9964 -9999    26     8    -1 -9999
2025 04 02 22   172   150  9954   170    51 -9999     3 -9999
2025 04 02 23   211   172  9952   190    57 -9999     0 -9999
2025 04 03 00   211   167  9963   210   108     8     3    70
2025 04 03 01   200   144  9957   210    67 -9999     0 -9999
2025 04 03 02   189   133  9955   220    57 -9999     0 -9999
2025 04 03 03   178   128  9968   210    57     6     0 -9999
2025 04 03 04   172   106  9986   250    88 -9999     0 -9999
2025 04 03 05   150    72 10005   260    51 -9999     0 -9999
2025 04 03 06   133    61 10022   270    57     6     0     3
2025 04 03 07   122    61 10035   260    72     4     0 -9999
2025 04 03 08   111    56 10045   250    77     2     0 -9999
2025 04 03 09   100    50 10056   260    57     2     0 -9999
2025 04 03 10    94    50 10067   250    51     2     0 -9999
2025 04 03 11    89    50 10079   240    72     2     0 -9999
2025 04 03 12    89    22 10095   250    82     6     0 -9999
2025 04 03 13    83    11 10112   240    98 -9999     0 -9999
2025 04 03 14    78    17 10121   250    98 -9999     0 -9999
2025 04 03 15    89    22 10131   260    93     6     0 -9999
2025 04 03 16    83    11 10146   250    98 -9999     0 -9999
2025 04 03 17    78     0 10160   270    82 -9999     0 -9999
2025 04 03 18    72     6 10178   240    82     8     0 -9999
2025 04 03 19    83    11 10180   230    82 -9999     0 -9999
2025 04 03 20    78    11 10172   280    57 -9999     0 -9999
2025 04 03 21    83    11 10179   260    62     8     0 -9999
2025 04 03 22    89    17 10184   290    51 -9999     0 -9999
2025 04 03 23    89    11 10181   280    31 -9999     0 -9999
2025 04 04 00    89    11 10188   270    31     6     0 -9999
2025 04 04 01    83    11 10196   280    26 -9999     0 -9999
2025 04 04 02    83    17 10206     0     0 -9999     0 -9999
2025 04 04 03    72    17 10208     0     0     6     0 -9999
2025 04 04 04    61    11 10214     0     0 -9999     0 -9999
2025 04 04 05    56    11 10216     0     0     4     0 -9999
2025 04 04 06    50    11 10220     0     0     4     0 -9999
2025 04 04 07    50     6 10230    10    41     4     0 -9999
2025 04 04 08    44     6 10232    30    36     4     0 -9999
2025 04 04 09    39     6 10236    30    31     6     0 -9999
2025 04 04 10    39     0 10242    30    21     4     0 -9999
2025 04 04 11    44     0 10245    60    36 -9999     0 -9999
2025 04 04 12    44     0 10256    80    26     4     0 -9999
2025 04 04 13    67     6 10261    80    31     2     0 -9999
2025 04 04 14    78     0 10260    90    67 -9999     0 -9999
2025 04 04 15    89     0 10253    80    82     6     0 -9999
2025 04 04 16    89     0 10257    90    57 -9999     0 -9999
2025 04 04 17    89     0 10261    80    57 -9999     0 -9999
2025 04 04 18    89     6 10253    90    46     8     0 -9999
2025 04 04 19    83    11 10248    60    41 -9999     0 -9999
2025 04 04 20    83    11 10228    60    57 -9999     0 -9999
2025 04 04 21    83    17 10243    10    46     8     0 -9999
2025 04 04 22    78    17 10225    50    41 -9999    -1 -9999
2025 04 04 23    72    22 10211    60    51 -9999    -1 -9999
2025 04 05 00    67    17 10199    60    72     8    -1    -1
2025 04 05 01    67    22 10197    50    51 -9999    -1 -9999
2025 04 05 02    50    33 10196    20    67 -9999     3 -9999
2025 04 05 03    56    33 10197   360    67     8    -1 -9999
2025 04 05 04    50    39 -9999    20    62 -9999    -1 -9999
2025 04 05 05    50    44 10168    20    72 -9999     5 -9999
2025 04 05 06    56    44 10160    20    57     8     8    20
2025 04 05 07    56    44 10154    10    77 -9999    10 -9999
2025 04 05 08    50    44 10161   360    62 -9999    13 -9999
2025 04 05 09    56    44 10158   350    67     8    -1 -9999
2025 04 05 10    50    39 10165   360    57 -9999    -1 -9999
2025 04 05 11    44    39 10167   350    46 -9999     0 -9999
2025 04 05 12    50    39 10169    10    51     8     0    30
2025 04 05 13    50    39 10181   340    36 -9999     0 -9999
2025 04 05 14    61    44 10177   350    41 -9999     0 -9999
2025 04 05 15    72    39 10179   340    31     6     0 -9999
2025 04 05 16    94    39 10198   320    31 -9999     0 -9999
2025 04 05 17   100    33 10193   340    51 -9999     0 -9999
2025 04 05 18   106    22 10185   330    41     6     0 -9999
2025 04 05 19   111    28 10186   350    72 -9999     0 -9999
2025 04 05 20   122    28 10183   330    46 -9999     0 -9999
2025 04 05 21   117    28 10183   340    57     8     0 -9999
2025 04 05 22   117    22 10179   340    51 -9999     0 -9999
2025 04 05 23   111    22 10179   340    36 -9999     0 -9999
2025 04 06 00   100    17 10186   350    62     8     0 -9999
2025 04 06 01    83    11 10185    30    62 -9999     0 -9999
2025 04 06 02    67    11 10198    20    41 -9999     0 -9999
2025 04 06 03    61    11 10195    30    31     8     0 -9999
2025 04 06 04    50    11 10196    10    26 -9999     0 -9999
2025 04 06 05    44     0 10197   340    26 -9999     0 -9999
2025 04 06 06    44   -22 10200   350    67     6     0 -9999
2025 04 06 07    39   -61 10203   350    57 -9999     0 -9999
2025 04 06 08    28   -61 10195   350    62 -9999     0 -9999
2025 04 06 09    28   -78 10198   350    51     6     0 -9999
2025 04 06 10    22   -72 10192   340    57 -9999     0 -9999
2025 04 06 11    17   -72 10203   350    41 -9999     0 -9999
2025 04 06 12    17   -67 10211   340    31     6     0 -9999
2025 04 06 13    22   -61 10212   350    26 -9999     0 -9999
2025 04 06 14    39   -33 10210    20    36 -9999     0 -9999
2025 04 06 15    67   -17 10208    40    51     4     0 -9999
2025 04 06 16    72   -56 10206    60    36     4     0 -9999
2025 04 06 17    83   -56 10203   110    31     2     0 -9999
2025 04 06 18    89   -61 10196    80    15     2     0 -9999
2025 04 06 19    94   -44 10191   120    31     4     0 -9999
2025 04 06 20    89   -44 10182   130    31 -9999     0 -9999
2025 04 06 21    94   -56 10170 -9999    21     6     0 -9999
2025 04 06 22    78   -56 10171   130    41 -9999     0 -9999
2025 04 06 23    89   -61 10164   130    46 -9999     0 -9999
2025 04 07 00    72   -67 10160   140    31     2     0 -9999
2025 04 07 01    56   -67 10160   130    31     2     0 -9999
2025 04 07 02    56   -67 10158   160    36     2     0 -9999
2025 04 07 03    50   -61 10151   170    31     0     0 -9999
2025 04 07 04    44   -67 10144   180    26     0     0 -9999
2025 04 07 05    44   -61 10135   180    36 -9999     0 -9999
2025 04 07 06    44   -44 10126   200    46     0     0 -9999
2025 04 07 07    50   -33 10116   210    41     0     0 -9999
2025 04 07 08    44   -28 10105   210    51 -9999     0 -9999
2025 04 07 09    44   -33 10096   210    51     2     0 -9999
2025 04 07 10    56   -39 10084   220    57 -9999     0 -9999
2025 04 07 11    50   -44 10076   220    51 -9999     0 -9999
2025 04 07 12    61   -44 10078   250    57     6     0 -9999
2025 04 07 13    56   -33 10087   280    46 -9999     0 -9999
2025 04 07 14    61    -6 10096   340    77 -9999     0 -9999
2025 04 07 15    61    -6 10110    20    62     8     0 -9999
2025 04 07 16    33    -6 10125    30   103 -9999     0 -9999
2025 04 07 17    28   -22 10137    30   124 -9999     0 -9999
2025 04 07 18    22   -28 10144    30   124     8    -1    -1
2025 04 07 19    33   -44 10148    20   113 -9999    -1 -9999
2025 04 07 20    28   -61 10154    40   113 -9999     0 -9999
2025 04 07 21    28   -50 10161    40    82     6     0 -9999
2025 04 07 22    22   -50 10167    30    82 -9999    -1 -9999
2025 04 07 23    11   -56 10173    30    72 -9999    -1 -9999
2025 04 08 00     6   -56 10179    30    77     6     0    -1
2025 04 08 01     6   -56 10186    40    57 -9999     0 -9999
2025 04 08 02     6   -61 10193    30    67 -9999     0 -9999
2025 04 08 03     0   -61 10199    40    62     6     0 -9999
2025 04 08 04    -6   -67 10201    20    41 -9999     0 -9999
2025 04 08 05   -11   -72 10203    10    36 -9999     0 -9999
2025 04 08 06   -22   -72 10205    10    41     2     0 -9999
2025 04 08 07   -28   -78 10204   340    31 -9999     0 -9999
2025 04 08 08   -22   -94 10203   340    31 -9999     0 -9999
2025 04 08 09   -33  -100 10206   340    31     2     0 -9999
2025 04 08 10   -33  -100 10213   340    31     0     0 -9999
2025 04 08 11   -39  -111 10217   330    31 -9999     0 -9999
2025 04 08 12   -33  -106 10223   330    31     2     0 -9999
2025 04 08 13   -22  -106 10232   310    36 -9999     0 -9999
2025 04 08 14    -6  -100 10234   330    26 -9999     0 -9999
2025 04 08 15     0  -117 10234   280    36     2     0 -9999
2025 04 08 16    17  -111 10236   330    36 -9999     0 -9999
2025 04 08 17    28  -117 10232   280    41 -9999     0 -9999
2025 04 08 18    33  -122 10224   310    21     2     0 -9999
2025 04 08 19    44  -117 10218   340    41 -9999     0 -9999
2025 04 08 20    56  -117 10212   230    41 -9999     0 -9999
2025 04 08 21    61  -128 10207   290    41     2     0 -9999
2025 04 08 22    72  -117 10205   330    36 -9999     0 -9999
2025 04 08 23    44   -72 10205    90    51 -9999     0 -9999
2025 04 09 00    33   -67 10207   100    36     6     0 -9999
2025 04 09 01    22   -61 10208   100    41 -9999     0 -9999
2025 04 09 02    11   -61 10211   100    31     0     0 -9999
2025 04 09 03    17   -56 10213   120    41     6     0 -9999
2025 04 09 04    22   -50 10213   140    31 -9999     0 -9999
2025 04 09 05    28   -44 10212   140    36 -9999     0 -9999
2025 04 09 06    28   -50 10211   150    41     6     0 -9999
2025 04 09 07    22   -72 10210   150    51 -9999     0 -9999
2025 04 09 08    22   -78 10206   150    36 -9999     0 -9999
2025 04 09 09    22   -78 10203   160    41     6     0 -9999
2025 04 09 10    17   -72 10198   150    36 -9999     0 -9999
2025 04 09 11    17   -67 10196   160    41 -9999     0 -9999
2025 04 09 12    17   -56 10197   170    36     6     0 -9999
2025 04 09 13    28   -44 10197   180    46 -9999     0 -9999
2025 04 09 14    44   -39 10192   170    51 -9999     0 -9999
2025 04 09 15    50   -39 10191   170    57     8     0 -9999
2025 04 09 16    50   -22 10187   160    46 -9999     0 -9999
2025 04 09 17    44   -22 -9999   160    62 -9999    -1 -9999
2025 04 09 18    50   -22 10168   150    62     8    -1    -1
2025 04 09 19    56   -17 10166   150    62 -9999     0 -9999
2025 04 09 20    56   -17 10157   150    57 -9999     0 -9999
2025 04 09 21    56   -11 10156   150    72     8    -1 -9999
2025 04 09 22    39     0 10160   160    36 -9999     3 -9999
2025 04 09 23    39     6 10160    90    36 -9999     5 -9999
2025 04 10 00    39    11 10162    80    41     8     5    10
2025 04 10 01    39    17 10167   100    36 -9999     8 -9999
2025 04 10 02    33    17 10171    90    36 -9999     3 -9999
2025 04 10 03    33    17 10173    60    46     8     0 -9999
2025 04 10 04    33    17 10173    60    41 -9999     0 -9999
2025 04 10 05    33    22 10174    60    31 -9999     0 -9999
2025 04 10 06    33    22 10172    40    31     8     0    10
2025 04 10 07    33    22 10170    40    36 -9999     0 -9999
2025 04 10 08    33    22 10168    40    31 -9999     0 -9999
2025 04 10 09    33    22 10170    60    41     8     0 -9999
2025 04 10 10    33    17 10171    30    46 -9999     0 -9999
2025 04 10 11    33    17 10175    30    41 -9999     0 -9999
2025 04 10 12    39    17 10183    20    36     8     0 -9999
2025 04 10 13    39    17 10184    20    41 -9999     0 -9999
2025 04 10 14    39    11 10183    70    41 -9999     0 -9999
2025 04 10 15    50    11 10182    90    41     8     0 -9999
2025 04 10 16    50    11 10193    30    41 -9999     0 -9999
2025 04 10 17    56    17 10187    90    41 -9999     0 -9999
2025 04 10 18    56    17 10190    40    41     8     0 -9999
2025 04 10 19    56    17 10195    20    41 -9999     0 -9999
2025 04 10 20    61    11 10195    40    36 -9999     0 -9999
2025 04 10 21    56    11 10193    40    57     8     0 -9999
2025 04 10 22    50     6 10198    40    62 -9999     0 -9999
2025 04 10 23    44     6 10203    40    57 -9999     0 -9999
2025 04 11 00    44     6 10205    40    62     8     0 -9999
2025 04 11 01    44     6 10213    40    51 -9999     0 -9999
2025 04 11 02    44    11 10220    50    46 -9999     0 -9999
2025 04 11 03    44    11 10220    50    46     8     0 -9999
2025 04 11 04    44    11 10219    30    72 -9999     0 -9999
2025 04 11 05    39     6 10222    30    62 -9999     0 -9999
2025 04 11 06    44     6 10220    30    46     8     0 -9999
2025 04 11 07    44     6 10218    30    41 -9999     0 -9999
2025 04 11 08    39     6 10218    30    46 -9999     0 -9999
2025 04 11 09    33    11 10221    20    51     6     0 -9999
2025 04 11 10    11    -6 10226   350    31 -9999     0 -9999
2025 04 11 11    11    -6 10233   340    26 -9999     0 -9999
2025 04 11 12    22     0 10240   360    31     6     0 -9999
2025 04 11 13    33     0 10249   340    36 -9999     0 -9999
2025 04 11 14    56     6 10249   330    31 -9999     0 -9999
2025 04 11 15    83     6 10248    20    46     2     0 -9999
2025 04 11 16    94   -28 10254    50    72 -9999     0 -9999
2025 04 11 17   100   -28 10252    50    57 -9999     0 -9999
2025 04 11 18   100   -33 10251    60    57     2     0 -9999
2025 04 11 19   100   -33 10248    50    67 -9999     0 -9999
2025 04 11 20   106   -28 10243    60    57 -9999     0 -9999
2025 04 11 21   106   -33 10239    40    36     2     0 -9999
2025 04 11 22   111   -28 10235    40    31 -9999     0 -9999
2025 04 11 23   106   -33 10230   110    26 -9999     0 -9999
2025 04 12 00    94   -33 10228   110    26     2     0 -9999
2025 04 12 01    78   -39 10232   100    36 -9999     0 -9999
2025 04 12 02    67   -39 10235   120    26     0     0 -9999
2025 04 12 03    61   -39 10236     0     0     0     0 -9999
2025 04 12 04    61   -33 10232   200    15     0     0 -9999
2025 04 12 05    50   -28 10230     0     0     0     0 -9999
2025 04 12 06    39   -28 10229   240    21     0     0 -9999
2025 04 12 07    39   -33 10224   250    21     0     0 -9999
2025 04 12 08    39   -33 10221   250    31     0     0 -9999
2025 04 12 09    39   -33 10221   260    31     2     0 -9999
2025 04 12 10    28   -33 10223     0     0     0     0 -9999
2025 04 12 11    22   -33 10227     0     0 -9999     0 -9999
2025 04 12 12    28   -28 10229     0     0     2     0 -9999
2025 04 12 13    56   -22 10231   280    21 -9999     0 -9999
2025 04 12 14    89   -17 10230   300    15 -9999     0 -9999
2025 04 12 15   111    -6 10231   300    21     4     0 -9999
2025 04 12 16   128   -11 10229   330    15 -9999     0 -9999
2025 04 12 17   150     0 10224     0     0 -9999     0 -9999
2025 04 12 18   144   -11 10218   170    36     2     0 -9999
2025 04 12 19   161   -11 10207   160    21 -9999     0 -9999
2025 04 12 20   161    -6 10194 -9999    21 -9999     0 -9999
2025 04 12 21   161   -17 10184   120    41     2     0 -9999
2025 04 12 22   156     0 10179   130    51 -9999     0 -9999
2025 04 12 23   144     0 10173   130    62 -9999     0 -9999
2025 04 13 00   128    -6 10170   110    67     6     0 -9999
2025 04 13 01   117    -6 10169   130    57 -9999     0 -9999
2025 04 13 02   111    -6 10171   140    41 -9999     0 -9999
2025 04 13 03   111     0 10165   160    26     8     0 -9999
2025 04 13 04   111     6 10167   160    21 -9999     0 -9999
2025 04 13 05   122   -11 10166   170    36 -9999     0 -9999
2025 04 13 06   122   -11 10173   180    46     8     0 -9999
2025 04 13 07   117     0 10171   190    36 -9999    -1 -9999
2025 04 13 08   111     0 10162   170    36 -9999     0 -9999
2025 04 13 09   111     0 10156   160    36     6     0 -9999
2025 04 13 10   111     0 10158   150    46 -9999     0 -9999
2025 04 13 11   111     0 10150   160    57 -9999     0 -9999
2025 04 13 12   111     0 10145   170    57     8     0    -1
2025 04 13 13   117     0 10142   160    46 -9999     0 -9999
2025 04 13 14   122     0 10132   160    72 -9999     0 -9999
2025 04 13 15   139    11 10128   170    62     6     0 -9999
2025 04 13 16   150    11 10121   190    88 -9999     0 -9999
2025 04 13 17   156    17 10115   170    82 -9999     0 -9999
2025 04 13 18   161    17 10096   170    72     8     0 -9999
2025 04 13 19   161    17 10077   170   103 -9999     0 -9999
2025 04 13 20   156    17 10086   180    57 -9999     0 -9999
2025 04 13 21   161    28 10059   150    67     8     0 -9999
2025 04 13 22   167    33 10064   170    67 -9999     0 -9999
2025 04 13 23   178    33 10060   170    82 -9999     0 -9999
2025 04 14 00   172    33 10056   170    57     6     0 -9999
2025 04 14 01   161    33 10055   140    41 -9999     0 -9999
2025 04 14 02   156    33 10055   140    57 -9999     0 -9999
2025 04 14 03   156    33 10051   140    41     8     0 -9999
2025 04 14 04   150    39 10048   130    31 -9999     0 -9999
2025 04 14 05   150    39 10042   150    31 -9999     0 -9999
2025 04 14 06   150    44 10040   180    21     6     0 -9999
2025 04 14 07   144    50 10035   190    15 -9999     0 -9999
2025 04 14 08   133    50 10027   190    15 -9999     0 -9999
2025 04 14 09   139    67 10028   230    36     4     0 -9999
2025 04 14 10   133    72 10034   250    41 -9999     0 -9999
2025 04 14 11   144    67 10050   300    51 -9999     0 -9999
2025 04 14 12   139    56 10055   290    46     6     0 -9999
2025 04 14 13   139    56 10058   260    31 -9999     0 -9999
2025 04 14 14   156    56 10061   270    51 -9999     0 -9999
2025 04 14 15   156    39 10065   270    77     6     0 -9999
2025 04 14 16   156    22 10066   260    72 -9999     0 -9999
2025 04 14 17   156    22 10070   250    82 -9999     0 -9999
2025 04 14 18   167    17 10072   250    98     4     0 -9999
2025 04 14 19   167    17 10073   270    88 -9999     0 -9999
2025 04 14 20   172    17 10071   260   118 -9999     0 -9999
2025 04 14 21   178    11 10069   260   113     4     0 -9999
2025 04 14 22   172     6 10072   270    72 -9999     0 -9999
2025 04 14 23   161     0 10076   270    98 -9999     0 -9999
2025 04 15 00   156    -6 10077   270    93     4     0 -9999
2025 04 15 01   144   -17 10083   280    62 -9999     0 -9999
2025 04 15 02   133   -22 10089   290    98 -9999     0 -9999
2025 04 15 03   122   -17 10088   280    57     2     0 -9999
2025 04 15 04   111   -17 10086   290    57 -9999     0 -9999
2025 04 15 05   106   -11 10083   260    57 -9999     0 -9999
2025 04 15 06    89     0 10080   270    72     2     0 -9999
2025 04 15 07    78    11 10077   260    67 -9999     0 -9999
2025 04 15 08    72    11 10074   270    82 -9999     0 -9999
2025 04 15 09    67    11 10076   280    82     6     0 -9999
2025 04 15 10    67    11 10080   290    93 -9999    -1 -9999
2025 04 15 11    50    11 10096   290    77 -9999    -1 -9999
2025 04 15 12    50    11 10108   310    77     8    -1    -1
2025 04 15 13    44    17 10123   310    51 -9999    -1 -9999
2025 04 15 14    50    17 10130   300    67 -9999    -1 -9999
2025 04 15 15    61    17 10138   290    88     8    -1 -9999
2025 04 15 16    83    11 10145   310    82 -9999     0 -9999
2025 04 15 17   100    11 10147   320    82 -9999     0 -9999
2025 04 15 18   111     0 10145   320    77     4     0    -1
2025 04 15 19   122     0 10145   310    88 -9999     0 -9999
2025 04 15 20   117    -6 10145   290    62 -9999     0 -9999
2025 04 15 21   122    -6 10144   300    77     6     0 -9999
2025 04 15 22   122   -11 10144   320    72 -9999     0 -9999
2025 04 15 23   122   -22 10147   310    62 -9999     0 -9999
2025 04 16 00   117   -28 10148   330    51     4     0 -9999
2025 04 16 01   100   -33 10154   330    31 -9999     0 -9999
2025 04 16 02   100   -33 10159   300    26 -9999     0 -9999
2025 04 16 03    89   -33 10165   290    21     2     0 -9999
2025 04 16 04    83   -33 10166   310    26 -9999     0 -9999
2025 04 16 05    67   -17 10175    50    51 -9999     0 -9999
2025 04 16 06    56    -6 10183    40    57     0     0 -9999
2025 04 16 07    44    -6 10184    50    31     0     0 -9999
2025 04 16 08    33   -17 10186    50    36     0     0 -9999
2025 04 16 09    28   -17 10188    20    21     0     0 -9999
2025 04 16 10    22   -28 10191   340    26     0     0 -9999
2025 04 16 11    22   -28 10195   320    26 -9999     0 -9999
2025 04 16 12    22   -28 10202   340    31     2     0 -9999
2025 04 16 13    39   -28 10210   350    41 -9999     0 -9999
2025 04 16 14    50   -28 10211    20    36 -9999     0 -9999
2025 04 16 15    61   -28 10216    20    21     2     0 -9999
2025 04 16 16    72   -22 10221    30    26 -9999     0 -9999
2025 04 16 17    83   -22 10215 -9999    15 -9999     0 -9999
2025 04 16 18    94   -17 10208 -9999    15     6     0 -9999
2025 04 16 19   100    -6 10201   110    41 -9999     0 -9999
2025 04 16 20   100   -17 10197    80    36 -9999     0 -9999
2025 04 16 21   100   -17 10193   100    31     6     0 -9999
2025 04 16 22    83   -17 10193    90    57 -9999     0 -9999
2025 04 16 23    78   -11 10192   100    51 -9999     0 -9999
2025 04 17 00    56   -17 10191   110    46     6     0 -9999
2025 04 17 01    50   -17 10192   100    41 -9999     0 -9999
2025 04 17 02    44   -17 10197   100    41 -9999     0 -9999
2025 04 17 03    44   -11 10199   100    31     6     0 -9999
2025 04 17 04    44   -11 10200   100    41 -9999     0 -9999
2025 04 17 05    39    -6 10199   100    26 -9999     0 -9999
2025 04 17 06    44   -11 10197    90    31     4     0 -9999
2025 04 17 07    44     0 10193   110    21 -9999     0 -9999
2025 04 17 08    50     0 10188   120    21 -9999     0 -9999
2025 04 17 09    56     0 10185   120    26     6     0 -9999
2025 04 17 10    56     6 10179   120    26 -9999     0 -9999
2025 04 17 11    67   -17 10172   140    51 -9999     0 -9999
2025 04 17 12    72   -17 10173   150    46     6     0 -9999
2025 04 17 13    94   -11 10170   150    67 -9999     0 -9999
2025 04 17 14   122    -6 10164   150    51 -9999     0 -9999
2025 04 17 15   144     6 10155   170    57     8     0 -9999
2025 04 17 16   156     6 10149   170    82 -9999     0 -9999
2025 04 17 17   161     6 10148   170    62 -9999     0 -9999
2025 04 17 18   172     6 10142   170    72     8     0 -9999
2025 04 17 19   178    11 10135   170    77 -9999     0 -9999
2025 04 17 20   172    39 10132   180    67 -9999     0 -9999
2025 04 17 21   150    67 10125   200    77     8    -1 -9999
2025 04 17 22   117    94 10121   160    77 -9999    13 -9999
2025 04 17 23   128    83 10109   150    77 -9999    -1 -9999
2025 04 18 00   133    67 10095   140    82     8     0    10
2025 04 18 01   139    50 10091   150    77 -9999     0 -9999
2025 04 18 02   144    39 10085   150    82 -9999     0 -9999
2025 04 18 03   144    39 10086   160    82     6     0 -9999
2025 04 18 04   144    39 10082   180    77 -9999     0 -9999
2025 04 18 05   150    44 10081   180    72 -9999     0 -9999
2025 04 18 06   167    39 10067   180   103     8     0 -9999
2025 04 18 07   172    44 10061   190    93 -9999     0 -9999
2025 04 18 08   167    50 10051   180    88 -9999     0 -9999
2025 04 18 09   167    56 10045   180    72     8     0 -9999
2025 04 18 10   167    67 10029   190    88 -9999     0 -9999
2025 04 18 11   167    83 10035   200    57 -9999     0 -9999
2025 04 18 12   172    89 10037   190    67     6     0 -9999
2025 04 18 13   178   106 10038   200    62 -9999    -1 -9999
2025 04 18 14   194   122 10040   200    72 -9999     0 -9999
2025 04 18 15   206   133 10042   200    46     8     0 -9999
2025 04 18 16   217   144 10043   210    77 -9999     0 -9999
2025 04 18 17   233   150 10039   200    51 -9999     0 -9999
2025 04 18 18   239   156 10033   200    57     8     0     0
2025 04 18 19   244   156 10036   210    77 -9999     0 -9999
2025 04 18 20   244   161 10039   210    62 -9999     0 -9999
2025 04 18 21   244   167 10043   220    72     8    -1 -9999
2025 04 18 22   239   161 10039   200    98 -9999     0 -9999
2025 04 18 23   233   161 10022   200    67 -9999     0 -9999
2025 04 19 00   233   167 10050   220    93     6     0     0
2025 04 19 01   233   167 10054   220    82 -9999     0 -9999
2025 04 19 02   228   167 10057   210    72 -9999     0 -9999
2025 04 19 03   228   167 10065   230    77     8     0 -9999
2025 04 19 04   189   167 -9999   230    46 -9999    -1 -9999
2025 04 19 05   178   150 10074   250    67 -9999     0 -9999
2025 04 19 06   161   128 10087   260    77     8     0    20
2025 04 19 07   144   122 10095   250    57 -9999     0 -9999
2025 04 19 08   133   117 10104   270    57 -9999     0 -9999
2025 04 19 09   133   122 10114   340    57     8    -1 -9999
2025 04 19 10    83    72 10130    50    41 -9999    -1 -9999
2025 04 19 11    78    67 10141    50    46 -9999    -1 -9999
2025 04 19 12    72    56 10153    50    31     8    -1    -1
2025 04 19 13    67    56 -9999    40    26 -9999    -1 -9999
2025 04 19 14    72    61 10171    50    21 -9999    -1 -9999
2025 04 19 15    72    61 10175   120    15     8    -1 -9999
2025 04 19 16    78    61 10178     0     0 -9999    -1 -9999
2025 04 19 17    89    67 10195   190    21 -9999     0 -9999
2025 04 19 18   100    72 10197   180    36     6     0    -1
2025 04 19 19   122    72 10191   250    21 -9999     0 -9999
2025 04 19 20   139    72 10196   180    36 -9999     0 -9999
2025 04 19 21   128    83 10198   160    41     8     0 -9999
2025 04 19 22   144    89 10209   130    31 -9999     0 -9999
2025 04 19 23   150    56 10211   280    46 -9999     0 -9999
2025 04 20 00   144    44 10211   300    36     8     0 -9999
2025 04 20 01   133    44 10220   320    26 -9999     0 -9999
2025 04 20 02   128    44 10237   100    21 -9999     0 -9999
2025 04 20 03   106    72 10245    80    21     6     0 -9999
2025 04 20 04    94    56 10249    80    21 -9999     0 -9999
2025 04 20 05    89    56 10252    80    21 -9999     0 -9999
2025 04 20 06    83    50 10252    90    15     2     0 -9999
2025 04 20 07    78    56 10253   120    15 -9999     0 -9999
2025 04 20 08    83    61 10254    70    21 -9999     0 -9999
2025 04 20 09    89    67 10259   100    26     4     0 -9999
2025 04 20 10    89    61 10255    80    26 -9999     0 -9999
2025 04 20 11    83    44 10256    90    31 -9999     0 -9999
2025 04 20 12    83    33 10262   100    26     2     0 -9999
2025 04 20 13   106    28 10262    90    57 -9999     0 -9999
2025 04 20 14   100    33 10260    80    51 -9999     0 -9999
2025 04 20 15   106    33 10256    90    67     6     0 -9999
2025 04 20 16   111    39 10251    70    51 -9999    -1 -9999
2025 04 20 17   106    61 10245    70    46 -9999     5 -9999
2025 04 20 18   111    67 10227    60    67     8    -1     5
2025 04 20 19    94    61 10236    70    36 -9999    33 -9999
2025 04 20 20   100    72 10208    60    77 -9999    28 -9999
2025 04 20 21   117    67 10185    80    67     8     0 -9999
2025 04 20 22   122    61 10170    80    67 -9999     0 -9999
2025 04 20 23   133    56 10152    90    77 -9999     0 -9999
2025 04 21 00   133    61 10136    90    51     8     0    60
2025 04 21 01   144    72 10124    90    46 -9999     0 -9999
2025 04 21 02   144    72 10120   100    72 -9999     0 -9999
2025 04 21 03   144    67 10106   110    82     8     0 -9999
2025 04 21 04   133    78 10085   120    77 -9999     3 -9999
2025 04 21 05   144   106 10087   170    51 -9999    15 -9999
2025 04 21 06   128   117 10067   140    57     8     5    20
2025 04 21 07   139   122 10049   150    57 -9999     8 -9999
2025 04 21 08   156   144 10043   200    62 -9999    -1 -9999
2025 04 21 09   150   122 10045   210    72     6     0 -9999
2025 04 21 10   144   117 10045   210    77 -9999     0 -9999
2025 04 21 11   139   117 10046   210    67 -9999     0 -9999
2025 04 21 12   122    89 10054   250    88     8    -1     8
2025 04 21 13   106    72 10065   250   113 -9999     0 -9999
2025 04 21 14    94    61 10074   250   103 -9999     0 -9999
2025 04 21 15    89    50 10085   250    72     8     0 -9999
2025 04 21 16    89    44 10098   250   108 -9999     0 -9999
2025 04 21 17    94    39 10104   260    82 -9999     0 -9999
2025 04 21 18   100    39 10110   260    88     8     0 -9999
2025 04 21 19   111    44 10117   250   113 -9999     0 -9999
2025 04 21 20   122    50 10121   260    77 -9999     0 -9999
2025 04 21 21   122    56 10124   240    88     8     0 -9999
2025 04 21 22   128    50 10132   260    67 -9999     0 -9999
2025 04 21 23   128    50 10138   270    82 -9999     0 -9999
2025 04 22 00   122    44 10146   290    41     6     0 -9999
2025 04 22 01   122    39 10160   280    46 -9999     0 -9999
2025 04 22 02   111    39 10170   290    46 -9999     0 -9999
2025 04 22 03   100    33 10175   250    21     2     0 -9999
2025 04 22 04    94    39 10178   230    21 -9999     0 -9999
2025 04 22 05    83    33 10180   230    15 -9999     0 -9999
2025 04 22 06    78    33 10183   260    21     0     0 -9999
2025 04 22 07    67    33 10190   240    15     0     0 -9999
2025 04 22 08    67    33 10196   270    21 -9999     0 -9999
2025 04 22 09    61    28 10197   200    15     0     0 -9999
2025 04 22 10    56    28 10194     0     0     0     0 -9999
2025 04 22 11    56    33 10194     0     0 -9999     0 -9999
2025 04 22 12    67    39 10199     0     0     2     0 -9999
2025 04 22 13   100    50 10206   140    26 -9999     0 -9999
2025 04 22 14   111    39 10199   140    36 -9999     0 -9999
2025 04 22 15   139    50 10194   150    46     6     0 -9999
2025 04 22 16   139    56 10192   170    36 -9999     0 -9999
2025 04 22 17   161    72 10178   160    46 -9999    -1 -9999
2025 04 22 18   189    78 10169   180    57     6     0     0
2025 04 22 19   189    83 10166   170    51 -9999     0 -9999
2025 04 22 20   206    94 10155   180    77 -9999     0 -9999
2025 04 22 21   228   106 10151   200    82     6     0 -9999
2025 04 22 22   222   106 10152   200    62 -9999     0 -9999
2025 04 22 23   228   111 10147   210    67 -9999     0 -9999
2025 04 23 00   228   111 10149   230    51     6     0 -9999
2025 04 23 01   217   106 10155   240    57 -9999     0 -9999
2025 04 23 02   200   106 10163   250    31 -9999     0 -9999
2025 04 23 03   189   100 10167   230    41     4     0 -9999
2025 04 23 04   178    94 10174   210    21 -9999     0 -9999
2025 04 23 05   172   100 10178     0     0 -9999     0 -9999
2025 04 23 06   161   100 10178     0     0     8     0 -9999
2025 04 23 07   156   100 10178     0     0 -9999     0 -9999
2025 04 23 08   150   106 10182     0     0 -9999     0 -9999
2025 04 23 09   144   100 10184     0     0     6     0 -9999
2025 04 23 10   139   106 10197     0     0 -9999     0 -9999
2025 04 23 11   150   111 10201   230    72 -9999     3 -9999
2025 04 23 12   144   122 10203   230    72     8    20    20
2025 04 23 13   150   111 10215   200    36 -9999     8 -9999
2025 04 23 14   167   117 10206   160    26 -9999     5 -9999
2025 04 23 15   178   117 10202   140    31     6     0 -9999
2025 04 23 16   178   122 10209   190    36 -9999    -1 -9999
2025 04 23 17   189   117 10208   220    31 -9999     0 -9999
2025 04 23 18   206   117 10204   220    31     8     0    20
2025 04 23 19   222   122 10203   210    46 -9999     0 -9999
2025 04 23 20   228   122 10191   180    51 -9999     0 -9999
2025 04 23 21   228   106 10186   180    41     6     0 -9999
2025 04 23 22   239   106 10184   200    41 -9999    -1 -9999
2025 04 23 23   244   100 10180   170    36 -9999     0 -9999
2025 04 24 00   233    89 10180   170    26     6     0     0
2025 04 24 01   211    83 10183     0     0 -9999     0 -9999
2025 04 24 02   189   100 10189     0     0 -9999     0 -9999
2025 04 24 03   161   100 10194   120    26     6     0 -9999
2025 04 24 04   150   100 10191   140    26 -9999     0 -9999
2025 04 24 05   150    94 10193   170    21 -9999     0 -9999
2025 04 24 06   139    94 10196     0     0     6     0 -9999
2025 04 24 07   139    94 10193   200    21 -9999     0 -9999
2025 04 24 08   128    89 10191     0     0 -9999     0 -9999
2025 04 24 09   122    83 10192     0     0     6     0 -9999
2025 04 24 10   117    83 10196     0     0 -9999     0 -9999
2025 04 24 11   122    83 10198     0     0 -9999     0 -9999
2025 04 24 12   128    89 10201     0     0     6     0 -9999
2025 04 24 13   167    94 10205    20    41 -9999     0 -9999
2025 04 24 14   189   111 10203    80    36 -9999     0 -9999
2025 04 24 15   183   117 10206    70    41     6     0 -9999
2025 04 24 16   206   122 10208    60    21 -9999     0 -9999
2025 04 24 17   222   117 10204    40    26 -9999     0 -9999
2025 04 24 18   239   117 10196    20    51     6     0 -9999
2025 04 24 19   211   106 10195    30    62 -9999     0 -9999
2025 04 24 20   206   100 10192    40    57 -9999     0 -9999
2025 04 24 21   194    94 10186    50    46     6     0 -9999
2025 04 24 22   178    89 10181    40    51 -9999     0 -9999
2025 04 24 23   150    78 10184    30    67 -9999     0 -9999
2025 04 25 00   122    67 10186    30    82     8     0 -9999
2025 04 25 01   106    39 10188    40    72 -9999     0 -9999
2025 04 25 02   106    28 10192    30    62 -9999     0 -9999
2025 04 25 03   106    28 10190    30    51     8     0 -9999
2025 04 25 04   106    33 10183    30    46 -9999     0 -9999
2025 04 25 05   106    39 10175    20    41 -9999     0 -9999
2025 04 25 06   106    39 10171    30    36     8     0 -9999
2025 04 25 07   106    50 10166    30    36 -9999     0 -9999
2025 04 25 08   106    50 10163    40    41 -9999     0 -9999
2025 04 25 09   106    44 10161    40    36     6     0 -9999
2025 04 25 10   100    44 10159    30    51 -9999     0 -9999
2025 04 25 11    94    50 10159    30    36 -9999     0 -9999
2025 04 25 12    94    56 10164    40    31     6     0 -9999
2025 04 25 13   106    61 10163    50    46 -9999     0 -9999
2025 04 25 14   122    61 10158    30    46 -9999     0 -9999
2025 04 25 15   139    67 10152    60    46     6     0 -9999
2025 04 25 16   150    72 10153    30    41 -9999     0 -9999
2025 04 25 17   139    67 -9999    30    57 -9999    -1 -9999
2025 04 25 18   100    83 10165    30    72     8   107   100
2025 04 25 19    94    78 10151    30    93 -9999    28 -9999
2025 04 25 20   100    67 10152    20    88 -9999    -1 -9999
2025 04 25 21   117    61 10155    30    77     6     0 -9999
2025 04 25 22   128    67 10160    40    72 -9999     0 -9999
2025 04 25 23   122    56 10167    10    77 -9999     0 -9999
2025 04 26 00   111    56 10171   360    62     8     0    30
2025 04 26 01   111    56 10176   360    82 -9999     0 -9999
2025 04 26 02   100    61 10185    10    88 -9999     0 -9999
2025 04 26 03   100    67 10192    10    62     8     0 -9999
2025 04 26 04    89    61 10196    30    72 -9999     0 -9999
2025 04 26 05    89    50 10205    30    77 -9999     0 -9999
2025 04 26 06    83    50 10208    10    77     8     0 -9999
2025 04 26 07    83    39 10207   360    82 -9999     0 -9999
2025 04 26 08    83    33 10210   360    77 -9999     0 -9999
2025 04 26 09    78    33 10216   350    51     6     0 -9999
2025 04 26 10    72    33 10224   350    36 -9999     0 -9999
2025 04 26 11    78    39 10229   350    41 -9999     0 -9999
2025 04 26 12    83    33 10238   350    57     6     0 -9999
2025 04 26 13    78    28 10248   350    67 -9999     0 -9999
2025 04 26 14    83    22 10252    10    82 -9999     0 -9999
2025 04 26 15    94    22 10257    30    62     6     0 -9999
2025 04 26 16   100    33 10262    30    82 -9999     0 -9999
2025 04 26 17   106    28 10262    60    57 -9999     0 -9999
2025 04 26 18   111    33 10266    60    51     4     0 -9999
2025 04 26 19   117    28 10271    50    62 -9999     0 -9999
2025 04 26 20   117    22 10265    40    72 -9999     0 -9999
2025 04 26 21   117    22 10265    40    57     4     0 -9999
2025 04 26 22   111    17 10265    30    62 -9999     0 -9999
2025 04 26 23   106    11 10268    50    67 -9999     0 -9999
2025 04 27 00    94     0 10268    50    57     6     0 -9999
2025 04 27 01    83    -6 10266    60    46 -9999     0 -9999
2025 04 27 02    78    -6 10265    50    57 -9999     0 -9999
2025 04 27 03    67     0 10264    30    26     6     0 -9999
2025 04 27 04    61    -6 10264    30    21 -9999     0 -9999
2025 04 27 05    61    -6 10268    60    15 -9999     0 -9999
2025 04 27 06    56     0 10266   360    21     2     0 -9999
2025 04 27 07    44    -6 10266   360    15     0     0 -9999
2025 04 27 08    50     0 10262    10    21 -9999     0 -9999
2025 04 27 09    50     6 10262    20    21     2     0 -9999
2025 04 27 10    44     0 10261     0     0 -9999     0 -9999
2025 04 27 11    44     6 10265     0     0 -9999     0 -9999
2025 04 27 12    50    22 10270     0     0     2     0 -9999
2025 04 27 13    83    33 10268    80    15 -9999     0 -9999
2025 04 27 14   106    44 10268   130    21 -9999     0 -9999
2025 04 27 15   128    50 10265   130    36     4     0 -9999
2025 04 27 16   156    50 10260   140    62 -9999     0 -9999
2025 04 27 17   161    56 10254 -9999    31 -9999     0 -9999
2025 04 27 18   178    50 10248   190    41     2     0 -9999
2025 04 27 19   189    56 10241   150    46 -9999     0 -9999
2025 04 27 20   194    44 10232   200    51 -9999     0 -9999
2025 04 27 21   206    39 10220   180    51     2     0 -9999
2025 04 27 22   206    44 10214   150    41     0     0 -9999
2025 04 27 23   206    39 10209   180    62     0     0 -9999
2025 04 28 00   183    56 10209   100    46 -9999     0 -9999
2025 04 28 01   150    50 10212   110    46 -9999     0 -9999
2025 04 28 02   133    44 10211   130    41     0     0 -9999
2025 04 28 03   133    39 10212   100    26     0     0 -9999
2025 04 28 04   122    44 10209   120    21     0     0 -9999
2025 04 28 05   122    44 10208   150    21     0     0 -9999
2025 04 28 06   128    44 10206   160    26     2     0 -9999
2025 04 28 07   128    39 10202   160    26 -9999     0 -9999
2025 04 28 08   122    39 10202   160    31 -9999     0 -9999
2025 04 28 09   117    39 10200   150    26     0     0 -9999
2025 04 28 10   117    39 10197   160    41     0     0 -9999
2025 04 28 11   122    39 10195   160    36 -9999     0 -9999
2025 04 28 12   128    44 10196   160    41     6     0 -9999
2025 04 28 13   150    50 10192   180    57 -9999     0 -9999
2025 04 28 14   172    61 10183   170    57 -9999     0 -9999
2025 04 28 15   189    67 10175   190    72     6     0 -9999
2025 04 28 16   206    83 10168   180    88 -9999     0 -9999
2025 04 28 17   222   111 10163   180    77 -9999     0 -9999
2025 04 28 18   239   122 10150   190    77     6     0 -9999
2025 04 28 19   256   139 10135   190    72 -9999     0 -9999
2025 04 28 20   267   144 10124   170    93 -9999     0 -9999
2025 04 28 21   283   156 10104   170   103     4     0 -9999
2025 04 28 22   289   156 10093   180    98 -9999     0 -9999
2025 04 28 23   283   156 10091   190    93 -9999     0 -9999
2025 04 29 00   278   156 10083   180   108     6     0 -9999
2025 04 29 01   267   161 10091   180    82 -9999     0 -9999
2025 04 29 02   261   167 10089   180    72 -9999     0 -9999
2025 04 29 03   256   167 10085   180    82     6     0 -9999
2025 04 29 04   250   172 10076   190    82 -9999     0 -9999
2025 04 29 05   250   172 10078   200    88 -9999     0 -9999
2025 04 29 06   250   172 10072   200    93     8     0 -9999
2025 04 29 07   250   172 10070   220   103 -9999     0 -9999
2025 04 29 08   244   172 10064   210   108 -9999     0 -9999
2025 04 29 09   239   172 10064   220    88     8     0 -9999
2025 04 29 10   233   167 10064   210    72 -9999     0 -9999
2025 04 29 11   233   161 10068   210    77 -9999     0 -9999
2025 04 29 12   228   150 10076   220    82     8     0 -9999
2025 04 29 13   233   122 10079   240    93 -9999     0 -9999
2025 04 29 14   228   111 10086   240    88 -9999     0 -9999
2025 04 29 15   200   133 10097   270    62     6     0 -9999
2025 04 29 16   194    72 10114   260    67 -9999     0 -9999
2025 04 29 17   178    83 10127   280    77 -9999     0 -9999
2025 04 29 18   178    78 10135   280    88     6     0 -9999
2025 04 29 19   172    67 10139   290    82 -9999     0 -9999
2025 04 29 20   167    67 10153   310    72 -9999     0 -9999
2025 04 29 21   172    67 10155   290    62     6     0 -9999
2025 04 29 22   178    61 10160   260    46 -9999     0 -9999
2025 04 29 23   183    67 10162   300    41 -9999 -9999 -9999
2025 04 30 00   183    61 10163   320    36     6 -9999 -9999
2025 04 30 01   150    61 10169    90    51 -9999     0 -9999
2025 04 30 02   128    56 10180   100    41 -9999     0 -9999
2025 04 30 03   117    50 10186   100    26     2     0 -9999
2025 04 30 04   111    50 10187    90    26 -9999     0 -9999
2025 04 30 05   106    50 10194    90    31 -9999     0 -9999
2025 04 30 06   100    50 10199     0     0     2     0 -9999
2025 04 30 07    94    44 10201    20    31 -9999     0 -9999
2025 04 30 08    83    50 10206    20    36 -9999     0 -9999
2025 04 30 09    78    50 10208    30    36     4     0 -9999
2025 04 30 10    72    44 10208    30    26 -9999     0 -9999
2025 04 30 11    67    39 10202    30    36 -9999     0 -9999
2025 04 30 12    72    44 10206    50    31     6     0 -9999
2025 04 30 13   100    50 10205    80    36 -9999     0 -9999
2025 04 30 14   111    56 10204    90    26 -9999     0 -9999
2025 04 30 15   139    56 10207    80    26     6     0 -9999
2025 04 30 16   150    56 10203   110    51 -9999     0 -9999
2025 04 30 17   156    61 10199   120    41 -9999     0 -9999
2025 04 30 18   156    56 10196   130    46     8     0 -9999
2025 04 30 19   161    56 10186    90    51 -9999     0 -9999
2025 04 30 20   161    61 10163    70    51 -9999    -1 -9999
2025 04 30 21   150    61 10166   100    46     8    -1 -9999
2025 04 30 22   139    61 10167   100    31 -9999    -1 -9999
2025 04 30 23   139    67 10159   100    41 -9999 -9999 -9999
2025 05 01 00   139    56 10155    80    41     8 -9999    -1
2025 05 01 01   133    61 10154    90    26 -9999 -9999 -9999
2025 05 01 02   139    56 10147    60    36 -9999 -9999 -9999
2025 05 01 03   139    56 10142    80    31     8 -9999 -9999
2025 05 01 04   139    56 10136    70    36 -9999 -9999 -9999
2025 05 01 05   133    61 10127    60    36 -9999 -9999 -9999
2025 05 01 06   128    72 10119    60    31     8    -1    -1
2025 05 01 07   117    83 10111    50    41 -9999     3 -9999
2025 05 01 08   111    89 10095    40    36 -9999     3 -9999
2025 05 01 09   106    89 10078    60    46     8    13 -9999
2025 05 01 10   111   100 10068    70    41 -9999     3 -9999
2025 05 01 11   111   100 10064   110    26 -9999     3 -9999
2025 05 01 12   111   100 10050    40    46     8     5    30
2025 05 01 13   106   100 10044    80    15 -9999    13 -9999
2025 05 01 14   111   106 10038   340    15 -9999    -1 -9999
2025 05 01 15   133   117 10031     0     0     8     0 -9999
2025 05 01 16   167   150 10029   210    26 -9999     0 -9999
2025 05 01 17   189   172 10026   220    62 -9999     3 -9999
2025 05 01 18   194   167 10022   240    77     6     8    20
2025 05 01 19   194   150 10029   240   103 -9999     0 -9999
2025 05 01 20   172   133 10034   250    77 -9999     0 -9999
2025 05 01 21   167   128 10042   270    62     8     0 -9999
2025 05 01 22   161   128 10047   260    57 -9999     0 -9999
2025 05 01 23   161   133 10051   260    46 -9999     0 -9999
2025 05 02 00   156   133 10054   250    62     8     0 -9999
2025 05 02 01   161   128 10059   250    51 -9999     0 -9999
2025 05 02 02   156   117 10065   270    41 -9999     0 -9999
2025 05 02 03   150   122 10070   260    41     8     0 -9999
2025 05 02 04   150   122 10072   280    31 -9999     0 -9999
2025 05 02 05   139   117 10074   260    26 -9999     0 -9999
2025 05 02 06   139   117 10071   260    26     8     0 -9999
2025 05 02 07   133   106 10070   290    31 -9999     0 -9999
2025 05 02 08   128   100 10073   300    15 -9999     0 -9999
2025 05 02 09   122   100 10074   320    15     8     0 -9999
2025 05 02 10   100    83 10078    50    46 -9999     0 -9999
2025 05 02 11    94    78 10082    70    36 -9999     0 -9999
2025 05 02 12    83    72 10093    60    41     8    -1    -1
2025 05 02 13    78    67 -9999    30    51 -9999    -1 -9999
2025 05 02 14    78    67 10107    50    36 -9999    -1 -9999
2025 05 02 15    89    61 10110    50    31     8    -1 -9999
2025 05 02 16    89    61 10118    40    36 -9999     0 -9999
2025 05 02 17   106    61 10121    70    31 -9999     0 -9999
2025 05 02 18   106    61 10123    90    15     8     0    -1
2025 05 02 19   117    61 10125 -9999    21 -9999     0 -9999
2025 05 02 20   128    61 10129 -9999    15 -9999     0 -9999
2025 05 02 21   133    61 10120    90    36     6     0 -9999
2025 05 02 22   133    61 10118    90    46 -9999     0 -9999
2025 05 02 23   117    56 10118    60    36 -9999     0 -9999
2025 05 03 00   111    50 10128    40    41     6     0 -9999
2025 05 03 01    94    39 10129    70    46 -9999     0 -9999
2025 05 03 02    89    33 10132    80    41 -9999     0 -9999
2025 05 03 03    89    39 10141    70    46     8    -1 -9999
2025 05 03 04    83    39 10141    50    36 -9999    -1 -9999
2025 05 03 05    83    44 10135    30    41 -9999    -1 -9999
2025 05 03 06    78    39 10131    30    31     6     0    -1
2025 05 03 07    78    33 10128    20    46 -9999     0 -9999
2025 05 03 08    78    33 10131    20    41 -9999     0 -9999
2025 05 03 09    72    33 10130    30    51     6     0 -9999
2025 05 03 10    67    39 10134    10    51 -9999     0 -9999
2025 05 03 11    72    44 10142    20    51 -9999     0 -9999
2025 05 03 12    78    44 10146    20    82     6     0 -9999
2025 05 03 13    78    44 10153    30    77 -9999     0 -9999
2025 05 03 14    89    44 10153    30    77 -9999     0 -9999
2025 05 03 15   106    50 10151    20    67     4     0 -9999
2025 05 03 16   111    56 10157    30    82 -9999     0 -9999
2025 05 03 17   106    50 10160    20    88 -9999     0 -9999
2025 05 03 18   106    50 10156    30    82     6     0 -9999
2025 05 03 19   100    50 10159    40    67 -9999     0 -9999
2025 05 03 20   106    44 10160    40    88 -9999     0 -9999
2025 05 03 21   111    33 10157    30    88     6     0 -9999
2025 05 03 22   117    33 10154    30    93 -9999     0 -9999
2025 05 03 23   117    28 10152    30    93 -9999     0 -9999
2025 05 04 00   111    33 10154    30    57     4     0 -9999
2025 05 04 01   100    33 10156    40    67 -9999     0 -9999
2025 05 04 02    89    39 10156    30    82 -9999     0 -9999
2025 05 04 03    83    39 10156    20    57     6     0 -9999
2025 05 04 04    83    39 10155    20    51 -9999     0 -9999
2025 05 04 05    72    39 10154   350    41 -9999     0 -9999
2025 05 04 06    78    39 10149    10    51     6     0 -9999
2025 05 04 07    78    39 10151    20    41 -9999     0 -9999
2025 05 04 08    78    39 10145    10    46 -9999     0 -9999
2025 05 04 09    83    33 10142    30    57     6     0 -9999
2025 05 04 10    83    33 10140    30    51 -9999     0 -9999
2025 05 04 11    78    39 10140    30    67 -9999     0 -9999
2025 05 04 12    78    39 10151    40    51     8     0 -9999
2025 05 04 13    78    44 10157    30    51 -9999     0 -9999
2025 05 04 14    89    44 10154    10    51 -9999     0 -9999
2025 05 04 15   111    44 10150    30    62     8     0 -9999
2025 05 04 16   128    39 10148    20    67 -9999     0 -9999
2025 05 04 17   128    17 10149    30    98 -9999     0 -9999
2025 05 04 18   128    22 10148    20   108     6     0 -9999
2025 05 04 19   133    22 10144    20   103 -9999     0 -9999
2025 05 04 20   150    22 10144    30   103 -9999     0 -9999
2025 05 04 21   139    17 10145    30    93     6     0 -9999
2025 05 04 22   100    56 10147    30    93 -9999    13 -9999
2025 05 04 23    89    56 10154    30    77 -9999    10 -9999
2025 05 05 00    83    50 10152    20    77     8     5    30
2025 05 05 01    72    50 10156    10    46 -9999     5 -9999
2025 05 05 02    72    50 10153   360    46 -9999     0 -9999
2025 05 05 03    83    56 10154    20    46     8     0 -9999
2025 05 05 04    89    50 10152    50    57 -9999     0 -9999
2025 05 05 05    89    50 10150    50    62 -9999     0 -9999
2025 05 05 06   100    56 10140    40    82     8    -1     8
2025 05 05 07    94    56 10141    50    57 -9999    -1 -9999
2025 05 05 08   100    61 10137    50    72 -9999     0 -9999
2025 05 05 09   100    72 10140    60    77     8     0 -9999
2025 05 05 10    94    72 10142    40    72 -9999    -1 -9999
2025 05 05 11    89    67 10144    50    51 -9999    -1 -9999
2025 05 05 12   100    67 10150    50    51     8    -1    -1
2025 05 05 13   100    67 10157    60    57 -9999     0 -9999
2025 05 05 14   100    72 10162    90    36 -9999    -1 -9999
2025 05 05 15   111    78 10163    60    41     8    -1 -9999
2025 05 05 16   122    83 10168    70    41 -9999     0 -9999
2025 05 05 17   122    83 10170   100    36 -9999     0 -9999
2025 05 05 18   128    83 10166    70    26     8     0    -1
2025 05 05 19   139    89 10164    80    21 -9999     0 -9999
2025 05 05 20   150    89 10163    30    36 -9999     0 -9999
2025 05 05 21   133    83 10165    40    57     6     0 -9999
2025 05 05 22   144    83 10162    20    41 -9999     0 -9999
2025 05 05 23   150    83 10161    30    36 -9999     0 -9999
2025 05 06 00   144    83 10159    10    36     2     0 -9999
2025 05 06 01   128    78 10159    30    31 -9999     0 -9999
2025 05 06 02   117    78 10161    30    31 -9999     0 -9999
2025 05 06 03   106    78 10167    30    26     6     0 -9999
2025 05 06 04    94    72 10166    30    31 -9999     0 -9999
2025 05 06 05    89    67 10167     0     0 -9999     0 -9999
2025 05 06 06    89    67 10162     0     0     4     0 -9999
2025 05 06 07    83    72 10160     0     0 -9999     0 -9999
2025 05 06 08    83    72 10157   260    21 -9999     0 -9999
2025 05 06 09    83    67 10155   300    15     4     0 -9999
2025 05 06 10    83    67 10156   270    26 -9999     0 -9999
2025 05 06 11    83    72 10160   290    21 -9999     0 -9999
2025 05 06 12    94    83 10164   290    21     2     0 -9999
2025 05 06 13   128    89 10168   300    41     0     0 -9999
2025 05 06 14   156   100 10169   300    41 -9999     0 -9999
2025 05 06 15   172   100 10167   310    41     4     0 -9999
2025 05 06 16   189   100 10166   290    36 -9999     0 -9999
2025 05 06 17   206   100 10162   280    57 -9999     0 -9999
2025 05 06 18   222   100 10153   270    46     4     0 -9999
2025 05 06 19   228    89 10148   280    67 -9999     0 -9999
2025 05 06 20   233    94 10148   290    51 -9999     0 -9999
2025 05 06 21   239    89 10145   290    46     6     0 -9999
2025 05 06 22   250   100 10141   340    41 -9999     0 -9999
2025 05 06 23   244    94 10143   340    41 -9999     0 -9999
2025 05 07 00   233   100 10148    40    46     4     0 -9999
2025 05 07 01   200    94 10153    70    15 -9999     0 -9999
2025 05 07 02   178    94 10157   110    21     0     0 -9999
2025 05 07 03   172    94 10159   120    21     0     0 -9999
2025 05 07 04   167    94 10157   120    15 -9999     0 -9999
2025 05 07 05   150    89 10156     0     0 -9999     0 -9999
2025 05 07 06   144    94 10156     0     0     2     0 -9999
2025 05 07 07   133    94 10152     0     0 -9999     0 -9999
2025 05 07 08   128    89 10150     0     0 -9999     0 -9999
2025 05 07 09   122    94 10154     0     0     4     0 -9999
2025 05 07 10   122    94 10161     0     0 -9999     0 -9999
2025 05 07 11   122    94 10167   100    21 -9999     0 -9999
2025 05 07 12   139   106 10174   140    15     8     0 -9999
2025 05 07 13   167   106 10179   200    31 -9999     0 -9999
2025 05 07 14   189   111 10179   110    31 -9999     0 -9999
2025 05 07 15   211   117 10175    80    21     6     0 -9999
2025 05 07 16   233   111 10176    90    46 -9999     0 -9999
2025 05 07 17   217   111 10182    40    67 -9999     0 -9999
2025 05 07 18   156    78 10188    30    72     6     0 -9999
2025 05 07 19   150    67 10181    40    77 -9999     0 -9999
2025 05 07 20   144    61 10178    40    77 -9999     0 -9999
2025 05 07 21   139    61 10190    40    77     6     0 -9999
2025 05 07 22   139    50 10196    40   103 -9999     0 -9999
2025 05 07 23   133    39 10194    30    98 -9999     0 -9999
2025 05 08 00   122    39 10185    20   118     6     0 -9999
2025 05 08 01   111    33 10192    20   108 -9999     0 -9999
2025 05 08 02   106    33 10195    30    98 -9999     0 -9999
2025 05 08 03   100    33 10201    30    93     6     0 -9999
2025 05 08 04   100    28 10202    20    82 -9999     0 -9999
2025 05 08 05   100    33 10201    20    72 -9999     0 -9999
2025 05 08 06    89    28 10200    20    88     6     0 -9999
2025 05 08 07    94    33 10198    30    93 -9999     0 -9999
2025 05 08 08    89    39 10198    30    88 -9999     0 -9999
2025 05 08 09    83    39 10201    30    88     6     0 -9999
2025 05 08 10    83    44 10202    30    77 -9999     0 -9999
2025 05 08 11    83    39 10207    40    67 -9999     0 -9999
2025 05 08 12    83    39 10212    40    82     8     0 -9999
2025 05 08 13    89    44 10219    40    82 -9999     0 -9999
2025 05 08 14   100    44 10222    50    82 -9999     0 -9999
2025 05 08 15   117    50 10221    50    77     6     0 -9999
2025 05 08 16   128    50 10224    50    72 -9999     0 -9999
2025 05 08 17   133    50 10226    50    82 -9999     0 -9999
2025 05 08 18   139    44 10226    50    88     2     0 -9999
2025 05 08 19   139    44 10226    50   103 -9999     0 -9999
2025 05 08 20   139    44 10224    40    93 -9999     0 -9999
2025 05 08 21   139    39 10218    30    93     2     0 -9999
2025 05 08 22   122    28 10219    40    93 -9999     0 -9999
2025 05 08 23   111    22 10216    30   103 -9999     0 -9999
2025 05 09 00   106     6 10219    30    88     0     0 -9999
2025 05 09 01    89   -17 10224    30    67 -9999     0 -9999
2025 05 09 02    83     0 10228    20    57     0     0 -9999
2025 05 09 03    72     0 10231    20    51     0     0 -9999
2025 05 09 04    67     6 10232    30    41     0     0 -9999
2025 05 09 05    61    17 10231    20    31     0     0 -9999
2025 05 09 06    56    17 10232    20    36     0     0 -9999
2025 05 09 07    44    11 10229   350    26     0     0 -9999
2025 05 09 08    39    11 10230   360    26     0     0 -9999
2025 05 09 09    33    11 10230    10    26     0     0 -9999
2025 05 09 10    39    11 10235    10    21     0     0 -9999
2025 05 09 11    44    17 10239    10    21 -9999     0 -9999
2025 05 09 12    61    17 10238    30    31     6     0 -9999
2025 05 09 13    89    11 10241    50    31 -9999     0 -9999
2025 05 09 14   106    11 10245    40    26 -9999     0 -9999
2025 05 09 15   122     0 10241    30    31     6     0 -9999
2025 05 09 16   139     0 10241    50    36 -9999     0 -9999
2025 05 09 17   156     0 10241    30    41 -9999     0 -9999
2025 05 09 18   167    17 10240    30    21     6     0 -9999
2025 05 09 19   172     0 10234    60    46 -9999     0 -9999
2025 05 09 20   183    -6 10230    70    36 -9999     0 -9999
2025 05 09 21   189   -28 10224    70    41     4     0 -9999
2025 05 09 22   189   -33 10222    90    26 -9999     0 -9999
2025 05 09 23   183   -33 10222 -9999    26 -9999     0 -9999
2025 05 10 00   178   -44 10213   100    26     2     0 -9999
2025 05 10 01   150   -39 10213   100    26 -9999     0 -9999
2025 05 10 02   139   -39 10212   110    26 -9999     0 -9999
2025 05 10 03   133   -39 10216   150    21     0     0 -9999
2025 05 10 04   122   -50 10218   190    21     0     0 -9999
2025 05 10 05   111   -44 10219   190    15     0     0 -9999
2025 05 10 06   106   -44 10219   220    15     0     0 -9999
2025 05 10 07   106   -39 10215   230    31     0     0 -9999
2025 05 10 08   100   -33 10212   230    31     0     0 -9999
2025 05 10 09   111   -39 10211   240    36     4     0 -9999
2025 05 10 10   111   -33 10212   250    26 -9999     0 -9999
2025 05 10 11   117   -33 10211   260    31 -9999     0 -9999
2025 05 10 12   133   -11 10214   250    26     2     0 -9999
2025 05 10 13   172     0 10214   270    36 -9999     0 -9999
2025 05 10 14   211     0 10210   280    36 -9999     0 -9999
2025 05 10 15   228    39 10211   340    51     2     0 -9999
2025 05 10 16   156    33 10231    50   108 -9999     0 -9999
2025 05 10 17   150    44 10241    40    93 -9999     0 -9999
2025 05 10 18   161    50 10241    40    98     2     0 -9999
2025 05 10 19   156    44 10240    50    93     0     0 -9999
2025 05 10 20   156    44 10239    40    72     0     0 -9999
2025 05 10 21   150    44 10239    30    88     2     0 -9999
2025 05 10 22   156    33 10241    30    82 -9999     0 -9999
2025 05 10 23   150    22 10245    30    98 -9999     0 -9999
2025 05 11 00   144     6 10243    30    77     2     0 -9999
2025 05 11 01   128    11 10247    40    67 -9999     0 -9999
2025 05 11 02   111   -17 10253    30    41 -9999     0 -9999
2025 05 11 03    94     6 10259    20    51     2     0 -9999
2025 05 11 04    89     6 10260    20    41     0     0 -9999
2025 05 11 05    83    11 10257    10    46     0     0 -9999
2025 05 11 06    83    17 10254    10    46     0     0 -9999
2025 05 11 07    72    22 10256    20    31     0     0 -9999
2025 05 11 08    61    17 10254   360    15     0     0 -9999
2025 05 11 09    67    22 10253    30    36     0     0 -9999
2025 05 11 10    67    28 10252    20    41     0     0 -9999
2025 05 11 11    72    33 10257    20    31     0     0 -9999
2025 05 11 12    89    39 10263    50    36     0     0 -9999
2025 05 11 13   111    50 10265    60    41     0     0 -9999
2025 05 11 14   139    61 10268    80    46     0     0 -9999
2025 05 11 15   156    67 10263    90    41     0     0 -9999
2025 05 11 16   183    61 10258    80    41     0     0 -9999
2025 05 11 17   194    67 10256    70    36     0     0 -9999
2025 05 11 18   206    67 10250   100    36     0     0 -9999
2025 05 11 19   217    56 10246    70    46 -9999     0 -9999
2025 05 11 20   211    61 10241    50    57 -9999     0 -9999
2025 05 11 21   211    61 10233    50    46     2     0 -9999
2025 05 11 22   206    56 10229    50    57 -9999     0 -9999
2025 05 11 23   200    50 10223    40    46 -9999     0 -9999
2025 05 12 00   194    50 10216    50    31     4     0 -9999
2025 05 12 01   172    39 10214    60    41 -9999     0 -9999
2025 05 12 02   156    39 10216    50    36 -9999     0 -9999
2025 05 12 03   150    28 10218    70    21     0     0 -9999
2025 05 12 04   139    28 10218    80    21     0     0 -9999
2025 05 12 05   128    33 10214    90    21     0     0 -9999
2025 05 12 06   122    44 10206    70    21     0     0 -9999
2025 05 12 07   106    44 10203    40    21 -9999     0 -9999
2025 05 12 08   100    44 10199    30    15 -9999     0 -9999
2025 05 12 09   106    50 10194    20    21     2     0 -9999
2025 05 12 10    94    50 10191    20    31 -9999     0 -9999
2025 05 12 11   106    61 10191    20    21 -9999     0 -9999
2025 05 12 12   133    78 10192    60    15     6     0 -9999
2025 05 12 13   156    72 10191     0     0 -9999     0 -9999
2025 05 12 14   189    83 10188    70    21 -9999     0 -9999
2025 05 12 15   222    89 10179    90    15     6     0 -9999
2025 05 12 16   250   100 10172    60    31 -9999     0 -9999
2025 05 12 17   261    94 10161    80    51 -9999     0 -9999
2025 05 12 18   256    94 10153    80    51 -9999     0 -9999
2025 05 12 19   239    89 10148    70    41 -9999     0 -9999
2025 05 12 20   239    94 10137    60    41 -9999     0 -9999
2025 05 12 21   239   100 10129    60    26     6     0 -9999
2025 05 12 22   250   100 10120    70    36 -9999     0 -9999
2025 05 12 23   228    89 10115    40    51 -9999     0 -9999
2025 05 13 00   200    78 10113    50    41     6     0 -9999
2025 05 13 01   189    78 10114    70    41 -9999     0 -9999
2025 05 13 02   178    83 10115    20    31 -9999     0 -9999
2025 05 13 03   178    89 10116    20    26     8    -1 -9999
2025 05 13 04   178    94 10117     0     0 -9999     0 -9999
2025 05 13 05   178   106 10112    70    21 -9999     0 -9999
2025 05 13 06   178   122 10108   100    15     6     0     0
2025 05 13 07   183   139 10109   120    36 -9999     0 -9999
2025 05 13 08   183   150 10106   130    36 -9999     0 -9999
2025 05 13 09   178   150 10104   160    21     6     0 -9999
2025 05 13 10   172   156 10104   140    21 -9999     0 -9999
2025 05 13 11   167   150 10106   120    21 -9999     0 -9999
2025 05 13 12   183   161 10110   130    31     6     0 -9999
2025 05 13 13   194   161 10109   120    31 -9999     0 -9999
2025 05 13 14   211   167 10109   110    26 -9999     0 -9999
2025 05 13 15   222   167 10108    90    46     6     0 -9999
2025 05 13 16   228   167 10106    90    41 -9999     0 -9999
2025 05 13 17   228   161 10101    80    46 -9999     0 -9999
2025 05 13 18   239   161 10098    80    31     6     0 -9999
2025 05 13 19   250   156 10092    70    31 -9999     0 -9999
2025 05 13 20   256   161 10083    60    36 -9999     0 -9999
2025 05 13 21   239   150 10081    70    57     6     0 -9999
2025 05 13 22   233   150 10074    90    51 -9999     0 -9999
2025 05 13 23   222   150 10073    90    62 -9999     0 -9999
2025 05 14 00   217   150 10073    80    57     6     0 -9999
2025 05 14 01   200   150 10075    80    41 -9999     0 -9999
2025 05 14 02   189   144 10076    80    41 -9999     0 -9999
2025 05 14 03   178   144 10077    60    36     6     0 -9999
2025 05 14 04   167   144 10081    60    36 -9999     0 -9999
2025 05 14 05   156   133 10079    30    41 -9999     0 -9999
2025 05 14 06   144   133 10075    40    36     8     0 -9999
2025 05 14 07   139   128 10072    10    31 -9999     0 -9999
2025 05 14 08   133   128 10074    30    21 -9999     0 -9999
2025 05 14 09   133   122 10074    20    26     6     0 -9999
2025 05 14 10   139   128 10074   340    15 -9999     0 -9999
2025 05 14 11   139   128 10072    10    21 -9999     0 -9999
2025 05 14 12   150   133 10074    20    15     6     0 -9999
2025 05 14 13   167   139 10078    90    26 -9999     0 -9999
2025 05 14 14   183   139 10081    60    15 -9999     0 -9999
2025 05 14 15   211   156 10078    80    21     6     0 -9999
2025 05 14 16   233   161 10075   110    21 -9999     0 -9999
2025 05 14 17   244   167 10072    90    41 -9999     0 -9999
2025 05 14 18   239   161 10069    90    41     6     0 -9999
2025 05 14 19   244   161 10066   100    36 -9999     0 -9999
2025 05 14 20   261   172 10064 -9999    31 -9999     0 -9999
2025 05 14 21   261   161 10056    50    36     4     0 -9999
2025 05 14 22   256   161 10052    80    51 -9999     0 -9999
2025 05 14 23   244   156 10051   100    51 -9999     0 -9999
2025 05 15 00   228   156 10048   100    51     2     0 -9999
2025 05 15 01   217   156 10051    90    41 -9999     0 -9999
2025 05 15 02   194   156 10056   100    41 -9999     0 -9999
2025 05 15 03   172   144 10059   100    31     4     0 -9999
2025 05 15 04   167   139 10054    90    21 -9999     0 -9999
2025 05 15 05   167   139 10050    80    21 -9999     0 -9999
2025 05 15 06   161   133 10045 -9999    15     0     0 -9999
2025 05 15 07   156   128 10039    60    15     0     0 -9999
2025 05 15 08   156   128 10034     0     0     0     0 -9999
2025 05 15 09   144   122 10029    30    21     0     0 -9999
2025 05 15 10   144   117 10031    30    26 -9999     0 -9999
2025 05 15 11   150   122 10030    60    21 -9999     0 -9999
2025 05 15 12   167   133 10032    80    21     2     0 -9999
2025 05 15 13   206   156 10025   120    26 -9999     0 -9999
2025 05 15 14   239   183 10021   140    36     0     0 -9999
2025 05 15 15   261   194 10018   160    46     2     0 -9999
2025 05 15 16   278   189 10015   150    77 -9999     0 -9999
2025 05 15 17   283   189 10010   170    67 -9999     0 -9999
2025 05 15 18   300   200 10002   140    57     6     0 -9999
2025 05 15 19   311   200  9993   180    72 -9999     0 -9999
2025 05 15 20   322   194  9985   170    62 -9999     0 -9999
2025 05 15 21   328   194  9971   170    72     6     0 -9999
2025 05 15 22   339   189  9957   190    93 -9999     0 -9999
2025 05 15 23   333   189  9945   190    93 -9999     0 -9999
2025 05 16 00   317   200  9940   210    98     8     0 -9999
2025 05 16 01   261   161  9936   260    51 -9999    -1 -9999
2025 05 16 02   272   139  9974   240    77 -9999    -1 -9999
2025 05 16 03   256    94 10002   240    57     4     0 -9999
2025 05 16 04   244    94 10010   250    51 -9999     0 -9999
2025 05 16 05   233    94 10014   250    46     0     0 -9999
2025 05 16 06   217    94 10021   240    31     0     0    -1
2025 05 16 07   206    94 10023   230    21     0     0 -9999
2025 05 16 08   189    94 10023   200    15     0     0 -9999
2025 05 16 09   178   100 10025   170    26     0     0 -9999
2025 05 16 10   178   100 10026   180    36     0     0 -9999
2025 05 16 11   178   100 10025   180    31     0     0 -9999
2025 05 16 12   194   100 10023   190    41     2     0 -9999
2025 05 16 13   217   106 10018   210    62 -9999     0 -9999
2025 05 16 14   233   106 10010   200    51 -9999     0 -9999
2025 05 16 15   256   106 10006   210    57     2     0 -9999
2025 05 16 16   278    89 10003   220    67 -9999     0 -9999
2025 05 16 17   289    56  9996   210    98 -9999     0 -9999
2025 05 16 18   294    72  9990   200    77     4     0 -9999
2025 05 16 19   294    67  9973   170    93 -9999     0 -9999
2025 05 16 20   300    72  9957   190    82 -9999     0 -9999
2025 05 16 21   300    61  9935   170   108     2     0 -9999
2025 05 16 22   300    50  9937   210   113 -9999     0 -9999
2025 05 16 23   300    44  9922   210   124 -9999     0 -9999
2025 05 17 00   278    94  9915   200   113     6     0 -9999
2025 05 17 01   239   139  9929   210    88 -9999    -1 -9999
2025 05 17 02   239    56  9942   260    82 -9999    -1 -9999
2025 05 17 03   217    50  9962   270   103     2     0 -9999
2025 05 17 04   200    50  9965   270   103 -9999     0 -9999
2025 05 17 05   172    56  9974   270    88 -9999     0 -9999
2025 05 17 06   156    56  9978   260   108     4     0    -1
2025 05 17 07   150    56  9977   260    88 -9999     0 -9999
2025 05 17 08   139    67  9981   260   103 -9999     0 -9999
2025 05 17 09   128    61  9986   260    62     8     0 -9999
2025 05 17 10   128    61  9988   250    72 -9999     0 -9999
2025 05 17 11   128    61  9993   260    62 -9999     0 -9999
2025 05 17 12   122    56 10003   260    77     8     0 -9999
2025 05 17 13   122    56 10009   250    77 -9999     0 -9999
2025 05 17 14   133    61 10011   270    82 -9999     0 -9999
2025 05 17 15   144    67 10018   270    62     6     0 -9999
2025 05 17 16   144    72 10031   270    72 -9999     0 -9999
2025 05 17 17   161    72 10038   250    93 -9999     0 -9999
2025 05 17 18   172    72 10042   260    72     6     0 -9999
2025 05 17 19   189    78 10045   270    82 -9999     0 -9999
2025 05 17 20   194    72 10046   280    77 -9999     0 -9999
2025 05 17 21   206    67 10049   280    93     6     0 -9999
2025 05 17 22   217    72 10056   280    77 -9999     0 -9999
2025 05 17 23   206    72 10061   270    72 -9999     0 -9999
2025 05 18 00   200    72 10065   280    62     8     0 -9999
2025 05 18 01   189    67 10072   270    62 -9999     0 -9999
2025 05 18 02   183    67 10080   290    57 -9999     0 -9999
2025 05 18 03   172    67 10087   310    57     6     0 -9999
2025 05 18 04   161    67 10090   300    46 -9999     0 -9999
2025 05 18 05   150    72 10096   300    41 -9999     0 -9999
2025 05 18 06   139    72 10103   280    31     0     0 -9999
2025 05 18 07   133    72 10108   280    31     0     0 -9999
2025 05 18 08   122    72 10112   280    26     0     0 -9999
2025 05 18 09   117    72 10115   320    31     2     0 -9999
2025 05 18 10   111    67 10114   320    41 -9999     0 -9999
2025 05 18 11   106    67 10124   290    21 -9999     0 -9999
2025 05 18 12   117    72 10136   300    36     6     0 -9999
2025 05 18 13   122    72 10141   310    36 -9999     0 -9999
2025 05 18 14   139    78 10143   340    26 -9999     0 -9999
2025 05 18 15   150    83 10144    10    51     6     0 -9999
2025 05 18 16   167    83 10141 -9999    21 -9999     0 -9999
2025 05 18 17   172    83 10146   300    26 -9999     0 -9999
2025 05 18 18   167    89 10149    70    41     8     0 -9999
2025 05 18 19   161    83 10152    80    46 -9999     0 -9999
2025 05 18 20   172    83 10153    80    46 -9999     0 -9999
2025 05 18 21   161    78 10151    60    57     2     0 -9999
2025 05 18 22   156    72 10153    90    51 -9999     0 -9999
2025 05 18 23   133    61 10154    80    57 -9999     0 -9999
2025 05 19 00   117    50 10157    70    46     6     0 -9999
2025 05 19 01   100    44 10166    70    46 -9999     0 -9999
2025 05 19 02    83    39 10167    50    51 -9999     0 -9999
2025 05 19 03    83    39 10169    50    57     2     0 -9999
2025 05 19 04    78    39 10173    30    46     0     0 -9999
2025 05 19 05    72    33 10172    50    46 -9999     0 -9999
2025 05 19 06    72    39 10175    10    41     6     0 -9999
2025 05 19 07    78    39 10169    40    62 -9999     0 -9999
2025 05 19 08    78    39 10171    30    72 -9999     0 -9999
2025 05 19 09    72    39 10172    30    72     6     0 -9999
2025 05 19 10    67    33 10177    40    72 -9999     0 -9999
2025 05 19 11    61    33 10181    30    82 -9999     0 -9999
2025 05 19 12    67    33 10190    30    88     8     0 -9999
2025 05 19 13    61    28 10196    40    93 -9999     0 -9999
2025 05 19 14    72    33 10199    30    82 -9999     0 -9999
2025 05 19 15    72    33 10197    60    72     8     0 -9999
2025 05 19 16    94    39 10195    60    62 -9999     0 -9999
2025 05 19 17   100    39 10185    60    77 -9999     0 -9999
2025 05 19 18   100    39 10197    20    57     6     0 -9999
2025 05 19 19   106    44 10197    40    51 -9999     0 -9999
2025 05 19 20   111    44 10181    60    51 -9999     0 -9999
2025 05 19 21   100    44 10171    50    62     8     0 -9999
2025 05 19 22   100    50 10161    40    72 -9999     0 -9999
2025 05 19 23   106    50 10147    40    62 -9999     0 -9999
2025 05 20 00   111    56 10162    40    62     6     0 -9999
2025 05 20 01   100    56 10152    40    77 -9999     0 -9999
2025 05 20 02   100    61 10154    30    62 -9999     0 -9999
2025 05 20 03   117    72 10148    50    67     8     0 -9999
2025 05 20 04   128    72 10145    70    41 -9999     0 -9999
2025 05 20 05   122    72 10128    70    72 -9999     0 -9999
2025 05 20 06   122    72 10127    70    57     8     0 -9999
2025 05 20 07   128    78 10118    80    72 -9999     0 -9999
2025 05 20 08   128    72 10106    80    57 -9999     0 -9999
2025 05 20 09   122    72 10104    90    62     8    -1 -9999
2025 05 20 10   117    89 10109   100    67 -9999    20 -9999
2025 05 20 11   106    94 10103   100    72 -9999    46 -9999
2025 05 20 12   100    83 10075    90    98     8    30   100
2025 05 20 13    94    72 10080   100    77 -9999     8 -9999
2025 05 20 14    94    72 10076    90    57 -9999    -1 -9999
2025 05 20 15   106    83 10069   100    82     8    -1 -9999
2025 05 20 16   117    89 10068   120    88 -9999    -1 -9999
2025 05 20 17   122   100 10070   110    57 -9999    -1 -9999
2025 05 20 18   122   111 10064    90    41     8     3    10
2025 05 20 19   133   117 10056   110    57 -9999     3 -9999
2025 05 20 20   128   117 -9999   110    57 -9999     2 -9999
2025 05 20 21   133   117 10044   100    67     8    -1 -9999
2025 05 20 22   133   111 10042   100    82 -9999     0 -9999
2025 05 20 23   117   106 -9999    60    67 -9999    -1 -9999
2025 05 21 00   111   106 10044    40    62     8    10    40
2025 05 21 01   106    94 10047    40    77 -9999     0 -9999
2025 05 21 02   106    94 10049    50    57 -9999     3 -9999
2025 05 21 03   106    94 10050    60    62     8     3 -9999
2025 05 21 04   100    94 10050    60    57 -9999    10 -9999
2025 05 21 05   100    89 10048    50    46 -9999    -1 -9999
2025 05 21 06    94    89 10046    60    46     8    -1    20
2025 05 21 07    94    89 10041    40    41 -9999    -1 -9999
2025 05 21 08    94    89 10035    40    36 -9999    -1 -9999
2025 05 21 09    94    89 10033    30    36     8     0 -9999
2025 05 21 10    94    89 10032    30    41 -9999     0 -9999
2025 05 21 11    94    89 10033    20    41 -9999    -1 -9999
2025 05 21 12    89    83 10035    10    51     8    -1    -1
2025 05 21 13    94    83 10035    10    57 -9999     0 -9999
2025 05 21 14    89    83 10043   350    51 -9999    -1 -9999
2025 05 21 15    94    89 10049   350    46     8     5 -9999
2025 05 21 16   100    89 10053   340    51 -9999    -1 -9999
2025 05 21 17   106    94 10059   330    36 -9999    -1 -9999
2025 05 21 18   106    89 10066   310    46     8     3     8
2025 05 21 19   106    83 10071   310    46 -9999     0 -9999
2025 05 21 20   111    83 10079   320    51 -9999     0 -9999
2025 05 21 21   111    89 10085   310    46     8    -1 -9999
2025 05 21 22   111    89 10090   320    41 -9999     0 -9999
2025 05 21 23   111    83 10095   330    62 -9999    -1 -9999
2025 05 22 00   100    89 10101   330    36     8    -1     0
2025 05 22 01   100    83 10104   320    31 -9999    -1 -9999
2025 05 22 02   100    78 10112   350    62 -9999    -1 -9999
2025 05 22 03    94    78 10117   320    36     8     8 -9999
2025 05 22 04    94    78 10115   310    41 -9999     0 -9999
2025 05 22 05    94    78 10115   310    36 -9999    -1 -9999
2025 05 22 06    94    78 10115   340    41     8     0     8
2025 05 22 07    89    78 -9999   350    46 -9999    -1 -9999
2025 05 22 08    89    72 10110   360    46 -9999    -1 -9999
2025 05 22 09    89    72 10111   340    36     8     0 -9999
2025 05 22 10    89    72 10114   330    36 -9999     0 -9999
2025 05 22 11    89    72 10118   320    36 -9999     0 -9999
2025 05 22 12    94    72 10125   320    41     8     0    -1
2025 05 22 13   100    72 10130   320    46 -9999    -1 -9999
2025 05 22 14   106    72 10134   320    57 -9999     0 -9999
2025 05 22 15   117    67 10138   340    51     8     0 -9999
2025 05 22 16   122    67 10142   340    51 -9999     0 -9999
2025 05 22 17   117    61 10147    40    46 -9999     0 -9999
2025 05 22 18   117    50 10150    50    31 -9999     0    -1
2025 05 22 19   128    56 10148    60    26 -9999     0 -9999
2025 05 22 20   122    50 10156    50    36 -9999     0 -9999
2025 05 22 21   133    50 10157    60    26     6     0 -9999
2025 05 22 22   128    50 10160    40    21 -9999     0 -9999
2025 05 22 23   122    44 10165    70    26 -9999     0 -9999
2025 05 23 00   117    39 10170     0     0     6     0 -9999
2025 05 23 01   117    44 10173   120    15 -9999     0 -9999
2025 05 23 02   106    44 10172   180    21 -9999     0 -9999
2025 05 23 03    94    44 10175   200    15     2     0 -9999
2025 05 23 04    94    50 10173   220    26 -9999     0 -9999
2025 05 23 05    89    44 10172   100    21 -9999     0 -9999
2025 05 23 06    83    44 10170   110    26     2     0 -9999
2025 05 23 07    78    44 10163   180    15     0     0 -9999
2025 05 23 08    72    44 10160     0     0 -9999     0 -9999
2025 05 23 09    67    44 10163    10    21     4     0 -9999
2025 05 23 10    72    50 10164     0     0 -9999     0 -9999
2025 05 23 11    72    50 10168   360    15 -9999     0 -9999
2025 05 23 12    83    44 10173     0     0     6     0 -9999
2025 05 23 13    89    39 10173   100    26 -9999     0 -9999
2025 05 23 14   106    50 10181     0     0 -9999     0 -9999
2025 05 23 15   128    61 10185    30    15     2     0 -9999
2025 05 23 16   150    56 10186   320    26 -9999     0 -9999
2025 05 23 17   161    44 10185   330    36 -9999     0 -9999
2025 05 23 18   172    39 10182   330    36     2     0 -9999
2025 05 23 19   161    56 10181    70    36 -9999     0 -9999
2025 05 23 20   161    56 10183   100    51 -9999     0 -9999
2025 05 23 21   156    56 10187    80    57     2     0 -9999
2025 05 23 22   139    50 10189    80    51 -9999     0 -9999
2025 05 23 23   133    50 10192    90    41 -9999     0 -9999
2025 05 24 00   122    44 10192   100    46     6     0 -9999
2025 05 24 01   111    39 10196    80    46 -9999     0 -9999
2025 05 24 02   100    39 10201   110    36 -9999     0 -9999
2025 05 24 03   100    33 10205   100    26     6     0 -9999
2025 05 24 04    94    39 10207   150    21 -9999     0 -9999
2025 05 24 05    94    44 10208     0     0 -9999     0 -9999
2025 05 24 06    94    50 10211     0     0     6     0 -9999
2025 05 24 07    89    50 10212     0     0 -9999     0 -9999
2025 05 24 08    83    50 10210     0     0 -9999     0 -9999
2025 05 24 09    78    50 10212     0     0     4     0 -9999
2025 05 24 10    72    44 10214     0     0     0     0 -9999
2025 05 24 11    72    50 10216    20    15 -9999     0 -9999
2025 05 24 12   100    67 10225    60    31     2     0 -9999
2025 05 24 13   106    61 10228    90    41 -9999     0 -9999
2025 05 24 14   133    56 10234    90    36 -9999     0 -9999
2025 05 24 15   150    61 10239   120    36     4     0 -9999
2025 05 24 16   161    67 10238    80    31 -9999     0 -9999
2025 05 24 17   172    61 10236   100    26 -9999     0 -9999
2025 05 24 18   178    67 10230   100    46     6     0 -9999
2025 05 24 19   178    67 10230    70    41 -9999     0 -9999
2025 05 24 20   178    61 10226    70    51 -9999     0 -9999
2025 05 24 21   178    61 10224    80    51     4     0 -9999
2025 05 24 22   167    56 10224    60    57 -9999     0 -9999
2025 05 24 23   156    56 10228    80    46 -9999     0 -9999
2025 05 25 00   139    50 10231    90    51     6     0 -9999
2025 05 25 01   128    50 10236    80    51 -9999     0 -9999
2025 05 25 02   122    50 10236    90    46 -9999     0 -9999
2025 05 25 03   128    39 10243    80    46     8     0 -9999
2025 05 25 04   122    39 10244    90    36 -9999     0 -9999
2025 05 25 05   128    39 10245   100    26 -9999     0 -9999
2025 05 25 06   128    50 10243   100    21     8    -1    -1
2025 05 25 07   122    56 10241   100    26 -9999    -1 -9999
2025 05 25 08   128    50 10242    80    15 -9999     0 -9999
2025 05 25 09   122    61 10242   200    26     8    -1 -9999
2025 05 25 10   117    78 10243    30    21 -9999    -1 -9999
2025 05 25 11   117    72 10250    10    31 -9999    -1 -9999
2025 05 25 12   111    78 10257    40    41     6     3     3
2025 05 25 13   111    61 10261    70    36 -9999     0 -9999
2025 05 25 14   111    61 10270    70    21 -9999     0 -9999
2025 05 25 15   122    67 10267    80    26     6     0 -9999
2025 05 25 16   133    67 10264   100    36 -9999     0 -9999
2025 05 25 17   144    56 10262    80    31 -9999     0 -9999
2025 05 25 18   167    56 10253    80    41     6     0 -9999
2025 05 25 19   183    50 10251    60    41 -9999     0 -9999
2025 05 25 20   189    50 10253    70    41 -9999     0 -9999
2025 05 25 21   189    44 10246    80    51     6     0 -9999
2025 05 25 22   189    44 10246    80    57 -9999     0 -9999
2025 05 25 23   183    33 10245    80    46 -9999     0 -9999
2025 05 26 00   178    39 10246   100    51     2     0 -9999
2025 05 26 01   156    39 10250    80    36 -9999     0 -9999
2025 05 26 02   139    39 10254    70    31 -9999     0 -9999
2025 05 26 03   122    50 10254    10    31     0     0 -9999
2025 05 26 04   111    56 10253    20    26     0     0 -9999
2025 05 26 05    94    50 10257    10    21     0     0 -9999
2025 05 26 06    83    50 10259   360    31     0     0 -9999
2025 05 26 07   100    44 10254   350    26     0     0 -9999
2025 05 26 08    78    44 10251   360    36 -9999     0 -9999
2025 05 26 09    94    44 10246    20    36     4     0 -9999
2025 05 26 10    89    39 10252     0     0 -9999     0 -9999
2025 05 26 11    94    44 10265    20    15 -9999     0 -9999
2025 05 26 12   106    56 10264    20    41     4     0 -9999
2025 05 26 13   128    67 10266    30    57 -9999     0 -9999
2025 05 26 14   139    72 10269    40    51 -9999     0 -9999
2025 05 26 15   150    72 10266    30    57     6     0 -9999
2025 05 26 16   156    72 10261    50    51 -9999     0 -9999
2025 05 26 17   167    78 10259    30    67 -9999     0 -9999
2025 05 26 18   172    72 10258    30    62     6     0 -9999
2025 05 26 19   183    72 10259    40    46 -9999     0 -9999
2025 05 26 20   189    67 10255    60    57 -9999     0 -9999
2025 05 26 21   183    67 10249    40    67     6     0 -9999
2025 05 26 22   183    61 10243    50    62 -9999     0 -9999
2025 05 26 23   172    56 10238    50    57 -9999     0 -9999
2025 05 27 00   150    50 10234    40    67     6     0 -9999
2025 05 27 01   144    50 10236    40    67 -9999     0 -9999
2025 05 27 02   133    56 10236    30    46 -9999     0 -9999
2025 05 27 03   133    50 10237    40    41     6     0 -9999
2025 05 27 04   133    50 10241    30    41 -9999     0 -9999
2025 05 27 05   128    56 10240    50    31 -9999     0 -9999
2025 05 27 06   128    56 10237    20    31     8     0 -9999
2025 05 27 07   122    56 10233    20    31 -9999     0 -9999
2025 05 27 08   122    56 10226    30    31 -9999     0 -9999
2025 05 27 09   122    61 10224    20    31     8     0 -9999
2025 05 27 10   117    67 10220    20    26 -9999     0 -9999
2025 05 27 11   117    67 10223    20    36 -9999     0 -9999
2025 05 27 12   128    78 10230    20    31     6     0 -9999
2025 05 27 13   150    83 10230    30    46 -9999     0 -9999
2025 05 27 14   161    78 10228    60    51 -9999     0 -9999
2025 05 27 15   172    83 10226    50    46     6     0 -9999
2025 05 27 16   161    83 10225    50    41 -9999     0 -9999
2025 05 27 17   178    83 10223    50    46 -9999     0 -9999
2025 05 27 18   183    78 10218    40    51     6     0 -9999
2025 05 27 19   183    78 10206    60    72 -9999     0 -9999
2025 05 27 20   194    83 10206    60    51 -9999     0 -9999
2025 05 27 21   194    78 10202    60    57     6     0 -9999
2025 05 27 22   189    78 10198    30    67 -9999     0 -9999
2025 05 27 23   183    78 10193    40    57 -9999     0 -9999
2025 05 28 00   172    72 10193    40    51     8     0 -9999
2025 05 28 01   161    67 10190    20    62 -9999     0 -9999
2025 05 28 02   156    61 10185    30    46 -9999     0 -9999
2025 05 28 03   150    61 10185    20    36     8     0 -9999
2025 05 28 04   144    67 10182    30    41 -9999     0 -9999
2025 05 28 05   139    67 10181    20    31 -9999     0 -9999
2025 05 28 06   139    72 10179    20    26     8     0 -9999
2025 05 28 07   133    78 10173    10    26 -9999     0 -9999
2025 05 28 08   133    78 10171    30    26 -9999     0 -9999
2025 05 28 09   133    83 10169    20    26     8    -1 -9999
2025 05 28 10   133    89 10170    30    15 -9999    -1 -9999
2025 05 28 11   139   100 10172    20    21 -9999    -1 -9999
2025 05 28 12   128   106 10174   340    21     8     3 -9999
2025 05 28 13   133   106 10177   350    21 -9999     8 -9999
2025 05 28 14   128   111 10184   340    15 -9999    20 -9999
2025 05 28 15   128   117 10184   340    36     8    38 -9999
2025 05 28 16   133   122 10173   360    57 -9999    15 -9999
2025 05 28 17   150   122 10170    20    46 -9999    -1 -9999
2025 05 28 18   161   117 10173    50    62     8     0    80
2025 05 28 19   161   111 10174    50    51 -9999     0 -9999
2025 05 28 20   156   106 10174    40    57 -9999     0 -9999
2025 05 28 21   156   106 10172    60    46     8     0 -9999
2025 05 28 22   150   106 10177    50    41 -9999     0 -9999
2025 05 28 23   150   106 10178    30    26 -9999     0 -9999
2025 05 29 00   156   106 10176    30    31     6     0 -9999
2025 05 29 01   139   106 10179    40    26 -9999     0 -9999
2025 05 29 02   133   106 10177    50    36 -9999     0 -9999
2025 05 29 03   133   106 10181    50    26     8     0 -9999
2025 05 29 04   128   111 10179    30    26 -9999     0 -9999
2025 05 29 05   128   111 10180     0     0 -9999     0 -9999
2025 05 29 06   133   111 10177     0     0     6     0 -9999
2025 05 29 07   128   111 10180   230    15 -9999     0 -9999
2025 05 29 08   122   106 10179   230    21 -9999     0 -9999
2025 05 29 09   117   106 10183   260    15     6     0 -9999
2025 05 29 10   117   106 10184     0     0 -9999     0 -9999
2025 05 29 11   117   106 10181   260    15 -9999     0 -9999
2025 05 29 12   122   111 10183   260    36     6     0 -9999
2025 05 29 13   133   111 -9999   300    41 -9999     0 -9999
2025 05 29 14   144   117 -9999   270    31 -9999     0 -9999
2025 05 29 15   167   117 10177   280    31     6     0 -9999
2025 05 29 16   183   106 10175   310    41 -9999     0 -9999
2025 05 29 17   194   100 10172   280    36 -9999     0 -9999
2025 05 29 18   206   106 10165   260    31     6     0 -9999
2025 05 29 19   206   100 10161   270    31 -9999     0 -9999
2025 05 29 20   206   100 10157   330    41 -9999     0 -9999
2025 05 29 21   211   100 10154   310    36     6     0 -9999
2025 05 29 22   211    94 10149   310    26 -9999     0 -9999
2025 05 29 23   211    89 10144   250    41 -9999     0 -9999
2025 05 30 00   211    89 10140   270    15     6     0 -9999
2025 05 30 01   206    89 10138    50    41 -9999     0 -9999
2025 05 30 02   183    94 10138    60    36 -9999     0 -9999
2025 05 30 03   161   106 10140    20    31     6     0 -9999
2025 05 30 04   156   100 10135     0     0 -9999     0 -9999
2025 05 30 05   139   100 10132   330    15 -9999     0 -9999
2025 05 30 06   133   100 10128     0     0     2     0 -9999
2025 05 30 07   128   100 10120     0     0 -9999     0 -9999
2025 05 30 08   128   100 10116   250    15 -9999     0 -9999
2025 05 30 09   122   100 10112   270    21     0     0 -9999
2025 05 30 10   122    94 10107   290    26 -9999     0 -9999
2025 05 30 11   122    94 10109   280    15 -9999     0 -9999
2025 05 30 12   144   100 10109   300    31     2     0 -9999
2025 05 30 13   167   100 10105   310    31 -9999     0 -9999
2025 05 30 14   194   106 10103   310    26 -9999     0 -9999
2025 05 30 15   206   100 10094   290    36     4     0 -9999
2025 05 30 16   222    94 10092   290    46 -9999     0 -9999
2025 05 30 17   217    94 10088   300    41 -9999     0 -9999
2025 05 30 18   211    94 10085   270    57     8     0 -9999
2025 05 30 19   217   106 10081   270    41 -9999     0 -9999
2025 05 30 20   222   106 10074   270    41 -9999     0 -9999
2025 05 30 21   220   110 10072   280    36     8     0 -9999
2025 05 30 22   222    89 10070   320    46 -9999    -1 -9999
2025 05 30 23   222    94 10063   280    31 -9999    -1 -9999
2025 05 31 00   228    94 10058   280    41     8 -9999    -1
2025 05 31 01   222    94 10059   290    51 -9999     0 -9999
2025 05 31 02   222    89 10064   310    57 -9999     0 -9999
2025 05 31 03   183   111 10071   340    21     8     0 -9999
2025 05 31 04   183   111 10070    20    36 -9999     0 -9999
2025 05 31 05   183   111 10068     0     0 -9999     0 -9999
2025 05 31 06   167   117 10066   290    21     6     0 -9999
2025 05 31 07   133    56 10076    40    51 -9999    -1 -9999
2025 05 31 08   122    56 10078    40    36 -9999     0 -9999
2025 05 31 09   117    56 10079    30    41     2     0 -9999
2025 05 31 10   106    56 10084    10    21 -9999     0 -9999
2025 05 31 11   111    50 10088    20    46 -9999     0 -9999
2025 05 31 12   111    50 10094    20    41     4     0     0
2025 05 31 13   117    56 10096    40    57 -9999     0 -9999
2025 05 31 14   128    67 10098    10    36 -9999     0 -9999
2025 05 31 15   150    72 10101   360    26     2     0 -9999
2025 05 31 16   161    67 10102    10    26 -9999     0 -9999
2025 05 31 17   172    44 10100    50    31 -9999     0 -9999
2025 05 31 18   167    72 10102    30    41     4     0 -9999
2025 05 31 19   161    61 10105    40    57 -9999     0 -9999
2025 05 31 20   167    28 10105    50    57 -9999     0 -9999
2025 05 31 21   172     6 10106    40    62     6     0 -9999
2025 05 31 22   167    -6 10107    40    77 -9999     0 -9999
2025 05 31 23   161   -11 10109    60    46 -9999 -9999 -9999
2025 06 01 00   156   -11 10104    60    36     4 -9999 -9999
2025 06 01 01   139     6 10104    80    36 -9999 -9999 -9999
2025 06 01 02   133     0 10102     0     0 -9999 -9999 -9999
2025 06 01 03   122    11 10105   140    15     4 -9999 -9999
2025 06 01 04   117    22 10105   160    15 -9999 -9999 -9999
2025 06 01 05   111    22 10106     0     0 -9999 -9999 -9999
2025 06 01 06   110    30 10108     0     0     8 -9999 -9999
2025 06 01 07   100    33 10111     0     0 -9999     0 -9999
2025 06 01 08    89    33 10115     0     0 -9999     0 -9999
2025 06 01 09    80    30 10118   270    15     8     0 -9999
2025 06 01 10    83    33 10123   360    21 -9999     0 -9999
2025 06 01 11    89    33 10125     0     0 -9999     0 -9999
2025 06 01 12   110    60 10130     0     0     6     0 -9999
2025 06 01 13   133    33 10134   360    21 -9999     0 -9999
2025 06 01 14   150    22 10135     0     0 -9999     0 -9999
2025 06 01 15   170    10 10138    10    21     4     0 -9999
2025 06 01 16   183    17 10140 -9999    21 -9999     0 -9999
2025 06 01 17   189    22 10140     0     0 -9999     0 -9999
2025 06 01 18   210    40 10138    50    31     4     0 -9999
2025 06 01 19   194    22 10139    70    36 -9999     0 -9999
2025 06 01 20   189    22 10140    80    46 -9999     0 -9999
2025 06 01 21   190    20 10138   100    41     2     0 -9999
2025 06 01 22   189    28 10138    90    41 -9999     0 -9999
2025 06 01 23   183    11 10136   110    41 -9999     0 -9999
2025 06 02 00   172    -6 10137    90    36     2     0 -9999
2025 06 02 01   156   -11 10139   100    36 -9999     0 -9999
2025 06 02 02   144   -17 10142    90    21 -9999     0 -9999
2025 06 02 03   139   -17 10148   100    26     0     0 -9999
2025 06 02 04   128    -6 10151   130    15     0     0 -9999
2025 06 02 05   128     0 10153     0     0     0     0 -9999
2025 06 02 06   117    17 10151   190    15     0     0 -9999
2025 06 02 07   117    22 10150   190    15 -9999 -9999 -9999
2025 06 02 08   111    28 10151   210    15 -9999 -9999 -9999
2025 06 02 09   106    17 10156     0     0     2 -9999 -9999
2025 06 02 10   106    11 10156     0     0 -9999 -9999 -9999
2025 06 02 11   106    17 10158     0     0 -9999 -9999 -9999
2025 06 02 12   120    30 10162     0     0     4 -9999 -9999
2025 06 02 13   161    11 10165   220    31 -9999 -9999 -9999
2025 06 02 14   183    11 10161   180    26 -9999 -9999 -9999
2025 06 02 15   210    20 10160   200    36     8 -9999 -9999
2025 06 02 16   233    50 10155   200    31 -9999 -9999 -9999
2025 06 02 17   250    67 10150   200    41 -9999 -9999 -9999
2025 06 02 18   260    60 10145   220    57     8 -9999 -9999
2025 06 02 19   267    67 10140   220    46 -9999 -9999 -9999
2025 06 02 20   278    83 10134   210    36 -9999 -9999 -9999
2025 06 02 21   283    83 10128   180    51 -9999 -9999 -9999
2025 06 02 22   283    72 10124   200    51 -9999 -9999 -9999
2025 06 02 23   289    67 10119   200    51 -9999 -9999 -9999
2025 06 03 00   280    70 10110   200    57     8 -9999 -9999
2025 06 03 01   272    67 10113   200    31 -9999 -9999 -9999
2025 06 03 02   250    72 10110   180    31 -9999 -9999 -9999
2025 06 03 03   240    80 10124   190    41     8 -9999 -9999
2025 06 03 04   233    72 10124   190    41 -9999 -9999 -9999
2025 06 03 05   228    72 10121   180    51 -9999 -9999 -9999
2025 06 03 06   217    83 10115   190    46     4 -9999 -9999
2025 06 03 07   217    94 10117   190    41 -9999 -9999 -9999
2025 06 03 08   211   100 10115   200    46 -9999 -9999 -9999
2025 06 03 09   206   111 10121   190    36     6     0 -9999
2025 06 03 10   206   117 10117   190    46 -9999     0 -9999
2025 06 03 11   206   128 10118   200    41 -9999     0 -9999
2025 06 03 12   211   144 10122   200    46     8     0 -9999
2025 06 03 13   228   161 10119   190    51 -9999     0 -9999
2025 06 03 14   239   167 10114   200    51 -9999     0 -9999
2025 06 03 15   261   172 10104   200    62     8     0 -9999
2025 06 03 16   278   167 10100   200    88 -9999     0 -9999
2025 06 03 17   289   156 10093   190   108 -9999     0 -9999
2025 06 03 18   300   156 10090   200    98     6     0 -9999
2025 06 03 19   306   156 10083   200   103 -9999     0 -9999
2025 06 03 20   239   194 10099   210    46 -9999    -1 -9999
2025 06 03 21   283   183 10088   210    77     6     0 -9999
2025 06 03 22   289   178 10082   200    72 -9999     0 -9999
2025 06 03 23   294   172 10075   190    82 -9999     0 -9999
2025 06 04 00   289   172 10069   200    41     6     0     0
2025 06 04 01   289   172 10070   180    46 -9999     0 -9999
2025 06 04 02   283   156 10076   190    67 -9999     0 -9999
2025 06 04 03   278   150 10083   190    88     8    -1 -9999
2025 06 04 04   217   183 10095   230    41 -9999    23 -9999
2025 06 04 05   222   183 10096   210    62 -9999     0 -9999
2025 06 04 06   222   183 10099   220    51     8    -1    20
2025 06 04 07   217   183 10101   220    51 -9999    -1 -9999
2025 06 04 08   211   189 10100   230    36 -9999    -1 -9999
2025 06 04 09   206   189 10099   270    26     8     7 -9999
2025 06 04 10   200   189 10106   230    26 -9999    46 -9999
2025 06 04 11   200   189 10116   220    21 -9999    13 -9999
2025 06 04 12   189   183 10128    30    77     8    -1    90
2025 06 04 13   150   139 10140    20    77 -9999    18 -9999
2025 06 04 14   144   139 10153    30    62 -9999    15 -9999
2025 06 04 15   150   139 10156    30    46     8     5 -9999
2025 06 04 16   156   144 10167    40    36 -9999    -1 -9999
2025 06 04 17   156   144 10171    30    36 -9999    -1 -9999
2025 06 04 18   161   150 10173    50    41     8    -1    40
2025 06 04 19   161   144 10172    50    51 -9999    -1 -9999
2025 06 04 20   161   144 10169    50    41 -9999     8 -9999
2025 06 04 21   167   139 10169    60    46     8     0 -9999
2025 06 04 22   183   139 10167    50    41 -9999     0 -9999
2025 06 04 23   183   139 10167    40    36 -9999     0 -9999
2025 06 05 00   178   133 10166    50    36     6     0     8
2025 06 05 01   178   111 10170    40    41 -9999     0 -9999
2025 06 05 02   167   111 10174    60    26 -9999     0 -9999
2025 06 05 03   161   117 10179    10    26     6     0 -9999
2025 06 05 04   156   117 10180    50    21 -9999     0 -9999
2025 06 05 05   144   117 10175    20    21 -9999     0 -9999
2025 06 05 06   139   122 10169    40    21     6     0 -9999
2025 06 05 07   128   117 10169   350    21 -9999     0 -9999
2025 06 05 08   128   117 10170     0     0 -9999     0 -9999
2025 06 05 09   122   111 10176   360    21     4     0 -9999
2025 06 05 10   122   106 10174    10    15 -9999     0 -9999
2025 06 05 11   128   106 10177    20    31 -9999     0 -9999
2025 06 05 12   144   100 10183   360    36     6     0 -9999
2025 06 05 13   161   111 -9999    20    46 -9999     0 -9999
2025 06 05 14   172   139 10191    40    51 -9999     0 -9999
2025 06 05 15   189   144 10191    30    51     2     0 -9999
2025 06 05 16   206   139 10179    50    67 -9999     0 -9999
2025 06 05 17   211   133 10182    40    77 -9999     0 -9999
2025 06 05 18   217   122 10183    50    72     4     0 -9999
2025 06 05 19   217   133 10179    50    62 -9999     0 -9999
2025 06 05 20   222   133 10177    40    57 -9999     0 -9999
2025 06 05 21   222   133 10174    40    57     6     0 -9999
2025 06 05 22   217   128 10171    30    62 -9999     0 -9999
2025 06 05 23   206   122 10167    70    46 -9999     0 -9999
2025 06 06 00   206   122 10166    50    51     6     0 -9999
2025 06 06 01   194   111 10166    30    46 -9999     0 -9999
2025 06 06 02   189   106 10166    60    31 -9999     0 -9999
2025 06 06 03   178    89 10167    40    26     6     0 -9999
2025 06 06 04   172    78 10170    20    26 -9999     0 -9999
2025 06 06 05   161    83 10166   350    15 -9999     0 -9999
2025 06 06 06   150    89 10162     0     0     6     0 -9999
2025 06 06 07   161    83 10157   350    15 -9999     0 -9999
2025 06 06 08   156    89 10151    20    21 -9999     0 -9999
2025 06 06 09   156    89 10154    10    26     8     0 -9999
2025 06 06 10   156    89 10148    40    31 -9999     0 -9999
2025 06 06 11   139    89 10150   360    31 -9999     0 -9999
2025 06 06 12   156   100 10156   350    15     6     0 -9999
2025 06 06 13   178   106 10158   350    21 -9999     0 -9999
2025 06 06 14   194   122 10150   360    31 -9999     0 -9999
2025 06 06 15   222   122 10148    40    36     6     0 -9999
2025 06 06 16   233    94 10149    60    57 -9999     0 -9999
2025 06 06 17   239    83 10152    80    41 -9999     0 -9999
2025 06 06 18   239    78 10143    50    51     6     0 -9999
2025 06 06 19   239    50 10137    40    51 -9999     0 -9999
2025 06 06 20   250    56 10134    70    36 -9999     0 -9999
2025 06 06 21   244    78 10128    30    51     2     0 -9999
2025 06 06 22   233   117 10127    30    51 -9999     0 -9999
2025 06 06 23   222    89 10126    50    46 -9999     0 -9999
2025 06 07 00   211    39 10129    30    62     2     0 -9999
2025 06 07 01   194    44 10135    50    41 -9999     0 -9999
2025 06 07 02   189    44 10134    30    57 -9999     0 -9999
2025 06 07 03   178    44 10138    20    36     6     0 -9999
2025 06 07 04   172    50 10136    10    36 -9999     0 -9999
2025 06 07 05   167    67 10131    10    31 -9999     0 -9999
2025 06 07 06   156    67 10131   340    21     0     0 -9999
2025 06 07 07   139    72 10131    10    26 -9999     0 -9999
2025 06 07 08   133    72 10126   350    26     0     0 -9999
2025 06 07 09   128    78 10126   350    36     2     0 -9999
2025 06 07 10   128    83 10127   360    31 -9999     0 -9999
2025 06 07 11   128    89 10127    10    21 -9999     0 -9999
2025 06 07 12   150   100 10130    20    21     2     0 -9999
2025 06 07 13   178   111 10129    50    21 -9999     0 -9999
2025 06 07 14   200   122 10128    90    21 -9999     0 -9999
2025 06 07 15   222   128 10125   100    31     4     0 -9999
2025 06 07 16   228   150 10125    90    36 -9999     0 -9999
2025 06 07 17   233   128 10124    80    36 -9999     0 -9999
2025 06 07 18   239   139 10117    80    41     6     0 -9999
2025 06 07 19   244   139 10112    70    41 -9999     0 -9999
2025 06 07 20   250   139 10106    80    46 -9999     0 -9999
2025 06 07 21   244   144 10098    90    57     6     0 -9999
2025 06 07 22   239   128 10092    90    46 -9999     0 -9999
2025 06 07 23   228   100 10090    70    41 -9999     0 -9999
2025 06 08 00   211    89 10086    60    41     8     0 -9999
2025 06 08 01   194    89 10088    40    51 -9999     0 -9999
2025 06 08 02   178    94 10088    40    57 -9999     0 -9999
2025 06 08 03   172    94 10092    40    36     8     0 -9999
2025 06 08 04   172    94 10088    20    15 -9999     0 -9999
2025 06 08 05   161   117 10091   250    26 -9999     3 -9999
2025 06 08 06   156   122 10088   290    21     8     3     5
2025 06 08 07   156   122 10077     0     0 -9999     3 -9999
2025 06 08 08   156   133 10075   290    15 -9999    -1 -9999
2025 06 08 09   156   133 10076   350    21     8     0 -9999
2025 06 08 10   156   128 10078    10    31 -9999     0 -9999
2025 06 08 11   156   133 10075    70    15 -9999     0 -9999
2025 06 08 12   167   139 10077     0     0 -9999     0     3
2025 06 08 13   189   139 10070   110    26 -9999     0 -9999
2025 06 08 14   200   144 10073   160    21 -9999     0 -9999
2025 06 08 15   217   150 10066   130    21     0     0 -9999
2025 06 08 16   228   156 10064   230    21 -9999     0 -9999
2025 06 08 17   244   156 10057   220    46 -9999     0 -9999
2025 06 08 18   256   156 10052   220    67     4     0 -9999
2025 06 08 19   261   150 10047   220    67 -9999     0 -9999
2025 06 08 20   256   150 10039   220    57 -9999     0 -9999
2025 06 08 21   233   172 10045   270    62     8     5 -9999
2025 06 08 22   217   178 10045   270    62 -9999    18 -9999
2025 06 08 23   211   144 10050   300    31 -9999    -1 -9999
2025 06 09 00   200   139 10052   240    15     8    -1    20
2025 06 09 01   206   133 10050   200    21 -9999     0 -9999
2025 06 09 02   194   133 10049   240    36 -9999     0 -9999
2025 06 09 03   178   128 10057   230    36     0     0 -9999
2025 06 09 04   167   122 10061   240    36     0     0 -9999
2025 06 09 05   161   122 10058   230    41     0     0 -9999
2025 06 09 06   150   122 10056   230    46     0     0 -9999
2025 06 09 07   144   122 10049   240    36     0     0 -9999
2025 06 09 08   144   117 10050   240    41     0     0 -9999
2025 06 09 09   139   111 10048   240    41     0     0 -9999
2025 06 09 10   133   111 10047   220    41     0     0 -9999
2025 06 09 11   128   111 10048   210    41     0     0 -9999
2025 06 09 12   139   111 10045   220    46     2     0 -9999
2025 06 09 13   156   111 10041   210    41 -9999     0 -9999
2025 06 09 14   172   122 10043   210    57 -9999     0 -9999
2025 06 09 15   183   117 10037   200    51     6     0 -9999
2025 06 09 16   200   128 10037   220    41 -9999     0 -9999
2025 06 09 17   211   122 10035   230    62 -9999     0 -9999
2025 06 09 18   206   111 10038   230    62     8     0 -9999
2025 06 09 19   200   100 10040   260    88 -9999     0 -9999
2025 06 09 20   206    94 10046   270    93 -9999     0 -9999
2025 06 09 21   200    78 10048   270    88     6     0 -9999
2025 06 09 22   200    72 10051   280    67 -9999     0 -9999
2025 06 09 23   194    72 10055   260    72 -9999     0 -9999
2025 06 10 00   194    67 10058   260    67     4     0 -9999
2025 06 10 01   189    72 10065   250    36 -9999     0 -9999
2025 06 10 02   178    78 10069   260    31 -9999     0 -9999
2025 06 10 03   167    83 10077   260    26     4     0 -9999
2025 06 10 04   161    83 10078   230    21 -9999     0 -9999
2025 06 10 05   156    83 10082   240    26     0     0 -9999
2025 06 10 06   150    83 10084   250    26     0     0 -9999
2025 06 10 07   139    83 10085   230    31     0     0 -9999
2025 06 10 08   133    83 10087   230    26     0     0 -9999
2025 06 10 09   133    83 10090   240    31     0     0 -9999
2025 06 10 10   133    83 10094   250    36 -9999     0 -9999
2025 06 10 11   133    89 10101   230    36     0     0 -9999
2025 06 10 12   144    94 10107   240    41     0     0 -9999
2025 06 10 13   167   100 10112   260    26     0     0 -9999
2025 06 10 14   172   106 10117   240    57     0     0 -9999
2025 06 10 15   194   106 10115   270    67     0     0 -9999
2025 06 10 16   200   100 10123   270    62 -9999     0 -9999
2025 06 10 17   217   111 10126   270    67 -9999     0 -9999
2025 06 10 18   220   120 10124   260    72     6     0 -9999
2025 06 10 19   233   111 10123   270    62 -9999     0 -9999
2025 06 10 20   244   117 10123   280    41 -9999     0 -9999
2025 06 10 21   240   110 10122   270    62     6     0 -9999
2025 06 10 22   256   117 10123   260    57 -9999     0 -9999
2025 06 10 23   250   111 10125   270    46 -9999     0 -9999
2025 06 11 00   250   110 10126   260    57     6     0 -9999
2025 06 11 01   239   111 10128   250    26 -9999     0 -9999
2025 06 11 02   228   111 10133   220    21 -9999     0 -9999
2025 06 11 03   210   120 10140   220    15     8     0 -9999
2025 06 11 04   206   117 10143   210    26 -9999     0 -9999
2025 06 11 05   200   111 10145   220    26 -9999     0 -9999
2025 06 11 06   194   117 10146   220    31     0     0 -9999
2025 06 11 07   189   122 10145   210    41     0     0 -9999
2025 06 11 08   183   128 10146   210    41     0     0 -9999
2025 06 11 09   178   128 10150   220    36     0     0 -9999
2025 06 11 10   178   128 10152   210    36 -9999     0 -9999
2025 06 11 11   183   133 10156   210    46 -9999     0 -9999
2025 06 11 12   189   133 10157   220    57     4     0 -9999
2025 06 11 13   217   139 10158   230    51 -9999     0 -9999
2025 06 11 14   228   139 10154   220    57 -9999     0 -9999
2025 06 11 15   256   144 10155   230    72     2     0 -9999
2025 06 11 16   272   150 10159   240    62 -9999     0 -9999
2025 06 11 17   289   144 10155   250    77 -9999     0 -9999
2025 06 11 18   300   150 10150   230    67     2     0 -9999
2025 06 11 19   317   139 10144   240    77 -9999     0 -9999
2025 06 11 20   322   139 10140   250    62 -9999     0 -9999
2025 06 11 21   328   139 10138   230    57 -9999     0 -9999
2025 06 11 22   333   133 10139   220    51 -9999     0 -9999
2025 06 11 23   328   144 10139   220    62 -9999     0 -9999
2025 06 12 00   317   139 10142   220    57 -9999     0 -9999
2025 06 12 01   306   139 10145   220    51 -9999     0 -9999
2025 06 12 02   289   144 10150   220    31 -9999     0 -9999
2025 06 12 03   278   144 10157   220    31     8     0 -9999
2025 06 12 04   261   144 10160   220    41 -9999     0 -9999
2025 06 12 05   256   150 10160   230    36 -9999     0 -9999
2025 06 12 06   233   156 10159   320    26     6     0 -9999
2025 06 12 07   222   156 10164    10    57 -9999     0 -9999
2025 06 12 08   222   128 10163    50    36 -9999     0 -9999
2025 06 12 09   206   133 10170    30    26     8     0 -9999
2025 06 12 10   194   133 10165    20    31 -9999     0 -9999
2025 06 12 11   189   133 10170    70    15 -9999     0 -9999
2025 06 12 12   206   139 10173    60    21     6     0 -9999
2025 06 12 13   217   144 10173     0     0 -9999     0 -9999
2025 06 12 14   239   150 10173    40    26 -9999     0 -9999
2025 06 12 15   250   156 10177    30    46     8     0 -9999
2025 06 12 16   256   156 10175    60    31 -9999     0 -9999
2025 06 12 17   244   156 10175    20    46 -9999     0 -9999
2025 06 12 18   250   156 10175    30    46     8     0 -9999
2025 06 12 19   261   156 10170    30    46 -9999     0 -9999
2025 06 12 20   239   150 10168    30    62 -9999     0 -9999
2025 06 12 21   233   150 10165    30    62     8     0 -9999
2025 06 12 22   222   150 10163    50    57 -9999     0 -9999
2025 06 12 23   206   139 10162    20    51 -9999     0 -9999
2025 06 13 00   200   133 10162    30    62     8     0 -9999
2025 06 13 01   189   122 10171    40    41 -9999     0 -9999
2025 06 13 02   178   122 10168    30    46 -9999     0 -9999
2025 06 13 03   172   117 10168    20    57     8     0 -9999
2025 06 13 04   172   117 10164    20    41 -9999     0 -9999
2025 06 13 05   167   122 10163    30    31 -9999     0 -9999
2025 06 13 06   167   128 10161    20    36     8     0 -9999
2025 06 13 07   167   128 10156    20    26 -9999     0 -9999
2025 06 13 08   167   128 10155    10    41 -9999     0 -9999
2025 06 13 09   161   128 10154    10    21     6     0 -9999
2025 06 13 10   161   133 10158    20    31 -9999     0 -9999
2025 06 13 11   161   133 10157    20    21 -9999     0 -9999
2025 06 13 12   167   139 10159    10    15     8     0 -9999
2025 06 13 13   172   139 10160   330    21 -9999     3 -9999
2025 06 13 14   167   156 10162   340    15 -9999    25 -9999
2025 06 13 15   183   156 10161     0     0     8     0 -9999
2025 06 13 16   189   161 10158    30    21 -9999     0 -9999
2025 06 13 17   200   167 10160    70    21 -9999     3 -9999
2025 06 13 18   211   172 10158    70    31     8    -1    30
2025 06 13 19   206   178 10158    90    21 -9999    -1 -9999
2025 06 13 20   206   183 10155    80    31 -9999     5 -9999
2025 06 13 21   200   178 10151    80    31     8    -1 -9999
2025 06 13 22   211   183 10147    70    36 -9999    -1 -9999
2025 06 13 23   211   183 10145   100    41 -9999     0 -9999
2025 06 14 00   211   178 10146    70    36     8     0     5
2025 06 14 01   183   156 10154    20    57 -9999     0 -9999
2025 06 14 02   178   156 10156    40    51 -9999     0 -9999
2025 06 14 03   161   139 10160    30    67     8     0 -9999
2025 06 14 04   161   139 10159    30    51 -9999     0 -9999
2025 06 14 05   156   139 10157    20    46 -9999     0 -9999
2025 06 14 06   150   133 10155    20    57     8     0 -9999
2025 06 14 07   150   139 10154    30    51 -9999     0 -9999
2025 06 14 08   150   133 10155    30    51 -9999     0 -9999
2025 06 14 09   150   133 10157    30    41     8     0 -9999
2025 06 14 10   161   144 10157    30    46 -9999     0 -9999
2025 06 14 11   156   144 10160    30    46 -9999     0 -9999
2025 06 14 12   161   150 10167    30    41     8     0 -9999
2025 06 14 13   172   150 10173    60    41 -9999     0 -9999
2025 06 14 14   172   144 10174    40    51 -9999     0 -9999
2025 06 14 15   183   144 10169    60    57     8     0 -9999
2025 06 14 16   189   144 10170    30    57 -9999     0 -9999
2025 06 14 17   200   144 10174    40    41 -9999     0 -9999
2025 06 14 18   206   144 10172    60    36     8     0 -9999
2025 06 14 19   217   150 10166    30    41 -9999     0 -9999
2025 06 14 20   222   150 10165    40    46 -9999     0 -9999
2025 06 14 21   233   156 10170    20    46     2     0 -9999
2025 06 14 22   239   161 10163    60    31 -9999     0 -9999
2025 06 14 23   228   150 10162    40    46 -9999     0 -9999
2025 06 15 00   217   144 10158    40    46     2     0 -9999
2025 06 15 01   200   139 10164    30    51 -9999     0 -9999
2025 06 15 02   183   122 10170    70    36 -9999     0 -9999
2025 06 15 03   161   117 10183    40    36     2     0 -9999
2025 06 15 04   161   111 10186    50    21 -9999     0 -9999
2025 06 15 05   144   111 10190    20    21 -9999     0 -9999
2025 06 15 06   150   111 10186   360    15     2     0 -9999
2025 06 15 07   150   111 10184    30    21 -9999     0 -9999
2025 06 15 08   150   111 10183    30    26 -9999     0 -9999
2025 06 15 09   144   111 10176    30    26     4     0 -9999
2025 06 15 10   150   111 10179    40    26 -9999     0 -9999
2025 06 15 11   150   117 10182    30    21 -9999     0 -9999
2025 06 15 12   161   122 10185    20    21     6     0 -9999
2025 06 15 13   178   128 10192   360    31 -9999     0 -9999
2025 06 15 14   200   139 10192    80    21 -9999     0 -9999
2025 06 15 15   233   150 10186   110    41     6     0 -9999
2025 06 15 16   250   144 10187     0     0 -9999     0 -9999
2025 06 15 17   267   150 10184    90    36 -9999     0 -9999
2025 06 15 18   272   150 10185    90    41     6     0 -9999
2025 06 15 19   272   150 10186    70    46 -9999     0 -9999
2025 06 15 20   278   156 10182    90    46 -9999     0 -9999
2025 06 15 21   272   156 10179    70    31     6     0 -9999
2025 06 15 22   267   156 10177    50    51 -9999     0 -9999
2025 06 15 23   261   156 10173    50    36 -9999     0 -9999
2025 06 16 00   239   156 10173    60    46     6     0 -9999
2025 06 16 01   228   150 10172    30    41 -9999     0 -9999
2025 06 16 02   211   139 10175    60    36 -9999     0 -9999
2025 06 16 03   200   133 10179    40    41     6     0 -9999
2025 06 16 04   178   128 10179    20    41 -9999     0 -9999
2025 06 16 05   178   133 10178    60    26 -9999     0 -9999
2025 06 16 06   172   133 10175    40    15     6     0 -9999
2025 06 16 07   172   128 10167    10    21 -9999     0 -9999
2025 06 16 08   172   128 10161     0     0 -9999     0 -9999
2025 06 16 09   172   133 10164     0     0     4     0 -9999
2025 06 16 10   172   133 10161    50    21 -9999     0 -9999
2025 06 16 11   161   128 10165     0     0 -9999     0 -9999
2025 06 16 12   183   144 10163     0     0     6     0 -9999
2025 06 16 13   217   156 10159   160    21 -9999     0 -9999
2025 06 16 14   244   139 10164   150    21 -9999     0 -9999
2025 06 16 15   256   144 10157   190    31     2     0 -9999
2025 06 16 16   278   139 10152   160    15 -9999     0 -9999
2025 06 16 17   289   150 10146   120    26 -9999     0 -9999
2025 06 16 18   294   144 10139   160    36     4     0 -9999
2025 06 16 19   306   156 10132   150    36 -9999     0 -9999
2025 06 16 20   306   156 10122   130    51 -9999     0 -9999
2025 06 16 21   306   150 10117   120    51 -9999     0 -9999
2025 06 16 22   294   156 10116    90    57 -9999     0 -9999
2025 06 16 23   289   156 10112   110    51 -9999     0 -9999
2025 06 17 00   278   156 10108   120    46     8     0 -9999
2025 06 17 01   261   150 10102   140    51 -9999     0 -9999
2025 06 17 02   250   150 10099   130    46 -9999     0 -9999
2025 06 17 03   239   150 10104   130    31     8     0 -9999
2025 06 17 04   233   150 10108   140    26 -9999     0 -9999
2025 06 17 05   228   150 10108   130    21 -9999     0 -9999
2025 06 17 06   233   156 10103   190    21     8     0 -9999
2025 06 17 07   228   161 10098   180    26 -9999     0 -9999
2025 06 17 08   222   172 10093   190    26 -9999     0 -9999
2025 06 17 09   222   183 10088   200    21     6     0 -9999
2025 06 17 10   217   189 10085   200    31 -9999     0 -9999
2025 06 17 11   228   206 10081   200    36 -9999     0 -9999
2025 06 17 12   233   211 10086   220    46     2     0 -9999
2025 06 17 13   244   211 10089   200    62 -9999     0 -9999
2025 06 17 14   267   211 10091   210    46 -9999     0 -9999
2025 06 17 15   283   206 10086   220    67     4     0 -9999
2025 06 17 16   300   206 10090   240    67 -9999     0 -9999
2025 06 17 17   306   200 10087   230    88 -9999     0 -9999
2025 06 17 18   317   200 10081   230    67     4     0 -9999
2025 06 17 19   322   194 10078   220    62 -9999     0 -9999
2025 06 17 20   328   194 10072   210    67 -9999     0 -9999
2025 06 17 21   322   194 10069   220    46     6     0 -9999
2025 06 17 22   333   189 10060   210    46 -9999     0 -9999
2025 06 17 23   328   183 10059   220    51 -9999     0 -9999
2025 06 18 00   311   189 10066   240    36     6     0 -9999
2025 06 18 01   311   183 10067   230    31 -9999     0 -9999
2025 06 18 02   300   172 10071   230    26 -9999     0 -9999
2025 06 18 03   289   178 10075   210    31     6     0 -9999
2025 06 18 04   278   194 10076   220    62 -9999     0 -9999
2025 06 18 05   222   200 10090   200    88 -9999    66 -9999
2025 06 18 06   222   200 10085   300    36     8    10    80
2025 06 18 07   211   194 10082     0     0 -9999     5 -9999
2025 06 18 08   217   200 10070   220    15 -9999    -1 -9999
2025 06 18 09   211   200 10081   210    26     8     0 -9999
2025 06 18 10   211   194 10079     0     0 -9999     5 -9999
2025 06 18 11   211   194 10080   130    36 -9999    -1 -9999
2025 06 18 12   217   200 10086   130    26     8     0    10
2025 06 18 13   222   200 10092   170    26 -9999     0 -9999
2025 06 18 14   239   200 10093   160    26 -9999     0 -9999
2025 06 18 15   244   206 10088   200    31     6     0 -9999
2025 06 18 16   256   206 10087 -9999    15 -9999     0 -9999
2025 06 18 17   267   206 10087   290    15 -9999    -1 -9999
2025 06 18 18   272   211 10060   140    15     8    -1    -1
2025 06 18 19   233   211 10066    70    21 -9999    20 -9999
2025 06 18 20   222   211 -9999    70    46 -9999    15 -9999
2025 06 18 21   233   211 10038    60    57     8    10 -9999
2025 06 18 22   228   206 10034    70    36 -9999    -1 -9999
2025 06 18 23   228   211 10034   350    15 -9999    -1 -9999
2025 06 19 00   211   194 10042    40    46     8    36   110
2025 06 19 01   194   189 10053   340    36 -9999   190 -9999
2025 06 19 02   194   189 10048   340    15 -9999    28 -9999
2025 06 19 03   200   189 10053   280    21     8    -1 -9999
2025 06 19 04   200   189 10059   260    26 -9999    -1 -9999
2025 06 19 05   200   194 10063   290    15 -9999    -1 -9999
2025 06 19 06   189   178 10066   350    51     8   114   350
2025 06 19 07   183   178 10071   310    31 -9999    -1 -9999
2025 06 19 08   189   178 10075   290    31 -9999    -1 -9999
2025 06 19 09   189   178 10080   300    31     8    -1 -9999
2025 06 19 10   189   172 10085   300    36 -9999     0 -9999
2025 06 19 11   189   172 10093   270    31 -9999     0 -9999
2025 06 19 12   194   178 10097   260    26     8     0    -1
2025 06 19 13   200   183 10106 -9999    15 -9999    -1 -9999
2025 06 19 14   217   178 10117   300    26 -9999     0 -9999
2025 06 19 15   233   178 10121   290    41     4     0 -9999
2025 06 19 16   250   178 10120   310    36 -9999     0 -9999
2025 06 19 17   256   167 10120   250    46 -9999     0 -9999
2025 06 19 18   278   178 10121   260    57     4     0     0
2025 06 19 19   272   167 10121   280    57 -9999     0 -9999
2025 06 19 20   289   172 10118   250    51 -9999     0 -9999
2025 06 19 21   261   172 10119   250    62     6    -1 -9999
2025 06 19 22   283   183 10119 -9999    31 -9999    -1 -9999
2025 06 19 23   278   161 10121   290    46 -9999     0 -9999
2025 06 20 00   283   144 10125   300    51     4     0    -1
2025 06 20 01   261   150 10129    20    31 -9999     0 -9999
2025 06 20 02   250   156 10131    60    26 -9999     0 -9999
2025 06 20 03   233   161 10135   140    21     0     0 -9999
2025 06 20 04   233   161 10134   210    15 -9999     0 -9999
2025 06 20 05   222   156 10135   220    21 -9999     0 -9999
2025 06 20 06   217   156 10134   220    26     2     0 -9999
2025 06 20 07   217   161 10131   210    36 -9999     0 -9999
2025 06 20 08   217   161 10126   220    41 -9999     0 -9999
2025 06 20 09   211   167 10132   230    36     4     0 -9999
2025 06 20 10   206   167 10138   240    41 -9999     0 -9999
2025 06 20 11   206   167 10141   220    36 -9999     0 -9999
2025 06 20 12   211   172 10144   230    41     8     0 -9999
2025 06 20 13   228   172 10149   220    31 -9999     0 -9999
2025 06 20 14   233   172 10146   210    41 -9999     0 -9999
2025 06 20 15   233   178 10149   210    36     8     0 -9999
2025 06 20 16   228   183 10153   220    41 -9999    -1 -9999
2025 06 20 17   250   189 10141   200    62 -9999    -1 -9999
2025 06 20 18   267   189 10138   200    62     6     0    -1
2025 06 20 19   278   189 10136   210    57 -9999     0 -9999
2025 06 20 20   289   178 10124   200    67 -9999     0 -9999
2025 06 20 21   294   167 10115   190    62     2     0 -9999
2025 06 20 22   294   167 10110   190    57 -9999     0 -9999
2025 06 20 23   289   161 10107   200    77 -9999     0 -9999
2025 06 21 00   283   172 10109   190    46     4     0 -9999
2025 06 21 01   278   172 10112   190    46 -9999     0 -9999
2025 06 21 02   272   178 10111   180    46 -9999     0 -9999
2025 06 21 03   267   183 10118   190    31     2     0 -9999
2025 06 21 04   256   189 10117   180    41     0     0 -9999
2025 06 21 05   256   189 10115   190    57     0     0 -9999
2025 06 21 06   256   189 10110   190    57     0     0 -9999
2025 06 21 07   256   194 10108   200    62     0     0 -9999
2025 06 21 08   261   200 10102   200    62     0     0 -9999
2025 06 21 09   261   206 10102   200    62     0     0 -9999
2025 06 21 10   256   206 10109   210    57 -9999     0 -9999
2025 06 21 11   256   211 10109   210    67 -9999     0 -9999
2025 06 21 12   261   217 10109   210    51     4     0 -9999
2025 06 21 13   272   222 10103   200    93 -9999     0 -9999
2025 06 21 14   278   228 10103   210    82 -9999     0 -9999
2025 06 21 15   294   233 10100   210    77     6     0 -9999
2025 06 21 16   311   233 10096   200    72 -9999     0 -9999
2025 06 21 17   322   233 10097   220    98 -9999     0 -9999
2025 06 21 18   333   233 10097   200    77     4     0 -9999
2025 06 21 19   339   233 10087   190    98 -9999     0 -9999
2025 06 21 20   344   239 10081   210    98 -9999     0 -9999
2025 06 21 21   344   239 10076   200   108 -9999     0 -9999
2025 06 21 22   344   239 10075   220    93 -9999     0 -9999
2025 06 21 23   339   239 10076   210    82 -9999     0 -9999
2025 06 22 00   333   233 10079   210    82     2     0 -9999
2025 06 22 01   322   228 10087   220    82 -9999     0 -9999
2025 06 22 02   317   233 10091   210    77 -9999     0 -9999
2025 06 22 03   311   239 10099   200    46     0     0 -9999
2025 06 22 04   306   233 10108   210    67     0     0 -9999
2025 06 22 05   300   228 10114   210    57     0     0 -9999
2025 06 22 06   294   228 10120   200    62     0     0 -9999
2025 06 22 07   289   228 10126   210    57     0     0 -9999
2025 06 22 08   283   228 10130   210    51     0     0 -9999
2025 06 22 09   272   228 10133   210    57     0     0 -9999
2025 06 22 10   267   228 10139   200    57     0     0 -9999
2025 06 22 11   267   228 10147   210    57     0     0 -9999
2025 06 22 12   267   228 10152   210    62     0     0 -9999
2025 06 22 13   278   233 10155   220    62     0     0 -9999
2025 06 22 14   289   233 10158   200    67 -9999     0 -9999
2025 06 22 15   300   233 10158   220    62     2     0 -9999
2025 06 22 16   311   233 10157   240    67 -9999     0 -9999
2025 06 22 17   322   233 10156   230    72 -9999     0 -9999
2025 06 22 18   333   233 10153   200    67     2     0 -9999
2025 06 22 19   339   228 10149   200    77 -9999     0 -9999
2025 06 22 20   344   228 10146   200    62 -9999     0 -9999
2025 06 22 21   344   222 10142   200    72     4     0 -9999
2025 06 22 22   344   222 10144   220    93 -9999     0 -9999
2025 06 22 23   339   228 10142   190    93 -9999     0 -9999
2025 06 23 00   333   222 10143   200    82     2     0 -9999
2025 06 23 01   322   222 10142   210    62 -9999     0 -9999
2025 06 23 02   317   222 10143   200    67     0     0 -9999
2025 06 23 03   311   222 10147   210    51     0     0 -9999
2025 06 23 04   306   222 10151   200    46     0     0 -9999
2025 06 23 05   294   222 10153   200    46     0     0 -9999
2025 06 23 06   294   217 10155   200    57     0     0 -9999
2025 06 23 07   283   217 10155   210    57     0     0 -9999
2025 06 23 08   278   211 10158   210    57     0     0 -9999
2025 06 23 09   272   211 10159   210    67     0     0 -9999
2025 06 23 10   267   211 10167   210    51     0     0 -9999
2025 06 23 11   261   211 10178   220    41     0     0 -9999
2025 06 23 12   267   217 10187   220    51     0     0 -9999
2025 06 23 13   278   222 10189   230    57     0     0 -9999
2025 06 23 14   294   217 10188   240    57     0     0 -9999
2025 06 23 15   306   217 10183   220    67     0     0 -9999
2025 06 23 16   322   222 10182   220    67     0     0 -9999
2025 06 23 17   328   222 10181   220    41 -9999     0 -9999
2025 06 23 18   339   222 10177   210    46     2     0 -9999
2025 06 23 19   339   217 10170   230    82 -9999     0 -9999
2025 06 23 20   339   211 10168   210    88 -9999     0 -9999
2025 06 23 21   344   211 10166   220    67     4     0 -9999
2025 06 23 22   344   206 10165   210    93 -9999     0 -9999
2025 06 23 23   339   211 10160   210    98 -9999     0 -9999
2025 06 24 00   333   211 10167   210    72     2     0 -9999
2025 06 24 01   328   211 10166   200    62 -9999     0 -9999
2025 06 24 02   317   211 10173   210    36 -9999     0 -9999
2025 06 24 03   311   217 10192   220    26     6     0 -9999
2025 06 24 04   300   217 10192   210    21 -9999     0 -9999
2025 06 24 05   294   222 10190   210    26 -9999     0 -9999
2025 06 24 06   267   189 10197   330    36     6     0 -9999
2025 06 24 07   261   183 10199     0     0 -9999     0 -9999
2025 06 24 08   261   183 10194     0     0 -9999     0 -9999
2025 06 24 09   250   189 10191     0     0     6     0 -9999
2025 06 24 10   256   189 10191     0     0 -9999     0 -9999
2025 06 24 11   256   189 10194   150    26 -9999     0 -9999
2025 06 24 12   272   211 10196   170    36     6     0 -9999
2025 06 24 13   306   228 10200   200    41 -9999     0 -9999
2025 06 24 14   306   233 10201   220    36 -9999     0 -9999
2025 06 24 15   322   233 10199   230    46     2     0 -9999
2025 06 24 16   333   222 10200   210    51 -9999     0 -9999
2025 06 24 17   328   211 10199   240    51 -9999     0 -9999
2025 06 24 18   339   222 10198   240    51     6     0 -9999
2025 06 24 19   294   211 10201   360    67 -9999     0 -9999
2025 06 24 20   306   222 10200    40    46 -9999     0 -9999
2025 06 24 21   306   222 10197    20    46     6     0 -9999
2025 06 24 22   306   217 10198    40    46 -9999     0 -9999
2025 06 24 23   283   206 10198    90    46 -9999     0 -9999
2025 06 25 00   272   194 10201    90    46     6     0 -9999
2025 06 25 01   267   194 10199    90    26 -9999    -1 -9999
2025 06 25 02   256   200 10200    90    26 -9999     3 -9999
2025 06 25 03   244   211 10207     0     0     6     8 -9999
2025 06 25 04   244   217 10205   100    31 -9999     8 -9999
2025 06 25 05   244   211 10206     0     0 -9999    -1 -9999
2025 06 25 06   239   217 10208   350    31     6     0    20
2025 06 25 07   239   217 10204    70    26 -9999     0 -9999
2025 06 25 08   228   217 -9999   210    15 -9999    -1 -9999
2025 06 25 09   228   222 10206   360    21     8    13 -9999
2025 06 25 10   222   211 10200    80    41 -9999    -1 -9999
2025 06 25 11   222   211 10200    80    31 -9999    -1 -9999
2025 06 25 12   222   211 10206    60    21     8     0    80
2025 06 25 13   217   206 10212    90    15 -9999     0 -9999
2025 06 25 14   222   211 10214     0     0 -9999     0 -9999
2025 06 25 15   239   217 10217     0     0     8     0 -9999
2025 06 25 16   250   217 10214    40    26 -9999     0 -9999
2025 06 25 17   272   222 10209    50    15 -9999     0 -9999
2025 06 25 18   283   222 10203    90    26     6     0 -9999
2025 06 25 19   300   228 10193     0     0 -9999     0 -9999
2025 06 25 20   306   222 10183    70    36 -9999     0 -9999
2025 06 25 21   306   228 10174    90    31     6     0 -9999
2025 06 25 22   283   217 10175    80    46 -9999     0 -9999
2025 06 25 23   261   211 10166    90    51 -9999     0 -9999
2025 06 26 00   244   217 10167   110    41     6    38    40
2025 06 26 01   239   211 10169    90    26 -9999     0 -9999
2025 06 26 02   239   211 10169   100    26 -9999     0 -9999
2025 06 26 03   239   211 10164   150    31     4     0 -9999
2025 06 26 04   244   217 10163   190    21 -9999     0 -9999
2025 06 26 05   244   217 10161   200    15 -9999     0 -9999
2025 06 26 06   250   222 10160   200    26     4     0 -9999
2025 06 26 07   256   222 10156   200    26 -9999     0 -9999
2025 06 26 08   250   222 10146   200    36 -9999     0 -9999
2025 06 26 09   250   222 10139   210    31     2     0 -9999
2025 06 26 10   250   222 10141   210    31 -9999     0 -9999
2025 06 26 11   250   222 10147   210    36 -9999     0 -9999
2025 06 26 12   261   228 10151   220    31     2     0 -9999
2025 06 26 13   278   233 10154   260    41 -9999     0 -9999
2025 06 26 14   294   239 10158   250    46 -9999     0 -9999
2025 06 26 15   311   239 10155   250    31     2     0 -9999
2025 06 26 16   322   228 10152   240    46 -9999     0 -9999
2025 06 26 17   317   228 10146   260    51 -9999     0 -9999
2025 06 26 18   333   222 10142   280    46     6     0 -9999
2025 06 26 19   328   211 10138   270    46 -9999     0 -9999
2025 06 26 20   339   222 10128   240    41 -9999     0 -9999
2025 06 26 21   344   217 10118   220    46     6     0 -9999
2025 06 26 22   344   211 10114   210    46 -9999     0 -9999
2025 06 26 23   333   217 10114   220    41 -9999     0 -9999
2025 06 27 00   328   206 10112   210    51     6     0 -9999
2025 06 27 01   294   217 10116   240    46 -9999    -1 -9999
2025 06 27 02   283   217 10123    20    31 -9999     0 -9999
2025 06 27 03   272   217 10127    90    26     2     0 -9999
2025 06 27 04   261   217 10125   100    26 -9999     0 -9999
2025 06 27 05   250   217 10120   110    21 -9999     0 -9999
2025 06 27 06   267   217 10121   180    15     2     0     0
2025 06 27 07   278   222 10111   180    31 -9999     0 -9999
2025 06 27 08   278   217 10108   200    51 -9999     0 -9999
2025 06 27 09   267   211 10116   240    51     2     0 -9999
2025 06 27 10   256   206 10119   230    26 -9999     0 -9999
2025 06 27 11   250   206 10122   240    41 -9999     0 -9999
2025 06 27 12   250   206 10121   220    41     4     0 -9999
2025 06 27 13   272   206 10120   220    26 -9999     0 -9999
2025 06 27 14   278   206 10121   230    51 -9999     0 -9999
2025 06 27 15   289   211 10119   210    67     2     0 -9999
2025 06 27 16   294   206 10120   220    67 -9999     0 -9999
2025 06 27 17   289   217 10124   240    62 -9999     0 -9999
2025 06 27 18   278   217 10124   240    67     8     0 -9999
2025 06 27 19   289   217 10119   260    62 -9999     0 -9999
2025 06 27 20   300   206 10114   250    72 -9999     0 -9999
2025 06 27 21   300   206 10112   240    41     6     0 -9999
2025 06 27 22   306   183 10110   250    77 -9999     0 -9999
2025 06 27 23   300   183 10114   250    82 -9999     0 -9999
2025 06 28 00   289   189 10118   250    57     4     0 -9999
2025 06 28 01   278   189 10122   260    57 -9999     0 -9999
2025 06 28 02   261   189 10129   270    31 -9999     0 -9999
2025 06 28 03   250   183 10135   290    31     2     0 -9999
2025 06 28 04   239   183 10141   310    26 -9999     0 -9999
2025 06 28 05   233   183 10143   310    21 -9999     0 -9999
2025 06 28 06   228   183 10146     0     0     2     0 -9999
2025 06 28 07   217   183 10146     0     0 -9999     0 -9999
2025 06 28 08   206   178 10153   350    31     0     0 -9999
2025 06 28 09   200   172 10152    10    26     0     0 -9999
2025 06 28 10   206   172 10158    40    31 -9999     0 -9999
2025 06 28 11   206   172 10165    30    31 -9999     0 -9999
2025 06 28 12   211   172 10171    30    36     4     0 -9999
2025 06 28 13   222   167 10174    60    21 -9999     0 -9999
2025 06 28 14   239   178 10172   100    26 -9999     0 -9999
2025 06 28 15   250   183 10171     0     0     4     0 -9999
2025 06 28 16   267   183 10168     0     0 -9999     0 -9999
2025 06 28 17   283   189 10166 -9999    21 -9999     0 -9999
2025 06 28 18   283   183 10165 -9999    15     4     0 -9999
2025 06 28 19   300   189 10160   110    31 -9999     0 -9999
2025 06 28 20   306   189 10153   110    41 -9999     0 -9999
2025 06 28 21   311   178 10151    60    46     6     0 -9999
2025 06 28 22   306   194 10148    70    41 -9999     0 -9999
2025 06 28 23   294   189 10146    80    51 -9999     0 -9999
2025 06 29 00   272   183 10150    90    46     2     0 -9999
2025 06 29 01   256   178 10149   100    41 -9999     0 -9999
2025 06 29 02   250   172 10151    90    31 -9999     0 -9999
2025 06 29 03   239   172 10157   120    31     2     0 -9999
2025 06 29 04   239   172 10159   110    26 -9999     0 -9999
2025 06 29 05   239   167 10154     0     0 -9999     0 -9999
2025 06 29 06   233   172 10150   120    21     0     0 -9999
2025 06 29 07   233   172 10145   150    21     0     0 -9999
2025 06 29 08   228   189 10145   150    31     0     0 -9999
2025 06 29 09   233   194 10149   150    31     0     0 -9999
2025 06 29 10   228   194 10150   160    21 -9999     0 -9999
2025 06 29 11   233   194 10152   160    21 -9999     0 -9999
2025 06 29 12   250   206 10148   180    26     2     0 -9999
2025 06 29 13   261   211 10150   220    26 -9999     0 -9999
2025 06 29 14   283   222 10149   190    26 -9999     0 -9999
2025 06 29 15   294   228 10147   230    31     2     0 -9999
2025 06 29 16   317   217 10142   200    36 -9999     0 -9999
2025 06 29 17   322   206 10141     0     0 -9999     0 -9999
2025 06 29 18   328   200 10138   240    31     6     0 -9999
2025 06 29 19   333   194 10129   140    46 -9999     0 -9999
2025 06 29 20   339   211 10117   120    51 -9999     0 -9999
2025 06 29 21   339   217 10111   140    46     6     0 -9999
2025 06 29 22   339   194 10104   160    51 -9999     0 -9999
2025 06 29 23   333   206 10103   150    41 -9999     0 -9999
2025 06 30 00   289   206 10105   150    82     6    -1    -1
2025 06 30 01   294   222 10105   190    36 -9999     8 -9999
2025 06 30 02   283   211 10109   190    21 -9999     0 -9999
2025 06 30 03   283   206 10118   210    31     6     0 -9999
2025 06 30 04   278   211 10119   220    31 -9999     0 -9999
2025 06 30 05   261   211 10119   360    36 -9999     0 -9999
2025 06 30 06   244   206 10113    30    31     4     0     8
2025 06 30 07   233   206 10109   100    21 -9999     0 -9999
2025 06 30 08   239   206 10108    20    15 -9999     0 -9999
2025 06 30 09   233   206 10105   130    21     6     0 -9999
2025 06 30 10   239   206 10103   160    15 -9999     0 -9999
2025 06 30 11   239   211 10102   180    15 -9999     0 -9999
2025 06 30 12   250   222 10103   240    31     6     0 -9999
2025 06 30 13   250   222 10106   250    36 -9999     0 -9999
2025 06 30 14   267   217 10109   260    36 -9999     0 -9999
2025 06 30 15   278   217 10112   250    31     6     0 -9999
2025 06 30 16   289   222 10111   250    41 -9999     0 -9999
2025 06 30 17   294   217 10106   270    57 -9999     0 -9999
2025 06 30 18   306   211 10102   300    41     6     0 -9999
2025 06 30 19   317   200 10104   300    51 -9999     0 -9999
2025 06 30 20   311   194 10103   310    62 -9999     0 -9999
2025 06 30 21   322   189 10094   330    31     4     0 -9999
2025 06 30 22   322   183 10092   300    31 -9999     0 -9999
2025 06 30 23   311   167 10093   300    46 -9999     0 -9999
2025 07 01 00   294   183 10101   300    67     8     0 -9999
2025 07 01 01   289   156 10102   280    46 -9999     0 -9999
2025 07 01 02   278   167 10106   290    31 -9999     0 -9999
2025 07 01 03   272   178 10109   280    41     8     0 -9999
2025 07 01 04   267   178 10107   290    26 -9999     0 -9999
2025 07 01 05   256   178 10107   270    21 -9999     0 -9999
2025 07 01 06   244   183 10108   260    26     2     0 -9999
2025 07 01 07   239   183 10111   280    41 -9999     0 -9999
2025 07 01 08   233   183 10112   290    36 -9999     0 -9999
2025 07 01 09   222   183 10115   280    31     0     0 -9999
2025 07 01 10   217   178 10119   300    31     0     0 -9999
2025 07 01 11   217   178 10124   300    26     0     0 -9999
2025 07 01 12   228   172 10132   320    31     2     0 -9999
2025 07 01 13   239   172 10136   320    36 -9999     0 -9999
2025 07 01 14   250   167 10139   320    36     0     0 -9999
2025 07 01 15   267   167 10140   330    41     2     0 -9999
2025 07 01 16   272   161 10140   320    51 -9999     0 -9999
2025 07 01 17   283   156 10140 -9999    31 -9999     0 -9999
2025 07 01 18   294   161 10138   340    41     4     0 -9999
2025 07 01 19   294   156 10134   330    51 -9999     0 -9999
2025 07 01 20   289   156 10134   330    57 -9999     0 -9999
2025 07 01 21   306   156 10133   300    36     4     0 -9999
2025 07 01 22   306   150 10133   330    51 -9999     0 -9999
2025 07 01 23   300   150 10130   320    36 -9999     0 -9999
2025 07 02 00   294   150 10129   340    46     2     0 -9999
2025 07 02 01   278   144 10131   300    26 -9999     0 -9999
2025 07 02 02   272   150 10134   310    21 -9999     0 -9999
2025 07 02 03   267   156 10140 -9999    21     0     0 -9999
2025 07 02 04   256   161 10142     0     0     0     0 -9999
2025 07 02 05   250   156 10145   210    15 -9999     0 -9999
2025 07 02 06   239   161 10145   200    15     2     0 -9999
2025 07 02 07   233   167 10146     0     0 -9999     0 -9999
2025 07 02 08   228   167 10146   250    15 -9999     0 -9999
2025 07 02 09   222   167 10145   260    26     0     0 -9999
2025 07 02 10   217   167 10145   250    26 -9999     0 -9999
2025 07 02 11   217   167 10148   260    26 -9999     0 -9999
2025 07 02 12   228   167 10154   260    41     4     0 -9999
2025 07 02 13   250   172 10154   240    31 -9999     0 -9999
2025 07 02 14   272   178 10154   250    31 -9999     0 -9999
2025 07 02 15   283   178 10152   250    41     6     0 -9999
2025 07 02 16   294   167 10147 -9999    31 -9999     0 -9999
2025 07 02 17   300   144 10144 -9999    31 -9999     0 -9999
2025 07 02 18   294   144 10143   260    26     6     0 -9999
2025 07 02 19   311   150 10141   260    31 -9999     0 -9999
2025 07 02 20   317   144 10137   280    41 -9999     0 -9999
2025 07 02 21   328   133 10128   290    51     4     0 -9999
2025 07 02 22   317   139 10127   260    62 -9999     0 -9999
2025 07 02 23   311   144 10122   260    57 -9999     0 -9999
2025 07 03 00   300   144 10122   260    46     6     0 -9999
2025 07 03 01   294   156 10125   260    41 -9999     0 -9999
2025 07 03 02   289   156 10131   270    31 -9999     0 -9999
2025 07 03 03   278   161 10134   250    26     2     0 -9999
2025 07 03 04   267   167 10137   260    26 -9999     0 -9999
2025 07 03 05   256   167 10140   250    21 -9999     0 -9999
2025 07 03 06   244   167 10141   330    15     2     0 -9999
2025 07 03 07   244   172 10137   230    15     0     0 -9999
2025 07 03 08   233   172 10137     0     0     0     0 -9999
2025 07 03 09   228   172 10138   270    15     0     0 -9999
2025 07 03 10   222   172 10143   250    15     0     0 -9999
2025 07 03 11   222   178 10147   260    26 -9999     0 -9999
2025 07 03 12   239   183 10151   280    21     0     0 -9999
2025 07 03 13   261   183 10155   300    36     0     0 -9999
2025 07 03 14   283   189 10157   310    36     0     0 -9999
2025 07 03 15   306   189 10156 -9999    26     2     0 -9999
2025 07 03 16   300   183 10154   280    21 -9999     0 -9999
2025 07 03 17   317   178 10154   300    36 -9999     0 -9999
2025 07 03 18   322   178 10150 -9999    26     4     0 -9999
2025 07 03 19   328   178 10149   270    31 -9999     0 -9999
2025 07 03 20   328   161 10146   230    21 -9999     0 -9999
2025 07 03 21   339   189 10144   110    21     6     0 -9999
2025 07 03 22   333   189 10143    60    31 -9999     0 -9999
2025 07 03 23   322   183 10144    50    41 -9999     0 -9999
2025 07 04 00   322   183 10142    80    31     4     0 -9999
2025 07 04 01   300   183 10145   120    31 -9999     0 -9999
2025 07 04 02   294   178 10154 -9999    26 -9999     0 -9999
2025 07 04 03   289   178 10159     0     0     6     0 -9999
2025 07 04 04   283   178 10166   140    15 -9999     0 -9999
2025 07 04 05   272   189 10161   160    15 -9999     0 -9999
2025 07 04 06   267   189 10159   210    15     2     0 -9999
2025 07 04 07   261   189 10165   190    26 -9999     0 -9999
2025 07 04 08   261   189 10164   200    26 -9999     0 -9999
2025 07 04 09   261   189 10165   220    31     6     0 -9999
2025 07 04 10   261   189 10164   240    26 -9999     0 -9999
2025 07 04 11   256   194 10166   240    21 -9999     0 -9999
2025 07 04 12   256   194 10172   230    36     8     0 -9999
2025 07 04 13   256   194 10177   230    41 -9999     0 -9999
2025 07 04 14   233   211 10191   310    31 -9999    -1 -9999
2025 07 04 15   233   206 10197    10    31     8     3 -9999
2025 07 04 16   239   211 10196   130    36 -9999    10 -9999
2025 07 04 17   261   222 10186   150    31 -9999     0 -9999
2025 07 04 18   278   211 10178   160    36     6     0    10
2025 07 04 19   283   211 10180   190    36 -9999     0 -9999
2025 07 04 20   306   211 10176   180    41 -9999     0 -9999
2025 07 04 21   311   211 10171   190    31     6     0 -9999
2025 07 04 22   328   200 10164   230    72 -9999     0 -9999
2025 07 04 23   328   189 10159   200    46 -9999     0 -9999
2025 07 05 00   317   200 10155   230    36     4     0 -9999
2025 07 05 01   317   194 10153   210    36 -9999     0 -9999
2025 07 05 02   300   194 10156   200    26 -9999     0 -9999
2025 07 05 03   290   190 10167   180    15     2     0 -9999
2025 07 05 04   283   194 10169   180    26 -9999     0 -9999
2025 07 05 05   278   194 10170   180    21 -9999     0 -9999
2025 07 05 06   270   200 10168   200    31     2     0 -9999
2025 07 05 07   267   200 10165   190    26 -9999     0 -9999
2025 07 05 08   261   200 10164   200    31     0     0 -9999
2025 07 05 09   256   200 10163   200    31     2     0 -9999
2025 07 05 10   250   194 10162   190    26 -9999     0 -9999
2025 07 05 11   250   194 10161   190    31 -9999     0 -9999
2025 07 05 12   261   194 10162   200    31     2     0 -9999
2025 07 05 13   272   194 10162   210    36 -9999     0 -9999
2025 07 05 14   289   200 10160   200    46 -9999     0 -9999
2025 07 05 15   306   200 10156   210    62     2     0 -9999
2025 07 05 16   317   200 10155   210    57 -9999     0 -9999
2025 07 05 17   311   189 10155   210    57 -9999     0 -9999
2025 07 05 18   333   189 10150   210    51     4     0 -9999
2025 07 05 19   333   183 10143   220    72 -9999     0 -9999
2025 07 05 20   333   178 10132   200    82 -9999     0 -9999
2025 07 05 21   344   172 10124   200    88     4     0 -9999
2025 07 05 22   339   161 10121   210    88 -9999     0 -9999
2025 07 05 23   333   172 10117   220    72 -9999     0 -9999
2025 07 06 00   328   178 10113   210    72     4     0 -9999
2025 07 06 01   317   178 10116   210    46 -9999     0 -9999
2025 07 06 02   306   178 10116   210    51 -9999     0 -9999
2025 07 06 03   300   183 10112   210    46     4     0 -9999
2025 07 06 04   272   211 10117   270    57 -9999     0 -9999
2025 07 06 05   267   211 10115   230    26 -9999     0 -9999
2025 07 06 06   261   211 10110   210    26     6     0 -9999
2025 07 06 07   267   211 10104   200    31 -9999     0 -9999
2025 07 06 08   261   211 10099   200    41 -9999    -1 -9999
2025 07 06 09   256   217 10091   160    41     6     3 -9999
2025 07 06 10   250   200 10094   190    31 -9999     0 -9999
2025 07 06 11   256   200 10096   220    46 -9999    -1 -9999
2025 07 06 12   256   211 10096   220    36     6     0     3
2025 07 06 13   261   217 10101   230    51 -9999     0 -9999
2025 07 06 14   250   211 10105   240    46 -9999     0 -9999
2025 07 06 15   272   217 10102   240    51     6     0 -9999
2025 07 06 16   267   217 10106   240    41 -9999     0 -9999
2025 07 06 17   267   217 10108   240    46 -9999     0 -9999
2025 07 06 18   272   222 10108   230    41     8     0 -9999
2025 07 06 19   283   222 10103   250    46 -9999     0 -9999
2025 07 06 20   289   222 10100   210    36 -9999     0 -9999
2025 07 06 21   244   228 10107    40    72     8    -1 -9999
2025 07 06 22   211   200 -9999    20    77 -9999     2 -9999
2025 07 06 23   211   200 10115    10    67 -9999    -1 -9999
2025 07 07 00   211   189 10119    10    82     8     0   150
2025 07 07 01   206   178 10129    10    88 -9999     0 -9999
2025 07 07 02   200   178 10133    20    62 -9999     0 -9999
2025 07 07 03   200   172 10139    20    51     8     0 -9999
2025 07 07 04   200   172 10139    10    57 -9999     0 -9999
2025 07 07 05   194   167 10141    20    62 -9999     0 -9999
2025 07 07 06   189   167 10137    10    72     8     0 -9999
2025 07 07 07   183   161 10137   350    67 -9999     0 -9999
2025 07 07 08   189   161 10138   360    46 -9999     0 -9999
2025 07 07 09   189   161 10144   350    57     8     0 -9999
2025 07 07 10   189   161 10153   350    26 -9999     0 -9999
2025 07 07 11   189   156 10154   350    36 -9999     0 -9999
2025 07 07 12   189   161 10162   350    41     6     0 -9999
2025 07 07 13   200   156 10166   360    36 -9999     0 -9999
2025 07 07 14   211   161 10170   350    36 -9999     0 -9999
2025 07 07 15   233   167 10171   350    31     2     0 -9999
2025 07 07 16   239   167 10172    40    26 -9999     0 -9999
2025 07 07 17   261   156 10171    50    46 -9999     0 -9999
2025 07 07 18   267   150 10172    50    31     2     0 -9999
2025 07 07 19   278   144 10169    40    36 -9999     0 -9999
2025 07 07 20   278   150 10167    40    36 -9999     0 -9999
2025 07 07 21   278   144 10163    50    46     4     0 -9999
2025 07 07 22   272   150 10164    60    36 -9999     0 -9999
2025 07 07 23   261   144 10162    80    46 -9999     0 -9999
2025 07 08 00   244   144 10170   100    46     6     0 -9999
2025 07 08 01   233   144 10170    90    36 -9999     0 -9999
2025 07 08 02   228   139 10174    90    31 -9999     0 -9999
2025 07 08 03   222   144 10177    90    26     6     0 -9999
2025 07 08 04   211   156 10181 -9999    26 -9999     0 -9999
2025 07 08 05   217   161 10187     0     0 -9999     0 -9999
2025 07 08 06   217   156 10182     0     0     6     0 -9999
2025 07 08 07   211   161 10177   160    15 -9999     0 -9999
2025 07 08 08   206   161 10174   130    15 -9999     0 -9999
2025 07 08 09   211   167 10170   120    15     4     0 -9999
2025 07 08 10   211   161 10168   170    15 -9999     0 -9999
2025 07 08 11   206   144 10173   180    26 -9999     0 -9999
2025 07 08 12   211   150 10177   190    21     4     0 -9999
2025 07 08 13   239   150 10177   190    36 -9999     0 -9999
2025 07 08 14   261   161 10178   200    46 -9999     0 -9999
2025 07 08 15   272   172 10174   220    51     4     0 -9999
2025 07 08 16   272   178 10176   280    62 -9999     3 -9999
2025 07 08 17   261   206 10176 -9999    31 -9999     3 -9999
2025 07 08 18   267   189 10174   230    57     6     0     5
2025 07 08 19   261   189 10170   230    21 -9999     0 -9999
2025 07 08 20   256   211 10169   250    31 -9999    -1 -9999
2025 07 08 21   239   200 10160   270    36     8     8 -9999
2025 07 08 22   233   211 10157   190    26 -9999     5 -9999
2025 07 08 23   244   194 10150   200    36 -9999     0 -9999
2025 07 09 00   256   206 10151   210    26     8     0    10
2025 07 09 01   256   211 10152   250    21 -9999     0 -9999
2025 07 09 02   250   211 10157   250    21 -9999     0 -9999
2025 07 09 03   244   200 10163   220    26     8     0 -9999
2025 07 09 04   233   200 10165   140    15 -9999     0 -9999
2025 07 09 05   233   200 10158   230    26 -9999     0 -9999
2025 07 09 06   228   200 10155   230    26     6     0 -9999
2025 07 09 07   222   200 10154     0     0 -9999     0 -9999
2025 07 09 08   222   200 10151     0     0 -9999     0 -9999
2025 07 09 09   217   200 10148   200    21     6     0 -9999
2025 07 09 10   217   200 10151   210    26 -9999     0 -9999
2025 07 09 11   217   206 10154   230    21 -9999     0 -9999
2025 07 09 12   222   206 10155   250    26     6     0 -9999
2025 07 09 13   228   211 10159   280    26 -9999     0 -9999
2025 07 09 14   244   211 10164   250    21 -9999     0 -9999
2025 07 09 15   272   217 10162     0     0     2     0 -9999
2025 07 09 16   289   211 10159 -9999    15 -9999     0 -9999
2025 07 09 17   278   200 10157 -9999    21 -9999     0 -9999
2025 07 09 18   261   206 10157    50    62     6     0 -9999
2025 07 09 19   233   206 10158    30    51 -9999     3 -9999
2025 07 09 20   244   206 10154    50    46 -9999    -1 -9999
2025 07 09 21   250   200 10150    50    57     4     0 -9999
2025 07 09 22   239   189 10150    20    57 -9999     0 -9999
2025 07 09 23   233   183 10147    30    57 -9999     0 -9999
2025 07 10 00   233   178 10147    40    67     4     0     3
2025 07 10 01   222   178 10149    50    46 -9999     0 -9999
2025 07 10 02   211   172 10153    80    31 -9999     0 -9999
2025 07 10 03   211   172 10158    60    31     6     0 -9999
2025 07 10 04   211   178 10154    30    41 -9999     0 -9999
2025 07 10 05   211   172 10152    40    36 -9999     0 -9999
2025 07 10 06   211   172 10154    70    26     4     0 -9999
2025 07 10 07   206   167 10150    30    36 -9999     0 -9999
2025 07 10 08   206   172 10150    20    15 -9999     0 -9999
2025 07 10 09   200   167 10149    10    15     6     0 -9999
2025 07 10 10   200   167 10147    30    15 -9999     0 -9999
2025 07 10 11   200   167 10147    40    15 -9999     0 -9999
2025 07 10 12   206   178 10149   360    15     4     0 -9999
2025 07 10 13   228   167 10152    40    21 -9999     0 -9999
2025 07 10 14   244   172 10152 -9999    15 -9999     0 -9999
2025 07 10 15   261   161 10153     0     0     6     0 -9999
2025 07 10 16   278   167 10148   100    26 -9999     0 -9999
2025 07 10 17   283   172 10146    80    26 -9999     0 -9999
2025 07 10 18   289   172 10146    80    31     6     0 -9999
2025 07 10 19   283   172 10141    90    51 -9999     0 -9999
2025 07 10 20   289   172 10133    80    46 -9999     0 -9999
2025 07 10 21   289   167 10126    90    72     6     0 -9999
2025 07 10 22   278   172 10125   100    46 -9999     0 -9999
2025 07 10 23   261   167 10119    90    46 -9999     0 -9999
2025 07 11 00   256   167 10118    70    36     8    -1    -1
2025 07 11 01   217   200 -9999   120    36 -9999     2 -9999
2025 07 11 02   211   200 10119   110    46 -9999    -1 -9999
2025 07 11 03   217   200 10136   300    26     8    13 -9999
2025 07 11 04   211   200 10130    60    31 -9999    30 -9999
2025 07 11 05   211   200 10126 -9999    15 -9999    61 -9999
2025 07 11 06   217   206 10124   120    31     8    36   300
2025 07 11 07   217   206 10110   140    41 -9999    -1 -9999
2025 07 11 08   217   206 10106   170    15 -9999     0 -9999
2025 07 11 09   222   211 10104   190    31     8    10 -9999
2025 07 11 10   211   206 10106   150    36 -9999   211 -9999
2025 07 11 11   222   211 10111     0     0 -9999     0 -9999
2025 07 11 12   222   217 10116   240    15     8     0   220
2025 07 11 13   239   222 10119   260    31 -9999     0 -9999
2025 07 11 14   244   217 10122   280    41 -9999     0 -9999
2025 07 11 15   250   217 10128   250    26     8     0 -9999
2025 07 11 16   256   222 10126 -9999    15 -9999     0 -9999
2025 07 11 17   272   222 10121   160    26 -9999     0 -9999
2025 07 11 18   294   228 10118   210    36     6     0 -9999
2025 07 11 19   300   222 10118   220    26 -9999     0 -9999
2025 07 11 20   311   183 10115   160    46 -9999     0 -9999
2025 07 11 21   322   206 10106   190    57     6     0 -9999
2025 07 11 22   317   222 10100   180    46 -9999     0 -9999
2025 07 11 23   311   211 10092   170    57 -9999     0 -9999
2025 07 12 00   306   222 10094   170    41     8     0 -9999
2025 07 12 01   300   222 10092   170    36 -9999     0 -9999
2025 07 12 02   294   211 10093   200    46 -9999     0 -9999
2025 07 12 03   222   200 10110   320    41     8     3 -9999
2025 07 12 04   228   206 10104    30    31 -9999     0 -9999
2025 07 12 05   222   200 10107    20    21 -9999     3 -9999
2025 07 12 06   222   211 10095   100    41     8    25    30
2025 07 12 07   222   211 10084   110    31 -9999     0 -9999
2025 07 12 08   228   211 10080     0     0 -9999     0 -9999
2025 07 12 09   217   211 10086   300    51     8     0 -9999
2025 07 12 10   217   206 10093   260    31 -9999     0 -9999
2025 07 12 11   211   194 10102   250    41 -9999     0 -9999
2025 07 12 12   211   194 10106   230    31     6     0 -9999
2025 07 12 13   228   194 10110   250    51 -9999     0 -9999
2025 07 12 14   233   194 10114   230    41 -9999     0 -9999
2025 07 12 15   244   189 10116   250    46     6     0 -9999
2025 07 12 16   250   189 10116   220    57 -9999     0 -9999
2025 07 12 17   256   194 10120   220    57 -9999     0 -9999
2025 07 12 18   256   200 10121   240    41     6     0 -9999
2025 07 12 19   267   206 10119   220    46 -9999     0 -9999
2025 07 12 20   272   206 10110   250    36 -9999     0 -9999
2025 07 12 21   278   206 10108   230    46     6     0 -9999
2025 07 12 22   283   206 10108   240    41 -9999     0 -9999
2025 07 12 23   283   206 10109   230    51 -9999     0 -9999
2025 07 13 00   283   211 10112   230    36     4     0 -9999
2025 07 13 01   278   206 10118   240    36 -9999     0 -9999
2025 07 13 02   267   211 10121   250    15 -9999     0 -9999
2025 07 13 03   261   211 10131   260    31     4     0 -9999
2025 07 13 04   244   211 10133   260    31 -9999     0 -9999
2025 07 13 05   239   206 10136   250    26 -9999     0 -9999
2025 07 13 06   228   194 10138   290    31     2     0 -9999
2025 07 13 07   222   183 10139   300    31 -9999     0 -9999
2025 07 13 08   217   178 10141   280    21 -9999     0 -9999
2025 07 13 09   206   178 10146   280    26     4     0 -9999
2025 07 13 10   200   167 10151   300    26 -9999     0 -9999
2025 07 13 11   194   167 10154   280    21 -9999     0 -9999
2025 07 13 12   206   167 10159   290    31     6     0 -9999
2025 07 13 13   217   167 10159   310    15 -9999     0 -9999
2025 07 13 14   233   167 10158     0     0 -9999     0 -9999
2025 07 13 15   256   161 10156 -9999    15     6     0 -9999
2025 07 13 16   250   150 10160   260    31 -9999     0 -9999
2025 07 13 17   256   156 10164   220    41 -9999     0 -9999
2025 07 13 18   261   150 10164   230    31     8     0 -9999
2025 07 13 19   267   122 10163   260    51 -9999     0 -9999
2025 07 13 20   267   150 10159 -9999    31 -9999     0 -9999
2025 07 13 21   272   156 10155   260    41     6     0 -9999
2025 07 13 22   272   144 10151   280    46 -9999     0 -9999
2025 07 13 23   272   133 10147   270    36 -9999     0 -9999
2025 07 14 00   261   133 10154   290    26     6     0 -9999
2025 07 14 01   250   144 10154   290    21 -9999     0 -9999
2025 07 14 02   244   144 10154     0     0 -9999     0 -9999
2025 07 14 03   239   150 10156   300    15     4     0 -9999
2025 07 14 04   222   156 10162     0     0 -9999     0 -9999
2025 07 14 05   217   156 10167   240    15     0     0 -9999
2025 07 14 06   211   156 10167     0     0     0     0 -9999
2025 07 14 07   194   161 10167   250    15     0     0 -9999
2025 07 14 08   194   161 10166   250    15     0     0 -9999
2025 07 14 09   194   161 10167   270    21     0     0 -9999
2025 07 14 10   189   156 10167   280    26 -9999     0 -9999
2025 07 14 11   189   156 10171   300    21 -9999     0 -9999
2025 07 14 12   200   161 10174   280    15     2     0 -9999
2025 07 14 13   228   161 10177     0     0     0     0 -9999
2025 07 14 14   244   161 10176     0     0     0     0 -9999
2025 07 14 15   261   161 10179    90    21     2     0 -9999
2025 07 14 16   278   156 10180     0     0     0     0 -9999
2025 07 14 17   272   150 10181   310    15     0     0 -9999
2025 07 14 18   283   150 10178 -9999    21 -9999     0 -9999
2025 07 14 19   294   139 10174 -9999    15     0     0 -9999
2025 07 14 20   294   128 10172 -9999    15     0     0 -9999
2025 07 14 21   300   128 10168   220    26     0     0 -9999
2025 07 14 22   306   156 10165   240    31 -9999     0 -9999
2025 07 14 23   300   172 10163   240    36 -9999     0 -9999
2025 07 15 00   294   167 10163   250    21     0     0 -9999
2025 07 15 01   278   172 10163   250    31     0     0 -9999
2025 07 15 02   267   167 10165   260    26     0     0 -9999
2025 07 15 03   256   172 10169   300    15     0     0 -9999
2025 07 15 04   250   172 10172     0     0     0     0 -9999
2025 07 15 05   250   178 10171     0     0     0     0 -9999
2025 07 15 06   233   178 10173     0     0     0     0 -9999
2025 07 15 07   222   172 10177   290    15     0     0 -9999
2025 07 15 08   217   178 10179     0     0     0     0 -9999
2025 07 15 09   211   172 10176     0     0     0     0 -9999
2025 07 15 10   217   172 10172     0     0     0     0 -9999
2025 07 15 11   217   172 10167   160    15 -9999     0 -9999
2025 07 15 12   239   183 10173     0     0     6     0 -9999
2025 07 15 13   256   189 10175   190    15 -9999     0 -9999
2025 07 15 14   272   194 10176   170    36 -9999     0 -9999
2025 07 15 15   283   206 10173   190    26     6     0 -9999
2025 07 15 16   289   200 10170   200    36 -9999     0 -9999
2025 07 15 17   306   200 10161   190    31 -9999     0 -9999
2025 07 15 18   306   200 10158   180    36     4     0 -9999
2025 07 15 19   317   200 10152   180    21 -9999     0 -9999
2025 07 15 20   322   206 10143   200    31 -9999     0 -9999
2025 07 15 21   322   200 10137   150    36     6     0 -9999
2025 07 15 22   317   211 10131   120    46 -9999     0 -9999
2025 07 15 23   300   206 10127   120    51 -9999     0 -9999
2025 07 16 00   306   211 10121   130    41     4     0 -9999
2025 07 16 01   294   206 10119   130    46 -9999     0 -9999
2025 07 16 02   289   217 10117   180    46 -9999     0 -9999
2025 07 16 03   283   211 10125   200    26     2     0 -9999
2025 07 16 04   278   222 10126   190    21 -9999     0 -9999
2025 07 16 05   272   222 10127   190    21 -9999     0 -9999
2025 07 16 06   272   228 10125   210    15     4     0 -9999
2025 07 16 07   261   217 10118   200    46 -9999     0 -9999
2025 07 16 08   244   211 10112   180    26 -9999    -1 -9999
2025 07 16 09   239   222 10109     0     0     4     0 -9999
2025 07 16 10   239   228 10111   180    15 -9999     0 -9999
2025 07 16 11   244   233 10109   190    31 -9999     0 -9999
2025 07 16 12   250   233 10116   220    41     6     0    -1
2025 07 16 13   256   233 10119   240    31 -9999     0 -9999
2025 07 16 14   267   233 10114   260    26 -9999     0 -9999
2025 07 16 15   283   233 10107   220    21     4     0 -9999
2025 07 16 16   306   222 10098   210    41 -9999     0 -9999
2025 07 16 17   311   217 10096   220    46 -9999     0 -9999
2025 07 16 18   311   211 10090   230    62     6     0 -9999
2025 07 16 19   317   211 10081   220    57 -9999     0 -9999
2025 07 16 20   317   206 10075   230    62 -9999     0 -9999
2025 07 16 21   228   211 10079   210    57     8    91 -9999
2025 07 16 22   239   217 10079   200    46 -9999    -1 -9999
2025 07 16 23   233   211 10068   220    51 -9999     0 -9999
2025 07 17 00   239   217 10070   220    46     8     0    90
2025 07 17 01   250   222 10071   210    41 -9999     0 -9999
2025 07 17 02   256   211 10073   230    41 -9999     0 -9999
2025 07 17 03   256   206 10079   240    57     6     0 -9999
2025 07 17 04   239   194 10087   290    62 -9999     0 -9999
2025 07 17 05   222   183 10095   300    67 -9999     0 -9999
2025 07 17 06   217   178 10103   310    51     6     0 -9999
2025 07 17 07   206   172 10111   300    62 -9999     0 -9999
2025 07 17 08   206   178 10115   300    31 -9999     0 -9999
2025 07 17 09   206   172 10123   320    62     6     0 -9999
2025 07 17 10   206   178 10129   340    26 -9999     0 -9999
2025 07 17 11   206   178 10140   330    26 -9999     0 -9999
2025 07 17 12   206   178 10150   320    26     8     0 -9999
2025 07 17 13   211   178 10151   350    21 -9999     0 -9999
2025 07 17 14   217   178 10154   340    31 -9999     0 -9999
2025 07 17 15   217   178 10155   350    36     8     0 -9999
2025 07 17 16   211   172 10163   340    31 -9999     0 -9999
2025 07 17 17   211   172 10169    40    46 -9999     0 -9999
2025 07 17 18   194   172 10174    30    67     8     0 -9999
2025 07 17 19   189   167 10182    30    67 -9999    -1 -9999
2025 07 17 20   183   150 10183    60    51 -9999     0 -9999
2025 07 17 21   189   144 10182    40    57     8     0 -9999
2025 07 17 22   194   150 10179    40    67 -9999     0 -9999
2025 07 17 23   189   144 10185    30    62 -9999     0 -9999
2025 07 18 00   189   139 10186    30    62     8     0     0
2025 07 18 01   183   133 10191    50    67 -9999     0 -9999
2025 07 18 02   183   128 10196    30    72 -9999     0 -9999
2025 07 18 03   178   122 10199    30    62     8     0 -9999
2025 07 18 04   172   117 10198    20    36 -9999     0 -9999
2025 07 18 05   156   122 10197   340    26 -9999     0 -9999
2025 07 18 06   150   117 10196   350    31     2     0 -9999
2025 07 18 07   150   122 10194   350    31 -9999     0 -9999
2025 07 18 08   150   122 10193   360    21 -9999     0 -9999
2025 07 18 09   144   122 10195   350    31     4     0 -9999
2025 07 18 10   150   122 10196   360    21 -9999     0 -9999
2025 07 18 11   150   128 10198   290    15 -9999     0 -9999
2025 07 18 12   167   133 10200   320    21     2     0 -9999
2025 07 18 13   189   144 10198   320    15 -9999     0 -9999
2025 07 18 14   206   156 10201    30    21 -9999     0 -9999
2025 07 18 15   217   156 10200    70    21     6     0 -9999
2025 07 18 16   222   150 10200    10    21 -9999     0 -9999
2025 07 18 17   239   150 10200    50    21 -9999     0 -9999
2025 07 18 18   244   150 10193   100    21     2     0 -9999
2025 07 18 19   256   156 10187    90    21 -9999     0 -9999
2025 07 18 20   261   161 10181    90    41 -9999     0 -9999
2025 07 18 21   261   167 10175    70    36     6     0 -9999
2025 07 18 22   261   167 10171    90    31 -9999     0 -9999
2025 07 18 23   261   167 10170    80    36 -9999     0 -9999
2025 07 19 00   256   172 10168    70    26     4     0 -9999
2025 07 19 01   244   172 10168    90    41 -9999     0 -9999
2025 07 19 02   233   172 10175    70    21 -9999     0 -9999
2025 07 19 03   228   178 10179    90    21     6     0 -9999
2025 07 19 04   222   183 10175   110    21 -9999     0 -9999
2025 07 19 05   228   183 10174     0     0 -9999     0 -9999
2025 07 19 06   233   189 10172     0     0     6     0 -9999
2025 07 19 07   239   189 10166   180    15 -9999     0 -9999
2025 07 19 08   239   189 10160     0     0 -9999     0 -9999
2025 07 19 09   239   189 10156   200    15     8     0 -9999
2025 07 19 10   233   189 10150   190    21 -9999     0 -9999
2025 07 19 11   228   194 10145   180    21 -9999     0 -9999
2025 07 19 12   233   200 10146   180    26     6     0 -9999
2025 07 19 13   244   206 10141   180    31 -9999     0 -9999
2025 07 19 14   244   211 10143   180    41 -9999     0 -9999
2025 07 19 15   244   211 10142   180    36     8     0 -9999
2025 07 19 16   250   217 10138   190    36 -9999     0 -9999
2025 07 19 17   239   222 10127   170    41 -9999    13 -9999
2025 07 19 18   239   228 10124   220    51     8     5    40
2025 07 19 19   239   222 10115   180    26 -9999     5 -9999
2025 07 19 20   256   222 10108   230    51 -9999     0 -9999
2025 07 19 21   278   211 10107   230    62     6     0 -9999
2025 07 19 22   283   211 10105   260    41 -9999     0 -9999
2025 07 19 23   278   206 10106   260    31 -9999     0 -9999
2025 07 20 00   278   211 10107   260    36     4     0    10
2025 07 20 01   272   206 10112   260    26 -9999     0 -9999
2025 07 20 02   261   211 10118   250    21 -9999     0 -9999
2025 07 20 03   250   217 10124   230    21     2     0 -9999
2025 07 20 04   250   217 10123   240    26 -9999     0 -9999
2025 07 20 05   244   217 10122   240    31 -9999     0 -9999
2025 07 20 06   239   217 10123   250    36     2     0 -9999
2025 07 20 07   233   217 10124   250    31 -9999     0 -9999
2025 07 20 08   228   217 10126   290    21 -9999     0 -9999
2025 07 20 09   228   211 10122   360    41     6     0 -9999
2025 07 20 10   206   200 10124    30    62 -9999     0 -9999
2025 07 20 11   200   189 10139    30    62 -9999     0 -9999
2025 07 20 12   206   183 10144    20    57     8     0 -9999
2025 07 20 13   206   178 10155    30    46 -9999     0 -9999
2025 07 20 14   206   178 10157    30    57 -9999     0 -9999
2025 07 20 15   206   183 10146    30    77     8    -1 -9999
2025 07 20 16   211   183 10150    40    62 -9999    -1 -9999
2025 07 20 17   222   183 10152    40    57 -9999     0 -9999
2025 07 20 18   228   183 10150    20    67     6     0    -1
2025 07 20 19   222   178 10151    40    57 -9999     0 -9999
2025 07 20 20   222   172 10156    40    31 -9999     0 -9999
2025 07 20 21   222   178 10156    30    57     8     0 -9999
2025 07 20 22   228   172 10154    10    46 -9999     0 -9999
2025 07 20 23   228   172 10153    30    46 -9999     0 -9999
2025 07 21 00   228   144 10155    30    51     6     0 -9999
2025 07 21 01   217   150 10155    30    57 -9999     0 -9999
2025 07 21 02   200   167 10161    30    51 -9999     0 -9999
2025 07 21 03   200   167 10167    30    36     2     0 -9999
2025 07 21 04   200   161 10161    50    36 -9999     0 -9999
2025 07 21 05   194   156 10160    30    36 -9999     0 -9999
2025 07 21 06   189   156 10164    40    21     2     0 -9999
2025 07 21 07   194   161 10164    50    21 -9999     0 -9999
2025 07 21 08   172   156 10165   360    26     0     0 -9999
2025 07 21 09   178   167 10170   350    26     6     0 -9999
2025 07 21 10   189   172 10169    10    15 -9999     0 -9999
2025 07 21 11   200   189 10167    60    36 -9999     0 -9999
2025 07 21 12   211   183 10172    60    46     6     0 -9999
2025 07 21 13   222   183 10178    80    46 -9999     0 -9999
2025 07 21 14   233   178 10178    60    46 -9999     0 -9999
2025 07 21 15   244   178 10178    90    46     4     0 -9999
2025 07 21 16   244   172 10174    80    51 -9999     0 -9999
2025 07 21 17   256   161 10172    80    51 -9999     0 -9999
2025 07 21 18   261   144 10168    90    57     4     0 -9999
2025 07 21 19   267   144 10168    90    46 -9999     0 -9999
2025 07 21 20   272   128 10169   100    41 -9999     0 -9999
2025 07 21 21   267   139 10165    70    51     4     0 -9999
2025 07 21 22   261   156 10163    50    51 -9999     0 -9999
2025 07 21 23   267   167 10167    60    51 -9999     0 -9999
2025 07 22 00   261   167 10165    70    51     4     0 -9999
2025 07 22 01   239   156 10165    70    36 -9999     0 -9999
2025 07 22 02   228   156 10165    70    36 -9999     0 -9999
2025 07 22 03   228   161 10168    60    31     2     0 -9999
2025 07 22 04   217   167 10165    50    26 -9999     0 -9999
2025 07 22 05   211   172 10171    40    21 -9999     0 -9999
2025 07 22 06   206   178 10170    40    26     2     0 -9999
2025 07 22 07   206   172 10175    30    26 -9999     0 -9999
2025 07 22 08   206   178 10174    60    26 -9999     0 -9999
2025 07 22 09   206   178 10176    70    21     6     0 -9999
2025 07 22 10   206   178 10175    70    15 -9999     0 -9999
2025 07 22 11   211   183 10177   110    31 -9999     0 -9999
2025 07 22 12   222   172 10181   140    36     6     0 -9999
2025 07 22 13   233   167 10180   150    51 -9999     0 -9999
2025 07 22 14   250   161 10180   160    57 -9999     0 -9999
2025 07 22 15   261   161 10179   170    41     4     0 -9999
2025 07 22 16   272   172 10181   160    41 -9999     0 -9999
2025 07 22 17   278   178 10185   120    31 -9999     0 -9999
2025 07 22 18   289   183 10181   140    41     2     0 -9999
2025 07 22 19   300   189 10174   140    46 -9999     0 -9999
2025 07 22 20   294   183 10171   100    51 -9999     0 -9999
2025 07 22 21   294   178 10170   100    51     6     0 -9999
2025 07 22 22   294   178 10168   130    62 -9999     0 -9999
2025 07 22 23   289   172 10167   110    46 -9999     0 -9999
2025 07 23 00   289   183 10167   170    31     2     0 -9999
2025 07 23 01   278   183 10167   180    36     0     0 -9999
2025 07 23 02   267   172 10169   170    31     0     0 -9999
2025 07 23 03   261   167 10176   150    51     0     0 -9999
2025 07 23 04   256   161 10177   150    46     0     0 -9999
2025 07 23 05   250   161 10178   150    46 -9999     0 -9999
2025 07 23 06   239   156 10179   160    41     2     0 -9999
2025 07 23 07   239   150 10175   150    51 -9999     0 -9999
2025 07 23 08   233   150 10174   160    31 -9999     0 -9999
2025 07 23 09   233   156 10173   170    36     2     0 -9999
2025 07 23 10   228   161 10172   180    36 -9999     0 -9999
2025 07 23 11   222   167 10173   170    31 -9999     0 -9999
2025 07 23 12   233   172 10172   170    46     2     0 -9999
2025 07 23 13   244   183 10174   180    51 -9999     0 -9999
2025 07 23 14   261   200 10169   170    62 -9999     0 -9999
2025 07 23 15   278   211 10168   170    67     4     0 -9999
2025 07 23 16   294   222 10164   170    62 -9999     0 -9999
2025 07 23 17   306   233 10156   180    46 -9999     0 -9999
2025 07 23 18   317   239 10151   190    62     2     0 -9999
2025 07 23 19   322   239 10150   180    51 -9999     0 -9999
2025 07 23 20   328   244 10149   200    46 -9999     0 -9999
2025 07 23 21   333   239 10142   200    62     6     0 -9999
2025 07 23 22   339   222 10139   210    67 -9999     0 -9999
2025 07 23 23   339   228 10136   200    62 -9999     0 -9999
2025 07 24 00   333   233 10136   230    62     6     0 -9999
2025 07 24 01   322   239 10137   210    57 -9999     0 -9999
2025 07 24 02   311   250 10144   210    36 -9999     0 -9999
2025 07 24 03   300   261 10147   180    31     2     0 -9999
2025 07 24 04   294   261 10138   200    67 -9999     0 -9999
2025 07 24 05   289   256 10142   210    46 -9999     0 -9999
2025 07 24 06   283   250 10147   210    51     2     0 -9999
2025 07 24 07   278   239 10150   220    51     0     0 -9999
2025 07 24 08   272   239 10144   200    31     0     0 -9999
2025 07 24 09   267   239 10141   200    46     2     0 -9999
2025 07 24 10   267   244 10140   210    46 -9999     0 -9999
2025 07 24 11   261   239 10144   210    36 -9999     0 -9999
2025 07 24 12   272   239 10145   210    51     2     0 -9999
2025 07 24 13   289   233 10147   220    67 -9999     0 -9999
2025 07 24 14   283   228 10151   240    36 -9999     0 -9999
2025 07 24 15   294   239 10149   210    46     6     0 -9999
2025 07 24 16   294   233 10150   230    51 -9999     0 -9999
2025 07 24 17   317   239 10147   220    51 -9999     0 -9999
2025 07 24 18   322   239 10142   230    51     6     0 -9999
2025 07 24 19   328   233 10140   250    62 -9999     0 -9999
2025 07 24 20   306   233 10140   280    57 -9999    -1 -9999
2025 07 24 21   233   217 10146   230    51     6     8 -9999
2025 07 24 22   239   222 10149   220    36 -9999     0 -9999
2025 07 24 23   256   222 10153   230    41 -9999     0 -9999
2025 07 25 00   267   222 10141   210    41     6     0     8
2025 07 25 01   261   222 10141   240    36 -9999     0 -9999
2025 07 25 02   261   222 10146   220    21 -9999     0 -9999
2025 07 25 03   256   222 10152   230    21     6     0 -9999
2025 07 25 04   256   222 10151   220    26 -9999     0 -9999
2025 07 25 05   250   222 10150   240    15 -9999     0 -9999
2025 07 25 06   250   228 10152   250    15     6     0 -9999
2025 07 25 07   256   228 10150   280    15 -9999     0 -9999
2025 07 25 08   250   228 10147   290    15 -9999     0 -9999
2025 07 25 09   250   222 10151     0     0     6     0 -9999
2025 07 25 10   244   228 10156   200    15 -9999     0 -9999
2025 07 25 11   244   222 10156     0     0 -9999     0 -9999
2025 07 25 12   256   217 10156    20    21     6     0 -9999
2025 07 25 13   256   217 10162    10    31 -9999     0 -9999
2025 07 25 14   261   217 10166   100    15 -9999     0 -9999
2025 07 25 15   272   217 10168    20    15     6     0 -9999
2025 07 25 16   272   211 10170    30    26 -9999     0 -9999
2025 07 25 17   278   217 10168    60    31 -9999     0 -9999
2025 07 25 18   256   222 10170   100    41     6    -1    -1
2025 07 25 19   267   222 10166   110    36 -9999    -1 -9999
2025 07 25 20   272   222 -9999    60    51 -9999     0 -9999
2025 07 25 21   272   217 10158    60    31     6     0 -9999
2025 07 25 22   272   211 10154    60    46 -9999     0 -9999
2025 07 25 23   267   217 10153    60    41 -9999     0 -9999
2025 07 26 00   256   211 10155    60    36     6     0    -1
2025 07 26 01   244   211 10155    60    26 -9999     0 -9999
2025 07 26 02   233   211 10161    40    31 -9999     0 -9999
2025 07 26 03   233   211 10164    90    21     8     0 -9999
2025 07 26 04   233   211 10168    90    15 -9999     0 -9999
2025 07 26 05   228   211 10163    90    26 -9999     3 -9999
2025 07 26 06   228   217 10164   130    31     8    -1     3
2025 07 26 07   228   222 10153   160    36 -9999     5 -9999
2025 07 26 08   228   217 10153   190    15 -9999     0 -9999
2025 07 26 09   228   211 10144   190    26     8     0 -9999
2025 07 26 10   228   211 10144   200    31 -9999     0 -9999
2025 07 26 11   228   211 10143     0     0 -9999     0 -9999
2025 07 26 12   228   217 10148   170    26     6     0     5
2025 07 26 13   228   211 10154   220    31 -9999    -1 -9999
2025 07 26 14   244   211 10150   210    26 -9999     0 -9999
2025 07 26 15   250   211 10157   220    41     8     0 -9999
2025 07 26 16   250   217 10155   220    31 -9999    -1 -9999
2025 07 26 17   256   217 10153   240    26 -9999    -1 -9999
2025 07 26 18   261   206 10152   230    26     8     0    -1
2025 07 26 19   261   217 10148   180    36 -9999     0 -9999
2025 07 26 20   267   217 10143   160    31 -9999     0 -9999
2025 07 26 21   278   211 10139   210    26     6     0 -9999
2025 07 26 22   283   217 10135   240    26 -9999     0 -9999
2025 07 26 23   278   211 10133   220    31 -9999     0 -9999
2025 07 27 00   278   217 10131   200    31     6     0 -9999
2025 07 27 01   272   217 10132   200    41 -9999     0 -9999
2025 07 27 02   267   217 10137   190    21 -9999     0 -9999
2025 07 27 03   261   217 10144 -9999    15     6     0 -9999
2025 07 27 04   256   228 10144   200    15 -9999     0 -9999
2025 07 27 05   250   233 10145   190    15 -9999     0 -9999
2025 07 27 06   244   233 10146   210    21     4     0 -9999
2025 07 27 07   244   228 10145   260    15 -9999     0 -9999
2025 07 27 08   239   228 10146     0     0 -9999     0 -9999
2025 07 27 09   233   228 10147     0     0     6     0 -9999
2025 07 27 10   233   228 10149     0     0 -9999     0 -9999
2025 07 27 11   228   222 10153     0     0 -9999     0 -9999
2025 07 27 12   244   228 10158     0     0     6     0 -9999
2025 07 27 13   261   233 10163     0     0 -9999     0 -9999
2025 07 27 14   278   233 10167     0     0 -9999     0 -9999
2025 07 27 15   283   233 10165    90    21     6     0 -9999
2025 07 27 16   289   233 10169   140    26 -9999     0 -9999
2025 07 27 17   294   228 10168    90    21 -9999     0 -9999
2025 07 27 18   300   228 10165   110    41     6     0 -9999
2025 07 27 19   300   233 10162    90    21 -9999     0 -9999
2025 07 27 20   306   233 10159    60    26 -9999     0 -9999
2025 07 27 21   306   233 10153    80    46     6     0 -9999
2025 07 27 22   256   228 -9999   130    36 -9999    -1 -9999
2025 07 27 23   261   233 10164     0     0 -9999    -1 -9999
2025 07 28 00   261   239 10164   180    15     6    -1    10
2025 07 28 01   278   228 10160   100    26 -9999     0 -9999
2025 07 28 02   267   228 10162   140    31 -9999     0 -9999
2025 07 28 03   261   233 10164   150    21     4     0 -9999
2025 07 28 04   256   233 10163     0     0 -9999     0 -9999
2025 07 28 05   256   239 10166   210    15 -9999     0 -9999
2025 07 28 06   250   239 10166     0     0     4     0 -9999
2025 07 28 07   250   239 10164   210    15 -9999     0 -9999
2025 07 28 08   250   239 10158     0     0 -9999     0 -9999
2025 07 28 09   250   239 10161   240    15     4     0 -9999
2025 07 28 10   256   244 10170   240    26 -9999     0 -9999
2025 07 28 11   256   244 10174   260    21 -9999     0 -9999
2025 07 28 12   256   244 10173   290    26     8     0 -9999
2025 07 28 13   256   239 10167   200    26 -9999    -1 -9999
2025 07 28 14   261   217 10150   180    31 -9999    -1 -9999
2025 07 28 15   278   233 10162   360    26     6     0 -9999
2025 07 28 16   300   250 10168   350    31 -9999     0 -9999
2025 07 28 17   283   233 10176   100    41 -9999     8 -9999
2025 07 28 18   300   244 10168    70    57     6    -1     8
2025 07 28 19   306   244 10166    90    31 -9999     0 -9999
2025 07 28 20   322   233 10166 -9999    15 -9999     0 -9999
2025 07 28 21   322   228 10166     0     0     6     0 -9999
2025 07 28 22   322   211 10168 -9999    21 -9999     0 -9999
2025 07 28 23   322   217 10167   350    21 -9999     0 -9999
2025 07 29 00   306   228 10169    30    57 -9999     0 -9999
2025 07 29 01   300   156 10173    60    46 -9999     0 -9999
2025 07 29 02   278   161 10175   130    26 -9999     0 -9999
2025 07 29 03   278   161 10183    90    21 -9999     0 -9999
2025 07 29 04   267   167 10182   120    15 -9999     0 -9999
2025 07 29 05   250   172 10179     0     0 -9999     0 -9999
2025 07 29 06   244   178 10188   300    15     0     0 -9999
2025 07 29 07   233   178 10183   300    15     0     0 -9999
2025 07 29 08   222   178 10182     0     0 -9999     0 -9999
2025 07 29 09   217   183 10185   290    15     4     0 -9999
2025 07 29 10   233   178 10205   320    31 -9999     0 -9999
2025 07 29 11   239   178 10202     0     0 -9999     0 -9999
2025 07 29 12   239   189 10201   250    15     8     0 -9999
2025 07 29 13   256   194 10178   180    36 -9999     0 -9999
2025 07 29 14   267   200 10181   150    26 -9999     0 -9999
2025 07 29 15   294   189 10188   150    15     6     0 -9999
2025 07 29 16   306   200 10187   160    31 -9999     0 -9999
2025 07 29 17   317   206 10188   210    31 -9999     0 -9999
2025 07 29 18   322   206 10191   210    31     6     0 -9999
2025 07 29 19   333   200 10190   220    41 -9999     0 -9999
2025 07 29 20   328   206 10184   240    46 -9999     0 -9999
2025 07 29 21   333   211 10182   260    51     4     0 -9999
2025 07 29 22   328   206 10180   240    31 -9999     0 -9999
2025 07 29 23   328   211 10177   300    31 -9999     0 -9999
2025 07 30 00   311   194 10174    90    36     4    -1     0
2025 07 30 01   306   189 10170    70    36 -9999     0 -9999
2025 07 30 02   294   200 10174   100    26 -9999     0 -9999
2025 07 30 03   289   200 10176    70    31     2     0 -9999
2025 07 30 04   278   217 10177    40    21 -9999     0 -9999
2025 07 30 05   261   233 10176    20    31 -9999     0 -9999
2025 07 30 06   261   222 10176    50    21     4     0 -9999
2025 07 30 07   261   211 10174    60    36 -9999     0 -9999
2025 07 30 08   256   211 10179   100    15 -9999     0 -9999
2025 07 30 09   256   200 10178   100    21     6     0 -9999
2025 07 30 10   256   194 10172   100    21 -9999     0 -9999
2025 07 30 11   256   194 10177    50    26 -9999     0 -9999
2025 07 30 12   256   206 10180    20    36     6     0 -9999
2025 07 30 13   261   211 10180    50    31 -9999     0 -9999
2025 07 30 14   256   211 10183    30    62 -9999     0 -9999
2025 07 30 15   256   206 10183    50    57     8     0 -9999
2025 07 30 16   256   206 10181    50    36 -9999     0 -9999
2025 07 30 17   261   200 10179    50    41 -9999     0 -9999
2025 07 30 18   250   206 10183   350    46     8    -1    -1
2025 07 30 19   233   211 10179    40    41 -9999    76 -9999
2025 07 30 20   228   206 10186    60    51 -9999    36 -9999
2025 07 30 21   228   211 10172    70    72     6    20 -9999
2025 07 30 22   233   200 10169    60    72 -9999 -9999 -9999
2025 07 30 23   228   200 10169    30    72 -9999 -9999 -9999
2025 07 31 00   228   200 10168    30    93     8 -9999   110
2025 07 31 01   222   194 10174    40    88 -9999    -1 -9999
2025 07 31 02   211   200 10179    40    82 -9999    10 -9999
2025 07 31 03   206   200 10185    60    57     8    10 -9999
2025 07 31 04   206   194 10186    60    67 -9999    25 -9999
2025 07 31 05   200   189 10189    50    72 -9999    10 -9999
2025 07 31 06   200   183 10190    50    62     8     0    60
2025 07 31 07   200   183 10188    40    67 -9999     3 -9999
2025 07 31 08   200   172 10189    50    62 -9999     0 -9999
2025 07 31 09   200   172 10194    40    67     8     0 -9999
2025 07 31 10   200   156 10195    50    67 -9999     0 -9999
2025 07 31 11   200   150 10200    50    67 -9999     0 -9999
2025 07 31 12   206   144 10207    60    62     6     0     3
2025 07 31 13   211   150 10213    50    72 -9999     0 -9999
2025 07 31 14   217   139 -9999    30   103 -9999     0 -9999
2025 07 31 15   217   139 10221    30    98     4     0 -9999
2025 07 31 16   228   139 10222    30    93 -9999     0 -9999
2025 07 31 17   228   128 10226    30    82 -9999     0 -9999
2025 07 31 18   233   128 10226    20    72     4     0 -9999
2025 07 31 19   239   122 10225    20    67 -9999     0 -9999
2025 07 31 20   239   133 10226    30    72 -9999     0 -9999
2025 07 31 21   239   139 10225    10    82     2 -9999 -9999
2025 07 31 22   228   139 10224    20    93 -9999 -9999 -9999
2025 07 31 23   222   150 10226    20    82 -9999 -9999 -9999
2025 08 01 00   222   156 10227    20    93     2 -9999 -9999
2025 08 01 01   211   150 10229    20    88     0     0 -9999
2025 08 01 02   211   133 10234    20    62     0     0 -9999
2025 08 01 03   206   122 10240    10    62     0     0 -9999
2025 08 01 04   200   117 10243    10    67     0     0 -9999
2025 08 01 05   189   117 10244   350    46 -9999     0 -9999
2025 08 01 06   178   117 10244   350    46     2     0 -9999
2025 08 01 07   183   128 10242   340    41 -9999     0 -9999
2025 08 01 08   183   133 10243   340    41 -9999     0 -9999
2025 08 01 09   178   139 10247   340    41     2     0 -9999
2025 08 01 10   172   139 10249   350    36     0     0 -9999
2025 08 01 11   172   150 10257   350    31     0     0 -9999
2025 08 01 12   183   161 10263    10    26     2     0 -9999
2025 08 01 13   211   150 10268    80    36 -9999     0 -9999
2025 08 01 14   217   150 10273   100    51 -9999     0 -9999
2025 08 01 15   228   139 10275    50    31     2     0 -9999
2025 08 01 16   233   133 10279    60    51 -9999     0 -9999
2025 08 01 17   233   139 10281    30    62 -9999     0 -9999
2025 08 01 18   233   128 10282    30    57     2     0 -9999
2025 08 01 19   233   100 10283    50    67 -9999     0 -9999
2025 08 01 20   233    78 10283    60    72 -9999     0 -9999
2025 08 01 21   233   100 10281    60    62     0     0 -9999
2025 08 01 22   228    94 10281    50    51 -9999     0 -9999
2025 08 01 23   222    94 10278    50    57 -9999     0 -9999
2025 08 02 00   217    78 10277    50    46     0     0 -9999
2025 08 02 01   206    89 10275    20    57 -9999     0 -9999
2025 08 02 02   200    78 10273    10    46 -9999     0 -9999
2025 08 02 03   189    72 10277    20    46     6     0 -9999
2025 08 02 04   172    83 10274   360    31 -9999     0 -9999
2025 08 02 05   161    89 10278    10    26 -9999     0 -9999
2025 08 02 06   172    94 10278   300    15     6     0 -9999
2025 08 02 07   156   100 10277   310    15 -9999     0 -9999
2025 08 02 08   161   100 10278   300    15 -9999     0 -9999
2025 08 02 09   161   106 10279   310    15     6     0 -9999
2025 08 02 10   161   111 10279     0     0 -9999     0 -9999
2025 08 02 11   156   122 10280   340    15 -9999     0 -9999
2025 08 02 12   161   133 10279   350    31     6     0 -9999
2025 08 02 13   194   144 10280   360    31 -9999     0 -9999
2025 08 02 14   217   156 10280    10    36 -9999     0 -9999
2025 08 02 15   233   133 10279    80    31     4     0 -9999
2025 08 02 16   239   106 10276    60    41 -9999     0 -9999
2025 08 02 17   250   111 10275    70    46 -9999     0 -9999
2025 08 02 18   256   100 10273    50    51     4     0 -9999
2025 08 02 19   256    94 10268    90    62 -9999     0 -9999
2025 08 02 20   256    89 10260   110    31 -9999     0 -9999
2025 08 02 21   250    83 10255    80    36     2     0 -9999
2025 08 02 22   250    83 10251    80    36 -9999     0 -9999
2025 08 02 23   244    83 10246    90    41 -9999     0 -9999
2025 08 03 00   233   100 10241    60    41     2     0 -9999
2025 08 03 01   222    94 10240    40    36 -9999     0 -9999
2025 08 03 02   211   106 10237    50    31 -9999     0 -9999
2025 08 03 03   206   117 10237    40    21     2     0 -9999
2025 08 03 04   194   122 10237    40    31 -9999     0 -9999
2025 08 03 05   194   128 10234    10    15 -9999     0 -9999
2025 08 03 06   189   128 10233     0     0     0     0 -9999
2025 08 03 07   183   133 10231     0     0     0     0 -9999
2025 08 03 08   172   133 10231     0     0     0     0 -9999
2025 08 03 09   167   133 10226     0     0     0     0 -9999
2025 08 03 10   172   133 10227     0     0     0     0 -9999
2025 08 03 11   167   133 10228   350    15 -9999     0 -9999
2025 08 03 12   167   139 10230   350    26     0     0 -9999
2025 08 03 13   200   156 10229    20    21     0     0 -9999
2025 08 03 14   217   150 10227    80    26     0     0 -9999
2025 08 03 15   233   144 10226    90    26     2     0 -9999
2025 08 03 16   244   117 10226   120    26 -9999     0 -9999
2025 08 03 17   250   117 10217   100    36     0     0 -9999
2025 08 03 18   261   117 10214   100    41     0     0 -9999
2025 08 03 19   256   111 10210    60    46     0     0 -9999
2025 08 03 20   261   106 10206    80    46     0     0 -9999
2025 08 03 21   256   111 10202    60    51     0     0 -9999
2025 08 03 22   250   111 10197    80    41     0     0 -9999
2025 08 03 23   244   117 10195    80    51 -9999     0 -9999
2025 08 04 00   239   122 10198    70    46     2     0 -9999
2025 08 04 01   228   139 10199    90    36 -9999     0 -9999
2025 08 04 02   217   150 10203    60    36 -9999     0 -9999
2025 08 04 03   217   156 10205    70    36     6     0 -9999
2025 08 04 04   211   167 10201    60    46 -9999     0 -9999
2025 08 04 05   211   178 10200    70    36 -9999     0 -9999
2025 08 04 06   206   178 10199    50    26     6     0 -9999
2025 08 04 07   194   178 10198   360    15 -9999     0 -9999
2025 08 04 08   183   172 10198   360    31 -9999     0 -9999
2025 08 04 09   183   172 10199   340    15     6     0 -9999
2025 08 04 10   183   167 10201   350    15 -9999     0 -9999
2025 08 04 11   178   167 10203   360    15 -9999     0 -9999
2025 08 04 12   194   167 10206     0     0     6     0 -9999
2025 08 04 13   217   144 10208     0     0 -9999     0 -9999
2025 08 04 14   222   156 10207    90    36 -9999     0 -9999
2025 08 04 15   239   144 10206    70    36     8     0 -9999
2025 08 04 16   250   133 10207   110    41 -9999     0 -9999
2025 08 04 17   256   133 10205    60    31 -9999     0 -9999
2025 08 04 18   256   133 10203   100    51     6     0 -9999
2025 08 04 19   261   139 10203    90    36 -9999     0 -9999
2025 08 04 20   250   156 10204    80    41 -9999     0 -9999
2025 08 04 21   261   156 10200   100    46     6     0 -9999
2025 08 04 22   261   150 10199    80    46 -9999     0 -9999
2025 08 04 23   261   144 10198    90    46 -9999     0 -9999
2025 08 05 00   256   139 10198    70    41     6     0 -9999
2025 08 05 01   250   133 10201    80    41 -9999     0 -9999
2025 08 05 02   244   139 10203    90    36 -9999     0 -9999
2025 08 05 03   233   156 10206    70    41     4     0 -9999
2025 08 05 04   228   178 10210    70    41 -9999     0 -9999
2025 08 05 05   222   178 10214    50    21 -9999     0 -9999
2025 08 05 06   206   178 10216    10    26     2     0 -9999
2025 08 05 07   200   178 10213    10    15 -9999     0 -9999
2025 08 05 08   194   178 10217   350    15 -9999     0 -9999
2025 08 05 09   194   183 10218   360    21     0     0 -9999
2025 08 05 10   194   183 10222   340    21     0     0 -9999
2025 08 05 11   183   178 10228    10    26 -9999     0 -9999
2025 08 05 12   194   183 10230    10    26     0     0 -9999
2025 08 05 13   222   189 10234    70    31     0     0 -9999
2025 08 05 14   239   178 10236    70    36 -9999     0 -9999
2025 08 05 15   250   156 10236    80    46     2     0 -9999
2025 08 05 16   272   144 10238    70    46 -9999     0 -9999
2025 08 05 17   267   128 10237    70    51 -9999     0 -9999
2025 08 05 18   272   128 10237    80    51     4     0 -9999
2025 08 05 19   272   122 10237    80    36 -9999     0 -9999
2025 08 05 20   278   122 10233    50    41 -9999     0 -9999
2025 08 05 21   272   150 10229    60    51     2     0 -9999
2025 08 05 22   272   144 10228    70    41 -9999     0 -9999
2025 08 05 23   267   139 10227    90    46 -9999     0 -9999
2025 08 06 00   261   144 10227    50    57     2     0 -9999
2025 08 06 01   244   156 10229    30    51 -9999     0 -9999
2025 08 06 02   233   167 10231    70    57     0     0 -9999
2025 08 06 03   228   178 10235    70    41     0     0 -9999
2025 08 06 04   222   183 10234    40    46     0     0 -9999
2025 08 06 05   211   183 10236    20    21     0     0 -9999
2025 08 06 06   206   183 10235   360    21     0     0 -9999
2025 08 06 07   194   178 10236   360    26     0     0 -9999
2025 08 06 08   200   178 10233   360    21     0     0 -9999
2025 08 06 09   194   178 10231     0     0     0     0 -9999
2025 08 06 10   194   178 10232   350    15     0     0 -9999
2025 08 06 11   189   178 10237    10    15 -9999     0 -9999
2025 08 06 12   206   183 10241    40    15     2     0 -9999
2025 08 06 13   233   206 10242   140    26 -9999     0 -9999
2025 08 06 14   250   189 10245   170    31 -9999     0 -9999
2025 08 06 15   267   183 10238   180    31     2     0 -9999
2025 08 06 16   272   161 10237   190    36 -9999     0 -9999
2025 08 06 17   289   167 10241   190    26 -9999     0 -9999
2025 08 06 18   294   161 10239   200    36     4     0 -9999
2025 08 06 19   294   161 10230   220    36 -9999     0 -9999
2025 08 06 20   300   167 10221   190    41 -9999     0 -9999
2025 08 06 21   300   156 10216   170    15     6     0 -9999
2025 08 06 22   300   150 10212   110    41 -9999     0 -9999
2025 08 06 23   283   172 10211    90    31 -9999     0 -9999
2025 08 07 00   283   172 10211   100    46     6     0 -9999
2025 08 07 01   272   178 10211   130    46 -9999     0 -9999
2025 08 07 02   256   183 10215   110    36 -9999     0 -9999
2025 08 07 03   250   183 10219   130    36     6     0 -9999
2025 08 07 04   250   189 10220   150    26 -9999     0 -9999
2025 08 07 05   250   194 10220   160    21 -9999     0 -9999
2025 08 07 06   250   194 10217   210    15     8     0 -9999
2025 08 07 07   250   194 10216     0     0 -9999     0 -9999
2025 08 07 08   244   194 10212   190    21 -9999     0 -9999
2025 08 07 09   239   189 10213   180    15     6     0 -9999
2025 08 07 10   233   189 10211   190    21 -9999     0 -9999
2025 08 07 11   228   189 10209   150    26 -9999     0 -9999
2025 08 07 12   239   189 10210   190    26     2     0 -9999
2025 08 07 13   250   194 10208   180    31 -9999     0 -9999
2025 08 07 14   272   194 10203   180    36 -9999     0 -9999
2025 08 07 15   289   194 10204   170    36     6     0 -9999
2025 08 07 16   294   194 10206   180    51 -9999     0 -9999
2025 08 07 17   300   200 10197   160    41 -9999     0 -9999
2025 08 07 18   306   200 10194   190    51     6     0 -9999
2025 08 07 19   317   206 10189   200    41 -9999     0 -9999
2025 08 07 20   317   200 10185   250    31 -9999     0 -9999
2025 08 07 21   317   211 10178   170    51     6     0 -9999
2025 08 07 22   322   200 10171   220    46 -9999     0 -9999
2025 08 07 23   311   211 10171   190    41 -9999     0 -9999
2025 08 08 00   300   217 10167   170    51     6     0 -9999
2025 08 08 01   294   222 10168   180    41 -9999     0 -9999
2025 08 08 02   283   222 10177   180    41 -9999     0 -9999
2025 08 08 03   278   222 10180   170    46     4     0 -9999
2025 08 08 04   272   222 10179   190    31 -9999     0 -9999
2025 08 08 05   267   228 10176   190    31 -9999     0 -9999
2025 08 08 06   256   222 10176   180    26     0     0 -9999
2025 08 08 07   250   222 10172   190    21     0     0 -9999
2025 08 08 08   244   222 10169   190    26     0     0 -9999
2025 08 08 09   239   217 10168   180    21     0     0 -9999
2025 08 08 10   233   211 10170   200    15     0     0 -9999
2025 08 08 11   233   211 10171   210    21 -9999     0 -9999
2025 08 08 12   239   217 10171   180    21     2     0 -9999
2025 08 08 13   256   217 10171   200    31 -9999     0 -9999
2025 08 08 14   278   211 10174   200    36 -9999     0 -9999
2025 08 08 15   300   211 10172   170    46     2     0 -9999
2025 08 08 16   317   206 10169   200    51 -9999     0 -9999
2025 08 08 17   322   206 10159   170    72 -9999     0 -9999
2025 08 08 18   328   211 10156   180    57     4     0 -9999
2025 08 08 19   328   206 10154   210    72 -9999     0 -9999
2025 08 08 20   333   211 10146   180    67 -9999     0 -9999
2025 08 08 21   328   206 10142   160    67     6     0 -9999
2025 08 08 22   322   206 10147   180    57 -9999     0 -9999
2025 08 08 23   317   211 10146   170    51 -9999     0 -9999
2025 08 09 00   306   211 10147   170    57     6     0 -9999
2025 08 09 01   300   211 10146   170    62 -9999     0 -9999
2025 08 09 02   289   211 10154   180    51 -9999     0 -9999
2025 08 09 03   283   211 10156   170    51     6     0 -9999
2025 08 09 04   278   211 10159   180    41 -9999     0 -9999
2025 08 09 05   267   211 10163   180    51 -9999     0 -9999
2025 08 09 06   267   211 10161   180    41     2     0 -9999
2025 08 09 07   261   206 10155   190    41 -9999     0 -9999
2025 08 09 08   256   200 10155   180    26 -9999     0 -9999
2025 08 09 09   256   194 10158   180    36     2     0 -9999
2025 08 09 10   250   194 10161   180    31 -9999     0 -9999
2025 08 09 11   244   194 10161   190    31 -9999     0 -9999
2025 08 09 12   250   194 10163   180    46     2     0 -9999
2025 08 09 13   267   200 10162   190    51 -9999     0 -9999
2025 08 09 14   283   200 10160   190    41     0     0 -9999
2025 08 09 15   294   206 10160   190    62     2     0 -9999
2025 08 09 16   311   206 10162   210    88 -9999     0 -9999
2025 08 09 17   317   206 10161   210    77 -9999     0 -9999
2025 08 09 18   328   200 10154   210    77     2     0 -9999
2025 08 09 19   333   206 10151   190    72 -9999     0 -9999
2025 08 09 20   344   211 10144   180    51 -9999     0 -9999
2025 08 09 21   333   211 10142   180    46     4     0 -9999
2025 08 09 22   328   217 10140   160    88 -9999     0 -9999
2025 08 09 23   322   222 10143   170    62 -9999     0 -9999
2025 08 10 00   311   217 10144   180    57     2     0 -9999
2025 08 10 01   306   217 -9999   200    67 -9999     0 -9999
2025 08 10 02   294   222 10147   180    51 -9999     0 -9999
2025 08 10 03   289   217 10161   190    57     4     0 -9999
2025 08 10 04   283   222 10159   190    57 -9999     0 -9999
2025 08 10 05   278   217 10163   190    41 -9999     0 -9999
2025 08 10 06   278   217 10169   210    31     6     0 -9999
2025 08 10 07   272   217 10170   200    36 -9999     0 -9999
2025 08 10 08   267   217 10169   160    26 -9999     0 -9999
2025 08 10 09   267   217 10168    70    21     6     0 -9999
2025 08 10 10   256   217 10164   120    41 -9999     0 -9999
2025 08 10 11   256   217 10167    90    21 -9999     0 -9999
2025 08 10 12   256   222 10171   120    36     6     0 -9999
2025 08 10 13   261   211 10171   180    46 -9999     0 -9999
2025 08 10 14   283   206 10166   210    67 -9999     0 -9999
2025 08 10 15   289   206 10171   220    51     6     0 -9999
2025 08 10 16   306   206 10167   200    72 -9999     0 -9999
2025 08 10 17   317   211 10171   220    67 -9999     0 -9999
2025 08 10 18   267   233 10174   280    41     8    15    20
2025 08 10 19   289   206 10167   190    36 -9999     0 -9999
2025 08 10 20   300   217 10160   200    36 -9999     0 -9999
2025 08 10 21   300   217 10149   190    36     6     0 -9999
2025 08 10 22   300   211 10144   170    62 -9999     0 -9999
2025 08 10 23   294   211 10147   190    62 -9999     0 -9999
2025 08 11 00   289   217 10151   200    67     6     0 -9999
2025 08 11 01   289   211 10150   190    51 -9999     0 -9999
2025 08 11 02   283   211 10151   190    36 -9999     0 -9999
2025 08 11 03   272   211 10144   180    41     6     0 -9999
2025 08 11 04   272   206 10149   190    41 -9999     0 -9999
2025 08 11 05   267   211 10153   190    31 -9999     0 -9999
2025 08 11 06   261   211 10154   200    36     6     0 -9999
2025 08 11 07   256   211 10150   180    26 -9999     0 -9999
2025 08 11 08   250   211 10146   200    46 -9999     0 -9999
2025 08 11 09   250   211 10146   210    41     6     0 -9999
2025 08 11 10   244   217 10151   220    46 -9999     0 -9999
2025 08 11 11   239   217 10152   230    26 -9999     0 -9999
2025 08 11 12   239   211 10157   220    46     8     0 -9999
2025 08 11 13   239   217 10161   210    31 -9999     0 -9999
2025 08 11 14   256   206 10164   250    51 -9999     0 -9999
2025 08 11 15   267   206 10166   250    51     4     0 -9999
2025 08 11 16   283   194 10166   230    57 -9999     0 -9999
2025 08 11 17   294   183 10166   250    46 -9999     0 -9999
2025 08 11 18   306   183 10167   240    67     6     0 -9999
2025 08 11 19   311   183 10164   230    51 -9999     0 -9999
2025 08 11 20   306   200 10157   220    51 -9999     0 -9999
2025 08 11 21   311   194 10150   240    31     6     0 -9999
2025 08 11 22   317   183 10146   210    41 -9999     0 -9999
2025 08 11 23   311   183 10143   210    36 -9999     0 -9999
2025 08 12 00   300   194 10144   220    31     6     0 -9999
2025 08 12 01   289   200 10146   220    41 -9999     0 -9999
2025 08 12 02   289   200 10148   220    21 -9999     0 -9999
2025 08 12 03   239   217 10159   150    62     8     7 -9999
2025 08 12 04   228   206 10156     0     0 -9999    71 -9999
2025 08 12 05   228   217 10156   140    21 -9999     0 -9999
2025 08 12 06   233   217 10153   180    21     6     0    80
2025 08 12 07   233   217 10148   170    21 -9999     0 -9999
2025 08 12 08   233   217 10146   180    15 -9999     0 -9999
2025 08 12 09   233   217 10146   180    21     4     0 -9999
2025 08 12 10   233   222 10140   180    26 -9999     0 -9999
2025 08 12 11   233   222 10141   180    31 -9999     0 -9999
2025 08 12 12   222   200 10150   280    26     8     3     3
2025 08 12 13   233   200 10149   320    21 -9999    -1 -9999
2025 08 12 14   233   194 10152   270    21 -9999     0 -9999
2025 08 12 15   250   194 10143   110    15     6     0 -9999
2025 08 12 16   272   206 10139   140    21 -9999     0 -9999
2025 08 12 17   283   211 10135   170    51 -9999     0 -9999
2025 08 12 18   283   217 10129   210    62     8    -1    -1
2025 08 12 19   278   222 -9999   230    46 -9999    -1 -9999
2025 08 12 20   289   228 10111   290    41 -9999    -1 -9999
2025 08 12 21   283   217 10113 -9999    26     8    -1 -9999
2025 08 12 22   233   206 10119   140    57 -9999    -1 -9999
2025 08 12 23   239   211 10122   170    51 -9999    -1 -9999
2025 08 13 00   250   206 10115   180    46     6     0    -1
2025 08 13 01   239   211 10115   200    36 -9999     0 -9999
2025 08 13 02   239   217 10119   250    31 -9999    10 -9999
2025 08 13 03   233   217 10124   220    26     6    25 -9999
2025 08 13 04   233   222 10120   240    26 -9999     0 -9999
2025 08 13 05   228   217 10121   250    21 -9999     0 -9999
2025 08 13 06   228   211 10120   270    21     4     0    40
2025 08 13 07   222   211 10121   250    21 -9999     0 -9999
2025 08 13 08   217   206 10121     0     0 -9999     0 -9999
2025 08 13 09   217   206 10122   270    21     2     0 -9999
2025 08 13 10   211   200 10124   270    15 -9999     0 -9999
2025 08 13 11   211   194 10128   310    21 -9999     0 -9999
2025 08 13 12   217   194 10134   350    15     2     0 -9999
2025 08 13 13   228   189 10140   350    31 -9999     0 -9999
2025 08 13 14   250   172 10143    20    36     0     0 -9999
2025 08 13 15   261   167 10144    10    21     0     0 -9999
2025 08 13 16   272   161 10143   350    26 -9999     0 -9999
2025 08 13 17   283   156 10143   330    36 -9999     0 -9999
2025 08 13 18   283   144 10140   300    26     4     0 -9999
2025 08 13 19   289   133 10137   310    26 -9999     0 -9999
2025 08 13 20   300   144 10134   310    36 -9999     0 -9999
2025 08 13 21   283   167 10133    50    57     4     0 -9999
2025 08 13 22   267   167 10135    50    36 -9999     0 -9999
2025 08 13 23   267   156 10134    80    36 -9999     0 -9999
2025 08 14 00   256   167 10138    40    41     2     0 -9999
2025 08 14 01   244   156 10143    60    36 -9999     0 -9999
2025 08 14 02   239   161 10147    50    36 -9999     0 -9999
2025 08 14 03   233   183 10148    70    26     0     0 -9999
2025 08 14 04   228   189 10147    50    26     0     0 -9999
2025 08 14 05   222   194 10148    80    15     0     0 -9999
2025 08 14 06   222   189 10147    80    15     0     0 -9999
2025 08 14 07   206   189 10148   350    15     0     0 -9999
2025 08 14 08   206   189 10150     0     0     0     0 -9999
2025 08 14 09   200   183 10156     0     0     0     0 -9999
2025 08 14 10   200   183 10157     0     0     0     0 -9999
2025 08 14 11   194   183 10160    10    15     0     0 -9999
2025 08 14 12   200   183 10166   350    15     0     0 -9999
2025 08 14 13   222   194 10171   350    21     0     0 -9999
2025 08 14 14   244   172 10174   330    26 -9999     0 -9999
2025 08 14 15   250   156 10172    20    21     2     0 -9999
2025 08 14 16   267   139 10172    10    36 -9999     0 -9999
2025 08 14 17   278   133 10172    60    36 -9999     0 -9999
2025 08 14 18   278   139 10171    80    46     2     0 -9999
2025 08 14 19   278   128 10171    80    21 -9999     0 -9999
2025 08 14 20   278   139 10168   100    36 -9999     0 -9999
2025 08 14 21   278   133 10164    90    41     2     0 -9999
2025 08 14 22   278   128 10164    80    31 -9999     0 -9999
2025 08 14 23   272   128 10163    80    41     0     0 -9999
2025 08 15 00   267   122 10165    90    41     0     0 -9999
2025 08 15 01   250   117 10167    80    31 -9999     0 -9999
2025 08 15 02   239   133 10173   100    26     0     0 -9999
2025 08 15 03   233   144 10175    90    21     0     0 -9999
2025 08 15 04   222   161 10178   100    26 -9999     0 -9999
2025 08 15 05   222   161 10175   100    15 -9999     0 -9999
2025 08 15 06   222   156 10177     0     0     2     0 -9999
2025 08 15 07   217   161 10175     0     0 -9999     0 -9999
2025 08 15 08   211   167 10180     0     0 -9999     0 -9999
2025 08 15 09   217   172 10176     0     0     6     0 -9999
2025 08 15 10   211   172 10182     0     0 -9999     0 -9999
2025 08 15 11   217   172 10184     0     0 -9999     0 -9999
2025 08 15 12   217   172 10185   140    15     6     0 -9999
2025 08 15 13   233   172 10189   140    15 -9999     0 -9999
2025 08 15 14   250   172 10189   180    26 -9999     0 -9999
2025 08 15 15   278   178 10187   180    41     6     0 -9999
2025 08 15 16   283   194 10189   190    31 -9999     0 -9999
2025 08 15 17   300   206 10187   220    31 -9999     0 -9999
2025 08 15 18   306   200 10184   230    26     6     0 -9999
2025 08 15 19   317   194 10179   210    41 -9999     0 -9999
2025 08 15 20   322   194 10175   220    41 -9999     0 -9999
2025 08 15 21   322   206 10170   180    46     6     0 -9999
2025 08 15 22   322   206 10170   150    36 -9999     0 -9999
2025 08 15 23   322   172 10169   230    46 -9999     0 -9999
2025 08 16 00   311   178 10163   220    36     6     0 -9999
2025 08 16 01   300   189 10170   220    21 -9999     0 -9999
2025 08 16 02   289   194 10180   190    15 -9999     0 -9999
2025 08 16 03   283   194 10184   210    15     8     0 -9999
2025 08 16 04   278   200 10176   150    15 -9999     0 -9999
2025 08 16 05   272   211 10173   140    21 -9999     0 -9999
2025 08 16 06   267   217 10172   170    26     8     0 -9999
2025 08 16 07   272   222 10172   200    21 -9999     0 -9999
2025 08 16 08   267   222 10169   200    15 -9999     0 -9999
2025 08 16 09   256   217 10167   190    26     6     0 -9999
2025 08 16 10   250   217 10161   210    41 -9999     0 -9999
2025 08 16 11   244   194 10164     0     0 -9999     0 -9999
2025 08 16 12   244   194 10167   200    21     4     0 -9999
2025 08 16 13   244   194 10176   240    21 -9999     0 -9999
2025 08 16 14   256   200 10182   240    41 -9999     0 -9999
2025 08 16 15   283   206 10170   240    31     4     0 -9999
2025 08 16 16   311   206 10162   200    15 -9999     0 -9999
2025 08 16 17   333   211 10164   250    31 -9999     0 -9999
2025 08 16 18   333   217 10168   260    51     6     0 -9999
2025 08 16 19   339   217 10161   280    31 -9999     0 -9999
2025 08 16 20   339   217 10162   280    36 -9999     0 -9999
2025 08 16 21   344   217 10156    70    57     6     0 -9999
2025 08 16 22   239   206 10164    10    82 -9999    -1 -9999
2025 08 16 23   256   200 10152   180    36 -9999    -1 -9999
2025 08 17 00   244   217 10183   350    82     8    -1    -1
2025 08 17 01   233   206 10164   180    36 -9999    46 -9999
2025 08 17 02   233   217 10163   210    31 -9999    -1 -9999
2025 08 17 03   233   217 10151 -9999    15     8     0 -9999
2025 08 17 04   233   222 10160     0     0 -9999     0 -9999
2025 08 17 05   244   217 -9999    70    31 -9999     0 -9999
2025 08 17 06   228   217 10159   140    36     8   104   150
2025 08 17 07   228   217 10154   230    31 -9999     8 -9999
2025 08 17 08   211   200 10161   220    26 -9999   414 -9999
2025 08 17 09   211   200 10156   150    21     8     8 -9999
2025 08 17 10   217   206 10168   220    31 -9999    -1 -9999
2025 08 17 11   217   211 10170   220    15 -9999     0 -9999
2025 08 17 12   217   211 10172   260    26     8     0   430
2025 08 17 13   228   217 10176   350    21 -9999     0 -9999
2025 08 17 14   233   222 10183   300    15 -9999     0 -9999
2025 08 17 15   250   222 10183   360    31     6     0 -9999
2025 08 17 16   267   222 10181    40    41 -9999     0 -9999
2025 08 17 17   272   222 10184    10    41 -9999     0 -9999
2025 08 17 18   267   222 10179    50    51     8     0 -9999
2025 08 17 19   256   211 10182    20    57 -9999     0 -9999
2025 08 17 20   256   206 10178    40    51 -9999     0 -9999
2025 08 17 21   250   200 10177    60    62     6     0 -9999
2025 08 17 22   250   200 10175    50    36 -9999     0 -9999
2025 08 17 23   250   194 10173    50    46 -9999     0 -9999
2025 08 18 00   239   189 10176    60    51     6     0 -9999
2025 08 18 01   233   189 10175    40    51 -9999     0 -9999
2025 08 18 02   228   189 10183    30    46 -9999     0 -9999
2025 08 18 03   228   194 10179    40    46     2     0 -9999
2025 08 18 04   228   194 10178    50    31 -9999     0 -9999
2025 08 18 05   228   200 10179    60    41 -9999     0 -9999
2025 08 18 06   222   200 10181    70    26     6     0 -9999
2025 08 18 07   228   206 10173    80    31 -9999     0 -9999
2025 08 18 08   228   211 10174    80    21 -9999     0 -9999
2025 08 18 09   233   211 10171   100    21     6     0 -9999
2025 08 18 10   233   206 10169   130    36 -9999     0 -9999
2025 08 18 11   228   200 10174   130    46 -9999    -1 -9999
2025 08 18 12   228   200 10176   140    51     8     0     0
2025 08 18 13   228   183 10182   140    51 -9999     0 -9999
2025 08 18 14   233   183 10182   140    46 -9999     0 -9999
2025 08 18 15   233   194 10185   150    36     6    -1 -9999
2025 08 18 16   250   206 10186   150    41 -9999     0 -9999
2025 08 18 17   267   222 10172   150    62 -9999    -1 -9999
2025 08 18 18   272   222 10169   160    51     6     0     0
2025 08 18 19   289   233 10165   160    46 -9999     0 -9999
2025 08 18 20   289   233 -9999   160    67 -9999     0 -9999
2025 08 18 21   300   244 10147   180    46     6     0 -9999
2025 08 18 22   289   244 -9999   180    51 -9999     0 -9999
2025 08 18 23   217   211 -9999   200    46 -9999    12 -9999
2025 08 19 00   222   217 10139   220    15     8    -1   130
2025 08 19 01   233   217 10144   180    26 -9999     3 -9999
2025 08 19 02   222   217 -9999   210    26 -9999    10 -9999
2025 08 19 03   228   222 10154   160    36     8    15 -9999
2025 08 19 04   222   217 10146   130    31 -9999    23 -9999
2025 08 19 05   222   217 10145   180    36 -9999    18 -9999
2025 08 19 06   222   211 10146     0     0     8     3   300
2025 08 19 07   222   211 10142   180    15 -9999    20 -9999
2025 08 19 08   222   217 10135     0     0 -9999     0 -9999
2025 08 19 09   222   217 10133   200    21     8    18 -9999
2025 08 19 10   228   217 10135   240    26 -9999     0 -9999
2025 08 19 11   228   217 10138   230    26 -9999     0 -9999
2025 08 19 12   228   222 10141   290    36     8     0    40
2025 08 19 13   233   217 10147   320    26 -9999     0 -9999
2025 08 19 14   233   217 10152   350    46 -9999    -1 -9999
2025 08 19 15   244   217 10152    10    41     8     0 -9999
2025 08 19 16   250   217 10157   340    41 -9999     0 -9999
2025 08 19 17   244   206 10159   320    46 -9999     0 -9999
2025 08 19 18   239   200 10164   330    41     6     0    -1
2025 08 19 19   233   194 10166   320    36 -9999     0 -9999
2025 08 19 20   239   194 10159   320    36 -9999     0 -9999
2025 08 19 21   250   194 10155   310    41     8     0 -9999
2025 08 19 22   244   194 10154   340    36 -9999     0 -9999
2025 08 19 23   244   194 10151   360    41 -9999     0 -9999
2025 08 20 00   239   200 10155    50    41     8     0 -9999
2025 08 20 01   228   194 10159    60    36 -9999     0 -9999
2025 08 20 02   228   194 10169   110    21 -9999     0 -9999
2025 08 20 03   222   194 10175    40    21     6     0 -9999
2025 08 20 04   217   194 10177   360    15 -9999     0 -9999
2025 08 20 05   211   194 10173   330    21 -9999     0 -9999
2025 08 20 06   211   194 10171     0     0     2     0 -9999
2025 08 20 07   206   194 10169   330    26 -9999     0 -9999
2025 08 20 08   200   189 10168   340    26 -9999     0 -9999
2025 08 20 09   194   189 10168   360    31     2     0 -9999
2025 08 20 10   200   189 10170   350    41 -9999     0 -9999
2025 08 20 11   200   189 10172    10    46 -9999     0 -9999
2025 08 20 12   206   183 10176    10    46     2     0 -9999
2025 08 20 13   217   183 10177    10    62 -9999     0 -9999
2025 08 20 14   222   189 10180    20    57 -9999     0 -9999
2025 08 20 15   228   183 10184    30    88     6     0 -9999
2025 08 20 16   228   178 10187    40    77 -9999     0 -9999
2025 08 20 17   228   178 10188    30    67 -9999     0 -9999
2025 08 20 18   228   178 10189    30    72     6     0 -9999
2025 08 20 19   239   161 10188    10    77 -9999     0 -9999
2025 08 20 20   239   161 10185    40    98 -9999     0 -9999
2025 08 20 21   239   161 10184    40    88     4     0 -9999
2025 08 20 22   222   156 10186    40    67 -9999     0 -9999
2025 08 20 23   222   150 10185    30    77 -9999     0 -9999
2025 08 21 00   217   150 10185    20    67     6     0 -9999
2025 08 21 01   211   156 10186    30    72 -9999     0 -9999
2025 08 21 02   217   161 10189    20    51 -9999     0 -9999
2025 08 21 03   217   167 10189    50    51     6     0 -9999
2025 08 21 04   211   167 10187    30    57 -9999     0 -9999
2025 08 21 05   206   172 10187    20    36 -9999     0 -9999
2025 08 21 06   194   172 10185   340    26     4     0 -9999
2025 08 21 07   189   172 10179   340    26 -9999     0 -9999
2025 08 21 08   189   172 10179   340    26 -9999     0 -9999
2025 08 21 09   189   172 10178   330    26     4     0 -9999
2025 08 21 10   189   178 10178   340    26 -9999     0 -9999
2025 08 21 11   189   172 10184   350    21 -9999     0 -9999
2025 08 21 12   189   172 10187   360    26     2     0 -9999
2025 08 21 13   211   178 10188    40    36 -9999     0 -9999
2025 08 21 14   228   172 10192    40    46 -9999     0 -9999
2025 08 21 15   222   161 10197    30    62     6     0 -9999
2025 08 21 16   228   167 10197    50    62 -9999     0 -9999
2025 08 21 17   239   161 10195    20    51 -9999     0 -9999
2025 08 21 18   239   167 10190    80    46     6     0 -9999
2025 08 21 19   239   167 10188    40    62 -9999     0 -9999
2025 08 21 20   233   161 10186    30    62 -9999     0 -9999
2025 08 21 21   233   161 10184    40    62     6     0 -9999
2025 08 21 22   228   161 10186    60    46 -9999     0 -9999
2025 08 21 23   228   167 10183    60    46 -9999     0 -9999
2025 08 22 00   228   161 10181    70    36     2     0 -9999
2025 08 22 01   217   167 10178    60    41 -9999     0 -9999
2025 08 22 02   211   167 10181    70    36     0     0 -9999
2025 08 22 03   211   167 10182    30    31     0     0 -9999
2025 08 22 04   206   172 10181    80    26     0     0 -9999
2025 08 22 05   200   172 10181     0     0 -9999     0 -9999
2025 08 22 06   200   172 10182    10    21     2     0 -9999
2025 08 22 07   189   167 10179     0     0 -9999     0 -9999
2025 08 22 08   183   167 10181     0     0 -9999     0 -9999
2025 08 22 09   183   167 10182     0     0     2     0 -9999
2025 08 22 10   189   167 10183     0     0 -9999     0 -9999
2025 08 22 11   183   167 10186    20    21 -9999     0 -9999
2025 08 22 12   189   172 10191   270    15     6     0 -9999
2025 08 22 13   211   178 10191   330    15 -9999     0 -9999
2025 08 22 14   228   178 10188     0     0 -9999     0 -9999
2025 08 22 15   233   161 10185     0     0     6     0 -9999
2025 08 22 16   239   167 10191   260    21 -9999     0 -9999
2025 08 22 17   244   172 10188   250    21 -9999     0 -9999
2025 08 22 18   250   167 10177   240    15     6     0 -9999
2025 08 22 19   256   172 10175     0     0 -9999     0 -9999
2025 08 22 20   256   167 10167   240    21 -9999     0 -9999
2025 08 22 21   267   161 10160   260    21     6     0 -9999
2025 08 22 22   272   161 10152   230    26 -9999     0 -9999
2025 08 22 23   272   161 10151   240    46 -9999     0 -9999
2025 08 23 00   261   161 10149   260    31     6     0 -9999
2025 08 23 01   250   161 10152   260    36 -9999     0 -9999
2025 08 23 02   239   167 10153   230    15 -9999     0 -9999
2025 08 23 03   233   167 10156   240    26     0     0 -9999
2025 08 23 04   228   167 10154   210    21 -9999     0 -9999
2025 08 23 05   217   172 10150   210    31 -9999     0 -9999
2025 08 23 06   211   178 10146   210    41     6     0 -9999
2025 08 23 07   211   178 10143   220    26 -9999     0 -9999
2025 08 23 08   206   172 10141   220    31 -9999     0 -9999
2025 08 23 09   200   172 10136   220    31     6     0 -9999
2025 08 23 10   200   172 10132   220    31 -9999     0 -9999
2025 08 23 11   200   172 10133   220    41 -9999     0 -9999
2025 08 23 12   206   178 10134   230    46     8    -1     0
2025 08 23 13   211   178 10133   250    36 -9999     0 -9999
2025 08 23 14   228   189 10128   270    41 -9999     0 -9999
2025 08 23 15   244   194 10127   300    36     4     0 -9999
2025 08 23 16   261   172 10124   250    41 -9999     0 -9999
2025 08 23 17   272   167 10120   270    62 -9999     0 -9999
2025 08 23 18   283   167 10115   280    51     6     0 -9999
2025 08 23 19   278   150 10118   290    62 -9999     0 -9999
2025 08 23 20   278   144 10115   290    62 -9999     0 -9999
2025 08 23 21   267   139 10118   290    82     6     0 -9999
2025 08 23 22   261   122 10120   320    62 -9999     0 -9999
2025 08 23 23   250   122 10122   320    67 -9999     0 -9999
2025 08 24 00   239   117 10125   310    57     4     0 -9999
2025 08 24 01   222   111 10130   320    41 -9999     0 -9999
2025 08 24 02   211   122 10136   340    41 -9999     0 -9999
2025 08 24 03   194   117 10139   340    36 -9999     0 -9999
2025 08 24 04   189   111 10140   310    26 -9999     0 -9999
2025 08 24 05   183   117 10144   300    21 -9999     0 -9999
2025 08 24 06   172   117 10144   290    26     0     0 -9999
2025 08 24 07   167   117 10142   280    36     0     0 -9999
2025 08 24 08   161   117 10142   290    31     0     0 -9999
2025 08 24 09   156   117 10144   290    31     0     0 -9999
2025 08 24 10   156   111 10144   300    26 -9999     0 -9999
2025 08 24 11   150   111 10146   270    21 -9999     0 -9999
2025 08 24 12   150   117 10147   270    21     6     0 -9999
2025 08 24 13   161   122 10147   260    31 -9999     0 -9999
2025 08 24 14   178   122 10145   290    36 -9999     0 -9999
2025 08 24 15   200   117 10144   270    46     2     0 -9999
2025 08 24 16   200   117 10144   260    57 -9999     0 -9999
2025 08 24 17   206   117 10142   300    51 -9999     0 -9999
2025 08 24 18   222   111 10137   290    62     6     0 -9999
2025 08 24 19   222   111 10137   290    57 -9999     0 -9999
2025 08 24 20   211   100 10136   310    57 -9999     0 -9999
2025 08 24 21   222    89 10135   300    77     6     0 -9999
2025 08 24 22   222    89 10136   280    57 -9999     0 -9999
2025 08 24 23   211    89 10137   290    46 -9999     0 -9999
2025 08 25 00   211    89 10139   310    51 -9999     0 -9999
2025 08 25 01   200    89 10144   310    51 -9999     0 -9999
2025 08 25 02   189    83 10152   340    67 -9999     0 -9999
2025 08 25 03   178    78 10152   340    62 -9999     0 -9999
2025 08 25 04   167    83 10154   320    41 -9999     0 -9999
2025 08 25 05   161    89 10158   290    31 -9999     0 -9999
2025 08 25 06   156    94 10158   320    41 -9999     0 -9999
2025 08 25 07   144    89 10159   310    41 -9999 -9999 -9999
2025 08 25 08   139    89 10161   310    46 -9999 -9999 -9999
2025 08 25 09   133    89 10163   310    36 -9999 -9999 -9999
2025 08 25 10   128    94 10163   320    36 -9999 -9999 -9999
2025 08 25 11   128    94 10166   320    41 -9999 -9999 -9999
2025 08 25 12   128    94 10173   300    41 -9999 -9999 -9999
