"date","TA","Pr","WS","WD","QV"
2025-01-01,272.98,98460,5.66,313.3,0.00341534119545862
2025-01-01 01:00:00,272.75,98540,6.23,309.3,0.00330482431491864
2025-01-01 02:00:00,272.55,98620,6.85,311.2,0.00316462846703652
2025-01-01 03:00:00,272.06,98670,6.62,309.8,0.00287516130122302
2025-01-01 04:00:00,271.52,98720,6.5,305.4,0.00252963798506332
2025-01-01 05:00:00,270.87,98720,5.91,298,0.00225840748107443
2025-01-01 06:00:00,270.34,98720,5.29,290.6,0.00209625633057303
2025-01-01 07:00:00,270.45,98740,5.58,285.5,0.00210393383883349
2025-01-01 08:00:00,270.46,98780,5.99,284.9,0.00206420828525921
2025-01-01 09:00:00,270.58,98800,6.35,284,0.0020627568203784
2025-01-01 10:00:00,270.76,98820,6.53,282.1,0.00204821805723017
2025-01-01 11:00:00,270.69,98870,6.69,280.7,0.00195457908210717
2025-01-01 12:00:00,270.52,98910,6.85,280.8,0.00188135583401678
2025-01-01 13:00:00,270.48,98940,7.2,283.1,0.00185358939299487
2025-01-01 14:00:00,271.08,99000,7.96,287.5,0.00193743926675584
2025-01-01 15:00:00,271.62,99070,9.05,293,0.00192786282239363
2025-01-01 16:00:00,272.13,99110,9.3,293.3,0.0019678913446739
2025-01-01 17:00:00,272.55,99090,9.34,291.5,0.00202338407975666
2025-01-01 18:00:00,272.92,99060,9.29,290.1,0.00206409039198483
2025-01-01 19:00:00,272.97,99060,9.01,288.6,0.00203878477607889
2025-01-01 20:00:00,272.66,99100,8.7,286.8,0.00195903550345567
2025-01-01 21:00:00,271.8,99170,8.18,285.9,0.0017813199384216
2025-01-01 22:00:00,270.34,99220,6.82,286.5,0.00154471801962192
2025-01-01 23:00:00,269.31,99270,5.99,288.4,0.00140121098549306
2025-01-02,268.89,99330,5.92,288.6,0.00133879265493024
2025-01-02 01:00:00,268.52,99390,5.65,286.3,0.00130746968479859
2025-01-02 02:00:00,268.16,99400,5.28,285.9,0.0012716797876606
2025-01-02 03:00:00,267.94,99410,5.33,287.8,0.00122791236837225
2025-01-02 04:00:00,267.71,99430,4.93,287,0.00120568699956811
2025-01-02 05:00:00,267.62,99430,4.73,283.3,0.00119965048446961
2025-01-02 06:00:00,267.55,99430,4.77,279.8,0.00119414411638253
2025-01-02 07:00:00,267.51,99460,5.02,277.3,0.00118906196982578
2025-01-02 08:00:00,267.5,99500,5.45,280,0.00115189518339594
2025-01-02 09:00:00,267.83,99490,5.95,288.4,0.00111452412718054
2025-01-02 10:00:00,268.11,99490,5.87,291.2,0.00111464523524169
2025-01-02 11:00:00,268.34,99530,5.77,289,0.00113883165937158
2025-01-02 12:00:00,268.57,99580,5.69,287.4,0.0011744220843709
2025-01-02 13:00:00,268.68,99620,5.38,287.9,0.00120078269511977
2025-01-02 14:00:00,269.27,99660,5.38,289.2,0.00127968561135755
2025-01-02 15:00:00,270.34,99690,5.24,289.4,0.00143635751412735
2025-01-02 16:00:00,271.51,99670,5.02,286.9,0.0016372655921688
2025-01-02 17:00:00,272.61,99590,4.84,282.9,0.00185875115130788
2025-01-02 18:00:00,273.29,99500,4.68,278,0.00202014180659118
2025-01-02 19:00:00,273.21,99470,4.74,272.4,0.0020402000549327
2025-01-02 20:00:00,272.92,99470,4.68,269.5,0.00205558303272139
2025-01-02 21:00:00,272.35,99470,3.99,270.9,0.00205870846205709
2025-01-02 22:00:00,271.57,99470,3.36,277.2,0.00203357119540708
2025-01-02 23:00:00,271.17,99480,3.57,285.7,0.00199912777029395
2025-01-03,270.81,99490,3.83,293.4,0.00195455579347898
2025-01-03 01:00:00,270.55,99500,4.11,297.5,0.00189144703224251
2025-01-03 02:00:00,270.35,99490,4.41,300.5,0.00179953638101759
2025-01-03 03:00:00,269.99,99480,4.75,303.7,0.00167903294707145
2025-01-03 04:00:00,269.31,99510,5.33,306.2,0.00152455189450828
2025-01-03 05:00:00,268.66,99520,6.42,310.1,0.00134770789638629
2025-01-03 06:00:00,267.86,99500,6.52,309.8,0.00118070203565531
2025-01-03 07:00:00,266.78,99500,6.27,305.4,0.00103690469274206
2025-01-03 08:00:00,266.13,99520,6.56,305.7,0.000939992703346381
2025-01-03 09:00:00,265.57,99510,6.41,308.6,0.000850980301061696
2025-01-03 10:00:00,265.01,99510,6.34,309.8,0.00077056635841857
2025-01-03 11:00:00,264.46,99530,6.39,308.4,0.000704133951019802
2025-01-03 12:00:00,264.02,99540,6.3,306.3,0.000653634232623925
2025-01-03 13:00:00,263.83,99540,6.49,303.6,0.000623377833010155
2025-01-03 14:00:00,264.72,99610,7.89,306,0.000658916153030356
2025-01-03 15:00:00,265.87,99680,8.68,311.2,0.000704618096468758
2025-01-03 16:00:00,266.9,99710,8.88,309.1,0.000768334836480386
2025-01-03 17:00:00,267.75,99690,9.2,306,0.000835460068334801
2025-01-03 18:00:00,268.4,99680,9.49,305.1,0.0008959255648798
2025-01-03 19:00:00,268.68,99650,9.6,306.3,0.00092717013220266
2025-01-03 20:00:00,268.52,99660,9.44,307.9,0.000914101654428985
2025-01-03 21:00:00,267.88,99680,8.9,309.2,0.000855989827636772
2025-01-03 22:00:00,266.68,99710,7.18,309.4,0.000769494864146077
2025-01-03 23:00:00,265.7,99750,5.81,306,0.000719504807310572
2025-01-04,265.04,99790,5.7,304.1,0.000675590343499255
2025-01-04 01:00:00,264.48,99810,5.9,306,0.000626955071575935
2025-01-04 02:00:00,263.92,99840,6.27,308.3,0.000576440665619612
2025-01-04 03:00:00,263.35,99850,6.29,310.3,0.000526377807733019
2025-01-04 04:00:00,262.85,99850,6.31,311.6,0.000483213852720577
2025-01-04 05:00:00,262.35,99850,6.27,312.5,0.000443073866879976
2025-01-04 06:00:00,261.9,99850,6.26,312.7,0.000409582068682783
2025-01-04 07:00:00,261.56,99880,6.17,311.8,0.000384341647879926
2025-01-04 08:00:00,261.31,99910,6.07,309.6,0.000366405401623035
2025-01-04 09:00:00,261.07,99920,6.08,308.6,0.000351732480945601
2025-01-04 10:00:00,260.77,99920,5.93,309.5,0.000336925143914813
2025-01-04 11:00:00,260.46,99940,5.73,308.6,0.000324178091997074
2025-01-04 12:00:00,260.18,99960,5.42,305.2,0.000312873667486225
2025-01-04 13:00:00,260.04,99970,5.47,302.1,0.000304952977561458
2025-01-04 14:00:00,260.91,100010,6.34,304.5,0.000316756687624032
2025-01-04 15:00:00,262.42,100060,6.55,306.2,0.0003480028393997
2025-01-04 16:00:00,264.1,100060,6.62,307.2,0.000402595165654151
2025-01-04 17:00:00,265.71,99980,6.73,308.2,0.000475494833282942
2025-01-04 18:00:00,266.95,99880,6.76,307.9,0.000554005629207376
2025-01-04 19:00:00,267.77,99820,6.64,306.3,0.000620760014717444
2025-01-04 20:00:00,267.87,99790,6.4,305.2,0.000641405930994525
2025-01-04 21:00:00,267.32,99780,5.99,303.6,0.000620244197643109
2025-01-04 22:00:00,266.02,99790,4.57,301.7,0.000601080579020648
2025-01-04 23:00:00,265.07,99790,4.26,301.6,0.000584210496619188
2025-01-05,264.39,99810,4.36,305.7,0.000555035677590453
2025-01-05 01:00:00,263.75,99810,4.52,310.7,0.000521225005784842
2025-01-05 02:00:00,263.15,99780,4.63,315.3,0.000486676694093415
2025-01-05 03:00:00,262.61,99770,4.72,318.2,0.000451806819082763
2025-01-05 04:00:00,262.33,99780,4.98,317.4,0.000425765944169092
2025-01-05 05:00:00,262.38,99780,5.23,315.9,0.000413795498758452
2025-01-05 06:00:00,262.55,99770,5.42,320,0.000391633182473584
2025-01-05 07:00:00,262.57,99780,5.47,323.5,0.000366811270831447
2025-01-05 08:00:00,262.5,99780,5.35,327.2,0.000354544243831341
2025-01-05 09:00:00,262.31,99750,5.16,330.8,0.000342247915929263
2025-01-05 10:00:00,261.99,99720,4.83,334.3,0.00033061938923465
2025-01-05 11:00:00,261.85,99690,4.76,337.5,0.000328688835593577
2025-01-05 12:00:00,261.69,99650,4.83,345.4,0.000325022823856005
2025-01-05 13:00:00,261.54,99610,4.82,349.6,0.000323345928065806
2025-01-05 14:00:00,261.82,99660,4.37,346.2,0.00033921079748917
2025-01-05 15:00:00,262.36,99740,3.24,339.2,0.000368176543475156
2025-01-05 16:00:00,263.25,99660,3.07,1.1,0.000410678074823078
2025-01-05 17:00:00,264.48,99530,3.25,14.8,0.000493764575116307
2025-01-05 18:00:00,265.21,99520,3,359.2,0.000559631745263803
2025-01-05 19:00:00,265.4,99450,3.91,0.6,0.000587036053880179
2025-01-05 20:00:00,265.39,99190,6.14,15.5,0.000608048339136234
2025-01-05 21:00:00,265.28,99090,7.12,28.6,0.000644543078612314
2025-01-05 22:00:00,265.2,99130,6.55,37.5,0.000724682519495435
2025-01-05 23:00:00,265.44,99260,4.47,37.6,0.000848018190864106
2025-01-06,265.91,99180,5.7,21.5,0.000967784041890792
2025-01-06 01:00:00,266.19,99140,6.32,8.5,0.00103534727104604
2025-01-06 02:00:00,266.31,99180,6.03,1.3,0.00106220564264984
2025-01-06 03:00:00,266.42,99130,6.39,5.1,0.00109046892131645
2025-01-06 04:00:00,266.69,99080,6.3,10.8,0.00115342920111646
2025-01-06 05:00:00,266.94,99060,6.45,13.2,0.00121236254273756
2025-01-06 06:00:00,266.98,99020,7,10.5,0.00122616898894253
2025-01-06 07:00:00,266.87,99000,7.51,6.2,0.0012046685730374
2025-01-06 08:00:00,266.73,99000,7.74,1.3,0.00117611577538394
2025-01-06 09:00:00,266.58,98990,7.8,357.6,0.00114452079889144
2025-01-06 10:00:00,266.56,99000,7.67,356.4,0.00113244615077022
2025-01-06 11:00:00,266.59,99040,7.45,355.6,0.00113363005475471
2025-01-06 12:00:00,266.52,99110,7.32,354.3,0.00111798985616904
2025-01-06 13:00:00,266.44,99170,7.25,352.6,0.00109645467585811
2025-01-06 14:00:00,267.08,99240,7.63,354.4,0.0011870473280964
2025-01-06 15:00:00,268.6,99310,8.02,0.4,0.00146621655928016
2025-01-06 16:00:00,270.1,99350,8.5,5.2,0.00180803379069955
2025-01-06 17:00:00,271.22,99340,8.79,6.7,0.00211043615996228
2025-01-06 18:00:00,271.87,99320,9.02,5.7,0.00228259673640809
2025-01-06 19:00:00,272.07,99330,9.2,3.6,0.00227226960807059
2025-01-06 20:00:00,271.78,99390,9.2,1.5,0.00211175464669567
2025-01-06 21:00:00,271,99480,8.69,357.8,0.00187267014381965
2025-01-06 22:00:00,269.77,99600,7.5,349.9,0.00159914506326866
2025-01-06 23:00:00,268.68,99710,7.1,341.9,0.00137629323885348
2025-01-07,267.96,99800,6.75,337.3,0.00123606219355998
2025-01-07 01:00:00,267.32,99860,6.26,335.1,0.00111779948144304
2025-01-07 02:00:00,266.31,99900,5.63,334.4,0.000961726984738799
2025-01-07 03:00:00,265.37,99930,5.36,334.3,0.000835746201982359
2025-01-07 04:00:00,264.72,99950,5.21,334.3,0.00075386372218364
2025-01-07 05:00:00,264.13,99970,5.01,332.4,0.000688188018244553
2025-01-07 06:00:00,263.58,1e+05,4.83,331.6,0.000635033093964844
2025-01-07 07:00:00,263.06,100030,4.58,332.8,0.000590897415050604
2025-01-07 08:00:00,262.53,100040,4.25,335.8,0.000550979660584235
2025-01-07 09:00:00,262,100040,3.88,340,0.000512846984655552
2025-01-07 10:00:00,261.48,100040,3.56,343.5,0.000476186140516087
2025-01-07 11:00:00,261.09,100070,3.39,343.7,0.000448665213562224
2025-01-07 12:00:00,261.22,100140,3.48,341,0.00044939851972321
2025-01-07 13:00:00,261.61,100190,3.89,338.4,0.000465955395467742
2025-01-07 14:00:00,262.72,100250,4,336.3,0.000533535144354857
2025-01-07 15:00:00,264.44,100300,3.72,332.5,0.000657830826098437
2025-01-07 16:00:00,266.42,100310,3.95,332.3,0.000817413759651498
2025-01-07 17:00:00,267.82,100250,3.84,330,0.000934061839499444
2025-01-07 18:00:00,268.43,100180,3.65,327.7,0.000984740359824705
2025-01-07 19:00:00,268.76,100120,3.43,326.3,0.00101047468170621
2025-01-07 20:00:00,268.78,100110,3.25,324.9,0.00101012820011259
2025-01-07 21:00:00,268.34,100120,2.8,323.9,0.000987646722345276
2025-01-07 22:00:00,267.1,100130,2.13,322.6,0.000978678922012156
2025-01-07 23:00:00,266.54,100160,2.37,326.2,0.000908596221202317
2025-01-08,266.28,100180,2.64,332,0.000864302299201874
2025-01-08 01:00:00,266.04,100200,2.92,336.6,0.000828319976119691
2025-01-08 02:00:00,265.62,100200,3.2,339.5,0.00077967739593638
2025-01-08 03:00:00,265.41,100210,3.68,342,0.000753600094814152
2025-01-08 04:00:00,265.25,100220,4.11,343.2,0.000737323027376296
2025-01-08 05:00:00,265.04,100200,4.03,342.7,0.000724286661159007
2025-01-08 06:00:00,264.56,100150,3.66,340,0.000691326718996539
2025-01-08 07:00:00,264,100130,3.51,336,0.000647940077696538
2025-01-08 08:00:00,263.02,100110,3.46,333,0.000568579482024432
2025-01-08 09:00:00,262.23,100080,3.47,329.9,0.000507214887433484
2025-01-08 10:00:00,261.5,100060,3.52,327.8,0.000450213108266813
2025-01-08 11:00:00,260.91,100040,3.62,327.4,0.000403610644648401
2025-01-08 12:00:00,260.37,100020,3.67,327,0.000366217660859171
2025-01-08 13:00:00,260.23,99990,4.14,325.7,0.000352516345299803
2025-01-08 14:00:00,261.61,99990,4.7,323.1,0.000416463134795414
2025-01-08 15:00:00,263.57,99980,3.98,315.7,0.000541187859974975
2025-01-08 16:00:00,266.66,99940,4.26,313.5,0.000748440147780734
2025-01-08 17:00:00,268.48,99830,4.53,308.2,0.000853939489610356
2025-01-08 18:00:00,269.21,99710,4.76,302.3,0.000893274331772969
2025-01-08 19:00:00,269.11,99620,5.09,300.6,0.000868194064177155
2025-01-08 20:00:00,268.76,99610,5.34,303.6,0.000836285975562768
2025-01-08 21:00:00,268.22,99600,4.98,304.1,0.000806209418869826
2025-01-08 22:00:00,266.93,99600,3.4,304.8,0.000790422520253269
2025-01-08 23:00:00,266,99600,2.89,305.1,0.000759544848083507
2025-01-09,264.46,99600,2.87,306.1,0.000622468016051402
2025-01-09 01:00:00,263.53,99600,2.75,306.6,0.000541907780319426
2025-01-09 02:00:00,263.06,99560,2.54,304.1,0.000498046885416377
2025-01-09 03:00:00,262.75,99550,2.41,297.9,0.000468875225779798
2025-01-09 04:00:00,262.47,99560,2.37,288.4,0.000446619761454271
2025-01-09 05:00:00,262.1,99550,2.47,279.1,0.000425320138756024
2025-01-09 06:00:00,261.7,99550,2.6,272.6,0.000405335639960681
2025-01-09 07:00:00,261.39,99560,2.67,266.1,0.000390801013785097
2025-01-09 08:00:00,261.14,99560,2.68,259,0.000379476446165922
2025-01-09 09:00:00,260.94,99560,2.57,252.8,0.000368879152292572
2025-01-09 10:00:00,260.96,99550,2.24,243.2,0.000365165651248011
2025-01-09 11:00:00,260.86,99520,2.05,221.8,0.000356743236357892
2025-01-09 12:00:00,260.27,99520,2.41,201.4,0.000334458622635339
2025-01-09 13:00:00,260.25,99550,2.8,194.9,0.000340021940095173
2025-01-09 14:00:00,262.6,99590,4.36,192.6,0.000466402143420028
2025-01-09 15:00:00,264.81,99620,4.74,189.5,0.000636584562979064
2025-01-09 16:00:00,267.91,99600,6.05,189.4,0.000896027568148535
2025-01-09 17:00:00,269.57,99500,6.32,189.2,0.00111205278395592
2025-01-09 18:00:00,270.58,99390,6.26,191.3,0.00130461345665356
2025-01-09 19:00:00,271.17,99320,6.38,197,0.00147233527340154
2025-01-09 20:00:00,271.23,99320,6.58,204.1,0.00158575200175054
2025-01-09 21:00:00,270.57,99320,5.45,202.8,0.00160261259184587
2025-01-09 22:00:00,269.28,99290,4.53,190.9,0.00148168789576833
2025-01-09 23:00:00,268.21,99310,5.56,188.3,0.00132454863297913
2025-01-10,267.37,99300,6.29,189.9,0.00121628579490455
2025-01-10 01:00:00,266.92,99190,6.08,188.6,0.00116978829898618
2025-01-10 02:00:00,266.74,99120,6.27,191.4,0.00116142000345727
2025-01-10 03:00:00,266.23,99120,6.4,198.6,0.0011062582574166
2025-01-10 04:00:00,265.78,99080,6.04,203.5,0.00104968636116142
2025-01-10 05:00:00,265.7,99070,6.48,207.5,0.00103575348352763
2025-01-10 06:00:00,265.66,99070,6.49,207.7,0.00103079418288293
2025-01-10 07:00:00,265.95,99020,6.2,207.8,0.00106759217022922
2025-01-10 08:00:00,266.29,98930,5.55,208.9,0.00112544687108222
2025-01-10 09:00:00,266.61,98790,4.84,204.8,0.00119275317136013
2025-01-10 10:00:00,266.93,98700,4.84,200.6,0.00126131474957056
2025-01-10 11:00:00,267.26,98710,5.24,202.1,0.00133257734315141
2025-01-10 12:00:00,267.53,98710,5.14,201.8,0.00139518934914755
2025-01-10 13:00:00,267.77,98690,5.02,203,0.00145212611615195
2025-01-10 14:00:00,268.24,98670,5,205.5,0.0015565630173002
2025-01-10 15:00:00,268.88,98640,4.92,206.3,0.00171053756995801
2025-01-10 16:00:00,269.62,98540,4.88,208.5,0.00191016382129547
2025-01-10 17:00:00,270.27,98390,4.84,219,0.00210804394909511
2025-01-10 18:00:00,270.66,98260,4.45,233.3,0.00223018045831111
2025-01-10 19:00:00,270.8,98160,3.94,251.8,0.00226961618357943
2025-01-10 20:00:00,270.77,98090,3.32,274.7,0.00224266307197963
2025-01-10 21:00:00,270.37,98040,2.38,295.1,0.00213936490840759
2025-01-10 22:00:00,269.51,98020,2.08,305.8,0.00189552929335998
2025-01-10 23:00:00,269.18,98000,2.33,313.4,0.00177838261828791
2025-01-11,268.68,97960,2.73,318.7,0.00163093345243158
2025-01-11 01:00:00,268.39,97920,3.07,320.6,0.00155108808906472
2025-01-11 02:00:00,268.2,97850,3.21,318.7,0.00150953420390633
2025-01-11 03:00:00,267.96,97800,3.32,313.8,0.00146486308725422
2025-01-11 04:00:00,267.79,97780,3.73,307.3,0.00144076033271525
2025-01-11 05:00:00,267.67,97780,4.29,303.4,0.00142812089528602
2025-01-11 06:00:00,267.37,97780,4.63,302.9,0.00138523211418954
2025-01-11 07:00:00,267.17,97790,4.83,304.4,0.00135060425352753
2025-01-11 08:00:00,267,97820,4.94,307.3,0.00130838204158992
2025-01-11 09:00:00,266.82,97840,4.88,310.7,0.00125082152521858
2025-01-11 10:00:00,266.43,97880,4.83,313,0.00115445826862191
2025-01-11 11:00:00,265.47,97930,4.6,313.1,0.000995641469923776
2025-01-11 12:00:00,264.68,98000,4.33,310.7,0.000881407010160641
2025-01-11 13:00:00,264.45,98080,4.16,308.6,0.000836493581061646
2025-01-11 14:00:00,266.48,98150,4.55,304.7,0.00106574747691403
2025-01-11 15:00:00,268.66,98240,3.81,297.4,0.00141588967618066
2025-01-11 16:00:00,271.5,98270,3.34,290.1,0.00190805598639724
2025-01-11 17:00:00,272.81,98230,3.04,263.8,0.00203927222299224
2025-01-11 18:00:00,272.84,98200,3.23,240.5,0.00204094759684724
2025-01-11 19:00:00,272.97,98230,4.22,230.1,0.00208979080474979
2025-01-11 20:00:00,272.61,98260,4.48,226.2,0.0020521392942691
2025-01-11 21:00:00,271.65,98280,4.24,220.3,0.00189408456891532
2025-01-11 22:00:00,270.18,98290,3.18,214.2,0.00170585251545693
2025-01-11 23:00:00,269.21,98300,2.9,200.4,0.00156524435011656
2025-01-12,268.76,98290,3.27,182.3,0.00148418053340566
2025-01-12 01:00:00,269.08,98290,4.41,173.7,0.00155876236691408
2025-01-12 02:00:00,269.07,98270,5.2,172.6,0.00160608722323445
2025-01-12 03:00:00,269.16,98280,5.64,176.7,0.00168193510116163
2025-01-12 04:00:00,269.18,98300,5.72,180.5,0.00173830359045818
2025-01-12 05:00:00,269.16,98280,5.76,177.7,0.00176717093068979
2025-01-12 06:00:00,269.21,98210,6.07,171,0.00178654928177408
2025-01-12 07:00:00,269.19,98130,6.35,164.9,0.00177641542267401
2025-01-12 08:00:00,268.99,98050,6.42,166.4,0.00173419528686231
2025-01-12 09:00:00,269.06,97980,6.76,169.5,0.0017673522705822
2025-01-12 10:00:00,269.25,97930,6.89,171.8,0.00183443224788713
2025-01-12 11:00:00,269.47,97920,6.94,176.4,0.00191305677142968
2025-01-12 12:00:00,269.7,97920,6.85,180.8,0.00199511589193737
2025-01-12 13:00:00,270.21,97930,6.89,195.5,0.00216829023187471
2025-01-12 14:00:00,270.92,97950,6.8,202.9,0.00241210469699018
2025-01-12 15:00:00,271.77,97970,6.9,208.7,0.00273420827929185
2025-01-12 16:00:00,272.98,97970,7.66,220.3,0.00325042146122967
2025-01-12 17:00:00,274.37,97930,8.19,232.5,0.00389390113977111
2025-01-12 18:00:00,275.51,97890,8.87,244,0.00437363158923286
2025-01-12 19:00:00,275.86,97910,9.84,253.8,0.00417435776704263
2025-01-12 20:00:00,274.91,97980,10.33,261.1,0.00334447783355767
2025-01-12 21:00:00,273.09,98070,9.61,264.9,0.0025725072402179
2025-01-12 22:00:00,271.6,98160,8.41,263.9,0.00215691223344995
2025-01-12 23:00:00,271.05,98260,8.52,264.5,0.00200531280512608
2025-01-13,270.37,98370,8.89,269.2,0.00179995145887069
2025-01-13 01:00:00,269.44,98440,8.64,272.5,0.00154999490517886
2025-01-13 02:00:00,268.57,98490,8.53,274.5,0.00133937988941329
2025-01-13 03:00:00,267.79,98540,8.45,274.2,0.00116927582902291
2025-01-13 04:00:00,266.94,98600,8.78,275.4,0.000996866431434407
2025-01-13 05:00:00,265.86,98640,8.88,278,0.000819149931995342
2025-01-13 06:00:00,264.76,98680,8.48,279.4,0.000679188504109989
2025-01-13 07:00:00,263.67,98760,7.92,280.5,0.00056757552019549
2025-01-13 08:00:00,262.65,98830,7.45,281.5,0.000482135845084524
2025-01-13 09:00:00,261.66,98880,7.12,281,0.000413092347780153
2025-01-13 10:00:00,260.89,98910,7.29,281.6,0.00035771154395669
2025-01-13 11:00:00,260.18,98950,7.24,281.6,0.000313721113936975
2025-01-13 12:00:00,259.6,99020,7.32,282.1,0.00028145288753353
2025-01-13 13:00:00,259.33,99100,7.5,282.4,0.000265422513265574
2025-01-13 14:00:00,260.37,99200,8.61,284.3,0.00030122539454609
2025-01-13 15:00:00,261.44,99290,8.9,285.4,0.000341193283693485
2025-01-13 16:00:00,262.7,99350,8.76,284,0.000399098660758641
2025-01-13 17:00:00,263.91,99310,8.75,282.1,0.000468089137767174
2025-01-13 18:00:00,264.89,99260,8.74,280.8,0.000535232876031441
2025-01-13 19:00:00,265.48,99230,8.61,280.2,0.000581533229214791
2025-01-13 20:00:00,265.54,99240,8.29,279.3,0.000590795444287672
2025-01-13 21:00:00,265,99250,7.6,277.7,0.000557548730882854
2025-01-13 22:00:00,263.28,99290,6.01,273.4,0.000453652860639901
2025-01-13 23:00:00,262.07,99350,5.7,267.4,0.000395540819850111
2025-01-14,261.56,99410,5.71,263.4,0.00037798201517072
2025-01-14 01:00:00,261.09,99450,5.54,259.5,0.000363301815539138
2025-01-14 02:00:00,260.65,99440,5.3,253.5,0.000350685174116676
2025-01-14 03:00:00,260.18,99430,5.08,247.4,0.000336543349306595
2025-01-14 04:00:00,260.36,99420,5.12,242.3,0.000351284700530489
2025-01-14 05:00:00,260.69,99400,5.08,239.6,0.000371893526059214
2025-01-14 06:00:00,261.14,99350,5.05,242.9,0.000393574843705147
2025-01-14 07:00:00,260.88,99330,4.62,237.1,0.000384018268397357
2025-01-14 08:00:00,261.3,99310,4.82,231.8,0.000415334589667847
2025-01-14 09:00:00,261.86,99270,4.51,231.7,0.000464701655621719
2025-01-14 10:00:00,262.25,99240,4.01,247.6,0.000504386793000344
2025-01-14 11:00:00,262.52,99250,3.86,278.2,0.000535148712513299
2025-01-14 12:00:00,262.51,99290,5.1,315.9,0.000530106633598867
2025-01-14 13:00:00,262.13,99380,7.35,331.6,0.000465549798400306
2025-01-14 14:00:00,261.43,99510,8.95,332.1,0.000357151099955739
2025-01-14 15:00:00,261.01,99650,9.43,327.6,0.000298204026214084
2025-01-14 16:00:00,261.07,99760,9.17,326.1,0.000284265273840719
2025-01-14 17:00:00,261.62,99790,8.77,326,0.000296437525909368
2025-01-14 18:00:00,262.45,99800,8.35,326.1,0.000329421886283546
2025-01-14 19:00:00,263.27,99850,7.79,326.8,0.000372768303750641
2025-01-14 20:00:00,263.77,99920,7.14,328,0.000415783440382434
2025-01-14 21:00:00,263.46,1e+05,6.18,327.5,0.000421692555284843
2025-01-14 22:00:00,261.53,100090,4.45,322.2,0.00034623460010471
2025-01-14 23:00:00,260.18,100180,3.77,312.4,0.000305027674261491
2025-01-15,259.69,100270,3.84,303.3,0.000289128894639818
2025-01-15 01:00:00,259.33,100330,4.11,297.6,0.00027651519236776
2025-01-15 02:00:00,258.97,100380,4.35,295.9,0.000264006608956082
2025-01-15 03:00:00,258.55,100410,4.37,297.3,0.000250261363996656
2025-01-15 04:00:00,258.15,100440,4.09,298.8,0.000237305568976815
2025-01-15 05:00:00,257.76,100440,3.72,299,0.000224918968838473
2025-01-15 06:00:00,257.46,100430,3.46,297.5,0.000214890911934389
2025-01-15 07:00:00,257.23,100410,3.23,294.1,0.000206525521609879
2025-01-15 08:00:00,257.06,100370,3.09,290.1,0.000199973694931066
2025-01-15 09:00:00,256.85,100330,2.97,287.8,0.00019294282009818
2025-01-15 10:00:00,256.57,100320,2.9,283.4,0.00018499005947294
2025-01-15 11:00:00,256.3,100340,2.92,276.1,0.000177638997504386
2025-01-15 12:00:00,256.03,100370,2.96,269,0.000170979917236513
2025-01-15 13:00:00,256.11,100350,3.34,259.8,0.000172081809348504
2025-01-15 14:00:00,257.85,100320,3.63,246.1,0.000220465569924456
2025-01-15 15:00:00,260.67,100270,4.48,233.4,0.000321685939928767
2025-01-15 16:00:00,263.05,100160,5.56,228.6,0.000441378011774795
2025-01-15 17:00:00,264.61,100030,6.29,228.9,0.000557623898245046
2025-01-15 18:00:00,265.83,99880,6.76,230.5,0.000669871368977586
2025-01-15 19:00:00,266.67,99750,7.14,230,0.000761621717979768
2025-01-15 20:00:00,266.82,99650,7.28,228.2,0.000791566700534146
2025-01-15 21:00:00,266.2,99540,7.07,224.5,0.000748441594435621
2025-01-15 22:00:00,264.68,99460,6.28,220.6,0.000630781520666885
2025-01-15 23:00:00,264.26,99400,7.01,219.4,0.00061164601625904
2025-01-16,264.05,99310,7.22,214.4,0.000617847409987384
2025-01-16 01:00:00,263.71,99210,7.36,211.3,0.000607021571338715
2025-01-16 02:00:00,263.54,99130,7.31,211.8,0.000605703969908552
2025-01-16 03:00:00,263.52,99020,7.25,212.6,0.000613426335922075
2025-01-16 04:00:00,263.75,98890,7.64,211.7,0.000644125490101835
2025-01-16 05:00:00,263.95,98740,7.67,213.9,0.000684078346140689
2025-01-16 06:00:00,264.22,98590,7.59,225.2,0.000734471725058802
2025-01-16 07:00:00,265.25,98470,8.2,241.3,0.000882567050445664
2025-01-16 08:00:00,265.38,98380,7.05,249.1,0.000926408190530878
2025-01-16 09:00:00,265.09,98280,6.26,250.9,0.000901985369071057
2025-01-16 10:00:00,264.9,98210,6.48,253,0.000884051404168137
2025-01-16 11:00:00,264.74,98190,6.51,257.1,0.000873409178654793
2025-01-16 12:00:00,264.7,98200,6.44,263.7,0.000878653582317182
2025-01-16 13:00:00,265.44,98250,6.88,277.2,0.000984802262141578
2025-01-16 14:00:00,267.15,98330,7.45,292.7,0.00128023062657981
2025-01-16 15:00:00,269.83,98390,7.9,301.7,0.00192180011373561
2025-01-16 16:00:00,272.32,98450,8.41,304.8,0.00269939501444189
2025-01-16 17:00:00,274.19,98460,8.83,306.6,0.00334575093511374
2025-01-16 18:00:00,275.23,98450,8.73,307.7,0.00356012740028146
2025-01-16 19:00:00,275.75,98470,8.44,304.5,0.00367153498910905
2025-01-16 20:00:00,275.79,98500,7.85,302.3,0.00373682902920581
2025-01-16 21:00:00,275.1,98560,6.57,301.7,0.00359305456400546
2025-01-16 22:00:00,273.65,98630,5.09,300,0.00316764590247091
2025-01-16 23:00:00,272.77,98700,4.55,299.2,0.00290193599278508
2025-01-17,271.51,98760,4.03,300.8,0.00248125092886423
2025-01-17 01:00:00,269.57,98790,3.65,297.9,0.001927822106582
2025-01-17 02:00:00,268.45,98790,3.34,286.9,0.00168262298873018
2025-01-17 03:00:00,268.06,98800,3.21,270.5,0.00161050719999467
2025-01-17 04:00:00,268.12,98800,3.18,257.8,0.00162743559002188
2025-01-17 05:00:00,268.01,98780,3.29,247.6,0.00161263629694762
2025-01-17 06:00:00,267.76,98740,3.46,240.4,0.00156799296259638
2025-01-17 07:00:00,267.91,98680,3.46,231,0.00159841189650637
2025-01-17 08:00:00,268.21,98610,3.66,215.4,0.00165883658578096
2025-01-17 09:00:00,268.49,98520,4.52,203.9,0.00171967605810069
2025-01-17 10:00:00,268.42,98460,5.55,196.9,0.00170634347366702
2025-01-17 11:00:00,268.49,98380,6.72,189.4,0.0017104562822741
2025-01-17 12:00:00,268.34,98280,7.39,184.1,0.00165426656141284
2025-01-17 13:00:00,268.61,98150,8.17,182.1,0.0017139347314992
2025-01-17 14:00:00,270.58,98040,9,183.9,0.0023044158645548
2025-01-17 15:00:00,272.66,97930,9.28,183.8,0.00311518225939691
2025-01-17 16:00:00,275.47,97800,11.1,189.4,0.00450096671072708
2025-01-17 17:00:00,277.44,97650,11.14,191.9,0.00578273657242202
2025-01-17 18:00:00,279.02,97500,11.35,198,0.00696584744144949
2025-01-17 19:00:00,279.83,97410,11.05,202.1,0.00792032801635007
2025-01-17 20:00:00,279.91,97350,10.53,204.3,0.0083861651286992
2025-01-17 21:00:00,278.84,97310,9.52,204.7,0.00771865399346708
2025-01-17 22:00:00,276.39,97300,7.65,201.5,0.00608656508076676
2025-01-17 23:00:00,275.23,97300,7.63,202.8,0.0054359914568504
2025-01-18,275.05,97300,7.82,207.2,0.0053228578445059
2025-01-18 01:00:00,275.16,97300,7.75,216.7,0.0053507905904754
2025-01-18 02:00:00,275.22,97290,6.96,230,0.00537743722469805
2025-01-18 03:00:00,274.92,97300,5.53,243.2,0.00518783094670669
2025-01-18 04:00:00,274.6,97350,4.33,272.8,0.00488686861549191
2025-01-18 05:00:00,274.34,97440,5.96,319.1,0.00425708310102739
2025-01-18 06:00:00,273.11,97540,7.12,334.4,0.00317331380976589
2025-01-18 07:00:00,272.39,97610,7.49,337.5,0.00267387651017075
2025-01-18 08:00:00,272.25,97670,7.55,337.9,0.00258973959980468
2025-01-18 09:00:00,271.9,97740,8.18,340.3,0.00245624094182421
2025-01-18 10:00:00,271.1,97860,8.95,344.7,0.00215016516604499
2025-01-18 11:00:00,270.38,98010,9.33,348.4,0.00182921618973918
2025-01-18 12:00:00,269.95,98150,9.95,352.6,0.00155352543312264
2025-01-18 13:00:00,269.57,98280,10,354.3,0.00137337409537709
2025-01-18 14:00:00,269.56,98430,9.93,354.6,0.00128139988650925
2025-01-18 15:00:00,269.67,98580,9.52,353.4,0.00123230676007275
2025-01-18 16:00:00,269.91,98680,8.98,351.2,0.00121295595997144
2025-01-18 17:00:00,270.26,98720,8.43,348.7,0.00121008856386895
2025-01-18 18:00:00,270.57,98700,7.89,347,0.00121465395619897
2025-01-18 19:00:00,270.73,98710,7.41,345.7,0.00120893182738802
2025-01-18 20:00:00,270.59,98770,6.94,342.8,0.00116168031858263
2025-01-18 21:00:00,269.91,98880,6.47,337.4,0.00105531569549372
2025-01-18 22:00:00,268.95,98970,5.96,335.6,0.000951625275477813
2025-01-18 23:00:00,268.05,99040,5.9,335.6,0.000894691624591548
2025-01-19,267.08,99110,6.46,336,0.000808231950435408
2025-01-19 01:00:00,266.05,99170,7.51,336.5,0.000667660947653105
2025-01-19 02:00:00,264.68,99210,7.9,336.5,0.000538643519338733
2025-01-19 03:00:00,263.28,99260,8.03,334.9,0.000437243422849947
2025-01-19 04:00:00,262.08,99320,8.24,333.2,0.000356769312659411
2025-01-19 05:00:00,261.09,99360,8.41,332.5,0.000302096919813623
2025-01-19 06:00:00,260.41,99400,8.65,331.7,0.000263288215020829
2025-01-19 07:00:00,259.83,99400,8.8,333.3,0.000231994157322038
2025-01-19 08:00:00,259.21,99390,8.82,332.8,0.000207108701690499
2025-01-19 09:00:00,258.63,99380,8.6,331.1,0.000185734326852237
2025-01-19 10:00:00,258.03,99380,8.36,328.6,0.000166387866764971
2025-01-19 11:00:00,257.42,99390,8.15,325.7,0.000149574478816365
2025-01-19 12:00:00,256.75,99430,8.12,323,0.000133825027612558
2025-01-19 13:00:00,256.09,99470,8.23,320.2,0.000120320026604782
2025-01-19 14:00:00,256,99540,8.47,318.3,0.000116890432410689
2025-01-19 15:00:00,256.58,99600,8.37,317.1,0.000124345160378781
2025-01-19 16:00:00,257.55,99630,8.12,315,0.000140037475086914
2025-01-19 17:00:00,258.47,99580,8.15,312.8,0.000156714542848659
2025-01-19 18:00:00,259.15,99540,8.33,311.9,0.000169467553384275
2025-01-19 19:00:00,259.44,99530,8.49,312.1,0.000173574454082524
2025-01-19 20:00:00,259.34,99570,8.49,312.7,0.000168991544331185
2025-01-19 21:00:00,258.81,99640,8.25,312.6,0.00015642122110539
2025-01-19 22:00:00,257.54,99710,7.51,311.4,0.000132727553202864
2025-01-19 23:00:00,256.4,99780,6.7,309.2,0.000119910585814519
2025-01-20,255.68,99840,6.29,306.8,0.000113413529893636
2025-01-20 01:00:00,255.08,99890,5.96,303.5,0.000107422253276109
2025-01-20 02:00:00,254.57,99920,5.73,300.8,0.00010203545850026
2025-01-20 03:00:00,254.09,99960,5.61,299.2,9.62787516875694e-05
2025-01-20 04:00:00,253.63,1e+05,5.45,296.9,9.03946067613718e-05
2025-01-20 05:00:00,253.26,100030,5.27,293.6,8.57955971212486e-05
2025-01-20 06:00:00,252.94,100040,4.91,289.7,8.23979017258999e-05
2025-01-20 07:00:00,252.68,100060,4.5,284,8.02157980926835e-05
2025-01-20 08:00:00,252.45,100090,4.45,276.6,7.8618135873114e-05
2025-01-20 09:00:00,252.23,100110,4.53,268.9,7.71428178290332e-05
2025-01-20 10:00:00,252.02,100130,4.5,261.2,7.56446531521292e-05
2025-01-20 11:00:00,251.86,100160,4.47,254,7.44567248170615e-05
2025-01-20 12:00:00,251.7,100190,4.62,249.7,7.34778462115417e-05
2025-01-20 13:00:00,252.05,100250,5.19,249.2,7.70803255871084e-05
2025-01-20 14:00:00,254.19,100320,5.99,256,0.000102479721007339
2025-01-20 15:00:00,256.7,100390,7.33,268.8,0.000133095013893421
2025-01-20 16:00:00,258.3,100420,8.03,273.4,0.000159254628689779
2025-01-20 17:00:00,259.42,100370,8.3,275,0.000184780319446467
2025-01-20 18:00:00,260.17,100290,8.49,276.5,0.000204234134823384
2025-01-20 19:00:00,260.43,100250,8.43,277.2,0.000211449001211018
2025-01-20 20:00:00,260.3,100250,8.05,277,0.000209115002586179
2025-01-20 21:00:00,259.91,100280,7.43,278,0.000202011844930298
2025-01-20 22:00:00,259.07,100310,6.21,282.1,0.000188916550452284
2025-01-20 23:00:00,258.24,100340,5.03,290.7,0.000179488305245855
2025-01-21,257.81,100370,4.75,298,0.000174741285610117
2025-01-21 01:00:00,257.49,100380,4.86,304,0.000170102399918778
2025-01-21 02:00:00,257.08,100390,5.16,307.5,0.000160079482682812
2025-01-21 03:00:00,256.54,100410,5.65,309.6,0.000143961227696277
2025-01-21 04:00:00,255.84,100440,6.06,310.9,0.00012452257103624
2025-01-21 05:00:00,255.03,100460,6.29,310.4,0.000104932720644656
2025-01-21 06:00:00,254.47,100470,6.35,307.5,9.21722614028766e-05
2025-01-21 07:00:00,253.98,100500,6.19,302.2,8.22436087774595e-05
2025-01-21 08:00:00,253.47,100520,5.93,297.2,7.32490635449695e-05
2025-01-21 09:00:00,252.99,100520,5.94,292.6,6.53727109974284e-05
2025-01-21 10:00:00,252.46,100530,6.02,289.1,5.77131517887968e-05
2025-01-21 11:00:00,251.6,100530,5.98,285.9,4.90903525090746e-05
2025-01-21 12:00:00,250.62,100550,5.89,281.9,4.21941277792599e-05
2025-01-21 13:00:00,250.09,100590,6.18,277.7,3.8537827013088e-05
2025-01-21 14:00:00,250.96,100640,6.63,275.8,4.32354419830822e-05
2025-01-21 15:00:00,252.01,100690,6.74,273.9,4.9466689385949e-05
2025-01-21 16:00:00,253.15,100700,6.82,271.8,5.75456993096198e-05
2025-01-21 17:00:00,254.21,100640,7,269.4,6.70950208860954e-05
2025-01-21 18:00:00,255.09,100530,7.13,267,7.62903015408731e-05
2025-01-21 19:00:00,255.7,100430,7.12,264,8.31560861816757e-05
2025-01-21 20:00:00,255.93,100370,7.02,260.7,8.58707224139711e-05
2025-01-21 21:00:00,255.68,100350,6.67,257.1,8.36416781964611e-05
2025-01-21 22:00:00,254.56,100330,5.61,251.1,7.30097324667355e-05
2025-01-21 23:00:00,253.74,100330,4.44,238.5,7.18137973421442e-05
2025-01-22,253.44,100320,4.5,226.3,7.23700530942634e-05
2025-01-22 01:00:00,253.3,100300,4.91,215.2,7.30596152100714e-05
2025-01-22 02:00:00,253.25,100270,5.51,205.7,7.41092390713774e-05
2025-01-22 03:00:00,253.6,100220,6.23,199.3,7.95412341062818e-05
2025-01-22 04:00:00,253.61,100140,6.67,193.9,8.14043622351835e-05
2025-01-22 05:00:00,253.48,100060,7.12,189.9,8.15802742751129e-05
2025-01-22 06:00:00,253.51,99950,7.43,187,8.39181005906807e-05
2025-01-22 07:00:00,253.73,99860,7.77,184.7,8.84625910088219e-05
2025-01-22 08:00:00,254.09,99750,8.33,183.6,9.4891650663768e-05
2025-01-22 09:00:00,254.74,99650,8.69,182.6,0.000105261992052954
2025-01-22 10:00:00,255.51,99540,9.07,181.8,0.000119300680861956
2025-01-22 11:00:00,256.27,99460,9.38,181.3,0.000136804339173679
2025-01-22 12:00:00,257,99400,9.44,181.9,0.000159045368807252
2025-01-22 13:00:00,257.68,99350,9.45,183.2,0.000182609566856027
2025-01-22 14:00:00,258.68,99310,9.78,186.1,0.000217496083547084
2025-01-22 15:00:00,260.49,99300,10.83,200.5,0.000290576475413217
2025-01-22 16:00:00,261.99,99290,9.7,202.5,0.00038100476788854
2025-01-22 17:00:00,263.41,99220,9.54,204.8,0.000482134420206746
2025-01-22 18:00:00,265.02,99110,9.29,209.5,0.000618591041096958
2025-01-22 19:00:00,266.33,99030,8.76,213.6,0.00076831712909754
2025-01-22 20:00:00,267.03,98990,7.79,215,0.000900183033684695
2025-01-22 21:00:00,267.06,98970,6.63,215,0.000973824768766314
2025-01-22 22:00:00,266.66,98970,5.27,214,0.000988880503258864
2025-01-22 23:00:00,266.47,98970,4.73,213.8,0.00100044954787505
2025-01-23,266.47,98980,4.66,214.5,0.0010305328087826
2025-01-23 01:00:00,266.63,98980,5.07,218.4,0.00107947004617731
2025-01-23 02:00:00,266.62,98960,4.87,219.3,0.00110663769694032
2025-01-23 03:00:00,266.55,98930,4.81,217.1,0.00111817728815615
2025-01-23 04:00:00,266.54,98910,5.04,216.5,0.00113471998733274
2025-01-23 05:00:00,266.43,98880,4.92,218.2,0.00113399138455251
2025-01-23 06:00:00,266.27,98850,4.76,227,0.00112063761283854
2025-01-23 07:00:00,266.18,98850,4.43,244.5,0.0011131551046378
2025-01-23 08:00:00,266.04,98860,3.63,269.4,0.00109498656853292
2025-01-23 09:00:00,265.9,98890,3.63,309,0.00106281846619021
2025-01-23 10:00:00,265.87,98970,4.89,330.6,0.00100983644505072
2025-01-23 11:00:00,265.43,99060,5.78,337.8,0.000878098689454782
2025-01-23 12:00:00,264.64,99160,6.27,337.2,0.000722676174569907
2025-01-23 13:00:00,263.67,99250,6.67,333.3,0.00060139480879214
2025-01-23 14:00:00,263.68,99340,7.93,335.4,0.000563471650399818
2025-01-23 15:00:00,264.46,99460,8.18,338.6,0.000570651077796509
2025-01-23 16:00:00,265.49,99550,7.89,334.4,0.000610990813587507
2025-01-23 17:00:00,266.25,99590,7.82,326.1,0.000657597198632155
2025-01-23 18:00:00,266.66,99600,7.9,319.8,0.000692925321469329
2025-01-23 19:00:00,266.8,99600,7.79,316.4,0.000706696035341004
2025-01-23 20:00:00,266.59,99620,7.38,314.7,0.000689648148790003
2025-01-23 21:00:00,265.77,99650,6.85,312.1,0.000621191688901836
2025-01-23 22:00:00,263.84,99710,5.67,307.6,0.000489170787607692
2025-01-23 23:00:00,262.06,99790,4.9,302.8,0.000401905842492338
2025-01-24,261.07,99860,4.93,300.4,0.000355445498531101
2025-01-24 01:00:00,260.23,99880,4.88,299,0.000318972344932765
2025-01-24 02:00:00,259.49,99890,4.73,296.9,0.000288888266182253
2025-01-24 03:00:00,258.88,99870,4.44,294.1,0.000265892724104805
2025-01-24 04:00:00,258.4,99850,4.07,291.6,0.000248686886998082
2025-01-24 05:00:00,257.99,99830,3.81,290.6,0.000234881410975877
2025-01-24 06:00:00,257.62,99800,3.65,290.9,0.000222970486207536
2025-01-24 07:00:00,257.29,99790,3.43,291.2,0.000212508083335301
2025-01-24 08:00:00,256.97,99770,3.16,289.4,0.000203261323765842
2025-01-24 09:00:00,256.61,99740,2.84,285.8,0.000193247468144728
2025-01-24 10:00:00,256.29,99720,2.67,279,0.000184023889419544
2025-01-24 11:00:00,256.17,99730,2.84,268.2,0.000177543614433607
2025-01-24 12:00:00,256.1,99750,3.29,256.1,0.000171333933348872
2025-01-24 13:00:00,256.15,99730,3.48,244.7,0.000169569924955864
2025-01-24 14:00:00,257.88,99720,3.93,233.7,0.000213737604640523
2025-01-24 15:00:00,260.34,99680,4.51,224.5,0.000294868623901429
2025-01-24 16:00:00,263.35,99650,5.43,221.5,0.000399014157344873
2025-01-24 17:00:00,265.27,99560,5.94,221.5,0.000501658538072737
2025-01-24 18:00:00,266.19,99490,6.39,225.4,0.000568361320782163
2025-01-24 19:00:00,266.69,99430,6.52,227,0.000611896682178721
2025-01-24 20:00:00,266.79,99400,6.24,224.1,0.0006280081091164
2025-01-24 21:00:00,266.54,99360,5.63,214.7,0.000633856636162445
2025-01-24 22:00:00,265.82,99290,4.63,199.4,0.000630698968776233
2025-01-24 23:00:00,265.44,99260,4.9,186.8,0.000636100048759753
2025-01-25,265.33,99240,5.6,183.3,0.000649453780903558
2025-01-25 01:00:00,265.4,99240,6.06,186.2,0.000687127195129778
2025-01-25 02:00:00,265.47,99200,6.49,186.5,0.000731179805291095
2025-01-25 03:00:00,265.5,99130,6.93,185.1,0.000771211576190818
2025-01-25 04:00:00,265.91,99080,8.21,200.7,0.000822886127888259
2025-01-25 05:00:00,266.36,99060,8.71,215.2,0.000890232049970191
2025-01-25 06:00:00,266.52,99030,7.65,220.9,0.000939877225925968
2025-01-25 07:00:00,266.36,99000,6.45,222.8,0.00096013645158466
2025-01-25 08:00:00,266.35,98990,6.52,229.7,0.000984448279574572
2025-01-25 09:00:00,266.3,98980,5.92,229.9,0.00100920479598766
2025-01-25 10:00:00,266.29,98990,5.5,227.4,0.00103680777498579
2025-01-25 11:00:00,266.28,99030,5.65,223.5,0.00106144838716791
2025-01-25 12:00:00,266.12,99060,5.73,221.2,0.00106305801733413
2025-01-25 13:00:00,265.99,99100,5.67,221.9,0.0010594795793439
2025-01-25 14:00:00,267.49,99130,6.08,224.1,0.00130442497826456
2025-01-25 15:00:00,269.83,99150,5.98,224.4,0.00179193422739382
2025-01-25 16:00:00,272.94,99180,7.17,231.4,0.00268644244381199
2025-01-25 17:00:00,275.33,99140,8.48,239,0.00358440650595197
2025-01-25 18:00:00,276.83,99070,9.72,247.9,0.00416615876108653
2025-01-25 19:00:00,277.25,99020,10.22,253.1,0.00424837479172575
2025-01-25 20:00:00,277.06,99010,10.09,257.1,0.00404612633219115
2025-01-25 21:00:00,276.18,99040,9.28,261.6,0.00371660945953401
2025-01-25 22:00:00,274.74,99080,8.34,269.8,0.00328971850082545
2025-01-25 23:00:00,273.83,99160,8.14,281,0.00301617783282615
2025-01-26,272.98,99240,7.81,288,0.00265669239458215
2025-01-26 01:00:00,272.21,99310,7.63,292.6,0.00227367974088842
2025-01-26 02:00:00,271.52,99390,7.67,296.6,0.00194629056446573
2025-01-26 03:00:00,270.44,99470,7.15,296.7,0.00162878044598907
2025-01-26 04:00:00,269.08,99550,6.8,295.6,0.0013492950344304
2025-01-26 05:00:00,267.95,99630,6.73,296.9,0.00115757257031969
2025-01-26 06:00:00,267.08,99690,6.66,299.2,0.00101487353461032
2025-01-26 07:00:00,266.09,99750,6.49,302.3,0.000874910653786958
2025-01-26 08:00:00,264.97,99790,6.25,305.1,0.000740777327768118
2025-01-26 09:00:00,264.02,99820,5.81,307.8,0.000637884458446067
2025-01-26 10:00:00,263.29,99850,5.27,309.2,0.000566681773042565
2025-01-26 11:00:00,262.63,99880,4.67,307.4,0.000515402438349435
2025-01-26 12:00:00,262.03,99920,4.23,303.7,0.000474103597696593
2025-01-26 13:00:00,262,99960,4.43,299.7,0.00046410673946055
2025-01-26 14:00:00,263.45,99990,4.45,301.7,0.000528912841253036
2025-01-26 15:00:00,265.16,1e+05,3.9,297.3,0.000631493178108871
2025-01-26 16:00:00,267.03,100020,3.56,285.3,0.000783500205968537
2025-01-26 17:00:00,268.76,99990,3.8,274.2,0.000996489774904683
2025-01-26 18:00:00,270.51,99920,4.26,271.6,0.00121312488229979
2025-01-26 19:00:00,271.6,99850,4.57,274.3,0.00136229298013889
2025-01-26 20:00:00,271.68,99790,4.69,274.3,0.00140801260535897
2025-01-26 21:00:00,271.09,99750,4.66,272.1,0.00135027808731326
2025-01-26 22:00:00,268.77,99730,3.6,269.4,0.00113608942949969
2025-01-26 23:00:00,266.95,99730,3.87,268.2,0.000926798621686583
2025-01-27,266.02,99720,4.2,267.3,0.000817523996707321
2025-01-27 01:00:00,265.33,99690,4.46,266.4,0.000750242432356391
2025-01-27 02:00:00,264.86,99630,4.75,266.4,0.000708453423849566
2025-01-27 03:00:00,264.5,99580,5.18,264.8,0.000675233174637738
2025-01-27 04:00:00,264.16,99520,5.62,261.5,0.000639208659820973
2025-01-27 05:00:00,263.83,99470,5.91,257.3,0.000602178178810647
2025-01-27 06:00:00,263.58,99410,6.22,252.6,0.000576550633177042
2025-01-27 07:00:00,263.35,99360,6.49,248.9,0.000559773733587757
2025-01-27 08:00:00,263.15,99290,6.7,247,0.000546126855329018
2025-01-27 09:00:00,262.99,99200,6.75,244.8,0.000536396797832479
2025-01-27 10:00:00,262.88,99100,6.8,241.8,0.000532173805015309
2025-01-27 11:00:00,262.82,99000,6.88,238.7,0.000532422538590873
2025-01-27 12:00:00,262.8,98920,7.08,235.8,0.000535624856248183
2025-01-27 13:00:00,263.28,98830,7.76,233.2,0.000577020840975052
2025-01-27 14:00:00,265.2,98700,8.56,228.4,0.000749077782148066
2025-01-27 15:00:00,268.28,98580,9.57,231.5,0.00111102110234206
2025-01-27 16:00:00,271.46,98490,10.65,237.1,0.00165283508348628
2025-01-27 17:00:00,274.11,98350,11.61,240.7,0.00225293389465373
2025-01-27 18:00:00,275.88,98200,12.3,244.2,0.00284641125776469
2025-01-27 19:00:00,276.82,98040,12.65,244.8,0.00334717717292046
2025-01-27 20:00:00,277.06,97920,12.64,245.3,0.00353493957822107
2025-01-27 21:00:00,276.53,97850,11.76,245.6,0.00342128765453949
2025-01-27 22:00:00,275.81,97820,11.18,246.2,0.00329883789621862
2025-01-27 23:00:00,275.52,97850,11.37,251.7,0.00334957568212389
2025-01-28,275.39,97860,11.21,257.1,0.00348835845017889
2025-01-28 01:00:00,275.2,97880,10.72,265,0.00358962682783836
2025-01-28 02:00:00,275.01,97930,9.75,276.1,0.00364258251264009
2025-01-28 03:00:00,274.73,98000,8.67,290.6,0.00365054443312486
2025-01-28 04:00:00,273.92,98060,6.93,299.6,0.00343997747572128
2025-01-28 05:00:00,272.54,98100,5.28,303.6,0.0029604986089746
2025-01-28 06:00:00,271.56,98130,5.08,304.8,0.00262025273381555
2025-01-28 07:00:00,270.63,98190,5.07,307.9,0.00233810212988337
2025-01-28 08:00:00,269.89,98250,5.04,313.3,0.00212203394207053
2025-01-28 09:00:00,268.98,98280,4.56,316,0.001876780186291
2025-01-28 10:00:00,268.08,98340,3.94,317.9,0.00165591247602249
2025-01-28 11:00:00,267.33,98360,3.27,316,0.00148011313694848
2025-01-28 12:00:00,266.94,98350,2.71,306.4,0.00137193736302698
2025-01-28 13:00:00,267.45,98310,3.07,281.9,0.00140689466336317
2025-01-28 14:00:00,269.09,98230,3.79,250.3,0.00169053021375097
2025-01-28 15:00:00,271.76,98150,4.81,228,0.0022873737985155
2025-01-28 16:00:00,275.16,98050,7.47,224.4,0.00299419657071543
2025-01-28 17:00:00,276.67,97880,9.45,228.3,0.00360974862215876
2025-01-28 18:00:00,277.58,97670,10.75,232.3,0.00417377123978697
2025-01-28 19:00:00,278.68,97480,11.79,235.5,0.00493311887546416
2025-01-28 20:00:00,279.18,97350,12.44,238.4,0.00556731537522505
2025-01-28 21:00:00,278.75,97250,12.43,240.2,0.00586191256771572
2025-01-28 22:00:00,277.68,97230,12.26,244.9,0.00572437716333669
2025-01-28 23:00:00,277.02,97240,12.25,252.5,0.00550370423818266
2025-01-29,276.85,97250,12.23,261,0.0054575285955917
2025-01-29 01:00:00,276.47,97240,11.64,266.9,0.00531304070027472
2025-01-29 02:00:00,275.99,97280,10.5,271.4,0.00507355092098975
2025-01-29 03:00:00,275.84,97330,9.88,279.3,0.00487553224075958
2025-01-29 04:00:00,275.52,97400,9.04,286.3,0.00450737633331556
2025-01-29 05:00:00,275.03,97460,9.04,287.7,0.00416137256965357
2025-01-29 06:00:00,274.46,97520,8.86,288.4,0.00390011648721981
2025-01-29 07:00:00,273.58,97600,7.73,282.9,0.0035615922750147
2025-01-29 08:00:00,273.12,97700,7.47,281.7,0.00337428847636848
2025-01-29 09:00:00,273.01,97790,7.73,288.2,0.00331910826980561
2025-01-29 10:00:00,272.99,97890,7.99,291,0.0033143275436152
2025-01-29 11:00:00,272.88,98020,7.93,293.6,0.0032683854948763
2025-01-29 12:00:00,272.42,98140,7.53,294.2,0.00307683045911591
2025-01-29 13:00:00,272.44,98260,7.45,293.2,0.0030607824683731
2025-01-29 14:00:00,273.9,98360,7.66,293.9,0.00355723667580416
2025-01-29 15:00:00,275.79,98440,8.78,307.5,0.00369180581361177
2025-01-29 16:00:00,277.26,98520,8.81,312.2,0.00372854416128164
2025-01-29 17:00:00,278.32,98550,8.57,309.8,0.00397592774272137
2025-01-29 18:00:00,279.02,98580,8.41,303.7,0.0042928663806277
2025-01-29 19:00:00,279.3,98610,8.22,298.6,0.00456809624799904
2025-01-29 20:00:00,279.08,98660,7.71,296.9,0.00467346612246326
2025-01-29 21:00:00,277.88,98710,5.96,298.9,0.00445335418444645
2025-01-29 22:00:00,274.2,98750,4.21,304.3,0.00321187541268907
2025-01-29 23:00:00,272.49,98840,4.08,313.7,0.00258882755929529
2025-01-30,272.01,98910,3.79,323.3,0.00241063611275778
2025-01-30 01:00:00,271.61,98920,3.42,331.7,0.00226621397942408
2025-01-30 02:00:00,271.56,98920,2.95,340.8,0.00221978771840695
2025-01-30 03:00:00,271.95,98900,2.37,351.3,0.00227163710622652
2025-01-30 04:00:00,272.73,98920,1.66,354.8,0.00238560499647131
2025-01-30 05:00:00,273.51,98930,0.82,345.1,0.00248321930234502
2025-01-30 06:00:00,273.88,98910,0.12,245.6,0.00251337808688058
2025-01-30 07:00:00,273.65,98860,0.73,169,0.00248164034519542
2025-01-30 08:00:00,273.38,98780,1.19,153.6,0.0025002097087576
2025-01-30 09:00:00,272.4,98720,1.9,150.3,0.00238637139172413
2025-01-30 10:00:00,271.37,98750,2.9,167.9,0.0022591098961027
2025-01-30 11:00:00,271.42,98800,3.59,182.6,0.00234889092125326
2025-01-30 12:00:00,271.5,98780,3.96,189.6,0.00249512101536039
2025-01-30 13:00:00,272.4,98710,4.09,188.7,0.00286471199541863
2025-01-30 14:00:00,274.38,98670,5.34,183.5,0.0035826817816051
2025-01-30 15:00:00,276.45,98620,5.5,179.4,0.00467301603785901
2025-01-30 16:00:00,279.23,98570,6.75,184.7,0.00654502309301472
2025-01-30 17:00:00,281.46,98420,8.27,194.4,0.00850616006166519
2025-01-30 18:00:00,282.76,98470,9.93,208.7,0.0102503321244486
2025-01-30 19:00:00,281.46,98410,7.5,214.1,0.00970041257635316
2025-01-30 20:00:00,279.29,98340,5.3,209.5,0.0082009425171031
2025-01-30 21:00:00,277.74,98300,4.81,207.4,0.00706974352968092
2025-01-30 22:00:00,276.51,98330,4.75,209.9,0.00634192925831476
2025-01-30 23:00:00,275.3,98290,3.46,214.2,0.00583210185345576
2025-01-31,274.93,98270,3.26,205.2,0.00565185316627916
2025-01-31 01:00:00,275.22,98250,3.28,198.1,0.00572597339950184
2025-01-31 02:00:00,275.24,98250,3.23,197.3,0.00561974740715515
2025-01-31 03:00:00,274.62,98250,2.88,199.1,0.00518113135873947
2025-01-31 04:00:00,274.62,98200,2.45,193.5,0.00516901232434532
2025-01-31 05:00:00,274.65,98130,2.25,181.3,0.00520573316035024
2025-01-31 06:00:00,274.63,98060,2.23,166.5,0.00520343148329467
2025-01-31 07:00:00,274.55,98000,2.14,140.5,0.00517151974676115
2025-01-31 08:00:00,274.36,97910,2.34,105.1,0.00506699048317235
2025-01-31 09:00:00,274.35,97840,2.82,86.1,0.0050119687753751
2025-01-31 10:00:00,274.44,97790,3.57,76.4,0.00496744913492252
2025-01-31 11:00:00,274.54,97720,4.64,66.4,0.004928729349277
2025-01-31 12:00:00,274.71,97660,5.46,55.5,0.00500712106610246
2025-01-31 13:00:00,275.21,97680,5.93,45.4,0.00534716725085169
2025-01-31 14:00:00,276.21,97700,7.3,34.7,0.00615612712295275
2025-01-31 15:00:00,275.74,97740,9.21,32.7,0.00570213839347024
2025-01-31 16:00:00,275.58,97790,9.57,33.6,0.00543757058227483
2025-01-31 17:00:00,275.37,97840,9.28,34.9,0.00523899167745555
2025-01-31 18:00:00,275.67,97910,9.13,31.1,0.00537523294220177
2025-01-31 19:00:00,276.1,98010,9.52,26.2,0.00552768430110442
2025-01-31 20:00:00,277.05,98140,10.27,25.6,0.00579445618152827
2025-01-31 21:00:00,276.71,98290,10.03,22.9,0.00526539351385944
2025-01-31 22:00:00,275.1,98480,9.26,16.9,0.00442735314206946
2025-01-31 23:00:00,273.5,98670,8.71,12.9,0.00373774382727983
2025-02-01,272.62,98830,8.3,12,0.00337873761294009
2025-02-01 01:00:00,272.17,98970,7.92,13.4,0.00314606587414355
2025-02-01 02:00:00,271.79,99070,7.04,16.4,0.00293441248493797
2025-02-01 03:00:00,271.29,99170,6.15,18.5,0.002677159184037
2025-02-01 04:00:00,270.85,99260,5.31,21,0.00245405380030617
2025-02-01 05:00:00,270.78,99350,5.18,23.4,0.00232529718990327
2025-02-01 06:00:00,270.67,99440,5.18,22,0.00220087938843981
2025-02-01 07:00:00,270.3,99550,5.24,18,0.00202747175119167
2025-02-01 08:00:00,269.71,99600,5.31,19.4,0.00182869479499277
2025-02-01 09:00:00,269.19,99660,5.43,21.8,0.00166478497401799
2025-02-01 10:00:00,268.93,99740,5.46,23.3,0.00156926994116687
2025-02-01 11:00:00,268.86,99820,4.95,26.2,0.00152892549348935
2025-02-01 12:00:00,268.99,99880,4.39,31.9,0.00154521254829333
2025-02-01 13:00:00,270.02,99930,4.72,43.5,0.00173788330539555
2025-02-01 14:00:00,271.68,99950,5.65,67,0.00205464599027786
2025-02-01 15:00:00,272.67,99960,6.06,84.8,0.00228031339131037
2025-02-01 16:00:00,273.33,99950,6.25,96.8,0.00244807374084946
2025-02-01 17:00:00,273.34,99930,6.03,102.5,0.0024211053984174
2025-02-01 18:00:00,273.1,99870,5.89,104.1,0.00230032501369679
2025-02-01 19:00:00,272.71,99820,5.93,105.2,0.00211963050439122
2025-02-01 20:00:00,272.24,99780,6.05,105.9,0.00193894094601394
2025-02-01 21:00:00,271.87,99720,6.01,106.2,0.00184686071551413
2025-02-01 22:00:00,271.38,99620,5.83,104.5,0.00182792168777047
2025-02-01 23:00:00,271.27,99540,6.13,107.4,0.00189584278131265
2025-02-02,271.62,99460,6.52,115,0.00204197562851415
2025-02-02 01:00:00,271.88,99390,6.98,123,0.00215823791072522
2025-02-02 02:00:00,271.88,99320,7.22,129.6,0.00220297365968517
2025-02-02 03:00:00,271.78,99270,7.38,134.3,0.00222500827679201
2025-02-02 04:00:00,271.63,99210,7.69,139.3,0.00222481197667581
2025-02-02 05:00:00,271.47,99120,8.07,142.4,0.00222475568263487
2025-02-02 06:00:00,271.31,99020,8.06,144,0.00223156628048036
2025-02-02 07:00:00,271.18,98930,7.58,145.1,0.00226150264467032
2025-02-02 08:00:00,271.16,98820,7.37,147.8,0.0023339620857418
2025-02-02 09:00:00,271.31,98720,6.99,151,0.00244787744689764
2025-02-02 10:00:00,272.01,98650,6.65,165.2,0.00270689802139456
2025-02-02 11:00:00,272.77,98620,6.24,187.9,0.0030549115275599
2025-02-02 12:00:00,273.32,98600,5.56,204.2,0.00341482663510449
2025-02-02 13:00:00,273.73,98570,4.86,214.9,0.00372957241111232
2025-02-02 14:00:00,274.43,98570,4.42,222.4,0.00417646969554221
2025-02-02 15:00:00,275.53,98590,4.22,228.7,0.00489934790022271
2025-02-02 16:00:00,276.91,98600,4.31,232.9,0.0060356065875085
2025-02-02 17:00:00,278.22,98600,4.42,242.2,0.0073417126302681
2025-02-02 18:00:00,279.18,98570,4.32,253.7,0.00828712779301886
2025-02-02 19:00:00,280.26,98550,3.83,261.3,0.00927469518071807
2025-02-02 20:00:00,280.64,98570,2.88,266.2,0.00973555790944191
2025-02-02 21:00:00,279.44,98590,1.43,256.6,0.00883623222218921
2025-02-02 22:00:00,277.79,98640,1.38,214,0.00697260209271674
2025-02-02 23:00:00,276.45,98700,1.89,188.8,0.00612449944110184
2025-02-03,275.68,98750,2.25,181.5,0.00570941996797794
2025-02-03 01:00:00,274.81,98770,2.79,180.6,0.00526856179380633
2025-02-03 02:00:00,274.54,98730,3.27,178.9,0.00518355220159137
2025-02-03 03:00:00,273.98,98750,3.44,186.3,0.00493859823470706
2025-02-03 04:00:00,273.99,98710,3.52,189.3,0.00503029055313613
2025-02-03 05:00:00,274.06,98660,3.46,191.2,0.00514932965661357
2025-02-03 06:00:00,274.47,98610,3.2,192.1,0.00538794878119941
2025-02-03 07:00:00,275.17,98530,3.55,190.4,0.00567516317289007
2025-02-03 08:00:00,275.06,98430,4.24,191.6,0.00538445220211714
2025-02-03 09:00:00,274.63,98360,3.48,194.6,0.0049663982256961
2025-02-03 10:00:00,274.29,98300,2.78,195.9,0.00470128888685065
2025-02-03 11:00:00,273.88,98270,1.93,200,0.00435590803336735
2025-02-03 12:00:00,273.55,98260,1.16,190.9,0.00408803684349371
2025-02-03 13:00:00,273.45,98220,1.07,139.9,0.00394983936224536
2025-02-03 14:00:00,273.76,98210,1.51,75.8,0.00405551496262852
2025-02-03 15:00:00,274.84,98200,2.22,55.5,0.00472103359619607
2025-02-03 16:00:00,276.23,98200,2.82,45.7,0.00595100824977977
2025-02-03 17:00:00,276.92,98180,4,36.9,0.00665179695697463
2025-02-03 18:00:00,276.96,98160,5.33,33.7,0.00675858359287088
2025-02-03 19:00:00,276.62,98220,6.94,32.3,0.0063591185811914
2025-02-03 20:00:00,275.94,98340,8.26,28.7,0.00557039031276698
2025-02-03 21:00:00,275.14,98460,7.95,27.2,0.00475186906283985
2025-02-03 22:00:00,274.27,98610,6.97,22,0.00408580838147853
2025-02-03 23:00:00,273.38,98780,6.24,17.4,0.00353807286433963
2025-02-04,272.5,98900,5.58,16.6,0.003097013455517
2025-02-04 01:00:00,271.79,99020,5.29,13.3,0.00276938274200204
2025-02-04 02:00:00,271.5,99120,5.11,10.9,0.00261011914841879
2025-02-04 03:00:00,271.28,99260,5.34,2.3,0.00249373443573426
2025-02-04 04:00:00,270.79,99350,5.23,353.6,0.00232406208095894
2025-02-04 05:00:00,270.35,99430,5.02,346.4,0.00217123292187217
2025-02-04 06:00:00,270.18,99520,4.98,340.9,0.00206757248041932
2025-02-04 07:00:00,270.27,99570,5.27,341.4,0.00199840525586173
2025-02-04 08:00:00,270.41,99620,6.56,342.8,0.00195234450710918
2025-02-04 09:00:00,269.72,99720,7.37,339.8,0.0016837583258452
2025-02-04 10:00:00,268.47,99860,7.78,338.1,0.00123285713346173
2025-02-04 11:00:00,267.48,99980,8.03,341,0.000920180404164556
2025-02-04 12:00:00,266.61,100070,8.3,347.2,0.00071709290836485
2025-02-04 13:00:00,266.17,100140,8.6,353.1,0.000616620026055904
2025-02-04 14:00:00,266.78,100210,8.68,359.3,0.000644777838599305
2025-02-04 15:00:00,267.74,100260,8.39,5.7,0.000736828298219136
2025-02-04 16:00:00,268.76,100310,7.9,12.1,0.000872120011026543
2025-02-04 17:00:00,269.43,100300,7.3,18,0.000999330129548099
2025-02-04 18:00:00,269.71,100240,6.95,22.9,0.00109328666031596
2025-02-04 19:00:00,269.71,100210,6.8,26.3,0.00113918931013369
2025-02-04 20:00:00,269.38,100220,6.77,29.3,0.00113516608782433
2025-02-04 21:00:00,268.9,100250,6.65,30.8,0.00110105052752677
2025-02-04 22:00:00,268.41,100300,6.59,29.8,0.00106055575099365
2025-02-04 23:00:00,268.09,100330,6.6,29.6,0.00104625892550909
2025-02-05,267.98,100360,6.53,28.3,0.00106035041601779
2025-02-05 01:00:00,267.99,100360,6.32,29.6,0.00109283961707884
2025-02-05 02:00:00,268.07,100340,6.09,31.9,0.00114050116971286
2025-02-05 03:00:00,268.25,100310,5.92,32.5,0.00120386442677777
2025-02-05 04:00:00,268.47,100280,5.79,33.4,0.00127058388060657
2025-02-05 05:00:00,268.65,100260,5.68,36.1,0.00132817282022547
2025-02-05 06:00:00,268.75,100220,5.62,39.3,0.00137020730699015
2025-02-05 07:00:00,268.8,100210,5.49,40.1,0.00139965199014404
2025-02-05 08:00:00,268.81,100170,5.26,42,0.00142671908692199
2025-02-05 09:00:00,268.85,100130,5.09,45.5,0.00145741785924649
2025-02-05 10:00:00,268.91,100100,5.19,50.8,0.00148691612113764
2025-02-05 11:00:00,269.1,100050,5.49,61.7,0.00150511740739205
2025-02-05 12:00:00,269.28,1e+05,5.71,72.9,0.00149986249143256
2025-02-05 13:00:00,269.53,99960,6.09,83.5,0.00148261763099036
2025-02-05 14:00:00,269.82,99910,6.69,91.6,0.0014405230292143
2025-02-05 15:00:00,270.02,99850,7.03,97.2,0.00142110797596428
2025-02-05 16:00:00,270.25,99780,6.93,99.1,0.00146788693919667
2025-02-05 17:00:00,270.63,99680,6.8,99.5,0.00158130355188208
2025-02-05 18:00:00,271.2,99530,6.88,99,0.00175153343819112
2025-02-05 19:00:00,272.02,99380,7.12,100.6,0.00196772409609485
2025-02-05 20:00:00,272.34,99250,7.14,103.5,0.00207564749480428
2025-02-05 21:00:00,272.07,99140,6.96,104.2,0.00205498407320399
2025-02-05 22:00:00,271.58,99000,6.48,102.4,0.00201409330735426
2025-02-05 23:00:00,271.26,98880,6.25,103.2,0.00201328962209948
2025-02-06,271.25,98790,6.49,111.9,0.00205510598708509
2025-02-06 01:00:00,271.12,98660,6.38,119,0.00209667600232075
2025-02-06 02:00:00,270.88,98540,6.05,125.4,0.00212088957465195
2025-02-06 03:00:00,270.76,98430,6.18,128.4,0.0021211861176309
2025-02-06 04:00:00,270.62,98310,5.72,130.4,0.0021578711215221
2025-02-06 05:00:00,270.58,98190,4.94,133.5,0.00219636508774321
2025-02-06 06:00:00,270.57,98100,3.39,138,0.00224798058267672
2025-02-06 07:00:00,270.34,98070,1.23,162.5,0.00223241720018345
2025-02-06 08:00:00,270.03,98070,1.65,274.5,0.00215502271260746
2025-02-06 09:00:00,270,98100,3.75,288.7,0.00213206276254785
2025-02-06 10:00:00,269.98,98150,4.97,288.9,0.00210936789557161
2025-02-06 11:00:00,269.7,98210,5.54,283.9,0.00203461492207119
2025-02-06 12:00:00,269.45,98280,6.22,276,0.00198127660298548
2025-02-06 13:00:00,269.95,98360,6.82,269.6,0.00210821138390431
2025-02-06 14:00:00,271.82,98400,8.26,276.8,0.00255383625444611
2025-02-06 15:00:00,273.55,98450,10.03,285.3,0.00280069451212088
2025-02-06 16:00:00,274.55,98520,10.83,287,0.00292651503046091
2025-02-06 17:00:00,275.18,98550,10.86,288.1,0.00295059370824591
2025-02-06 18:00:00,275.45,98520,10.03,286.2,0.0027837504275627
2025-02-06 19:00:00,275.89,98480,9.19,278.8,0.00272465007898143
2025-02-06 20:00:00,276.17,98490,9.1,271.4,0.00275909175472177
2025-02-06 21:00:00,275.77,98540,9.16,269.9,0.00270758893507866
2025-02-06 22:00:00,274.32,98570,8.97,268.5,0.00242989136478273
2025-02-06 23:00:00,273.24,98630,9.87,272.7,0.00222108928822831
2025-02-07,272.6,98740,10.94,279.3,0.00208486652828764
2025-02-07 01:00:00,271.88,98810,11.32,282.2,0.00188308811871558
2025-02-07 02:00:00,271.26,98890,11.26,288.5,0.00170421138630056
2025-02-07 03:00:00,270.11,99020,11.2,299.5,0.00135434560511083
2025-02-07 04:00:00,268.18,99170,10.44,306.7,0.000942212460425695
2025-02-07 05:00:00,266.68,99300,8.94,308.2,0.000775796722217475
2025-02-07 06:00:00,265.89,99410,7.67,309.7,0.000712542353872939
2025-02-07 07:00:00,265.38,99510,7.02,313.2,0.000671301127033233
2025-02-07 08:00:00,265.29,99540,6.43,317.9,0.000669882234792485
2025-02-07 09:00:00,265.04,99560,5.43,322,0.000663656967121019
2025-02-07 10:00:00,264.7,99640,4.61,318.7,0.000645848714816128
2025-02-07 11:00:00,264.64,99760,4.5,310.6,0.000645817173987823
2025-02-07 12:00:00,264.72,99850,4.35,309.2,0.000646840616054582
2025-02-07 13:00:00,264.98,99900,3.91,307.6,0.000655805985424756
2025-02-07 14:00:00,265.75,99960,3.37,304.1,0.000711229799161353
2025-02-07 15:00:00,266.72,99970,2.79,297.1,0.000801590596275016
2025-02-07 16:00:00,268.37,99970,2.33,281.9,0.00100803205551792
2025-02-07 17:00:00,269.98,99910,2.32,252,0.00125608232704798
2025-02-07 18:00:00,271.49,99820,2.49,242.7,0.00154195901628796
2025-02-07 19:00:00,272.51,99730,2.12,247.2,0.00176246561598881
2025-02-07 20:00:00,272.82,99690,1.71,248.1,0.00183444810390382
2025-02-07 21:00:00,272.72,99680,1.31,256.8,0.00182159013718826
2025-02-07 22:00:00,272.21,99650,0.3,289.6,0.00188115580356022
2025-02-07 23:00:00,271.51,99610,0.9,119.4,0.00196412304011316
2025-02-08,270.93,99560,1.79,129.1,0.00196537700383139
2025-02-08 01:00:00,270.02,99530,2.33,134.3,0.00167019116012518
2025-02-08 02:00:00,269.07,99490,2.66,135.3,0.00142641477893323
2025-02-08 03:00:00,268.83,99460,2.69,132.6,0.00137545688849016
2025-02-08 04:00:00,269.25,99440,2.57,125.2,0.00148657428123251
2025-02-08 05:00:00,269.25,99420,2.64,116.8,0.00151117941192997
2025-02-08 06:00:00,269.15,99380,2.82,109.7,0.00151333536707888
2025-02-08 07:00:00,269.2,99330,3.11,104.9,0.00154274718859792
2025-02-08 08:00:00,268.87,99250,3.69,102.2,0.00148004954443768
2025-02-08 09:00:00,268.91,99150,4.33,103.1,0.00150000785677458
2025-02-08 10:00:00,268.98,99080,4.49,103.7,0.00154426927085964
2025-02-08 11:00:00,268.91,99040,4.26,102.8,0.00155805921354276
2025-02-08 12:00:00,269.02,98960,4.57,104.1,0.00158589153405525
2025-02-08 13:00:00,270.33,98840,6.09,111.2,0.00183714445887477
2025-02-08 14:00:00,271.81,98720,7.25,115.8,0.00211920001011656
2025-02-08 15:00:00,272.63,98590,7.11,113.9,0.00225615410624895
2025-02-08 16:00:00,272.99,98510,6.32,107.7,0.00242924874833446
2025-02-08 17:00:00,273.23,98430,5.34,99.5,0.00268730259601343
2025-02-08 18:00:00,273.38,98350,4.49,85.8,0.00291479033967172
2025-02-08 19:00:00,273.41,98320,3.79,58.2,0.0030128924254051
2025-02-08 20:00:00,273.23,98350,4.1,25.9,0.00294794864934226
2025-02-08 21:00:00,272.83,98420,4.76,9.8,0.00279842504831825
2025-02-08 22:00:00,272.18,98510,4.71,0.7,0.00261457868340388
2025-02-08 23:00:00,271.48,98620,4.53,355.6,0.00243529956872338
2025-02-09,270.55,98720,3.79,349.7,0.0021831701492894
2025-02-09 01:00:00,269.68,98820,3.91,338.7,0.00195387149923111
2025-02-09 02:00:00,269.31,98930,4.55,331.8,0.001857179057707
2025-02-09 03:00:00,268.89,99020,5.07,325.4,0.0017647592235891
2025-02-09 04:00:00,268.67,99130,5.95,322,0.00169799626564459
2025-02-09 05:00:00,268.23,99240,6.14,321,0.00156979733683957
2025-02-09 06:00:00,267.48,99330,5.49,315.9,0.00140836792651118
2025-02-09 07:00:00,266.93,99420,5.42,313.5,0.00128920183257505
2025-02-09 08:00:00,266.38,99470,5.64,316.7,0.00116662200083034
2025-02-09 09:00:00,265.69,99530,5.64,323.9,0.00101567034509539
2025-02-09 10:00:00,264.81,99610,5.14,329.1,0.000851641272526085
2025-02-09 11:00:00,264.04,99700,4.5,327,0.000724444732275376
2025-02-09 12:00:00,263.36,99790,3.91,321.2,0.000632156245829283
2025-02-09 13:00:00,264.24,99850,4.75,317,0.000676026842294733
2025-02-09 14:00:00,266.28,99920,4.88,317.7,0.000780542717423753
2025-02-09 15:00:00,267.88,99970,4.64,309.7,0.000880090950742173
2025-02-09 16:00:00,268.89,99990,4.46,302.3,0.000972616444910991
2025-02-09 17:00:00,270.29,99970,4.12,297.7,0.00112574474274841
2025-02-09 18:00:00,271.48,99900,3.83,296,0.00129526757953622
2025-02-09 19:00:00,272.34,99850,3.64,296.2,0.00142848765458663
2025-02-09 20:00:00,272.72,99840,3.46,297.9,0.00149787453027147
2025-02-09 21:00:00,272.47,99860,3.52,294.3,0.00147535565518438
2025-02-09 22:00:00,271.3,99910,2.89,292.6,0.00151393415938782
2025-02-09 23:00:00,269.52,99970,2.78,293.1,0.00137980439672102
2025-02-10,268.12,100030,3.23,295.3,0.00111937575598791
2025-02-10 01:00:00,266.99,100070,3.61,298.6,0.000947395891681172
2025-02-10 02:00:00,266.19,100110,4.01,301.7,0.000837622394607784
2025-02-10 03:00:00,265.52,100150,4.25,305.9,0.000757004569922765
2025-02-10 04:00:00,264.86,100190,4.28,310.2,0.00069055062751895
2025-02-10 05:00:00,264.26,100220,4.16,311.7,0.000635613624798987
2025-02-10 06:00:00,263.71,100270,3.89,310.8,0.000588191417687392
2025-02-10 07:00:00,263.18,100300,3.55,308.1,0.000544049560605015
2025-02-10 08:00:00,262.74,100310,3.3,303.6,0.000506224077287556
2025-02-10 09:00:00,262.37,100300,3.08,298.9,0.000475587505100296
2025-02-10 10:00:00,262.09,100300,2.97,291.7,0.000454179305185741
2025-02-10 11:00:00,261.87,100330,3.06,282.4,0.000439479870582901
2025-02-10 12:00:00,261.68,100370,3.29,278.2,0.000428608810608772
2025-02-10 13:00:00,263.11,100400,4.33,280.2,0.000515733319777546
2025-02-10 14:00:00,265.24,100460,4.63,288.4,0.000686998708831191
2025-02-10 15:00:00,267.7,100500,4.55,302.6,0.000965127194862352
2025-02-10 16:00:00,270.18,100500,4.1,317.1,0.00129247812331679
2025-02-10 17:00:00,272,100470,3.5,323.5,0.00150999163718014
2025-02-10 18:00:00,273.15,100380,2.85,325.4,0.00163049431115714
2025-02-10 19:00:00,273.94,100290,2.31,326.3,0.00169341180048875
2025-02-10 20:00:00,274.16,100230,1.5,333.9,0.00169551569646556
2025-02-10 21:00:00,273.76,100180,0.74,353.8,0.00162988246523057
2025-02-10 22:00:00,272.74,100150,0.45,63.4,0.00161505997979818
2025-02-10 23:00:00,271.87,100130,0.86,101.4,0.00148931446047468
2025-02-11,271.29,100130,1.21,125.3,0.00158449700590998
2025-02-11 01:00:00,270.72,100100,1.43,141.5,0.00153360213531823
2025-02-11 02:00:00,270.54,100100,1.36,157,0.00149895194314412
2025-02-11 03:00:00,270.51,100080,1.19,178.6,0.00147399415750129
2025-02-11 04:00:00,270.5,100050,0.95,212.5,0.00144101317581462
2025-02-11 05:00:00,270.08,100030,0.97,277.7,0.00141237971672529
2025-02-11 06:00:00,269.12,100020,1.72,326.9,0.00136725526621658
2025-02-11 07:00:00,268.42,100030,2.97,347.7,0.00122856186941681
2025-02-11 08:00:00,267.65,100010,5.01,356.7,0.0010986114845211
2025-02-11 09:00:00,266.67,1e+05,6.47,2,0.000958316826509966
2025-02-11 10:00:00,266,99990,7.11,5.6,0.00084599244904169
2025-02-11 11:00:00,265.62,99970,7.18,8.1,0.000782093906868121
2025-02-11 12:00:00,265.29,99950,7.18,11.3,0.000731125697276452
2025-02-11 13:00:00,265.29,99940,7.34,15.5,0.000712132752684863
2025-02-11 14:00:00,266.02,99930,7.42,18.2,0.000772059123531135
2025-02-11 15:00:00,267.09,99900,7.32,19.4,0.00089161491006558
2025-02-11 16:00:00,268.19,99860,7.04,22.5,0.0010349813914227
2025-02-11 17:00:00,269.22,99790,6.6,25.2,0.00118747056816322
2025-02-11 18:00:00,269.92,99690,6.38,26.3,0.00129793919997979
2025-02-11 19:00:00,270.22,99620,6.29,28.2,0.00133931714051769
2025-02-11 20:00:00,270.1,99570,6.25,31.5,0.00130682008111239
2025-02-11 21:00:00,269.45,99540,6.18,35.3,0.00119834072686969
2025-02-11 22:00:00,268.29,99570,5.73,41.7,0.00104162553311459
2025-02-11 23:00:00,266.9,99580,4.8,46.4,0.000924317485412789
2025-02-12,266.47,99560,4.86,46.1,0.00090339828709994
2025-02-12 01:00:00,266.42,99500,5.14,43.4,0.00091522529309582
2025-02-12 02:00:00,266.34,99450,5.07,37.5,0.000926492513722916
2025-02-12 03:00:00,266.43,99450,5.16,27.7,0.000948227198047854
2025-02-12 04:00:00,266.41,99440,5.53,20.2,0.000948665587354615
2025-02-12 05:00:00,266.34,99420,6,20,0.00094520534699547
2025-02-12 06:00:00,266.24,99390,6.12,23.4,0.000945691287062543
2025-02-12 07:00:00,266.25,99360,6.01,27.8,0.00096645479415727
2025-02-12 08:00:00,266.37,99280,6,31.2,0.0010069130679621
2025-02-12 09:00:00,266.54,99180,5.85,35.4,0.00105525132839826
2025-02-12 10:00:00,266.74,99130,5.2,43.5,0.00111112508962441
2025-02-12 11:00:00,267.06,98980,5.5,52.8,0.00118412799523825
2025-02-12 12:00:00,267.36,98800,6.13,56.6,0.00125472546897847
2025-02-12 13:00:00,268.63,98810,5.94,56.6,0.00149740983682079
2025-02-12 14:00:00,269.86,98950,5.61,47.9,0.00178167738980927
2025-02-12 15:00:00,270.46,98940,6.38,53.3,0.00193222625400728
2025-02-12 16:00:00,270.49,98880,6.92,66,0.00197321879649617
2025-02-12 17:00:00,270.41,98680,8.01,67.6,0.00197243807295612
2025-02-12 18:00:00,270.78,98570,8.07,61.4,0.00206519436373328
2025-02-12 19:00:00,270.93,98450,8.49,62.2,0.00209622826271843
2025-02-12 20:00:00,270.69,98370,8.81,62.1,0.00204684191292624
2025-02-12 21:00:00,270.32,98350,8.09,63.6,0.00197983964570495
2025-02-12 22:00:00,269.97,98310,6.65,62.8,0.00195708916591731
2025-02-12 23:00:00,269.66,98280,4.87,59,0.00192705125943393
2025-02-13,269.47,98270,3.71,49,0.00189047782393143
2025-02-13 01:00:00,269.26,98240,3.23,36.1,0.00183875408213496
2025-02-13 02:00:00,269.08,98190,3.24,19.4,0.00178992310958316
2025-02-13 03:00:00,269,98150,3.7,4.5,0.00176195586147388
2025-02-13 04:00:00,268.85,98170,4.57,348.4,0.00171628379445765
2025-02-13 05:00:00,268.42,98230,5.55,338.2,0.0015951188916286
2025-02-13 06:00:00,267.75,98310,6.38,333.5,0.00141429111203699
2025-02-13 07:00:00,266.85,98370,7.01,332.7,0.00120067145734435
2025-02-13 08:00:00,265.75,98460,7.05,328.3,0.000978213341181095
2025-02-13 09:00:00,264.74,98590,7.11,327.4,0.0007973059756113
2025-02-13 10:00:00,263.94,98720,6.85,324.5,0.000682433056872767
2025-02-13 11:00:00,263.36,98850,6.63,314.8,0.000612259352687437
2025-02-13 12:00:00,262.82,99010,7.08,304.1,0.00055022218794884
2025-02-13 13:00:00,262.55,99190,8.08,298.3,0.000508523598064053
2025-02-13 14:00:00,262.89,99360,8.74,296.3,0.000511941157154265
2025-02-13 15:00:00,263.78,99480,8.78,292.9,0.000554827325233788
2025-02-13 16:00:00,264.73,99590,9.05,289.6,0.000595359002758357
2025-02-13 17:00:00,265.37,99680,9.51,288.6,0.00062437298982982
2025-02-13 18:00:00,265.77,99760,9.79,288.5,0.000650582211885709
2025-02-13 19:00:00,265.86,99830,9.68,289.1,0.000651244254456166
2025-02-13 20:00:00,265.68,99910,8.95,290,0.000628713303904149
2025-02-13 21:00:00,265.04,100010,7.79,288.2,0.000575484586880781
2025-02-13 22:00:00,263.42,100110,6.35,283.1,0.000461741671593993
2025-02-13 23:00:00,260.63,100240,5.6,271.9,0.000310992682867719
2025-02-14,259.11,100340,5.58,262.2,0.000253948892499716
2025-02-14 01:00:00,258.12,100400,5.64,256.6,0.000221896841600226
2025-02-14 02:00:00,257.37,100480,5.79,254.3,0.000199925302134346
2025-02-14 03:00:00,256.7,100530,5.49,255.1,0.000182110808605424
2025-02-14 04:00:00,256.14,100570,4.99,258,0.000168822066260617
2025-02-14 05:00:00,255.8,100600,4.46,259.8,0.000162059041140998
2025-02-14 06:00:00,255.63,100670,4.01,261.5,0.000159491364107457
2025-02-14 07:00:00,255.52,100740,3.66,259.8,0.000158131634387045
2025-02-14 08:00:00,255.52,100790,3.39,254.1,0.000158453245781456
2025-02-14 09:00:00,255.74,100810,2.82,245.1,0.00016352935335993
2025-02-14 10:00:00,255.81,100830,2.49,227.9,0.000165173119535619
2025-02-14 11:00:00,255.83,100810,2.72,203.4,0.000164734189906361
2025-02-14 12:00:00,256.16,100840,3.61,195.1,0.000170740755658321
2025-02-14 13:00:00,258.17,100870,3.96,184.5,0.000230568886974047
2025-02-14 14:00:00,260.61,100830,4.75,173.5,0.000331317415875903
2025-02-14 15:00:00,263,100750,5.63,166.8,0.00045634006003861
2025-02-14 16:00:00,264.99,100690,6.18,164.8,0.000615972908107613
2025-02-14 17:00:00,266.9,100610,6.67,165.2,0.000792201959540358
2025-02-14 18:00:00,268.02,100450,6.96,164.3,0.000908317342776875
2025-02-14 19:00:00,268.38,100270,7.1,158.2,0.000958838836155279
2025-02-14 20:00:00,268.46,100090,6.92,151.1,0.00101172795184929
2025-02-14 21:00:00,268.36,100030,5.9,147.7,0.00107768172606962
2025-02-14 22:00:00,267.88,99910,5.65,134.9,0.00107144661820642
2025-02-14 23:00:00,267.51,99840,5.41,128.8,0.00111900008774663
2025-02-15,267.38,99760,5.95,123.1,0.00120066579673811
2025-02-15 01:00:00,267.45,99640,6.55,122.9,0.00127776932939985
2025-02-15 02:00:00,267.67,99570,6.54,126.8,0.00136536558052774
2025-02-15 03:00:00,267.95,99490,6.63,129.2,0.00144959854152076
2025-02-15 04:00:00,268.42,99390,7.34,143.8,0.00155148609473528
2025-02-15 05:00:00,268.37,99270,6.12,152.1,0.00154927920752035
2025-02-15 06:00:00,267.96,99150,4.47,150.2,0.00146604966700188
2025-02-15 07:00:00,267.34,99030,3.74,147.3,0.00133988855713933
2025-02-15 08:00:00,267.07,98880,3.39,144.1,0.00129146696278289
2025-02-15 09:00:00,267.58,98770,2.93,150.5,0.00140448231679943
2025-02-15 10:00:00,268.01,98740,2.43,165.7,0.00151596194932397
2025-02-15 11:00:00,268.44,98680,1.87,164.8,0.00161412381757901
2025-02-15 12:00:00,269.06,98640,1.31,167.7,0.00175286810884058
2025-02-15 13:00:00,269.99,98600,0.56,188.3,0.00198041286541847
2025-02-15 14:00:00,271.03,98580,0.76,283.7,0.00231578330498983
2025-02-15 15:00:00,272.14,98550,1.69,327.3,0.00262315805607447
2025-02-15 16:00:00,272.91,98510,1.85,357.2,0.00288543104643479
2025-02-15 17:00:00,273.5,98470,1.81,343.3,0.0031166220570262
2025-02-15 18:00:00,273.85,98350,3.05,344.4,0.0032953798230278
2025-02-15 19:00:00,274.09,98290,4.28,341.8,0.00343070820568216
2025-02-15 20:00:00,273.62,98330,4.85,341.2,0.00327864360631681
2025-02-15 21:00:00,272.91,98290,5.35,353.5,0.00304901654573078
2025-02-15 22:00:00,272.16,98170,5.64,6.3,0.0028490568806843
2025-02-15 23:00:00,271.3,98340,3.95,18.9,0.0025865901205976
2025-02-16,271.06,98450,4.13,24.3,0.00250606577690815
2025-02-16 01:00:00,270.91,98340,6.03,16.9,0.00244907023460877
2025-02-16 02:00:00,270.25,98330,6,9.5,0.00219565734043793
2025-02-16 03:00:00,269.6,98320,6.45,2.4,0.00195887915780355
2025-02-16 04:00:00,268.94,98150,7.86,353.8,0.00175429258278758
2025-02-16 05:00:00,268.43,98040,8.01,349.4,0.00160954870067616
2025-02-16 06:00:00,268.04,97870,8.58,350.2,0.00150846467414899
2025-02-16 07:00:00,267.94,98030,7.19,345.2,0.00146973553490271
2025-02-16 08:00:00,267.61,97990,8.13,338.2,0.00138552237509341
2025-02-16 09:00:00,267.16,97900,8.61,334.5,0.00127726926217626
2025-02-16 10:00:00,266.67,97940,8.58,327.9,0.00116093120250482
2025-02-16 11:00:00,266.1,97950,8.37,325.9,0.00104337209132032
2025-02-16 12:00:00,265.71,97990,8.53,321.5,0.000962291762208536
2025-02-16 13:00:00,265.8,98080,9.13,321.6,0.000955097601370572
2025-02-16 14:00:00,266.32,98170,10.31,326,0.00101559446327093
2025-02-16 15:00:00,266.89,98220,10.65,329.9,0.00109144693640517
2025-02-16 16:00:00,267.62,98290,10.49,329.6,0.00118001901141969
2025-02-16 17:00:00,268.45,98370,10.58,325.4,0.00129170253681452
2025-02-16 18:00:00,268.61,98460,10.83,320.2,0.00129471993145808
2025-02-16 19:00:00,268.35,98550,10.99,317.7,0.00121541460643535
2025-02-16 20:00:00,268.14,98640,11.08,316.6,0.001128468819327
2025-02-16 21:00:00,267.55,98750,10.89,314.9,0.000965443332184722
2025-02-16 22:00:00,266.41,98870,10.23,312.4,0.000777620643158705
2025-02-16 23:00:00,264.81,98970,8.97,310.9,0.000623890720387872
2025-02-17,263.05,99060,8.1,308.7,0.000484405424673941
2025-02-17 01:00:00,261.33,99100,7.5,305.8,0.000365019162999678
2025-02-17 02:00:00,259.73,99160,7.07,299.2,0.00028141654938679
2025-02-17 03:00:00,258.71,99240,7.36,293.7,0.000235356549952093
2025-02-17 04:00:00,257.88,99290,7.4,293,0.000202372124707087
2025-02-17 05:00:00,257.02,99320,7.2,294.5,0.000174926349301104
2025-02-17 06:00:00,256.18,99360,7,295.8,0.000152535420176892
2025-02-17 07:00:00,255.51,99420,6.85,295.7,0.000136655101469859
2025-02-17 08:00:00,254.95,99450,6.66,295.1,0.000124425631626751
2025-02-17 09:00:00,254.38,99500,6.38,292.1,0.000114468633753886
2025-02-17 10:00:00,253.72,99570,6.07,286.3,0.000106193090854986
2025-02-17 11:00:00,253.13,99640,5.85,279.4,9.98504206543534e-05
2025-02-17 12:00:00,253.04,99710,5.79,276.7,9.98882718098995e-05
2025-02-17 13:00:00,255.24,99770,6.24,282.4,0.000137141360366622
2025-02-17 14:00:00,257.7,99800,7.35,288.9,0.000191059850548611
2025-02-17 15:00:00,258.61,99820,7.67,285.9,0.000214226954869493
2025-02-17 16:00:00,259.7,99860,8.36,283.2,0.000245620802804851
2025-02-17 17:00:00,260.71,99850,8.85,283.5,0.000280023839803784
2025-02-17 18:00:00,261.3,99800,9.04,286.7,0.000301557330761266
2025-02-17 19:00:00,261.5,99770,9.03,291.6,0.000305687700129356
2025-02-17 20:00:00,261.13,99800,8.75,297.4,0.000284976939560333
2025-02-17 21:00:00,260.33,99840,8.27,303.2,0.000249570520978938
2025-02-17 22:00:00,259.1,99900,7.48,308.3,0.000206457618678974
2025-02-17 23:00:00,257.05,99970,6.09,311.7,0.000151130961791926
2025-02-18,255.31,100030,5.62,313.2,0.000115931535535148
2025-02-18 01:00:00,255.65,100080,5.85,315.9,0.000119452583081819
2025-02-18 02:00:00,256.33,100130,6.18,318,0.000131440155648211
2025-02-18 03:00:00,256.37,100190,6.64,320,0.000133663243722274
2025-02-18 04:00:00,256.18,100230,7.04,323.3,0.00013177749009639
2025-02-18 05:00:00,255.81,100260,7.31,326.9,0.00012563710317345
2025-02-18 06:00:00,255.23,100280,7.24,329.8,0.000115929794678662
2025-02-18 07:00:00,254.43,100310,6.85,330.5,0.000102636587045319
2025-02-18 08:00:00,253,100320,6.29,329.1,8.08587755152734e-05
2025-02-18 09:00:00,251.32,100360,6.1,326.4,6.12372541501563e-05
2025-02-18 10:00:00,250.13,100430,5.93,323.6,5.09773842851758e-05
2025-02-18 11:00:00,249.4,100490,5.81,321.9,4.56257468668498e-05
2025-02-18 12:00:00,249.09,100520,5.88,324.1,4.35286662118528e-05
2025-02-18 13:00:00,250.88,100610,5.93,324.8,5.83465862267975e-05
2025-02-18 14:00:00,253.72,100650,6.54,331.1,9.46822673387572e-05
2025-02-18 15:00:00,256.01,100620,5.94,335.6,0.000139608806228918
2025-02-18 16:00:00,258.41,100600,5.39,338.2,0.000206309475107104
2025-02-18 17:00:00,260.94,100600,5.05,339.2,0.000282334756520835
2025-02-18 18:00:00,262.13,100540,5.05,337.8,0.000326353300697034
2025-02-18 19:00:00,262.49,100520,5.18,334.5,0.000346012453509463
2025-02-18 20:00:00,262.39,100540,5.32,328.5,0.000344111271930795
2025-02-18 21:00:00,261.77,100550,5.52,328.9,0.000320476302453432
2025-02-18 22:00:00,260.18,100530,5.14,332.8,0.000261052014261073
2025-02-18 23:00:00,257.67,100570,5,333.9,0.000181123380465646
2025-02-19,256.68,100620,5.29,333.4,0.000159334597949743
2025-02-19 01:00:00,256.58,100660,5.3,332.6,0.000158491324694418
2025-02-19 02:00:00,256.52,100670,5.03,331,0.000157846884786863
2025-02-19 03:00:00,256.41,100680,4.93,331.7,0.0001566167396016
2025-02-19 04:00:00,256.46,100650,4.98,335.2,0.000160361753923668
2025-02-19 05:00:00,256.55,100610,4.94,336.4,0.000165203994457682
2025-02-19 06:00:00,256.56,100620,4.86,335.3,0.000166918389479856
2025-02-19 07:00:00,256.54,100600,4.76,336.7,0.000167296196111766
2025-02-19 08:00:00,256.48,100560,4.5,337,0.000165850037087849
2025-02-19 09:00:00,256.3,100530,4.25,334,0.000161437622805898
2025-02-19 10:00:00,256.09,100540,4.18,330.5,0.000156161458730199
2025-02-19 11:00:00,255.98,100560,4.12,325.7,0.000153608923961481
2025-02-19 12:00:00,255.87,100610,4.03,321.1,0.000150922612226872
2025-02-19 13:00:00,256.55,100630,4.41,322.3,0.000168139621825013
2025-02-19 14:00:00,257.8,100640,5,325.7,0.000204392778208229
2025-02-19 15:00:00,259.76,100600,4.92,323.9,0.00027573051495374
2025-02-19 16:00:00,262.3,100560,4.77,320.5,0.000386881264977024
2025-02-19 17:00:00,263.6,100500,4.97,315.6,0.000469287540325364
2025-02-19 18:00:00,264.25,100400,5.4,312.7,0.000521326367884225
2025-02-19 19:00:00,263.94,100320,5.65,314.5,0.000505501937635897
2025-02-19 20:00:00,263.23,100250,5.76,318.9,0.000468058428832366
2025-02-19 21:00:00,262.7,100240,5.99,319.4,0.00043781709768885
2025-02-19 22:00:00,261.92,100240,6,319.3,0.000394001709399279
2025-02-19 23:00:00,261.01,100240,5.79,319.3,0.000346978372490356
2025-02-20,260.29,100260,5.65,317.7,0.000312198139811891
2025-02-20 01:00:00,259.67,100250,5.48,316.4,0.000282644475733392
2025-02-20 02:00:00,259.11,100240,5.37,315.3,0.000256976895029897
2025-02-20 03:00:00,258.72,100220,5.4,314.4,0.000240049004709971
2025-02-20 04:00:00,258.45,100210,5.45,313.5,0.000229171124503505
2025-02-20 05:00:00,258.14,100180,5.35,311.6,0.000218603318905764
2025-02-20 06:00:00,257.81,100160,5.22,307.4,0.000208906686211534
2025-02-20 07:00:00,257.5,100140,5.19,303.8,0.000200554806535111
2025-02-20 08:00:00,257.1,100110,5.2,301.6,0.000189548554754691
2025-02-20 09:00:00,256.66,100090,5.36,303.9,0.000177719312140057
2025-02-20 10:00:00,256.04,100100,5.41,308.1,0.000161922560764635
2025-02-20 11:00:00,255.18,100130,5.51,308.6,0.000141773645784089
2025-02-20 12:00:00,254.6,100170,5.65,309.3,0.000129128565532276
2025-02-20 13:00:00,256.18,100220,6.07,310.4,0.000165338052694097
2025-02-20 14:00:00,259.01,100260,6.55,312.8,0.000260639700645988
2025-02-20 15:00:00,261.57,100280,6.77,315.7,0.000396322332922644
2025-02-20 16:00:00,263.83,100300,6.68,314.6,0.000570845043300935
2025-02-20 17:00:00,265.69,100310,6.79,314.3,0.000762731518129134
2025-02-20 18:00:00,267.07,100300,6.91,313.3,0.000946009744091306
2025-02-20 19:00:00,268.02,100310,6.98,314.9,0.00108887599472306
2025-02-20 20:00:00,268.31,100330,6.9,316.5,0.00115332702529548
2025-02-20 21:00:00,268.09,100370,6.59,317.1,0.0011604682902006
2025-02-20 22:00:00,267.37,100420,5.52,313.2,0.00111013886641588
2025-02-20 23:00:00,265.79,100470,4.54,306.9,0.000921285769495027
2025-02-21,264.81,100510,4.74,305.3,0.000799525470535747
2025-02-21 01:00:00,263.24,100530,4.59,302.8,0.000631747875459916
2025-02-21 02:00:00,261.84,100530,4.78,299.3,0.000503139014122681
2025-02-21 03:00:00,260.9,100540,4.96,297.3,0.000430776083043164
2025-02-21 04:00:00,260.35,100560,5.09,295,0.000390418321997684
2025-02-21 05:00:00,260.03,100600,5.12,292.2,0.000365568546239002
2025-02-21 06:00:00,259.71,100650,4.98,291.2,0.000343034866096637
2025-02-21 07:00:00,259.34,100680,4.75,291.9,0.000319404834267596
2025-02-21 08:00:00,258.97,100710,4.44,293.1,0.000298309428127543
2025-02-21 09:00:00,258.75,100710,3.98,294.5,0.000286409817955722
2025-02-21 10:00:00,258.35,100720,3.65,292.1,0.000267916891586852
2025-02-21 11:00:00,258.12,100730,3.59,286.8,0.000256452394774736
2025-02-21 12:00:00,258.02,100740,3.57,283.3,0.000250357274000795
2025-02-21 13:00:00,259.38,100780,3.57,280.3,0.000308853527626418
2025-02-21 14:00:00,261.77,100780,3.53,273.1,0.000448727615740947
2025-02-21 15:00:00,264.74,100770,3.6,260.4,0.000691968021739335
2025-02-21 16:00:00,267.79,100730,4.16,248.4,0.00105747610516484
2025-02-21 17:00:00,269.97,100680,4.87,245.6,0.00140917012238144
2025-02-21 18:00:00,270.89,100580,5.36,245,0.00162329182575612
2025-02-21 19:00:00,271.32,100480,5.77,243.4,0.00174288491061119
2025-02-21 20:00:00,271.3,100400,5.87,242.8,0.00174904445824456
2025-02-21 21:00:00,270.8,100350,5.45,242.4,0.00165869820870875
2025-02-21 22:00:00,269.13,100320,4.23,240.8,0.00135602689661656
2025-02-21 23:00:00,265.5,100320,3.41,237,0.000838176474382119
2025-02-22,264.02,100320,3.81,233.6,0.00066584175117644
2025-02-22 01:00:00,263.42,100290,4.27,230.9,0.000599479128827073
2025-02-22 02:00:00,263.15,100220,4.74,227.4,0.000570550831605403
2025-02-22 03:00:00,263.07,100140,5.27,225.4,0.000562704409728337
2025-02-22 04:00:00,262.91,100080,5.63,226.3,0.000552953157061033
2025-02-22 05:00:00,262.46,100040,5.74,229.4,0.000521320304685297
2025-02-22 06:00:00,261.9,100030,5.79,233.4,0.000482552745246362
2025-02-22 07:00:00,261.31,100020,5.82,238.1,0.000443334977022147
2025-02-22 08:00:00,260.69,99970,5.78,239.8,0.000405377664573206
2025-02-22 09:00:00,260.05,99900,5.63,236.2,0.000371010595138049
2025-02-22 10:00:00,259.6,99860,5.67,229.9,0.00034848037224984
2025-02-22 11:00:00,259.55,99810,5.93,223.5,0.000345404232339616
2025-02-22 12:00:00,259.94,99760,6.24,218.7,0.000364860887539461
2025-02-22 13:00:00,261.94,99740,7.05,217.8,0.000492269738729916
2025-02-22 14:00:00,264.55,99720,6.98,219.3,0.000710381029791708
2025-02-22 15:00:00,267.91,99660,8.7,230.8,0.00103310780862324
2025-02-22 16:00:00,269.81,99560,9.08,233,0.00126264843195342
2025-02-22 17:00:00,271.08,99490,9.04,234.6,0.00148149727812299
2025-02-22 18:00:00,272.37,99410,9.01,237.8,0.00178766313183264
2025-02-22 19:00:00,273.28,99330,8.86,241.7,0.00207915023144129
2025-02-22 20:00:00,273.76,99290,8.48,244.9,0.00229404952143375
2025-02-22 21:00:00,273.69,99260,7.68,246,0.00236929435439653
2025-02-22 22:00:00,272.41,99250,5.58,247,0.00215807190636841
2025-02-22 23:00:00,269.2,99290,4.16,249.7,0.00148271127707423
2025-02-23,267.89,99310,4.07,252.4,0.00123840720299518
2025-02-23 01:00:00,267.16,99290,3.92,255.5,0.00112915160527361
2025-02-23 02:00:00,266.57,99280,3.74,258.8,0.00105406058266037
2025-02-23 03:00:00,266.04,99260,3.71,257.5,0.000995901940091137
2025-02-23 04:00:00,265.72,99240,3.84,252.1,0.000967600524877614
2025-02-23 05:00:00,265.63,99230,4.01,248.5,0.000971759648473932
2025-02-23 06:00:00,265.83,99240,4.05,245,0.00101875759047583
2025-02-23 07:00:00,266.84,99230,4.18,241.1,0.00119736514593608
2025-02-23 08:00:00,267.4,99200,4.2,237.6,0.00132408677969326
2025-02-23 09:00:00,267.01,99180,3.89,236.1,0.00127108914154828
2025-02-23 10:00:00,266.8,99180,3.61,234.5,0.00124000851302593
2025-02-23 11:00:00,266.92,99160,3.35,229.1,0.0012706843070184
2025-02-23 12:00:00,266.83,99140,3.21,216.9,0.00126346457662824
2025-02-23 13:00:00,268.04,99140,4.4,204.2,0.00149141510477743
2025-02-23 14:00:00,269.91,99130,4.72,193.5,0.0019384013373137
2025-02-23 15:00:00,272.31,99100,5.12,189.9,0.00265517505352421
2025-02-23 16:00:00,274.47,99020,6.08,192,0.0033898566547974
2025-02-23 17:00:00,276.1,98940,6.41,196,0.00408188884576744
2025-02-23 18:00:00,277.35,98860,6.27,203.9,0.00477284194061266
2025-02-23 19:00:00,278.55,98760,5.92,212,0.00557380195875192
2025-02-23 20:00:00,279.19,98680,5.36,218.9,0.00617616671506431
2025-02-23 21:00:00,279.02,98620,4.06,222,0.00648011622899569
2025-02-23 22:00:00,276.6,98590,3.03,220.8,0.00536520758140006
2025-02-23 23:00:00,274.28,98590,3.33,218.2,0.00377106984228622
2025-02-24,273.66,98590,3.54,210.5,0.00353684529271688
2025-02-24 01:00:00,273.68,98550,3.98,205.6,0.00363735631904677
2025-02-24 02:00:00,273.88,98470,4.63,204,0.00382540870072106
2025-02-24 03:00:00,274.19,98410,5.45,207.2,0.0040872902930276
2025-02-24 04:00:00,274.47,98330,6.54,208.9,0.00434530430496383
2025-02-24 05:00:00,274.21,98290,6.64,210.2,0.00429203212218202
2025-02-24 06:00:00,274.05,98220,6.87,208.7,0.00425262455630282
2025-02-24 07:00:00,273.91,98150,7.05,210.3,0.00421225289271845
2025-02-24 08:00:00,273.69,98050,7.37,212.2,0.00413019270836294
2025-02-24 09:00:00,273.62,97980,7.52,215.3,0.00410896188457913
2025-02-24 10:00:00,273.67,97940,7.77,215.8,0.00415102369252114
2025-02-24 11:00:00,273.7,97890,8.19,215.5,0.00419209619080871
2025-02-24 12:00:00,273.81,97850,8.37,217.5,0.00426202002404966
2025-02-24 13:00:00,274.36,97840,8.63,219.1,0.00458647118683521
2025-02-24 14:00:00,275.88,97850,8.87,227.3,0.00562341750431661
2025-02-24 15:00:00,277.77,97860,8.01,230.7,0.00711589760064879
2025-02-24 16:00:00,280.07,97850,8.59,241.3,0.00923589722241155
2025-02-24 17:00:00,281.37,97820,7.82,243.2,0.0107430840161137
2025-02-24 18:00:00,282.4,97800,7.22,245.5,0.0121522882080416
2025-02-24 19:00:00,283.26,97790,6.67,251.7,0.0133434501568143
2025-02-24 20:00:00,282.43,97820,5.13,254.5,0.0125714652869313
2025-02-24 21:00:00,280.24,97860,3.91,253.4,0.0102875117653368
2025-02-24 22:00:00,277.97,97900,4.22,259.9,0.00786307836608439
2025-02-24 23:00:00,277.43,97960,4.72,272.9,0.0074232251018219
2025-02-25,277.87,98080,5.72,287,0.00790443639445122
2025-02-25 01:00:00,276.73,98130,4.45,288.5,0.00699444279959426
2025-02-25 02:00:00,275.78,98070,3.24,272.3,0.00629982922198404
2025-02-25 03:00:00,276.22,98000,2.73,259.7,0.00654736286348816
2025-02-25 04:00:00,276.34,97930,2.87,250.9,0.00653659537249547
2025-02-25 05:00:00,275.72,97890,3.48,254.5,0.00604986635429282
2025-02-25 06:00:00,275.7,97890,3.64,261.3,0.00606010049239247
2025-02-25 07:00:00,275.77,97920,3.7,271.2,0.00620207241801839
2025-02-25 08:00:00,275.58,97910,3.63,281.8,0.00612039581251255
2025-02-25 09:00:00,275.44,97940,3.83,293.2,0.00605667463131834
2025-02-25 10:00:00,275.24,98000,3.98,304,0.00591224961204648
2025-02-25 11:00:00,274.21,98060,4.03,316.4,0.0051729122044867
2025-02-25 12:00:00,273.36,98090,3.87,326.1,0.00448387696479651
2025-02-25 13:00:00,275.36,98150,5.13,329.2,0.00530436200562982
2025-02-25 14:00:00,277,98220,4.83,322.9,0.00625972654618035
2025-02-25 15:00:00,279.84,98260,5.21,321.1,0.00810468456177778
2025-02-25 16:00:00,281.76,98280,5.53,318.3,0.00919290542411725
2025-02-25 17:00:00,283.07,98310,5.65,309.5,0.00985901767497817
2025-02-25 18:00:00,283.86,98310,5.8,303.1,0.0102815514526328
2025-02-25 19:00:00,284.15,98300,5.79,299.3,0.0105901192739366
2025-02-25 20:00:00,283.98,98290,5.24,297.6,0.0105885667887928
2025-02-25 21:00:00,283.16,98290,4.08,297.3,0.0102738993011336
2025-02-25 22:00:00,279.7,98320,2.81,298.7,0.0080388840296942
2025-02-25 23:00:00,276.84,98370,2.86,302.9,0.00522446246889721
2025-02-26,277.13,98420,2.23,306,0.0052848079379962
2025-02-26 01:00:00,277.87,98410,1.24,298.4,0.00566288987158221
2025-02-26 02:00:00,277.8,98410,0.84,236.1,0.00562692449424003
2025-02-26 03:00:00,276.65,98430,1.59,217.6,0.00504561793873224
2025-02-26 04:00:00,276.54,98390,1.7,189.1,0.00502980579215107
2025-02-26 05:00:00,275.64,98390,2.09,178.4,0.00460857501452585
2025-02-26 06:00:00,274.25,98380,2.6,159.5,0.00399330397049667
2025-02-26 07:00:00,273.12,98390,3.14,155.7,0.00355594944719775
2025-02-26 08:00:00,273.85,98320,3.33,150.5,0.0038880619990024
2025-02-26 09:00:00,273.97,98290,3.37,146.5,0.00395927884123914
2025-02-26 10:00:00,274.58,98260,4.56,147.5,0.00429548701065222
2025-02-26 11:00:00,274.35,98180,4.77,138.2,0.00428152640833699
2025-02-26 12:00:00,274.42,98170,5.19,126.3,0.00445302140003055
2025-02-26 13:00:00,274.98,98130,5.96,113.9,0.00484901128838094
2025-02-26 14:00:00,275.82,98120,5.95,103,0.00542313488382021
2025-02-26 15:00:00,277.25,98120,5.76,102.8,0.00651273855295811
2025-02-26 16:00:00,278.85,98070,5.81,102.5,0.00790382491156912
2025-02-26 17:00:00,280.93,97990,5.96,107.1,0.0100276287664068
2025-02-26 18:00:00,282.78,97930,5.43,114.2,0.0123721926072938
2025-02-26 19:00:00,283.79,97900,4.25,116.3,0.0140060205112604
2025-02-26 20:00:00,283.47,97900,3.55,105.9,0.0137943524842501
2025-02-26 21:00:00,282.47,97920,2.94,89,0.0127977230851565
2025-02-26 22:00:00,280.45,97970,2.14,66.9,0.0108267608319683
2025-02-26 23:00:00,278.78,98050,2.31,47.5,0.00878802396608484
2025-02-27,277.98,98130,3.35,32.5,0.00784073708452831
2025-02-27 01:00:00,276.91,98180,4.26,15.8,0.00682706143915873
2025-02-27 02:00:00,276.05,98240,5.28,358.9,0.00601542052219672
2025-02-27 03:00:00,275.3,98270,5.5,347,0.00534822880113967
2025-02-27 04:00:00,274.66,98270,5.05,335.7,0.00480923405982952
2025-02-27 05:00:00,274.31,98280,4.67,322.2,0.00452825454464356
2025-02-27 06:00:00,274.1,98290,4.23,307.4,0.00440443113928032
2025-02-27 07:00:00,273.84,98290,4,289.7,0.0043261771983587
2025-02-27 08:00:00,274.61,98260,4.89,275.4,0.00482183904836509
2025-02-27 09:00:00,275.01,98250,4.94,265.2,0.00514029510963207
2025-02-27 10:00:00,275.01,98250,5,260.9,0.00516242616027262
2025-02-27 11:00:00,274.7,98230,4.93,260.4,0.00494498544047665
2025-02-27 12:00:00,274.43,98220,5.37,264.6,0.00468905002286383
2025-02-27 13:00:00,274.9,98220,5.74,269.3,0.00483290571079132
2025-02-27 14:00:00,276.94,98220,6.35,269.9,0.00594189718427867
2025-02-27 15:00:00,279.9,98210,8.19,277.6,0.00790521680795868
2025-02-27 16:00:00,281.79,98190,9.72,289.3,0.00914644400987735
2025-02-27 17:00:00,282.35,98160,10.31,295.6,0.00907203937543564
2025-02-27 18:00:00,282.76,98140,11.04,300.5,0.00875898983556634
2025-02-27 19:00:00,282.73,98190,11.98,305.8,0.00817436045934132
2025-02-27 20:00:00,281.93,98280,12.27,311.2,0.00708675049319855
2025-02-27 21:00:00,280.98,98370,11.56,315,0.00623990075505866
2025-02-27 22:00:00,279.73,98440,9.69,315.9,0.00547053035051506
2025-02-27 23:00:00,277.22,98530,7.02,316.7,0.00441980359575539
2025-02-28,275.59,98640,6.24,320,0.00380807373303673
2025-02-28 01:00:00,273.96,98680,4.95,322.4,0.0032621425132294
2025-02-28 02:00:00,272.47,98660,3.9,319.2,0.00276732892488402
2025-02-28 03:00:00,271.51,98600,3.38,309,0.00243548888050256
2025-02-28 04:00:00,271.44,98540,3.17,289.2,0.00240437279664135
2025-02-28 05:00:00,272.13,98500,3.15,271.8,0.00266951336196592
2025-02-28 06:00:00,272.38,98480,3.3,255.1,0.00278386960649009
2025-02-28 07:00:00,272.79,98420,3.53,241.5,0.00297273410957168
2025-02-28 08:00:00,273.05,98320,4.16,234.3,0.00312799774035697
2025-02-28 09:00:00,273.13,98210,4.91,230.1,0.00328398068701641
2025-02-28 10:00:00,273.19,98070,6.14,219.4,0.0034365963260008
2025-02-28 11:00:00,273.02,97870,7.73,210.1,0.00344896601017031
2025-02-28 12:00:00,272.79,97680,8.65,203.7,0.00338863168232874
2025-02-28 13:00:00,274.25,97490,9.75,200.7,0.00395380823915514
2025-02-28 14:00:00,277.12,97290,10.34,202.8,0.00542371609707432
2025-02-28 15:00:00,280.64,97140,12.45,225.7,0.00772306273398896
2025-02-28 16:00:00,282.42,97060,12.01,247.5,0.0093456177322988
2025-02-28 17:00:00,284.21,97000,11.35,259.2,0.0116279736509429
2025-02-28 18:00:00,286.11,96950,11.83,268.7,0.0143167041653684
2025-02-28 19:00:00,286.33,96900,12.83,274.8,0.0140716048393768
2025-02-28 20:00:00,285.7,96910,13.59,280,0.0122558886612394
2025-02-28 21:00:00,285.19,96940,14.03,283,0.0114760597730941
2025-02-28 22:00:00,283.86,97010,13.62,288,0.0104343909946757
2025-02-28 23:00:00,281.11,97150,13.04,299.9,0.00784921760704229
2025-03-01,277.78,97360,12.54,308.2,0.00466552446934226
2025-03-01 01:00:00,275.12,97540,11,309.5,0.00322787332474518
2025-03-01 02:00:00,273.82,97660,10.33,311.9,0.00276115983880418
2025-03-01 03:00:00,272.81,97790,9.76,318.5,0.00236930919664521
2025-03-01 04:00:00,271.44,97910,8.39,323.9,0.00194409881291772
2025-03-01 05:00:00,270.09,98030,7.01,326.2,0.00164021227375093
2025-03-01 06:00:00,269.66,98150,7.76,332.3,0.00144709034419728
2025-03-01 07:00:00,269.1,98240,7.86,336.3,0.00132472019855867
2025-03-01 08:00:00,268.56,98310,8.01,341.2,0.00123796558961132
2025-03-01 09:00:00,267.94,98410,8.38,345.6,0.00113015036453988
2025-03-01 10:00:00,267.27,98550,8.6,348.5,0.000986034857767592
2025-03-01 11:00:00,266.72,98680,8.64,349.7,0.000856876256101441
2025-03-01 12:00:00,266.37,98800,8.55,351.1,0.000746838308600793
2025-03-01 13:00:00,266.83,98950,9.11,353.7,0.000689954793805232
2025-03-01 14:00:00,267.76,99070,8.78,355.2,0.000723008911977091
2025-03-01 15:00:00,268.74,99170,8.18,355.4,0.000798088547476461
2025-03-01 16:00:00,269.71,99240,7.5,353.4,0.000886939661535716
2025-03-01 17:00:00,270.66,99270,6.94,349.1,0.00098260801257136
2025-03-01 18:00:00,271.47,99260,6.63,343.6,0.00107637509169095
2025-03-01 19:00:00,271.96,99260,6.53,338.3,0.00114572793730718
2025-03-01 20:00:00,272.11,99270,6.41,335.2,0.00118611327592346
2025-03-01 21:00:00,271.77,99290,6.14,334.5,0.00116876343929082
2025-03-01 22:00:00,270.88,99340,5.31,335,0.00111338405843288
2025-03-01 23:00:00,268.38,99410,3.09,337.2,0.00104674017501114
2025-03-02,267.64,99460,2.71,337.9,0.00102887394282614
2025-03-02 01:00:00,267.57,99500,2.45,336.9,0.00104666763092841
2025-03-02 02:00:00,267.56,99540,2.25,335.3,0.00106348622160331
2025-03-02 03:00:00,267.53,99570,2.12,334.9,0.0010742799181427
2025-03-02 04:00:00,267.5,99580,1.97,334.5,0.00108282637163202
2025-03-02 05:00:00,267.51,99560,1.66,329.3,0.00109781161820256
2025-03-02 06:00:00,267.52,99560,1.39,316.2,0.00111625112263209
2025-03-02 07:00:00,267.47,99570,1.26,295.3,0.00113697235203491
2025-03-02 08:00:00,267.41,99580,1.34,277.7,0.00115505814469431
2025-03-02 09:00:00,267.35,99610,1.63,277,0.00114339547819255
2025-03-02 10:00:00,267.21,99640,1.93,284.4,0.00111677650643754
2025-03-02 11:00:00,267.1,99680,1.97,291.1,0.00106353624153329
2025-03-02 12:00:00,266.95,99700,1.77,295.1,0.000993873140953953
2025-03-02 13:00:00,268.15,99720,1.86,289.1,0.00096238384035132
2025-03-02 14:00:00,269.69,99740,1.97,279.9,0.00104411602065216
2025-03-02 15:00:00,271.15,99760,2.29,281.8,0.0012139207745708
2025-03-02 16:00:00,272.24,99720,2.19,280,0.00137976122550255
2025-03-02 17:00:00,273.36,99670,2.1,275.2,0.0015826785284689
2025-03-02 18:00:00,274.34,99590,2.26,269.2,0.00176203612463568
2025-03-02 19:00:00,274.98,99500,2.42,261.9,0.00188578679611575
2025-03-02 20:00:00,275.21,99420,2.46,254.2,0.00193276626924843
2025-03-02 21:00:00,274.96,99370,2.6,250.2,0.00190897773283818
2025-03-02 22:00:00,273.83,99340,1.89,248.3,0.00223593236601656
2025-03-02 23:00:00,272.08,99360,1.54,249.9,0.0017672448623803
2025-03-03,272.26,99370,1.15,231.7,0.0016179585029571
2025-03-03 01:00:00,272.06,99360,1.26,195.1,0.00161283609129337
2025-03-03 02:00:00,271.28,99350,1.87,177.2,0.00163202932856752
2025-03-03 03:00:00,270.58,99320,2.43,171,0.00163054263924451
2025-03-03 04:00:00,270.44,99280,2.78,170.3,0.00163189745075282
2025-03-03 05:00:00,270.53,99260,2.94,177.1,0.00164776486173777
2025-03-03 06:00:00,271.05,99270,3.06,187.9,0.00175662536110883
2025-03-03 07:00:00,271.11,99270,3.24,198.2,0.00179431839724606
2025-03-03 08:00:00,271.14,99250,3.51,202.8,0.00184341772929947
2025-03-03 09:00:00,271.18,99220,3.85,199.6,0.00190743577622129
2025-03-03 10:00:00,270.93,99180,4.19,190.3,0.00190912400764225
2025-03-03 11:00:00,270.53,99130,4.72,180.4,0.00184624394402132
2025-03-03 12:00:00,270.57,99080,5.75,173.5,0.00184865947290058
2025-03-03 13:00:00,271.95,99040,6.78,170.1,0.00215886926000813
2025-03-03 14:00:00,274.63,99010,8.18,175.3,0.00282007828728293
2025-03-03 15:00:00,276.84,98980,9.57,184.1,0.00347994355287767
2025-03-03 16:00:00,278.05,98940,9.76,188.8,0.00405712968442904
2025-03-03 17:00:00,278.7,98900,9.09,195.3,0.00458375180611098
2025-03-03 18:00:00,278.57,98870,7.65,199.6,0.00505491536426837
2025-03-03 19:00:00,279.38,98720,6.79,188.8,0.00572808840445451
2025-03-03 20:00:00,280.88,98590,6.96,183.9,0.0068400816145783
2025-03-03 21:00:00,281.31,98520,6.56,184.1,0.00764640992633456
2025-03-03 22:00:00,279.49,98470,5.34,180.6,0.00682468284706865
2025-03-03 23:00:00,276.51,98430,5.36,172.8,0.00502855562380585
2025-03-04,276.47,98420,6.66,171,0.00493077085795827
2025-03-04 01:00:00,276.11,98360,7.12,168.5,0.00473454300951702
2025-03-04 02:00:00,275.65,98340,6.98,171.6,0.00455158318224032
2025-03-04 03:00:00,275.58,98310,6.98,174.7,0.00460351430323891
2025-03-04 04:00:00,276.54,98240,8.24,183.6,0.00523562543251972
2025-03-04 05:00:00,277.9,98180,9.99,193.9,0.00634579100408153
2025-03-04 06:00:00,278.08,98140,8.96,200.3,0.00691852032672939
2025-03-04 07:00:00,278.19,98110,7.78,202.8,0.00753274315412498
2025-03-04 08:00:00,277.69,98050,6.47,199,0.0076427146880714
2025-03-04 09:00:00,278.38,98020,7.83,202.1,0.00862195069006979
2025-03-04 10:00:00,278.37,97990,7.61,200.8,0.00890422658114802
2025-03-04 11:00:00,278.37,97970,7.76,194.8,0.00890604406037633
2025-03-04 12:00:00,278.58,97880,8.01,187.4,0.00897829177391689
2025-03-04 13:00:00,279.62,97680,8.96,176.9,0.00984598176496528
2025-03-04 14:00:00,281.07,97810,7.92,190.3,0.0114032578667573
2025-03-04 15:00:00,281.02,97840,7.51,192,0.011685685594827
2025-03-04 16:00:00,280.99,97790,7.88,186.4,0.0122395616943288
2025-03-04 17:00:00,281.57,97700,8.73,181,0.0135701951493434
2025-03-04 18:00:00,282.99,97560,9.09,179.5,0.0160074125758139
2025-03-04 19:00:00,283.04,97370,8.33,175.2,0.0160978102273812
2025-03-04 20:00:00,282.05,97180,6.75,167.5,0.0148191461866
2025-03-04 21:00:00,281.39,97250,5.13,170,0.0138852222890774
2025-03-04 22:00:00,280.04,97240,3.6,143.4,0.0118928504437363
2025-03-04 23:00:00,279.86,97160,4.68,119.7,0.0116163570873472
2025-03-05,280.51,97050,6.65,129.8,0.0119158801317561
2025-03-05 01:00:00,279.78,96970,5.35,138.2,0.0108007706717773
2025-03-05 02:00:00,279.17,96830,4.85,129.1,0.0101619513646003
2025-03-05 03:00:00,279.33,96660,5.75,127.5,0.0105441379341315
2025-03-05 04:00:00,279.59,96460,6.11,130.6,0.0111645132240043
2025-03-05 05:00:00,279.97,96220,6.3,126.7,0.0119767135926072
2025-03-05 06:00:00,280.09,95980,5.69,114.5,0.012329038426369
2025-03-05 07:00:00,280.06,95760,5.65,108.1,0.0121982366981077
2025-03-05 08:00:00,280.17,95610,4.71,134.5,0.0125425673418684
2025-03-05 09:00:00,280.11,95490,4.35,181.2,0.012969221676937
2025-03-05 10:00:00,280.25,95440,5.6,204,0.0132380873814535
2025-03-05 11:00:00,280.3,95440,6.62,206.6,0.0129572205693722
2025-03-05 12:00:00,280.31,95470,7.62,209,0.0127015315680143
2025-03-05 13:00:00,280.56,95510,7.59,212.7,0.0129379381732819
2025-03-05 14:00:00,281.21,95540,7.33,214.5,0.0139674265192136
2025-03-05 15:00:00,282.44,95560,7.23,220.1,0.0155849365623829
2025-03-05 16:00:00,283.35,95570,7.22,230.2,0.0160833049567674
2025-03-05 17:00:00,283.49,95610,7.1,251.7,0.0155075806894544
2025-03-05 18:00:00,281.65,95670,8.32,290.8,0.012085335118574
2025-03-05 19:00:00,277.72,95830,11.05,318.2,0.00668726111915533
2025-03-05 20:00:00,276.06,95990,12.62,324.2,0.00496132110888648
2025-03-05 21:00:00,275.15,96180,12.9,322.6,0.00418337260346121
2025-03-05 22:00:00,273.64,96410,12.99,319.6,0.00314697766387332
2025-03-05 23:00:00,272.24,96640,12.69,316.1,0.00246169328636462
2025-03-06,271.37,96870,12.6,313.3,0.00213959753951998
2025-03-06 01:00:00,270.64,97050,12.58,313.8,0.00190158292874147
2025-03-06 02:00:00,270.19,97200,12.04,315.2,0.00175746739383813
2025-03-06 03:00:00,270.08,97290,11.44,315.1,0.00171729762067795
2025-03-06 04:00:00,269.96,97390,11.07,314.9,0.00167233655645223
2025-03-06 05:00:00,269.96,97500,10.79,316.2,0.00165124337765396
2025-03-06 06:00:00,270.06,97620,10.29,316.2,0.0016665821992384
2025-03-06 07:00:00,269.92,97740,9.64,312.7,0.00165860987080606
2025-03-06 08:00:00,269.51,97830,8.67,309.8,0.00160089615038478
2025-03-06 09:00:00,269.19,97890,7.7,306.6,0.00155192099805435
2025-03-06 10:00:00,268.81,97960,7.39,302.9,0.00149995843588476
2025-03-06 11:00:00,268.5,98040,7.3,301.7,0.00144377900816322
2025-03-06 12:00:00,268.48,98130,7.33,300.4,0.00143077519444103
2025-03-06 13:00:00,269.81,98220,8.33,305.7,0.0015968287939278
2025-03-06 14:00:00,271.64,98290,8.6,312,0.00179771728853384
2025-03-06 15:00:00,273.47,98370,8.37,314.2,0.00207188412274582
2025-03-06 16:00:00,275.09,98430,8.01,314.1,0.00241376266309238
2025-03-06 17:00:00,276.5,98480,7.53,312,0.00281814528976237
2025-03-06 18:00:00,277.62,98480,7.12,308.4,0.00321609331754947
2025-03-06 19:00:00,278.32,98470,6.8,304.5,0.00351647259659602
2025-03-06 20:00:00,278.5,98470,6.4,301.5,0.00363273181801909
2025-03-06 21:00:00,278.12,98460,5.77,298.9,0.00361989634542685
2025-03-06 22:00:00,276.37,98450,3.84,293,0.0034673971026761
2025-03-06 23:00:00,272.11,98470,3.47,280.1,0.00225924403407542
2025-03-07,271.24,98490,3.56,269.7,0.0020096877436177
2025-03-07 01:00:00,271.14,98510,3.63,260.5,0.00200073658044095
2025-03-07 02:00:00,270.73,98540,3.76,257.1,0.0018920623422597
2025-03-07 03:00:00,271.58,98560,3.67,258.4,0.00215058861534413
2025-03-07 04:00:00,272.27,98540,3.57,257.6,0.00240469481355848
2025-03-07 05:00:00,272.51,98540,3.66,260.1,0.0025281589794525
2025-03-07 06:00:00,272.59,98600,3.73,262.5,0.00261399825647278
2025-03-07 07:00:00,272.57,98610,3.5,262.9,0.00269245218305018
2025-03-07 08:00:00,272.42,98600,3.1,262,0.00272921844810849
2025-03-07 09:00:00,272.17,98570,2.8,257.4,0.00270395274185417
2025-03-07 10:00:00,271.44,98530,2.63,252,0.00245933220584558
2025-03-07 11:00:00,271.62,98470,2.11,247.7,0.00252624214765395
2025-03-07 12:00:00,272.5,98430,1.52,238.7,0.00293283388429953
2025-03-07 13:00:00,273.61,98430,1.37,211.6,0.0034539196826917
2025-03-07 14:00:00,274.63,98400,1.76,183.9,0.00382441468986608
2025-03-07 15:00:00,275.93,98350,2.47,156.6,0.00455243652438976
2025-03-07 16:00:00,276.52,98290,3.3,153.1,0.00496368357972056
2025-03-07 17:00:00,276.74,98230,3.39,152,0.00522580253480516
2025-03-07 18:00:00,276.78,98170,2.89,148.7,0.00538739056510851
2025-03-07 19:00:00,276.76,98100,2.28,135,0.00545601417371452
2025-03-07 20:00:00,276.59,98060,1.74,107.7,0.00539705927474329
2025-03-07 21:00:00,276.14,98060,1.46,73.7,0.0051891900921545
2025-03-07 22:00:00,275.24,98080,1.37,42.9,0.00490971514059896
2025-03-07 23:00:00,273.61,98140,1.77,25.1,0.00396965026579282
2025-03-08,272.38,98190,2.27,11.5,0.00337793867006663
2025-03-08 01:00:00,271.52,98260,2.58,356.7,0.00302412726544174
2025-03-08 02:00:00,270.79,98310,2.8,339.3,0.0027483226557714
2025-03-08 03:00:00,270.41,98360,3.13,321.7,0.00259587309142506
2025-03-08 04:00:00,270.47,98410,3.89,311.6,0.00255444525075905
2025-03-08 05:00:00,270.65,98470,5.09,316.2,0.00246830884034596
2025-03-08 06:00:00,270.49,98540,5.67,331.4,0.00228309214159205
2025-03-08 07:00:00,270.38,98620,5.92,350,0.0021806560955582
2025-03-08 08:00:00,269.82,98700,4.77,1.1,0.00201923276781479
2025-03-08 09:00:00,269.14,98760,3.58,6.3,0.00184637969769004
2025-03-08 10:00:00,268.71,98830,2.91,7.1,0.00171893084865566
2025-03-08 11:00:00,268.5,98890,2.39,8.9,0.00163629866075315
2025-03-08 12:00:00,269.28,98930,1.76,12.5,0.00176417344950936
2025-03-08 13:00:00,271.76,98970,0.88,28.6,0.00202005713710721
2025-03-08 14:00:00,274.65,99000,1.32,293.7,0.00227837823645377
2025-03-08 15:00:00,276.78,99030,2.64,276.5,0.00288674961410946
2025-03-08 16:00:00,278.58,99000,3.84,268.8,0.00388237151969724
2025-03-08 17:00:00,280.21,98940,5.12,268.8,0.00520427635319559
2025-03-08 18:00:00,281.48,98850,6.39,270.4,0.00643298049630529
2025-03-08 19:00:00,282.25,98770,7.59,271.3,0.00729603762927486
2025-03-08 20:00:00,282.56,98740,8.52,270.9,0.00771898323584946
2025-03-08 21:00:00,282.35,98730,8.91,269.2,0.0075732881399655
2025-03-08 22:00:00,281.07,98720,8.04,265.1,0.00679025152478583
2025-03-08 23:00:00,278.09,98730,6.56,260.7,0.00528122236166113
2025-03-09,276.47,98740,6.53,259.3,0.00455370169732167
2025-03-09 01:00:00,275.45,98750,6.17,260.3,0.00414364951750611
2025-03-09 02:00:00,274.76,98760,6.13,262.9,0.00381736712216072
2025-03-09 03:00:00,274.23,98780,6.2,265,0.00353923133581697
2025-03-09 04:00:00,273.59,98770,6.12,267,0.00324517274709381
2025-03-09 05:00:00,272.98,98770,5.96,269.6,0.00299142566702037
2025-03-09 06:00:00,272.39,98780,5.71,274.3,0.00276151708934798
2025-03-09 07:00:00,271.89,98770,5.36,279,0.00257866762256755
2025-03-09 08:00:00,271.35,98750,4.81,280.5,0.00241640554508215
2025-03-09 09:00:00,270.94,98770,4.35,282.2,0.00231384983314781
2025-03-09 10:00:00,270.61,98790,3.86,281.7,0.0022442840582455
2025-03-09 11:00:00,270.39,98810,3.46,277.8,0.00220321734057463
2025-03-09 12:00:00,271.24,98800,3.43,270,0.00246058598893591
2025-03-09 13:00:00,273.96,98800,4.42,258.6,0.00339167612762627
2025-03-09 14:00:00,276.88,98810,4.01,242.3,0.00501112036884908
2025-03-09 15:00:00,281.09,98810,4.58,239.7,0.00787928693002835
2025-03-09 16:00:00,284.22,98800,5.82,253.8,0.00965735812554357
2025-03-09 17:00:00,285.53,98700,6.42,251.1,0.0110684063943001
2025-03-09 18:00:00,286.44,98600,7.31,251.7,0.0124812059995834
2025-03-09 19:00:00,287.02,98560,7.62,259.6,0.0136392029272396
2025-03-09 20:00:00,287.13,98480,7.81,254.9,0.0141918395223905
2025-03-09 21:00:00,286.49,98440,7.81,252.6,0.0136434009718466
2025-03-09 22:00:00,284.88,98410,6.59,249.6,0.0123188354872301
2025-03-09 23:00:00,281.73,98430,5.52,247.5,0.00947531181021236
2025-03-10,280.01,98460,5.63,249.2,0.00789483446450712
2025-03-10 01:00:00,279.29,98470,5.73,250.5,0.00725804806742838
2025-03-10 02:00:00,278.57,98470,5.64,251.5,0.00668496162228319
2025-03-10 03:00:00,277.92,98450,5.58,252.6,0.00623557768137387
2025-03-10 04:00:00,277.38,98410,5.56,252.2,0.00592135104700939
2025-03-10 05:00:00,276.71,98370,5.45,251.2,0.00559128072569477
2025-03-10 06:00:00,276.16,98340,5.4,253,0.00534764682133195
2025-03-10 07:00:00,275.58,98330,5.28,259.3,0.0050835259870943
2025-03-10 08:00:00,274.86,98310,4.93,266.9,0.00475191091950365
2025-03-10 09:00:00,274,98290,4.37,271.3,0.00439805052754942
2025-03-10 10:00:00,273.2,98280,3.89,273.4,0.0040938992749907
2025-03-10 11:00:00,272.53,98280,3.61,269.5,0.00385864895695034
2025-03-10 12:00:00,273.25,98280,3.33,260,0.00421218273362431
2025-03-10 13:00:00,276.8,98300,4.59,246.6,0.00626949063580793
2025-03-10 14:00:00,279.65,98290,4.47,231.4,0.008924228656609
2025-03-10 15:00:00,283.66,98240,4.69,226,0.0144207899152129
2025-03-10 16:00:00,288.07,98170,6.2,244.6,0.0204070500110211
2025-03-10 17:00:00,290.07,98080,6.6,251,0.02295518840648
2025-03-10 18:00:00,291.24,97990,6.51,249.2,0.0248024612135574
2025-03-10 19:00:00,291.84,97900,6.49,243.4,0.0255800088352195
2025-03-10 20:00:00,291.82,97840,6.7,235.8,0.0251070063211016
2025-03-10 21:00:00,291.22,97790,6.63,229.1,0.0243965873178116
2025-03-10 22:00:00,289.12,97730,5.53,220.4,0.0221913579606779
2025-03-10 23:00:00,285.3,97680,5.56,213.4,0.0154507739169883
2025-03-11,284.37,97640,6.83,213.4,0.0137169766325058
2025-03-11 01:00:00,284.22,97600,8.07,216.9,0.0135936728271498
2025-03-11 02:00:00,283.65,97550,8.69,220.8,0.0130825238413502
2025-03-11 03:00:00,283.23,97500,9.33,226.3,0.0128975655329707
2025-03-11 04:00:00,282.91,97460,9.56,231.2,0.0130222502780024
2025-03-11 05:00:00,282.68,97420,9.63,234.2,0.0131663465213096
2025-03-11 06:00:00,282.39,97380,8.54,234.7,0.0130484199483436
2025-03-11 07:00:00,281.11,97340,6.76,230.7,0.0117089521380573
2025-03-11 08:00:00,280.37,97350,6.39,241.5,0.0110003663988617
2025-03-11 09:00:00,279.49,97490,5.83,279.2,0.0102021513474521
2025-03-11 10:00:00,278.26,97580,4.77,321.4,0.00905227368462118
2025-03-11 11:00:00,277.57,97670,4.94,356.2,0.008111922738852
2025-03-11 12:00:00,278.08,97780,6.23,4.1,0.00800798315156355
2025-03-11 13:00:00,279.87,97910,7.55,3.2,0.00918248302017913
2025-03-11 14:00:00,282.21,98020,8.84,17,0.0107122374410441
2025-03-11 15:00:00,283.21,98130,9.95,27.6,0.0107057973043216
2025-03-11 16:00:00,282.9,98250,10.16,31.4,0.00960094624582507
2025-03-11 17:00:00,282.13,98360,10.2,34.3,0.00814962376074645
2025-03-11 18:00:00,281.08,98420,10,37,0.00675184044739487
2025-03-11 19:00:00,280.09,98450,9.67,39.2,0.00563646770443474
2025-03-11 20:00:00,279.14,98490,9.3,41.8,0.00471757162724428
2025-03-11 21:00:00,278.06,98530,8.69,43.2,0.00395866884457267
2025-03-11 22:00:00,276.59,98560,7.82,42.3,0.00344155374629913
2025-03-11 23:00:00,274.39,98580,5.81,37.4,0.00305415503643992
2025-03-12,272.83,98590,5.04,32.5,0.00285063667323357
2025-03-12 01:00:00,272.46,98560,5.52,34.1,0.00287050450791514
2025-03-12 02:00:00,272.22,98530,5.64,39.5,0.00286554863854639
2025-03-12 03:00:00,272.4,98450,5.6,49.9,0.00292830286076478
2025-03-12 04:00:00,272.83,98390,5.47,64.2,0.00309554541371059
2025-03-12 05:00:00,273.38,98350,5.55,77.8,0.00335520644907523
2025-03-12 06:00:00,273.38,98330,5.58,88.9,0.00340579385945928
2025-03-12 07:00:00,272.9,98290,5.49,96.1,0.00327282061526032
2025-03-12 08:00:00,272.25,98220,4.92,96.1,0.00305864519263431
2025-03-12 09:00:00,272.19,98200,4.72,97.5,0.00292279293016655
2025-03-12 10:00:00,272.13,98210,4.48,93.2,0.00291444894001633
2025-03-12 11:00:00,272.15,98200,4.59,89.5,0.00291814731300976
2025-03-12 12:00:00,273.17,98220,5.29,82.7,0.00326940634843374
2025-03-12 13:00:00,275.26,98260,6.31,81.3,0.00401967941948372
2025-03-12 14:00:00,277.2,98300,6.52,86.8,0.00476977927773824
2025-03-12 15:00:00,278.89,98300,5.89,86,0.00580442758440793
2025-03-12 16:00:00,280.54,98280,4.89,80.1,0.00717951593917358
2025-03-12 17:00:00,281.9,98250,4.02,72,0.00846294574313045
2025-03-12 18:00:00,282.96,98200,3.38,57.6,0.00960058747691711
2025-03-12 19:00:00,283.61,98180,3.43,38.1,0.0103101075807834
2025-03-12 20:00:00,283.66,98170,4.09,27.1,0.0102443326147662
2025-03-12 21:00:00,283.23,98210,4.47,26,0.00961010623503391
2025-03-12 22:00:00,281.86,98260,4.21,33,0.00838343122936987
2025-03-12 23:00:00,277.94,98330,3.08,48,0.0059669980896054
2025-03-13,275.42,98370,3.19,58.9,0.00419416611941524
2025-03-13 01:00:00,274.41,98390,3.08,65.3,0.00354994967139421
2025-03-13 02:00:00,273.84,98400,3,71.9,0.00323473726596777
2025-03-13 03:00:00,273.48,98400,2.93,79.8,0.00304173883385757
2025-03-13 04:00:00,273.21,98380,2.86,87.8,0.00290427724012256
2025-03-13 05:00:00,273.03,98370,2.78,92.7,0.00283421290078599
2025-03-13 06:00:00,272.91,98390,2.68,92.1,0.00282905051564204
2025-03-13 07:00:00,272.75,98400,2.62,87.6,0.00287078684367996
2025-03-13 08:00:00,272.43,98390,2.71,80.9,0.00291672579405493
2025-03-13 09:00:00,272.16,98400,2.82,73.7,0.00301805737756956
2025-03-13 10:00:00,271.93,98430,2.93,68.2,0.00312590887843757
2025-03-13 11:00:00,271.76,98450,3.03,68.3,0.00323397009835954
2025-03-13 12:00:00,272.95,98470,2.85,75.4,0.00383223267879196
2025-03-13 13:00:00,276.29,98500,3.75,84.5,0.00573570267798219
2025-03-13 14:00:00,278.89,98540,3.05,88.7,0.00799037934438319
2025-03-13 15:00:00,282.41,98550,3.55,96.6,0.0120535058241243
2025-03-13 16:00:00,285.23,98540,4.47,103.6,0.0158886822077138
2025-03-13 17:00:00,287,98520,4.82,105,0.0186208237905109
2025-03-13 18:00:00,288.09,98490,5.07,105.1,0.0203465131400711
2025-03-13 19:00:00,288.55,98430,5.17,104.4,0.0207627085045567
2025-03-13 20:00:00,288.47,98390,5.16,102.4,0.0202036077912751
2025-03-13 21:00:00,287.53,98380,5.04,97.5,0.0186727899853142
2025-03-13 22:00:00,285.42,98380,4.86,86.5,0.0160969289024094
2025-03-13 23:00:00,281.35,98370,4.46,77.8,0.011014252218945
2025-03-14,279.05,98350,4.97,80.7,0.00838500203668505
2025-03-14 01:00:00,278.48,98330,5.03,91,0.0077819937193548
2025-03-14 02:00:00,278.38,98310,4.79,107.1,0.00776819524230295
2025-03-14 03:00:00,278.74,98280,5.06,121.8,0.00813645816242103
2025-03-14 04:00:00,278.89,98220,5.46,132.5,0.00828751016936331
2025-03-14 05:00:00,278.78,98170,5.94,141.5,0.00820978815431493
2025-03-14 06:00:00,279.09,98120,6.75,151.5,0.00874377903741947
2025-03-14 07:00:00,279.14,98070,6.61,158,0.00943210265707269
2025-03-14 08:00:00,279.64,98010,6.36,161.6,0.0111059940463292
2025-03-14 09:00:00,280.29,97960,6.06,159.4,0.0130409799171149
2025-03-14 10:00:00,280.64,97920,6.19,152.6,0.0136809156442228
2025-03-14 11:00:00,280.81,97880,6.42,152.2,0.0138384886912211
2025-03-14 12:00:00,281.86,97840,6.62,153.4,0.0160160437623506
2025-03-14 13:00:00,284.68,97810,7.25,154.8,0.0230638218067028
2025-03-14 14:00:00,287.86,97750,7.37,153.4,0.0347695165229233
2025-03-14 15:00:00,290.91,97640,8.94,160.8,0.0475502244954807
2025-03-14 16:00:00,293.01,97530,10.22,166,0.054590921757706
2025-03-14 17:00:00,294.35,97440,11.23,169.5,0.0599760618515705
2025-03-14 18:00:00,295.09,97320,11.64,171.9,0.0648257081355327
2025-03-14 19:00:00,295.08,97180,11.16,172.4,0.0661911794219883
2025-03-14 20:00:00,295.05,97060,10.58,170.4,0.0681652397144191
2025-03-14 21:00:00,295.11,96950,10.34,166.3,0.0716049457026055
2025-03-14 22:00:00,294.45,96860,9.91,162.9,0.0708196067265898
2025-03-14 23:00:00,292.9,96820,9.57,160.7,0.0636552383054601
2025-03-15,292.16,96770,10.02,161.9,0.0599837554167829
2025-03-15 01:00:00,291.85,96750,10.77,167,0.0579057044415963
2025-03-15 02:00:00,291.85,96630,12.14,165.4,0.0576806904212048
2025-03-15 03:00:00,291.69,96470,13.79,162.7,0.0578012717605947
2025-03-15 04:00:00,291.25,96340,14.35,165.3,0.0545964858930267
2025-03-15 05:00:00,290.58,96200,13.83,173,0.0499194201402079
2025-03-15 06:00:00,289.19,96250,10.49,198.6,0.0449085391072325
2025-03-15 07:00:00,287.99,96320,8.14,226,0.0399200558310692
2025-03-15 08:00:00,285.84,96310,4.97,220.5,0.0309081659063297
2025-03-15 09:00:00,284.89,96290,5.65,196.8,0.0263096388708761
2025-03-15 10:00:00,284.27,96270,7.01,183.2,0.0234594088692111
2025-03-15 11:00:00,284.18,96240,8.09,180.6,0.0231155931279743
2025-03-15 12:00:00,285.07,96240,8.86,184.6,0.0258499368273331
2025-03-15 13:00:00,287.54,96260,11.35,199.6,0.032847572661968
2025-03-15 14:00:00,289.65,96290,13.26,207.4,0.0348312270987736
2025-03-15 15:00:00,290.37,96370,15.22,214.5,0.0297507655235762
2025-03-15 16:00:00,290.48,96440,15.26,218.1,0.0297541092027576
2025-03-15 17:00:00,290.37,96500,14.72,222.3,0.0297310703163636
2025-03-15 18:00:00,289.97,96430,13.46,230.3,0.0290837230812075
2025-03-15 19:00:00,289.18,96380,12.07,242.2,0.0267369578313653
2025-03-15 20:00:00,287.43,96590,10.23,238.1,0.0218547830681184
2025-03-15 21:00:00,285.6,96620,8.61,249.5,0.017856750609314
2025-03-15 22:00:00,284,96640,7.71,266.9,0.0145709597657962
2025-03-15 23:00:00,281.69,96870,6.1,270.3,0.0110500755224114
2025-03-16,279.97,96960,5.98,288.9,0.00878451320666961
2025-03-16 01:00:00,278.79,96930,5.52,304.9,0.00740100514623998
2025-03-16 02:00:00,277.75,96950,5.15,322.8,0.00630268079582697
2025-03-16 03:00:00,276.53,96890,6.39,332,0.00507697044974153
2025-03-16 04:00:00,275.42,96940,6.72,325.7,0.00423727262431168
2025-03-16 05:00:00,274.73,96830,6.63,329.3,0.00393737091319421
2025-03-16 06:00:00,274.32,96910,4.72,325.8,0.00383105173640309
2025-03-16 07:00:00,273.71,96940,4.1,315.8,0.00365681263397811
2025-03-16 08:00:00,273.38,96870,4.35,314.5,0.00359197283530229
2025-03-16 09:00:00,273.02,96830,4.87,315.1,0.00338747726118604
2025-03-16 10:00:00,272.19,97000,4.57,308.9,0.00296992866480855
2025-03-16 11:00:00,272.12,97120,5.66,315.1,0.00280559195438359
2025-03-16 12:00:00,271.98,97160,6.36,316.8,0.00273442451323644
2025-03-16 13:00:00,272.32,97280,7.82,322.4,0.00275031377801727
2025-03-16 14:00:00,272.7,97430,8.14,328.6,0.00279430497834999
2025-03-16 15:00:00,273.03,97560,7.77,331.9,0.00285988669677787
2025-03-16 16:00:00,272.98,97700,7.24,328.8,0.00281048936613649
2025-03-16 17:00:00,272.98,97830,6.97,324.4,0.00275657873676663
2025-03-16 18:00:00,273.29,97950,6.61,320.5,0.00278013481066326
2025-03-16 19:00:00,273.88,98050,6.29,315.9,0.00288336249956638
2025-03-16 20:00:00,274.74,98160,6.18,313,0.00307720801364567
2025-03-16 21:00:00,275.39,98270,6.02,314.3,0.00318726517174832
2025-03-16 22:00:00,275.42,98390,5.54,318.2,0.00313459154772397
2025-03-16 23:00:00,272.6,98510,3.45,319.5,0.00244848771441021
2025-03-17,270.18,98640,3.51,319.5,0.00178130869123119
2025-03-17 01:00:00,269.53,98750,3.54,321.4,0.00162367047814368
2025-03-17 02:00:00,268.91,98840,3.43,326.8,0.00149317324453541
2025-03-17 03:00:00,268.47,98920,3.33,333.8,0.00141358861113276
2025-03-17 04:00:00,268.33,99020,3.43,336.6,0.00138962930297468
2025-03-17 05:00:00,268.1,99100,3.44,339.4,0.00134177699871775
2025-03-17 06:00:00,267.85,99170,3.24,341.8,0.00129007395459671
2025-03-17 07:00:00,267.77,99230,2.99,341.1,0.00126731558879397
2025-03-17 08:00:00,267.93,99260,2.58,341.7,0.00127917274781392
2025-03-17 09:00:00,268.67,99260,1.73,5.3,0.00134418919630147
2025-03-17 10:00:00,269.31,99250,1.14,66.1,0.00141354097866538
2025-03-17 11:00:00,268.9,99270,1.59,128.6,0.00142461265465168
2025-03-17 12:00:00,269.66,99270,2.77,152,0.00165469062047734
2025-03-17 13:00:00,272.48,99310,4.28,166.6,0.00233287409162538
2025-03-17 14:00:00,275.36,99320,5.72,170.3,0.00312813620497
2025-03-17 15:00:00,276.65,99280,7.48,169.7,0.00321204382983758
2025-03-17 16:00:00,277.45,99170,8.7,168.3,0.00346806377570244
2025-03-17 17:00:00,279.32,99070,9.92,173.1,0.00422432657500829
2025-03-17 18:00:00,280.81,98930,10.73,175.8,0.00494128452832654
2025-03-17 19:00:00,282.19,98830,11.2,181.7,0.00588892691226385
2025-03-17 20:00:00,283.04,98740,11.31,187,0.00685828932181157
2025-03-17 21:00:00,283.25,98640,10.92,188.4,0.00767169172104768
2025-03-17 22:00:00,282.62,98570,9.93,188.3,0.00801158768171225
2025-03-17 23:00:00,280.87,98540,9.48,189.4,0.00728283582400971
2025-03-18,279.74,98530,10.05,192.9,0.00684460752220115
2025-03-18 01:00:00,279.3,98510,10.47,196,0.00686887669794617
2025-03-18 02:00:00,278.36,98480,9.06,194.4,0.0066105862462474
2025-03-18 03:00:00,277.77,98470,8.47,194.8,0.00655648222784794
2025-03-18 04:00:00,277.82,98430,8.29,197.4,0.0069420088810056
2025-03-18 05:00:00,278.18,98380,7.98,198.9,0.007601581982801
2025-03-18 06:00:00,278.29,98360,7.87,201.9,0.00805705282367048
2025-03-18 07:00:00,278.26,98340,7.34,203.9,0.00830084022882473
2025-03-18 08:00:00,278.16,98310,6.62,204.6,0.00841490506836945
2025-03-18 09:00:00,278.04,98290,6.06,206.7,0.00843081320029152
2025-03-18 10:00:00,277.67,98290,5.58,208.4,0.00816305766427702
2025-03-18 11:00:00,277.13,98270,5.23,206.8,0.00767997400421931
2025-03-18 12:00:00,277.89,98250,5.92,208.9,0.00833744918493488
2025-03-18 13:00:00,279.41,98240,5.58,203.2,0.010149920742779
2025-03-18 14:00:00,281.8,98220,5.75,195,0.0136527288566606
2025-03-18 15:00:00,283.71,98170,5.99,187,0.0169836573318648
2025-03-18 16:00:00,285.69,98090,6.15,179.3,0.0209858203354291
2025-03-18 17:00:00,287.57,97980,6.38,172.5,0.0252864301830874
2025-03-18 18:00:00,289.37,97840,6.83,168.2,0.0301413571357269
2025-03-18 19:00:00,291,97690,7.33,169.1,0.0354292882900146
2025-03-18 20:00:00,292.52,97550,7.53,175,0.0412251258024722
2025-03-18 21:00:00,293.38,97450,6.83,182.5,0.0462331414362672
2025-03-18 22:00:00,292.19,97430,5.18,188,0.0452215027219507
2025-03-18 23:00:00,288.64,97440,4.6,189.6,0.0330465350338059
2025-03-19,286.69,97470,4.76,189.9,0.0271554267940511
2025-03-19 01:00:00,285.78,97510,4.27,182.3,0.0251883683144506
2025-03-19 02:00:00,284.96,97530,3.82,167.3,0.0233183685031398
2025-03-19 03:00:00,284.32,97520,3.79,159.3,0.0220397280141037
2025-03-19 04:00:00,283.38,97520,3.75,157.7,0.0203547781287891
2025-03-19 05:00:00,282.57,97500,3.34,155.4,0.0186420465188418
2025-03-19 06:00:00,281.79,97500,2.72,145.8,0.0166763116183963
2025-03-19 07:00:00,281.23,97500,1.86,130.2,0.0150181017900518
2025-03-19 08:00:00,280.91,97470,1.25,102,0.0137282161080226
2025-03-19 09:00:00,279.96,97460,1.59,50.1,0.0117088318699717
2025-03-19 10:00:00,278.89,97470,2.32,35,0.00987777711485848
2025-03-19 11:00:00,277.9,97500,3.52,35.6,0.00835650796403577
2025-03-19 12:00:00,277.21,97490,4.72,45.8,0.00739336072258244
2025-03-19 13:00:00,277.37,97430,5.41,58,0.00747001863254523
2025-03-19 14:00:00,278.46,97310,5.79,74.7,0.00874190110700129
2025-03-19 15:00:00,280.79,97180,5.46,98.5,0.0124121060449431
2025-03-19 16:00:00,282.87,97170,2.97,126.8,0.0173965491248739
2025-03-19 17:00:00,284.52,97050,3.27,101.5,0.0224421756443559
2025-03-19 18:00:00,285.43,96900,4.41,103.2,0.0257193318047907
2025-03-19 19:00:00,286.57,96810,4.54,130.9,0.0301286895214483
2025-03-19 20:00:00,287.49,96760,4.42,151.2,0.0345417970165038
2025-03-19 21:00:00,287.84,96710,3.79,153.8,0.0363439002617297
2025-03-19 22:00:00,286.95,96570,3.79,103.7,0.0331750887550937
2025-03-19 23:00:00,284.55,96340,5.97,62.9,0.024047914241136
2025-03-20,280.63,96570,6.35,356.7,0.0129643695412589
2025-03-20 01:00:00,275.36,96990,13.84,343.2,0.00526863755363969
2025-03-20 02:00:00,273.51,96990,13.94,352.1,0.00386766662037775
2025-03-20 03:00:00,273.63,97100,10.51,350.7,0.00389016159518989
2025-03-20 04:00:00,273.89,97220,8.24,352.4,0.00401656843212402
2025-03-20 05:00:00,273.98,97310,7.68,349.6,0.00409138133936181
2025-03-20 06:00:00,274,97430,8.16,344.7,0.00409402488193947
2025-03-20 07:00:00,273.66,97530,8.72,342,0.0038557295299476
2025-03-20 08:00:00,273.43,97650,9.24,341.4,0.00369477132307453
2025-03-20 09:00:00,273.06,97750,9.62,339.8,0.00345106259469759
2025-03-20 10:00:00,272.47,97850,9.78,338.1,0.00304613363570878
2025-03-20 11:00:00,272.03,97970,9.48,335.1,0.00273904752061026
2025-03-20 12:00:00,271.85,98070,9.31,331.6,0.00256978831987356
2025-03-20 13:00:00,272.25,98180,9.83,330.8,0.00260744881862737
2025-03-20 14:00:00,273.4,98300,10.47,334.1,0.00286311370970252
2025-03-20 15:00:00,274.77,98400,10.05,336.2,0.00323551189085453
2025-03-20 16:00:00,275.98,98500,9.08,334,0.00360298648759486
2025-03-20 17:00:00,276.96,98560,8.39,330.4,0.00389930660879365
2025-03-20 18:00:00,277.69,98610,8.13,327.4,0.00408528402170039
2025-03-20 19:00:00,278.13,98650,7.89,325.3,0.00414873883490329
2025-03-20 20:00:00,278.3,98660,7.07,323.3,0.00415256412415881
2025-03-20 21:00:00,278.14,98680,6.23,320.2,0.00409188419077773
2025-03-20 22:00:00,277.56,98730,5.59,317.2,0.00401097073613883
2025-03-20 23:00:00,274.81,98780,3.45,315.9,0.00342748063455972
2025-03-21,272.25,98810,3.26,315.6,0.00249703914797557
2025-03-21 01:00:00,271.77,98830,2.92,315.4,0.00228590359359087
2025-03-21 02:00:00,272.14,98830,2.31,310.1,0.00233070901597841
2025-03-21 03:00:00,271.85,98850,2.11,292,0.00216051577350803
2025-03-21 04:00:00,271,98860,2.27,268.7,0.00190330203895785
2025-03-21 05:00:00,270.33,98840,2.51,245.3,0.00177219502515184
2025-03-21 06:00:00,269.74,98800,2.91,223.6,0.00168328325976995
2025-03-21 07:00:00,269.51,98730,3.43,212.5,0.00166622062164306
2025-03-21 08:00:00,269.79,98640,4.12,209.9,0.00173493800350645
2025-03-21 09:00:00,270.18,98570,4.92,207.4,0.00182534408556084
2025-03-21 10:00:00,270.49,98500,5.89,202.7,0.00191560681880766
2025-03-21 11:00:00,270.79,98440,6.89,198.4,0.00203100364265339
2025-03-21 12:00:00,271.7,98400,7.91,194.5,0.00234175441053795
2025-03-21 13:00:00,274.04,98350,8.7,191.5,0.00325136300144182
2025-03-21 14:00:00,277.31,98300,9.88,193.2,0.00491861443867035
2025-03-21 15:00:00,280.68,98210,12.34,203,0.00688085301576309
2025-03-21 16:00:00,283.29,98080,12.84,209.6,0.00896064593603059
2025-03-21 17:00:00,284.98,97960,12.76,215.3,0.0107944200045907
2025-03-21 18:00:00,285.88,97840,12.22,218.7,0.0122385172546255
2025-03-21 19:00:00,285.82,97740,11.52,218.6,0.0125373666420116
2025-03-21 20:00:00,285.47,97640,10.63,215.2,0.0127276311534322
2025-03-21 21:00:00,285.25,97570,9.77,212,0.0133502354665581
2025-03-21 22:00:00,284.4,97520,9.15,213.1,0.0130118335711685
2025-03-21 23:00:00,283.24,97510,8.7,221.3,0.0122866265128715
2025-03-22,282.08,97530,7.41,233,0.0118481017675661
2025-03-22 01:00:00,280.98,97520,5.79,242.6,0.0109954369892717
2025-03-22 02:00:00,280.17,97520,5.07,251.9,0.0101590969387081
2025-03-22 03:00:00,279.77,97530,5.68,261.8,0.00963084291226897
2025-03-22 04:00:00,279.38,97560,7.1,278.4,0.00924469506434777
2025-03-22 05:00:00,278.95,97650,8.73,310.4,0.00861482168312485
2025-03-22 06:00:00,277.94,97790,9.23,323.7,0.00670980881464131
2025-03-22 07:00:00,276.66,97930,8.61,317.3,0.00516943584391221
2025-03-22 08:00:00,275,98050,8.4,314.4,0.00380045417107444
2025-03-22 09:00:00,272.65,98180,7.33,313.3,0.00265013996937398
2025-03-22 10:00:00,270.89,98290,6.53,313.2,0.00204135076004417
2025-03-22 11:00:00,269.75,98400,5.79,315.1,0.00175239576834159
2025-03-22 12:00:00,270.3,98520,5.94,320.4,0.00186036285755644
2025-03-22 13:00:00,272.6,98640,6.12,336.7,0.00235584176386234
2025-03-22 14:00:00,274.84,98750,5.82,343.6,0.00272898207718293
2025-03-22 15:00:00,276.35,98840,5.15,337.3,0.00298084052292258
2025-03-22 16:00:00,277.55,98900,4.42,333.4,0.00332545771002789
2025-03-22 17:00:00,278.69,98930,3.84,328.4,0.00376746549223496
2025-03-22 18:00:00,279.64,98950,3.76,320.3,0.00420205129953119
2025-03-22 19:00:00,280.34,98960,4.04,315.7,0.00456669645417315
2025-03-22 20:00:00,280.64,98950,3.97,318.9,0.00474503977913989
2025-03-22 21:00:00,280.36,98930,3.46,325.1,0.00466104136281552
2025-03-22 22:00:00,279.48,98930,2.52,339,0.00445507210411797
2025-03-22 23:00:00,277.15,98950,1.32,31.4,0.00443856281793769
2025-03-23,274.1,98980,2.38,92.4,0.00312495364047274
2025-03-23 01:00:00,273.02,99010,3.42,110.7,0.00283439841026835
2025-03-23 02:00:00,272.99,99040,4.76,121.1,0.00284248686160047
2025-03-23 03:00:00,272.89,99040,4.67,125.1,0.00290983269873777
2025-03-23 04:00:00,272.94,99020,4.55,126.2,0.00299703122814699
2025-03-23 05:00:00,272.96,99010,4.54,127.6,0.00305026634636653
2025-03-23 06:00:00,272.95,98990,4.83,129.2,0.00307070807322226
2025-03-23 07:00:00,272.85,98930,5.12,130.9,0.00305717250695587
2025-03-23 08:00:00,272.49,98850,5.18,130.1,0.00294808230824504
2025-03-23 09:00:00,272.27,98750,5.14,126.4,0.00289851527202494
2025-03-23 10:00:00,272.19,98680,5.25,129.8,0.00292369605145493
2025-03-23 11:00:00,272.45,98570,5.86,134.4,0.00307216310880521
2025-03-23 12:00:00,273.19,98480,6.54,141.8,0.00342480741666222
2025-03-23 13:00:00,274.37,98450,7.34,150.1,0.00399153432734552
2025-03-23 14:00:00,275.57,98190,8.26,143.8,0.00463181505237672
2025-03-23 15:00:00,279.03,98170,9.82,160,0.00670277614491911
2025-03-23 16:00:00,281.91,98090,11.64,166.4,0.00922651496042686
2025-03-23 17:00:00,282.65,97930,11.52,161.9,0.0110966586730971
2025-03-23 18:00:00,283.11,97830,11.29,165.8,0.0126578673926108
2025-03-23 19:00:00,282.35,97690,10.38,169.6,0.0122235183409457
2025-03-23 20:00:00,282.06,97570,8.95,174.2,0.0123634178994142
2025-03-23 21:00:00,281.43,97490,8.13,186.9,0.0123056105499405
2025-03-23 22:00:00,280.99,97450,7.46,215.9,0.0123247146371272
2025-03-23 23:00:00,280.33,97470,10.87,255.3,0.0106397116155891
2025-03-24,278.05,97580,12.68,272.4,0.00726337493806375
2025-03-24 01:00:00,277.18,97700,12.17,278.6,0.00623030971841205
2025-03-24 02:00:00,276.83,97780,12.56,281.4,0.00532818529046404
2025-03-24 03:00:00,276.07,97820,12.18,279.3,0.00452903061628169
2025-03-24 04:00:00,275.14,97820,11.07,273.5,0.0040433548888545
2025-03-24 05:00:00,274.26,97810,10.23,269.1,0.00367565374773698
2025-03-24 06:00:00,273.54,97800,9.68,268.1,0.00336512878013207
2025-03-24 07:00:00,272.98,97780,9.5,271.4,0.00308072633108839
2025-03-24 08:00:00,272.24,97760,9.28,275.5,0.00272213622408795
2025-03-24 09:00:00,271.47,97780,9.02,278.8,0.00240099983910092
2025-03-24 10:00:00,270.9,97830,8.88,281.2,0.00219115249878983
2025-03-24 11:00:00,270.57,97890,8.78,281.6,0.00207520536810419
2025-03-24 12:00:00,271.06,97970,9.15,280.9,0.00217545376871082
2025-03-24 13:00:00,272.55,98040,10.43,285,0.00251055815058268
2025-03-24 14:00:00,274.21,98100,11.08,289.2,0.00294794918029714
2025-03-24 15:00:00,275.67,98130,11.08,290.6,0.00345653958130665
2025-03-24 16:00:00,277.31,98120,10.91,291.5,0.00415538219001103
2025-03-24 17:00:00,278.85,98120,10.87,291.4,0.00491385716865702
2025-03-24 18:00:00,280.12,98140,10.77,291.3,0.00558116134543266
2025-03-24 19:00:00,280.96,98180,10.49,291.8,0.00603928434774984
2025-03-24 20:00:00,281.32,98240,10.18,292.7,0.00619410877027263
2025-03-24 21:00:00,281.24,98310,9.83,294.5,0.00608193931174247
2025-03-24 22:00:00,280.51,98380,8.92,297.2,0.0056747571187069
2025-03-24 23:00:00,278.44,98460,6.46,301.6,0.00490570078692034
2025-03-25,275.34,98540,4.61,308.4,0.00381995500977015
2025-03-25 01:00:00,273.98,98600,3.97,314.7,0.00332990178948065
2025-03-25 02:00:00,272.94,98620,3.62,318,0.00292953503768101
2025-03-25 03:00:00,272.22,98630,3.4,320.7,0.00264703609877715
2025-03-25 04:00:00,271.84,98630,3.19,324.7,0.00250347029142092
2025-03-25 05:00:00,271.75,98620,2.92,325.8,0.00246369765596332
2025-03-25 06:00:00,271.81,98620,2.58,325.6,0.0024537790290936
2025-03-25 07:00:00,272.11,98610,2.32,322.9,0.00255014672515532
2025-03-25 08:00:00,272.18,98600,2.17,320.6,0.00254634394268548
2025-03-25 09:00:00,272.15,98620,2.15,322.4,0.00257312575647835
2025-03-25 10:00:00,272.06,98670,2.24,329.4,0.00263138682089677
2025-03-25 11:00:00,272,98720,2.33,336.5,0.00267831872309998
2025-03-25 12:00:00,273.3,98790,2.57,342.8,0.00318993961985455
2025-03-25 13:00:00,274.91,98830,3.01,346.9,0.00370860196641359
2025-03-25 14:00:00,277.92,98880,2.98,342.2,0.00480055066973463
2025-03-25 15:00:00,280.13,98910,4.04,329.8,0.00577061999308659
2025-03-25 16:00:00,281.45,98940,4.81,320.1,0.0066927189025308
2025-03-25 17:00:00,282.43,98910,5.3,316.1,0.00735254261193621
2025-03-25 18:00:00,283.17,98900,6.05,316.8,0.00771791269387256
2025-03-25 19:00:00,283.43,98920,6.84,320.5,0.007673099036087
2025-03-25 20:00:00,283.14,98970,7.5,325.7,0.00735617334007454
2025-03-25 21:00:00,282.16,99050,7.5,331.1,0.00674072744985735
2025-03-25 22:00:00,280.89,99120,6.41,337.4,0.00622165096054813
2025-03-25 23:00:00,278.24,99180,3.33,351.7,0.00570170281330425
2025-03-26,275.43,99230,2.65,9.1,0.00422644556547209
2025-03-26 01:00:00,275.26,99280,2.02,26.8,0.0038566926347224
2025-03-26 02:00:00,275.52,99310,1.17,46.7,0.00368298610424817
2025-03-26 03:00:00,275.62,99330,0.23,52.1,0.0035612975443906
2025-03-26 04:00:00,274.83,99350,0.68,259,0.00327877341286079
2025-03-26 05:00:00,274.04,99350,1.27,258.7,0.00304514454337458
2025-03-26 06:00:00,273.14,99350,1.68,260,0.00280387512453856
2025-03-26 07:00:00,272.27,99370,1.9,270,0.00259084517551896
2025-03-26 08:00:00,271.77,99380,1.9,293.9,0.00249032500010048
2025-03-26 09:00:00,271.52,99420,1.81,330.2,0.00246529697581841
2025-03-26 10:00:00,271.13,99450,1.95,8.8,0.00242060554015611
2025-03-26 11:00:00,270.83,99480,2.29,37.4,0.00242398653986801
2025-03-26 12:00:00,272.83,99540,2.59,57.8,0.00322695346763308
2025-03-26 13:00:00,275.72,99600,3.22,67.7,0.00442176093611507
2025-03-26 14:00:00,278.24,99630,2.66,75.4,0.00567180393572062
2025-03-26 15:00:00,280.66,99660,1.04,59.2,0.0070574932567949
2025-03-26 16:00:00,282.55,99640,1.43,329.9,0.00822583463299622
2025-03-26 17:00:00,283.41,99600,2.09,325.5,0.00887104832467151
2025-03-26 18:00:00,283.76,99560,2.2,324.1,0.00905535938720036
2025-03-26 19:00:00,284.32,99510,2.2,320.9,0.00962934000385003
2025-03-26 20:00:00,284.75,99470,2.18,316.1,0.0101297953631424
2025-03-26 21:00:00,284.59,99440,2.06,312.4,0.0100894924140973
2025-03-26 22:00:00,283.8,99440,1.41,325.4,0.00997362869968204
2025-03-26 23:00:00,281.63,99450,1.16,62.8,0.00966819262415165
2025-03-27,279.29,99490,1.85,98.1,0.00752682448770446
2025-03-27 01:00:00,277.93,99510,1.99,117,0.00648933986425585
2025-03-27 02:00:00,276.96,99520,1.93,131.9,0.00575368171433448
2025-03-27 03:00:00,276.62,99550,1.79,153.1,0.00544006981350538
2025-03-27 04:00:00,276.73,99560,1.98,190.5,0.00545914109257275
2025-03-27 05:00:00,276.37,99530,2.61,216.9,0.00520324350922648
2025-03-27 06:00:00,276.52,99510,3.15,237.3,0.0053768722409716
2025-03-27 07:00:00,276.26,99480,3.52,251.6,0.00522094953318561
2025-03-27 08:00:00,276.04,99450,3.66,260.6,0.0051101784138554
2025-03-27 09:00:00,275.68,99440,3.6,267,0.00492547379814148
2025-03-27 10:00:00,275.5,99440,3.55,269.8,0.0048439757216736
2025-03-27 11:00:00,275.63,99450,3.53,271,0.00495211809519847
2025-03-27 12:00:00,277.41,99510,3.28,270.5,0.00637356917460096
2025-03-27 13:00:00,279.67,99550,3.27,266.8,0.00859316680072568
2025-03-27 14:00:00,281.16,99580,2.69,259.1,0.0104907578269034
2025-03-27 15:00:00,282.65,99600,3.42,236.2,0.0125960326942008
2025-03-27 16:00:00,283.79,99560,4.68,219.3,0.0137918425748273
2025-03-27 17:00:00,284.95,99480,4.94,203.4,0.0151407193350111
2025-03-27 18:00:00,286.01,99380,5.16,191.9,0.0165842372382618
2025-03-27 19:00:00,286.82,99290,5.2,190.1,0.018032648191343
2025-03-27 20:00:00,287.41,99190,5.08,192.9,0.0196879279408585
2025-03-27 21:00:00,287.63,99120,5.07,195.7,0.0212298679610537
2025-03-27 22:00:00,286.75,99080,4.22,194.3,0.0214133297057664
2025-03-27 23:00:00,284.26,99080,2.64,183.9,0.0184981926326499
2025-03-28,282.38,99090,2.61,167.4,0.0150226159794512
2025-03-28 01:00:00,281.89,99090,2.77,154.4,0.0143989325200547
2025-03-28 02:00:00,281.59,99060,3.22,154.4,0.0139412029220499
2025-03-28 03:00:00,281.44,99010,4.01,158.7,0.0136988969561674
2025-03-28 04:00:00,281.49,98950,4.94,163.1,0.0137773356723446
2025-03-28 05:00:00,281.27,98910,5.2,166.6,0.0135450040424064
2025-03-28 06:00:00,281.11,98880,5.15,169.3,0.0133858122415329
2025-03-28 07:00:00,280.82,98810,4.77,169.6,0.0130192796688391
2025-03-28 08:00:00,280.24,98720,4.47,171.4,0.0122153198899989
2025-03-28 09:00:00,280.15,98630,4.23,174,0.0120458323912047
2025-03-28 10:00:00,280.44,98560,4.03,182,0.0124298329195538
2025-03-28 11:00:00,280.4,98500,3.49,193.8,0.0125295311689243
2025-03-28 12:00:00,281.59,98470,4.26,204,0.0145902141702233
2025-03-28 13:00:00,284.16,98430,5.7,217.1,0.0206615618449971
2025-03-28 14:00:00,288.26,98400,7.17,226.1,0.0363549705116273
2025-03-28 15:00:00,291.42,98350,8.7,226.1,0.0528181001485102
2025-03-28 16:00:00,293.96,98270,9.77,227.6,0.0659699156490428
2025-03-28 17:00:00,295.91,98200,10.51,228.4,0.0762896916903601
2025-03-28 18:00:00,296.81,98150,11.8,229.4,0.0808704447430689
2025-03-28 19:00:00,296.69,98110,12.77,228,0.078405596171583
2025-03-28 20:00:00,295.66,98040,10.98,220.3,0.0699568025456601
2025-03-28 21:00:00,294.43,98000,9.39,214.8,0.0653542755470038
2025-03-28 22:00:00,294.02,97950,8.95,213.4,0.0662901351641076
2025-03-28 23:00:00,292.98,97930,8.48,217,0.0600906850723443
2025-03-29,291.9,97920,8.96,218.7,0.0524882174692956
2025-03-29 01:00:00,291.39,97950,10.24,220.1,0.0474094482402177
2025-03-29 02:00:00,290.79,97980,10.98,221.5,0.0443035142808177
2025-03-29 03:00:00,290.3,98030,10.92,221.3,0.0422263079550753
2025-03-29 04:00:00,289.7,98040,11.19,223,0.0392422931392908
2025-03-29 05:00:00,289.53,98000,12.41,222,0.0382789352464098
2025-03-29 06:00:00,289.29,98010,11.96,224.9,0.0382670498802262
2025-03-29 07:00:00,288.71,98140,9.58,234.5,0.0374550157508226
2025-03-29 08:00:00,288.21,98170,8.3,238.9,0.0368126022686588
2025-03-29 09:00:00,287.83,98190,7.72,238.5,0.0364007927707207
2025-03-29 10:00:00,286.99,98220,6.59,235,0.0342113002214632
2025-03-29 11:00:00,286.54,98260,6.18,228.3,0.0328108724101308
2025-03-29 12:00:00,287.78,98270,7.11,225.2,0.0372684624422291
2025-03-29 13:00:00,289.68,98280,7.06,216.7,0.0460733429170621
2025-03-29 14:00:00,292.25,98290,8.21,215.9,0.0577226129928786
2025-03-29 15:00:00,293.76,98300,8.6,220.9,0.062236756096432
2025-03-29 16:00:00,294.53,98270,8.13,221,0.0657393048138245
2025-03-29 17:00:00,294.72,98240,7.65,215.6,0.0673257669020888
2025-03-29 18:00:00,294.77,98180,7.5,207.7,0.0681618872246754
2025-03-29 19:00:00,294.12,98130,7.65,200.4,0.065465478687442
2025-03-29 20:00:00,293.49,98110,7.89,196.9,0.0626970242866464
2025-03-29 21:00:00,292.56,98100,7.74,196,0.0585099485131237
2025-03-29 22:00:00,291.36,98100,6.62,192.3,0.0534111052084181
2025-03-29 23:00:00,289.82,98110,4.22,182,0.0479078121985634
2025-03-30,288.14,98120,2.64,166.9,0.0412222671324411
2025-03-30 01:00:00,287.57,98120,2.65,162.7,0.0384436947446288
2025-03-30 02:00:00,287.2,98090,2.99,169,0.036488409692537
2025-03-30 03:00:00,287.15,98060,4.19,180.8,0.0357626364600534
2025-03-30 04:00:00,287.07,98010,5.03,185.9,0.0348552141466928
2025-03-30 05:00:00,286.92,97960,5.21,186.7,0.0339005403253377
2025-03-30 06:00:00,286.78,97920,5.27,188.3,0.0332539887961279
2025-03-30 07:00:00,286.65,97880,5.39,191.1,0.0326893531645496
2025-03-30 08:00:00,286.49,97830,5.36,192.8,0.032013520245824
2025-03-30 09:00:00,286.56,97780,5.35,191.5,0.0322418498168233
2025-03-30 10:00:00,287.21,97690,5.96,193.1,0.0352479155812718
2025-03-30 11:00:00,287.7,97580,6.06,191.4,0.038060639120232
2025-03-30 12:00:00,288.76,97610,7.47,195.8,0.0433630107889637
2025-03-30 13:00:00,290.09,97630,8.45,204,0.0508976501913869
2025-03-30 14:00:00,291.37,97610,8.34,208,0.0590214406923437
2025-03-30 15:00:00,292.39,97560,7.96,208.6,0.0658150625847283
2025-03-30 16:00:00,292.99,97460,6.98,202,0.0702627143905672
2025-03-30 17:00:00,293.72,97360,7.28,196.6,0.075538913828005
2025-03-30 18:00:00,294.11,97290,8.77,201.7,0.0765250243140628
2025-03-30 19:00:00,293.89,97240,10.37,214.2,0.0701428310479197
2025-03-30 20:00:00,292.66,97240,11.44,232.6,0.0545972784330997
2025-03-30 21:00:00,290.56,97260,11.22,242.3,0.0381530546066761
2025-03-30 22:00:00,288.14,97290,10.34,247.1,0.0257180342733857
2025-03-30 23:00:00,285.62,97370,9.67,252.9,0.0186039537661168
2025-03-31,283.15,97470,9.45,260.1,0.0140884030107029
2025-03-31 01:00:00,280.91,97570,9.35,263.7,0.0103767465233282
2025-03-31 02:00:00,278.85,97600,8.33,264.1,0.00754497262527082
2025-03-31 03:00:00,277.59,97560,7.45,264.1,0.00626222018991746
2025-03-31 04:00:00,277.18,97630,6.87,257.6,0.00601901450878705
2025-03-31 05:00:00,277.09,97700,6.36,256.6,0.00623705414704392
2025-03-31 06:00:00,276.92,97720,6.08,282.5,0.00634926621619469
2025-03-31 07:00:00,276.14,97770,7.75,319.5,0.00547836066077415
2025-03-31 08:00:00,273.89,97920,9.41,333.2,0.00346330168434317
2025-03-31 09:00:00,272.54,98070,8.31,334,0.00276509123784613
2025-03-31 10:00:00,272.03,98180,6.85,333.2,0.00260555792383917
2025-03-31 11:00:00,271.8,98310,5.98,329.6,0.00255894497705919
2025-03-31 12:00:00,272.56,98410,6.67,332.9,0.00276491585225042
2025-03-31 13:00:00,274.06,98490,7.18,341.5,0.00313812836564586
2025-03-31 14:00:00,275.75,98540,7.6,345.2,0.00378322822133509
2025-03-31 15:00:00,277.26,98540,7.9,346.8,0.00463788265656167
2025-03-31 16:00:00,278.73,98680,6.35,343.9,0.00560758425362047
2025-03-31 17:00:00,279.75,98780,4.83,337.2,0.00626830960942536
2025-03-31 18:00:00,280.84,98790,4.55,326.8,0.00695887695611289
2025-03-31 19:00:00,281.96,98730,5.41,322.8,0.00762070330396944
2025-03-31 20:00:00,282.5,98690,6.52,325.2,0.00763147312836836
2025-03-31 21:00:00,282.22,98710,7.09,330.8,0.00711571490628697
2025-03-31 22:00:00,281.25,98740,6.82,338.9,0.0065447656343604
2025-03-31 23:00:00,279.27,98820,5.18,352.3,0.00587037890850133
2025-04-01,276.07,98900,3.84,13.1,0.00463673424521516
2025-04-01 01:00:00,274.87,99010,4.02,30.1,0.00413447940768509
2025-04-01 02:00:00,274.09,99110,4.05,42.8,0.00385942780014597
2025-04-01 03:00:00,273.15,99190,3.86,49.1,0.00346292687814652
2025-04-01 04:00:00,272.46,99260,3.77,50.6,0.0031335531809238
2025-04-01 05:00:00,271.89,99310,3.69,51.3,0.0028210673566164
2025-04-01 06:00:00,271.41,99320,3.77,54.8,0.00251787758061495
2025-04-01 07:00:00,270.89,99320,3.74,60.9,0.00226775330884611
2025-04-01 08:00:00,270.39,99350,3.62,68,0.00207891704199583
2025-04-01 09:00:00,270.12,99360,3.6,75.3,0.00197373104637842
2025-04-01 10:00:00,270.07,99340,3.74,82.8,0.00191319655253994
2025-04-01 11:00:00,270.22,99320,3.99,88.1,0.00188063898030851
2025-04-01 12:00:00,272.81,99380,4.67,93.6,0.00243674227529135
2025-04-01 13:00:00,274.88,99450,5.58,97.8,0.00268463447488125
2025-04-01 14:00:00,276.07,99430,6.22,100.1,0.00283021092422284
2025-04-01 15:00:00,277.02,99380,6.4,102,0.00301456744937909
2025-04-01 16:00:00,278.01,99310,6.66,100.4,0.00331988066357067
2025-04-01 17:00:00,278.59,99250,6.69,98.9,0.00355590332864908
2025-04-01 18:00:00,278.78,99180,6.8,99.2,0.00370207465930307
2025-04-01 19:00:00,278.37,99130,6.56,100.8,0.00369775449028992
2025-04-01 20:00:00,277.84,99080,6.14,101,0.00375143053979859
2025-04-01 21:00:00,277.46,99030,5.57,95.4,0.00397449111624952
2025-04-01 22:00:00,276.87,98950,5.85,82,0.00421162482084578
2025-04-01 23:00:00,276.31,98840,6.61,78.7,0.00426919123148935
2025-04-02,276.3,98750,6.78,84.1,0.00449905262875105
2025-04-02 01:00:00,276.76,98720,6.9,92.2,0.004928168554355
2025-04-02 02:00:00,277.02,98690,7.37,97.7,0.00529418177866557
2025-04-02 03:00:00,276.74,98780,6.75,100.4,0.00545178614739593
2025-04-02 04:00:00,275.69,98810,9.37,108.9,0.00491141663902415
2025-04-02 05:00:00,274.26,98690,10.13,112.5,0.00421751475555168
2025-04-02 06:00:00,274.15,98550,10.12,114.9,0.00418929333764908
2025-04-02 07:00:00,274.52,98320,10.66,115.3,0.00439790634551088
2025-04-02 08:00:00,275.04,98120,10.81,115.7,0.00473442316969578
2025-04-02 09:00:00,274.93,97950,11.32,114.1,0.0048144691742621
2025-04-02 10:00:00,275.43,97870,12.77,122.6,0.00516545174055427
2025-04-02 11:00:00,275.22,97740,12.2,122.6,0.0050724003186653
2025-04-02 12:00:00,275.51,97590,10.66,124.6,0.00534022602496154
2025-04-02 13:00:00,276.6,97450,8.42,129.9,0.00644321798470965
2025-04-02 14:00:00,279.16,97210,7.27,138.3,0.00985673172133807
2025-04-02 15:00:00,283.82,96820,9.5,151.5,0.0207256910323487
2025-04-02 16:00:00,288.89,96870,10.38,169.1,0.044655717823379
2025-04-02 17:00:00,291.26,96810,12.75,185.1,0.0633124854947841
2025-04-02 18:00:00,292.75,96860,12.72,203.5,0.0761585794611488
2025-04-02 19:00:00,294.49,96860,11.39,206.6,0.0913737448218001
2025-04-02 20:00:00,294.77,96900,10.76,205,0.0945651028634019
2025-04-02 21:00:00,294.83,96950,11.23,206.5,0.0954418866272046
2025-04-02 22:00:00,294.85,96950,11.54,208.1,0.0936512942192891
2025-04-02 23:00:00,293.82,96960,10.77,209.1,0.0834960359999051
2025-04-03,292.43,96970,9.19,213,0.0723825346080568
2025-04-03 01:00:00,291.26,97050,7.46,221,0.0630366642260564
2025-04-03 02:00:00,290.06,97250,7.18,236.5,0.0522886290230148
2025-04-03 03:00:00,287.5,97370,6.36,260,0.0341082835222125
2025-04-03 04:00:00,284.92,97430,7,277.1,0.021755771282198
2025-04-03 05:00:00,283.24,97450,6.77,280.7,0.0168547781892534
2025-04-03 06:00:00,281.52,97600,4.26,275.3,0.0136173161308533
2025-04-03 07:00:00,280.42,97730,3.72,261.2,0.0117708879025531
2025-04-03 08:00:00,280.24,97840,4.88,251.2,0.0113567459023346
2025-04-03 09:00:00,280.24,97980,6.44,244,0.0111384043218761
2025-04-03 10:00:00,279.68,98050,7.2,253.1,0.0102113519993125
2025-04-03 11:00:00,278.58,98110,7.65,265.2,0.00829841269304593
2025-04-03 12:00:00,278.43,98460,8.64,253.7,0.00740865874146874
2025-04-03 13:00:00,279.14,98610,10.14,256.8,0.00736436621242547
2025-04-03 14:00:00,280.33,98690,10.63,262.2,0.00781270656471379
2025-04-03 15:00:00,281.44,98630,9.48,269.3,0.00859012222130717
2025-04-03 16:00:00,282.73,98720,8.75,268,0.00992314356214643
2025-04-03 17:00:00,282.37,98790,7.56,270.7,0.0095805470906629
2025-04-03 18:00:00,281.87,98910,6.99,263.3,0.00924327752739299
2025-04-03 19:00:00,281.31,99090,7.17,255.8,0.00883823828447803
2025-04-03 20:00:00,282,99100,6.66,259.8,0.00954854386737724
2025-04-03 21:00:00,281.66,99170,6,267.7,0.00934671434696805
2025-04-03 22:00:00,281.03,99160,4.34,280.6,0.00915578529573914
2025-04-03 23:00:00,279.98,99210,3.12,290.6,0.00885911566150731
2025-04-04,278.52,99240,2.67,301.1,0.00771672094808093
2025-04-04 01:00:00,277.58,99280,2.65,312.5,0.00676736967564351
2025-04-04 02:00:00,276.93,99300,2.65,328.4,0.00613447579960361
2025-04-04 03:00:00,276.74,99370,2.86,332.3,0.00600698998125427
2025-04-04 04:00:00,277.31,99230,3.67,356.1,0.00647994351542539
2025-04-04 05:00:00,277.65,99280,4.38,355.9,0.00683499418657135
2025-04-04 06:00:00,276.52,99570,2.11,52.9,0.00617582846036131
2025-04-04 07:00:00,275.34,99650,2.9,72.3,0.00545883169196798
2025-04-04 08:00:00,274.97,99540,3.8,63.9,0.00522379868909035
2025-04-04 09:00:00,274.27,99730,3.47,74.4,0.00479390974359879
2025-04-04 10:00:00,274.02,99750,3.62,71.5,0.0046186448624131
2025-04-04 11:00:00,274.14,99740,3.86,75,0.00463474705974109
2025-04-04 12:00:00,276.73,99820,4.52,83.8,0.0061783866560634
2025-04-04 13:00:00,279.3,99810,5.94,91.6,0.00799604118240819
2025-04-04 14:00:00,280.91,99820,6.65,101.6,0.008986084139301
2025-04-04 15:00:00,281.31,99740,6.47,99.2,0.00933787772534874
2025-04-04 16:00:00,283.12,99660,6.42,101,0.0114098484744712
2025-04-04 17:00:00,283.25,99570,6.27,87.1,0.0115749615319705
2025-04-04 18:00:00,283.73,99370,7.09,84.3,0.0123002248266408
2025-04-04 19:00:00,283.96,99650,2,87.4,0.0127180896633863
2025-04-04 20:00:00,283.23,99470,3.89,50.2,0.0122309922641788
2025-04-04 21:00:00,281.6,99180,6.49,53.5,0.0106396809037738
2025-04-04 22:00:00,278.59,99390,6.79,3.9,0.00791482093579688
2025-04-04 23:00:00,275.76,99410,7.28,23.6,0.00551731865050661
2025-04-05,275.36,99380,6.18,43.6,0.00516784033334507
2025-04-05 01:00:00,275.48,99320,5.79,43,0.0052665171542533
2025-04-05 02:00:00,276.03,99080,6.09,52.1,0.00582758267647289
2025-04-05 03:00:00,276.68,99040,5.46,38.1,0.00658899784152485
2025-04-05 04:00:00,277.04,98950,6.12,21.8,0.00703666411306999
2025-04-05 05:00:00,277.14,98890,6.24,15.7,0.00718123204741685
2025-04-05 06:00:00,277.15,98890,6.46,10.1,0.00720808728819323
2025-04-05 07:00:00,277.06,98790,7.37,9.2,0.00711595409551952
2025-04-05 08:00:00,276.99,98780,6.89,8.8,0.00702150481423982
2025-04-05 09:00:00,276.94,98850,6.71,356.9,0.00694024078340542
2025-04-05 10:00:00,276.73,98880,6.31,348.6,0.00667712041331923
2025-04-05 11:00:00,276.56,98940,5.95,348.2,0.00635892468568099
2025-04-05 12:00:00,276.75,98960,5.36,348.7,0.00629714260942774
2025-04-05 13:00:00,277.14,99050,5.43,332.1,0.00648337940602592
2025-04-05 14:00:00,279.6,99030,6.69,341.5,0.00822050196310321
2025-04-05 15:00:00,282.52,98950,6.93,350.2,0.0110600034421023
2025-04-05 16:00:00,284.62,99170,5.51,335.2,0.0137222965842357
2025-04-05 17:00:00,284.19,99180,5.22,320.1,0.0132674802515177
2025-04-05 18:00:00,284.72,99220,6.16,312.7,0.0140701209680201
2025-04-05 19:00:00,284.51,99120,7,318.9,0.013899951887259
2025-04-05 20:00:00,283.76,99010,7.34,328.3,0.0129311627762476
2025-04-05 21:00:00,282.77,98950,7.4,336.7,0.0115800442636619
2025-04-05 22:00:00,281.45,98970,6.9,337.8,0.00987983660056969
2025-04-05 23:00:00,280.31,99060,5.29,334.6,0.00868873789416173
2025-04-06,278.32,99120,3.71,336.7,0.00699595556722269
2025-04-06 01:00:00,277.61,99180,3.98,342.6,0.00615787297956115
2025-04-06 02:00:00,276.65,99290,3.94,341.7,0.00540254273579965
2025-04-06 03:00:00,276.06,99160,5.6,349.6,0.00480273074306249
2025-04-06 04:00:00,274.51,99190,5.23,350.3,0.00401987555430981
2025-04-06 05:00:00,273.99,99340,5.27,350.2,0.00375352553329826
2025-04-06 06:00:00,273.64,99340,5.09,353.9,0.00357380721287375
2025-04-06 07:00:00,273.3,99200,5.2,4.2,0.00341531542315928
2025-04-06 08:00:00,272.43,99340,3.72,353.8,0.00308324220388706
2025-04-06 09:00:00,272.53,99330,4.53,356.2,0.00305383399363284
2025-04-06 10:00:00,272.23,99340,4.41,2.3,0.00292834221742947
2025-04-06 11:00:00,271.8,99380,3.45,6.2,0.00279079631472657
2025-04-06 12:00:00,273.1,99420,3.49,16.1,0.00325639007433037
2025-04-06 13:00:00,275.81,99320,3.66,29.4,0.00428795541313853
2025-04-06 14:00:00,278.62,99200,4.37,42.9,0.00482858789691271
2025-04-06 15:00:00,279.97,99190,3.93,48.8,0.00534346751045469
2025-04-06 16:00:00,280.97,99310,2.32,75.2,0.00590477468158757
2025-04-06 17:00:00,281.84,99220,1.66,50.9,0.00651303146316921
2025-04-06 18:00:00,282.72,99120,1.6,19,0.00727837885489744
2025-04-06 19:00:00,283.27,99070,0.84,31.8,0.00767453370051504
2025-04-06 20:00:00,283.52,98970,0.44,24.2,0.00790990147101541
2025-04-06 21:00:00,283.46,98900,0.55,285.8,0.00792123798477025
2025-04-06 22:00:00,282.93,98840,1.23,262.1,0.00772696779353162
2025-04-06 23:00:00,281.49,98830,1.3,237.5,0.00862937750536453
2025-04-07,279.02,98830,1.78,210.7,0.00652298354806823
2025-04-07 01:00:00,277.42,98810,2.36,208.1,0.00542119536301356
2025-04-07 02:00:00,276.21,98740,2.84,213.8,0.0047461346207343
2025-04-07 03:00:00,275.39,98650,3.29,222.2,0.0042855865437365
2025-04-07 04:00:00,274.92,98580,3.71,224.3,0.00399505354498511
2025-04-07 05:00:00,274.8,98510,4.22,221,0.00386982125490169
2025-04-07 06:00:00,274.92,98450,5.13,218.3,0.00384695945932415
2025-04-07 07:00:00,275.01,98380,6.44,218.9,0.00383927601151572
2025-04-07 08:00:00,274.47,98310,7.18,221.6,0.00365586729381773
2025-04-07 09:00:00,273.77,98230,6.9,224.1,0.00346195712154946
2025-04-07 10:00:00,273.37,98170,6.25,236.4,0.0033805784988871
2025-04-07 11:00:00,273.08,98130,5.84,256.5,0.00331978991462235
2025-04-07 12:00:00,274.67,98150,6.04,285.9,0.00410559569663345
2025-04-07 13:00:00,277.43,98210,8.27,338.9,0.0058073301094967
2025-04-07 14:00:00,278.31,98330,10.55,352.1,0.00553040800382238
2025-04-07 15:00:00,277.99,98470,10.7,356.4,0.00465999595038026
2025-04-07 16:00:00,277.72,98590,10.46,5.8,0.00416903672302877
2025-04-07 17:00:00,277.4,98670,10.16,13,0.00390764355525215
2025-04-07 18:00:00,277.16,98720,9.49,15.2,0.00373784503136497
2025-04-07 19:00:00,277.22,98750,8.62,14.5,0.00363646246934126
2025-04-07 20:00:00,277.12,98790,7.87,13.9,0.00347234759762143
2025-04-07 21:00:00,276.74,98840,7.28,13.7,0.00328822933403249
2025-04-07 22:00:00,276.07,98910,6.72,14.4,0.00308930979162352
2025-04-07 23:00:00,275.12,98970,5.83,20.3,0.00291503556330473
2025-04-08,273.49,99050,4.47,31.3,0.00268758011054453
2025-04-08 01:00:00,272.36,99120,4.17,34.9,0.00244612745101567
2025-04-08 02:00:00,271.56,99160,3.79,30.3,0.00225674870540861
2025-04-08 03:00:00,270.82,99200,3.42,20.6,0.00206157124091876
2025-04-08 04:00:00,269.71,99210,3.32,11.1,0.00176199737348426
2025-04-08 05:00:00,269.04,99240,3.7,5.6,0.00158937551727508
2025-04-08 06:00:00,268.72,99260,4.16,4.4,0.00151775448081036
2025-04-08 07:00:00,268.37,99280,4.2,7,0.00144826737745174
2025-04-08 08:00:00,268.02,99300,3.82,8.9,0.00137543741342458
2025-04-08 09:00:00,267.71,99340,3.38,7.1,0.00131000199231004
2025-04-08 10:00:00,267.47,99360,2.94,2.7,0.00126231392717191
2025-04-08 11:00:00,267.56,99390,2.73,352.2,0.00127127357916347
2025-04-08 12:00:00,269.57,99450,3.52,342.1,0.0014604817246721
2025-04-08 13:00:00,271.57,99500,3.29,324.3,0.00159355185419582
2025-04-08 14:00:00,273.31,99540,3.44,309.8,0.00187371498865376
2025-04-08 15:00:00,275,99540,3.5,306.6,0.00221632971756951
2025-04-08 16:00:00,276.51,99500,3.47,307.3,0.00257196300852768
2025-04-08 17:00:00,277.71,99440,3.44,307.4,0.00293380952919684
2025-04-08 18:00:00,278.65,99370,3.39,307.6,0.00330147329750746
2025-04-08 19:00:00,279.35,99310,3.32,307.4,0.00361314025901628
2025-04-08 20:00:00,279.72,99260,3.19,309,0.00379855553971268
2025-04-08 21:00:00,279.6,99240,2.94,313.5,0.00375281567524005
2025-04-08 22:00:00,279.01,99230,2.44,318.2,0.00356751214942479
2025-04-08 23:00:00,277.6,99240,1.2,341.6,0.00403227192794625
2025-04-09,275.28,99250,1.45,73.2,0.00291007856646414
2025-04-09 01:00:00,272.86,99290,2.62,107.1,0.00248615628303697
2025-04-09 02:00:00,271.67,99320,3.16,124.4,0.00223934860032196
2025-04-09 03:00:00,271.13,99320,3.37,135.7,0.0021246798461496
2025-04-09 04:00:00,270.99,99320,3.52,143.2,0.00210580924884457
2025-04-09 05:00:00,270.92,99320,3.69,149.9,0.00208691297493235
2025-04-09 06:00:00,270.79,99310,3.9,155.9,0.00206426494119007
2025-04-09 07:00:00,271.03,99290,4.47,160.7,0.00214845853699486
2025-04-09 08:00:00,271.12,99250,4.99,163.7,0.00219605165579113
2025-04-09 09:00:00,271.05,99200,4.9,162.4,0.00221560598538851
2025-04-09 10:00:00,271.39,99160,4.84,160,0.00236366085921055
2025-04-09 11:00:00,271.81,99120,4.92,159,0.00257106107567837
2025-04-09 12:00:00,273.18,99100,5.67,160.7,0.00313711682948704
2025-04-09 13:00:00,275.06,99090,6.33,166.2,0.00414372522024825
2025-04-09 14:00:00,275.85,99070,7.5,170.9,0.00482232324359847
2025-04-09 15:00:00,275.21,99060,7.63,167.4,0.00464163652427333
2025-04-09 16:00:00,275.26,99030,7.57,167.3,0.00473278845885336
2025-04-09 17:00:00,275.98,98970,7.58,167.4,0.00520720334045932
2025-04-09 18:00:00,277.94,98880,7.15,165.6,0.00667878810852854
2025-04-09 19:00:00,279.5,98780,6.43,166.1,0.00827284856169595
2025-04-09 20:00:00,279.9,98710,5.37,160.9,0.00893479555837087
2025-04-09 21:00:00,279.49,98690,4.42,145.6,0.00884205048786692
2025-04-09 22:00:00,278.74,98700,4.17,123,0.00844591643757777
2025-04-09 23:00:00,277.82,98750,4.17,105.3,0.00776587811187633
2025-04-10,277.09,98790,4.11,95.4,0.00707541687188068
2025-04-10 01:00:00,276.27,98880,4.4,90.5,0.00618195544300607
2025-04-10 02:00:00,275.56,98920,4.65,86.1,0.00552514854750387
2025-04-10 03:00:00,275.21,98920,4.27,86.1,0.00519022577248896
2025-04-10 04:00:00,275.08,98910,3.73,80.7,0.00508808104067114
2025-04-10 05:00:00,275.03,98910,3.42,67.3,0.00506808411981301
2025-04-10 06:00:00,274.95,98910,3.25,56.4,0.00504128857039446
2025-04-10 07:00:00,274.84,98900,3.04,50.9,0.00499036312222548
2025-04-10 08:00:00,274.6,98910,2.76,48.2,0.00486184607997751
2025-04-10 09:00:00,274.36,98930,2.72,48,0.00473594467032408
2025-04-10 10:00:00,274.37,98960,2.84,51.4,0.00474574731635021
2025-04-10 11:00:00,274.51,98980,2.95,56.5,0.00482461896511381
2025-04-10 12:00:00,275.84,99010,4.06,61.5,0.00562884225640459
2025-04-10 13:00:00,277.08,99030,4.33,64.9,0.00632612533734319
2025-04-10 14:00:00,278.38,99040,4.22,62.8,0.00722826171620425
2025-04-10 15:00:00,280.01,99060,4.13,58.5,0.00862301434416775
2025-04-10 16:00:00,281.19,99080,4.01,54.4,0.00977524862769859
2025-04-10 17:00:00,282.23,99080,3.89,49.3,0.0109601496725866
2025-04-10 18:00:00,282.78,99080,3.94,43.5,0.0116899702294007
2025-04-10 19:00:00,282.85,99090,4.21,40.4,0.0118438223729817
2025-04-10 20:00:00,282.21,99110,4.67,41.3,0.0110697617890684
2025-04-10 21:00:00,280.92,99150,5.26,44.2,0.00955750835235562
2025-04-10 22:00:00,279.5,99220,5.67,47.8,0.00805653654963403
2025-04-10 23:00:00,277.94,99280,5.67,50.9,0.00670447977374022
2025-04-11,276.41,99320,4.93,51.9,0.00571458856593837
2025-04-11 01:00:00,275.49,99370,4.4,48.8,0.00525366346464128
2025-04-11 02:00:00,274.87,99400,4.32,44.5,0.00494359545115625
2025-04-11 03:00:00,274.68,99390,4.29,41.1,0.0048606965758293
2025-04-11 04:00:00,274.75,99380,4.2,40,0.00492826782110438
2025-04-11 05:00:00,274.68,99390,3.8,43.2,0.0049132464265828
2025-04-11 06:00:00,274.2,99410,3.36,48.9,0.00462964925700444
2025-04-11 07:00:00,274,99430,3.12,52,0.00444260198436476
2025-04-11 08:00:00,273.69,99460,3.14,50.7,0.0041850673008202
2025-04-11 09:00:00,272.92,99490,3.12,41.8,0.00375215716808192
2025-04-11 10:00:00,272.19,99540,3.1,25.2,0.00340867816156963
2025-04-11 11:00:00,271.99,99590,3.26,9.5,0.00331112358352836
2025-04-11 12:00:00,274.88,99650,4.63,0.5,0.00459608298913785
2025-04-11 13:00:00,277.36,99700,4.94,359.5,0.00580463973384346
2025-04-11 14:00:00,280.22,99750,5.46,10.2,0.00709359411388936
2025-04-11 15:00:00,281.99,99770,5.56,19.8,0.00806469844214651
2025-04-11 16:00:00,283.13,99750,5.35,25.2,0.00903156328661079
2025-04-11 17:00:00,283.99,99690,5.02,28.1,0.00985987493552944
2025-04-11 18:00:00,284.64,99610,4.65,27.3,0.0104607480950802
2025-04-11 19:00:00,285.1,99540,4.32,20.9,0.0109065630206371
2025-04-11 20:00:00,285.35,99490,4.19,10.9,0.011270862883784
2025-04-11 21:00:00,285.28,99470,4.03,3.4,0.0114855429628781
2025-04-11 22:00:00,284.76,99480,3.29,3.1,0.0116105664275056
2025-04-11 23:00:00,283.22,99490,1.86,19.8,0.0120892934288636
2025-04-12,280.97,99500,1.55,63.9,0.00907605761783321
2025-04-12 01:00:00,280.22,99530,1.22,97.1,0.00772660892631308
2025-04-12 02:00:00,279.93,99550,0.89,139.1,0.00710946697780192
2025-04-12 03:00:00,279.1,99540,0.94,190.5,0.0064291741701799
2025-04-12 04:00:00,278.24,99510,1.4,215.4,0.00581717501540305
2025-04-12 05:00:00,276.88,99490,2,224.4,0.00509467728806862
2025-04-12 06:00:00,275.63,99470,2.51,231.5,0.00450799359721715
2025-04-12 07:00:00,274.72,99430,2.85,237.5,0.00411363823625076
2025-04-12 08:00:00,274.01,99440,3.16,244.3,0.00381505001192675
2025-04-12 09:00:00,273.48,99440,3.28,250.6,0.00358190084151892
2025-04-12 10:00:00,273.03,99440,3.18,255.8,0.003377831246338
2025-04-12 11:00:00,273.01,99470,2.96,262.4,0.00335806822689094
2025-04-12 12:00:00,276.44,99510,2.85,272.2,0.00514756702186488
2025-04-12 13:00:00,279.06,99530,2.37,276,0.00687816955043308
2025-04-12 14:00:00,283.1,99520,0.82,295.3,0.010553345253164
2025-04-12 15:00:00,286.01,99490,0.3,66,0.0134330182239224
2025-04-12 16:00:00,287.39,99440,0.58,178,0.0154583370298408
2025-04-12 17:00:00,288.4,99370,1.25,191,0.0174132394890743
2025-04-12 18:00:00,289.13,99280,1.85,180,0.0190307981278853
2025-04-12 19:00:00,289.56,99170,2.39,167.7,0.0200835015198614
2025-04-12 20:00:00,289.64,99070,3.02,162.9,0.0203957795732695
2025-04-12 21:00:00,289.29,98980,3.59,162,0.0198862638757715
2025-04-12 22:00:00,288.46,98930,3.93,160.4,0.0189107765737807
2025-04-12 23:00:00,286.16,98880,3.05,153.5,0.0179757642692025
2025-04-13,283.86,98850,3.62,148.9,0.0143011921372337
2025-04-13 01:00:00,283.34,98830,4.39,154.1,0.0128556083558603
2025-04-13 02:00:00,281.92,98890,3.81,162.4,0.0113772234905375
2025-04-13 03:00:00,280.92,99000,3.15,179.6,0.0106461908454549
2025-04-13 04:00:00,280.29,99030,3.14,195,0.0100907735293068
2025-04-13 05:00:00,279.94,98990,3.73,195.1,0.00962087981209635
2025-04-13 06:00:00,279.92,98930,4.78,198.2,0.00940921964381665
2025-04-13 07:00:00,279.93,98890,5.73,203.1,0.00938839202851402
2025-04-13 08:00:00,279.83,98830,5.85,194.7,0.00966989872165674
2025-04-13 09:00:00,279.79,98790,5.42,182,0.010030749981809
2025-04-13 10:00:00,279.97,98740,5.56,175.3,0.0103491057633613
2025-04-13 11:00:00,280.02,98710,5.64,170.6,0.0103625355337728
2025-04-13 12:00:00,281.09,98680,6.44,163.4,0.0114416651181966
2025-04-13 13:00:00,281.95,98600,7.33,159.1,0.0123894656268395
2025-04-13 14:00:00,283.88,98490,8.69,162.5,0.0144789204899303
2025-04-13 15:00:00,285.9,98390,9.84,167.7,0.0170648561503882
2025-04-13 16:00:00,287.29,98350,9.98,174.9,0.0190624349258513
2025-04-13 17:00:00,287.35,98240,9.26,172.2,0.019409462020908
2025-04-13 18:00:00,287.72,98110,8.97,166.3,0.0206739172328475
2025-04-13 19:00:00,288.14,98030,8.55,164,0.0222664568197033
2025-04-13 20:00:00,288.17,97960,7.91,162.9,0.0233307333299464
2025-04-13 21:00:00,288.02,97970,7.05,167,0.0241868094407911
2025-04-13 22:00:00,287.68,97940,6.75,163.8,0.0244290778804042
2025-04-13 23:00:00,287.21,97900,6.52,157.4,0.0243678772590243
2025-04-14,285.98,97830,6.27,156.9,0.0223282989749836
2025-04-14 01:00:00,285.77,97780,6.54,164.9,0.022666171164055
2025-04-14 02:00:00,285.61,97720,5.57,172.5,0.0236239273135298
2025-04-14 03:00:00,285.53,97690,4.35,182,0.0249899761978169
2025-04-14 04:00:00,285.47,97670,3.45,195.5,0.026395438424317
2025-04-14 05:00:00,285.39,97650,3.08,215.8,0.027674843277079
2025-04-14 06:00:00,284.98,97640,3.14,241.6,0.0276462966437684
2025-04-14 07:00:00,284.78,97680,3.68,269.4,0.0273952061655694
2025-04-14 08:00:00,285.54,97730,4.92,290.4,0.0286032819605016
2025-04-14 09:00:00,286.03,97790,6.23,298.5,0.0290169902137149
2025-04-14 10:00:00,285.35,97810,5.06,298.6,0.0268206221474657
2025-04-14 11:00:00,284.21,97820,4.41,286.5,0.0236311409438476
2025-04-14 12:00:00,285.29,97870,5.98,276.3,0.025631618092325
2025-04-14 13:00:00,286.31,97980,7.77,272.9,0.0266661228896811
2025-04-14 14:00:00,285.76,98080,9.65,283.4,0.0187303871267663
2025-04-14 15:00:00,284.72,98110,9.21,280.1,0.0147899202082071
2025-04-14 16:00:00,286.27,98140,10.17,277.2,0.0161977755581884
2025-04-14 17:00:00,287.84,98100,10.34,276.6,0.0185441551877961
2025-04-14 18:00:00,288.97,98080,10.44,279.1,0.0207779548524807
2025-04-14 19:00:00,289.73,98040,10.39,279.5,0.0223436482400736
2025-04-14 20:00:00,289.92,98000,10.49,281.2,0.0229632096373788
2025-04-14 21:00:00,289.23,98010,10.83,283.7,0.0215782510779736
2025-04-14 22:00:00,287.94,98060,10.64,284.5,0.0186161816438696
2025-04-14 23:00:00,286.55,98100,9.65,285.1,0.0159287288423757
2025-04-15,284.36,98140,8.46,288,0.0132648846125712
2025-04-15 01:00:00,282.77,98200,7.63,288.8,0.0115780878710653
2025-04-15 02:00:00,281.83,98230,7.09,286.5,0.010567405586391
2025-04-15 03:00:00,281.45,98190,7.23,283.9,0.0101364502624794
2025-04-15 04:00:00,281.17,98140,7.43,278.4,0.00992846694842514
2025-04-15 05:00:00,280.49,98100,8.25,276.1,0.0095980541430874
2025-04-15 06:00:00,279.6,98100,9.13,278.1,0.00916239360877604
2025-04-15 07:00:00,279.1,98090,9.27,281.3,0.00887827776711699
2025-04-15 08:00:00,278.35,98110,9.52,287.3,0.00791249231629025
2025-04-15 09:00:00,277.47,98170,10.15,294.9,0.00639906513259491
2025-04-15 10:00:00,277.02,98260,9.99,299.6,0.0059104533691993
2025-04-15 11:00:00,276.79,98350,9.57,303.7,0.00587824455968661
2025-04-15 12:00:00,277.07,98470,9.42,307.8,0.00603675860594132
2025-04-15 13:00:00,278.2,98550,10.01,311.8,0.00649198409825226
2025-04-15 14:00:00,280.04,98640,10.26,314.1,0.00749679331295801
2025-04-15 15:00:00,281.8,98720,10.31,313.9,0.00877669571673155
2025-04-15 16:00:00,283.37,98750,9.99,312.3,0.0101701722888954
2025-04-15 17:00:00,284.72,98740,9.72,309.6,0.0114244056248085
2025-04-15 18:00:00,285.64,98730,9.67,306.6,0.0121342282565606
2025-04-15 19:00:00,286.07,98700,9.82,303.8,0.0122588008691858
2025-04-15 20:00:00,286.11,98680,10.05,303.2,0.0120993984781589
2025-04-15 21:00:00,285.74,98670,10.02,306.3,0.0115384599298162
2025-04-15 22:00:00,285.05,98680,9.53,311.1,0.0107489629355298
2025-04-15 23:00:00,283.8,98710,7.98,316.9,0.00990247646061277
2025-04-16,281.27,98760,5.56,324.2,0.0085365041566814
2025-04-16 01:00:00,279.44,98850,4.68,332.9,0.00748271860943311
2025-04-16 02:00:00,278.29,98930,4.28,341.3,0.00675400575904714
2025-04-16 03:00:00,277.29,98970,3.98,348.3,0.00610641998973979
2025-04-16 04:00:00,276.51,99000,3.92,354.7,0.00560599557573749
2025-04-16 05:00:00,275.76,99030,3.84,2.2,0.00513246413507009
2025-04-16 06:00:00,274.96,99050,3.68,10,0.00465515857948215
2025-04-16 07:00:00,274.18,99070,3.48,15,0.00420033671700077
2025-04-16 08:00:00,273.42,99100,3.32,16.5,0.00376977793590889
2025-04-16 09:00:00,272.64,99140,3.15,14.2,0.00335487343276965
2025-04-16 10:00:00,271.83,99180,2.97,8.3,0.00298382978283212
2025-04-16 11:00:00,271.77,99220,2.74,1.7,0.00289862746740568
2025-04-16 12:00:00,274.38,99260,3.53,357.9,0.00378364298213959
2025-04-16 13:00:00,277.01,99280,3.19,359.5,0.00440660656590794
2025-04-16 14:00:00,278.94,99300,2.82,355.3,0.00520024547339287
2025-04-16 15:00:00,280.55,99310,2.3,356,0.0062110552756834
2025-04-16 16:00:00,282.13,99290,1.79,359.4,0.00738643050449551
2025-04-16 17:00:00,283.61,99250,1.56,10.4,0.00864900590596319
2025-04-16 18:00:00,284.71,99180,1.73,33.2,0.00966042648191665
2025-04-16 19:00:00,285.27,99130,2.3,54.7,0.010171769088381
2025-04-16 20:00:00,285.45,99060,3.07,71.2,0.0103752365630892
2025-04-16 21:00:00,285.02,99030,3.82,80.4,0.0101206665005079
2025-04-16 22:00:00,283.99,99040,4.23,86.5,0.00936830076707383
2025-04-16 23:00:00,281.87,99070,4.46,91.4,0.00801285108091059
2025-04-17,278.5,99120,4.54,92.3,0.0061069707671455
2025-04-17 01:00:00,276.24,99170,4.99,92.6,0.00483659138568414
2025-04-17 02:00:00,275.23,99200,4.78,93.2,0.00432696233711499
2025-04-17 03:00:00,275.16,99180,4.58,95.1,0.00429661148048326
2025-04-17 04:00:00,275.34,99180,4.47,99.8,0.00446915522216253
2025-04-17 05:00:00,275.6,99170,4.58,107,0.0047175074943176
2025-04-17 06:00:00,275.51,99150,4.46,113.6,0.00484157327387888
2025-04-17 07:00:00,275.26,99130,4.61,119.1,0.00485271962213682
2025-04-17 08:00:00,275.28,99110,5.21,122.9,0.00494765134805642
2025-04-17 09:00:00,275.61,99060,5.84,125.4,0.00517440533921896
2025-04-17 10:00:00,275.93,99030,6.03,135.8,0.00545559112536381
2025-04-17 11:00:00,276.77,99020,6.36,144.2,0.00583195462452282
2025-04-17 12:00:00,278.32,98960,6.89,145,0.0068289038294292
2025-04-17 13:00:00,280.31,98950,6.81,149.3,0.00866747227585037
2025-04-17 14:00:00,283.79,98860,8.23,153.4,0.0123755132937344
2025-04-17 15:00:00,287.55,98780,9.74,160.2,0.0183173252602949
2025-04-17 16:00:00,289.8,98660,10.57,166.4,0.0233395938672901
2025-04-17 17:00:00,291.62,98520,11.42,170.1,0.0282813433961515
2025-04-17 18:00:00,291.58,98500,10.22,171.6,0.0291496713049993
2025-04-17 19:00:00,290.94,98450,9.81,181.8,0.0290675845682543
2025-04-17 20:00:00,289.14,98420,8.26,180.1,0.0276747838183137
2025-04-17 21:00:00,288.02,98360,7.24,162.4,0.0275939482824214
2025-04-17 22:00:00,288.39,98280,7.18,147.2,0.0288137923294462
2025-04-17 23:00:00,287.7,98260,7.69,147.3,0.026961734486879
2025-04-18,286.57,98260,8.21,152.3,0.0246219135199757
2025-04-18 01:00:00,285.86,98240,8.65,157.2,0.0232138194008844
2025-04-18 02:00:00,285.1,98180,8.92,160.9,0.0216769427393314
2025-04-18 03:00:00,284.82,98130,9.12,165.3,0.0211009819176937
2025-04-18 04:00:00,285,98070,9.82,172.5,0.0213856225757045
2025-04-18 05:00:00,285.39,98020,9.67,181.1,0.0225909588106807
2025-04-18 06:00:00,285.37,97940,8.89,184.2,0.0236228974104577
2025-04-18 07:00:00,285.33,97820,7.94,183.8,0.0248941868580745
2025-04-18 08:00:00,285.4,97790,6.75,184.1,0.0264138779531424
2025-04-18 09:00:00,285.61,97820,5.71,184.6,0.0282445073599964
2025-04-18 10:00:00,285.8,97790,5.12,183.2,0.0296324481393924
2025-04-18 11:00:00,286.5,97750,5.65,182.1,0.0322555845427319
2025-04-18 12:00:00,287.79,97750,6.57,185.9,0.0375224242148106
2025-04-18 13:00:00,289.66,97750,7.6,191.6,0.0475428853941753
2025-04-18 14:00:00,292.14,97690,8.97,196,0.064203596248482
2025-04-18 15:00:00,294.9,97640,10.44,202.6,0.0868798061757125
2025-04-18 16:00:00,296.93,97610,11.34,208.1,0.105039486047805
2025-04-18 17:00:00,297.55,97570,11.35,210.6,0.110773042850432
2025-04-18 18:00:00,297.79,97560,11.07,211.5,0.113862989884548
2025-04-18 19:00:00,297.4,97560,10.9,211.3,0.11157098677701
2025-04-18 20:00:00,296.7,97600,10.64,214.7,0.10738417773336
2025-04-18 21:00:00,296.24,97690,10.33,218.9,0.106683513640051
2025-04-18 22:00:00,295.28,97670,8.82,216.1,0.0999057594773806
2025-04-18 23:00:00,294.67,97630,7.79,220.7,0.0951018357794786
2025-04-19,293.39,97710,7.29,240.8,0.0808991927566226
2025-04-19 01:00:00,291.61,97730,5.99,254.8,0.0602687508239333
2025-04-19 02:00:00,290.35,97990,7.46,250.5,0.048244685556001
2025-04-19 03:00:00,289.52,98080,8.37,254.8,0.0422098341903899
2025-04-19 04:00:00,288.68,98100,7.81,261.9,0.0382408944161995
2025-04-19 05:00:00,288.03,98180,6.93,271.7,0.0359981858290826
2025-04-19 06:00:00,287.05,98310,6.04,287,0.0319951534054569
2025-04-19 07:00:00,285.95,98400,4.97,297.7,0.0275502655592102
2025-04-19 08:00:00,284.89,98490,4.16,301.1,0.0239190150932262
2025-04-19 09:00:00,283.64,98470,2.98,320.2,0.0201297384072672
2025-04-19 10:00:00,281.86,98570,2.31,333.2,0.0159081938766175
2025-04-19 11:00:00,281.84,98930,3.46,311.4,0.0148361644383945
2025-04-19 12:00:00,281.46,98920,3.26,325.4,0.0133097027464362
2025-04-19 13:00:00,281.57,98900,2.45,350.1,0.012872412893956
2025-04-19 14:00:00,282.12,98920,3.28,356,0.0130865079081423
2025-04-19 15:00:00,282.96,99030,3.56,337.5,0.0136195326483691
2025-04-19 16:00:00,283.47,99060,4.62,328.5,0.0137666999481607
2025-04-19 17:00:00,284.89,99080,5.07,319.6,0.0153044168162287
2025-04-19 18:00:00,287.78,99110,4.3,303.6,0.0197962362717925
2025-04-19 19:00:00,289.36,99180,4.43,280.8,0.0227955889196851
2025-04-19 20:00:00,288.69,99190,4.74,285.1,0.021421821794181
2025-04-19 21:00:00,288.17,99210,5.19,296.6,0.0201933577288769
2025-04-19 22:00:00,287.42,99260,4.5,305.8,0.0194319128499959
2025-04-19 23:00:00,285.92,99360,3.27,314.1,0.0184102466408492
2025-04-20,284.22,99440,2.79,323.3,0.0160725894037971
2025-04-20 01:00:00,283.33,99550,2.46,338.5,0.0148716714831664
2025-04-20 02:00:00,282.74,99620,2.24,3.8,0.0140568276461658
2025-04-20 03:00:00,281.88,99640,2.24,28.3,0.0127379989646178
2025-04-20 04:00:00,281.17,99670,2.25,48.8,0.0118116880963718
2025-04-20 05:00:00,280.54,99700,2.34,64.4,0.010996365544442
2025-04-20 06:00:00,279.9,99710,2.53,78.2,0.0102483946326134
2025-04-20 07:00:00,279.15,99740,2.87,87.4,0.0095581453216234
2025-04-20 08:00:00,279.03,99780,3.59,95.3,0.00963719381669294
2025-04-20 09:00:00,279.2,99800,4.47,98.7,0.00988625272173342
2025-04-20 10:00:00,279.06,99810,5.27,98.4,0.00963360628743431
2025-04-20 11:00:00,279.15,99820,5.92,98.1,0.00941847077936481
2025-04-20 12:00:00,280.37,99830,5.98,98.8,0.0102952647501378
2025-04-20 13:00:00,282.79,99790,7.78,103.3,0.0122035631606566
2025-04-20 14:00:00,284.32,99750,8.77,107,0.0136449262310706
2025-04-20 15:00:00,284.48,99720,8.74,102.2,0.0140151566938114
2025-04-20 16:00:00,284.9,99650,8.99,97,0.0150184844745236
2025-04-20 17:00:00,285.65,99520,9.42,93.3,0.0164916875678536
2025-04-20 18:00:00,286.67,99420,9.33,97,0.01864422263599
2025-04-20 19:00:00,287.27,99270,9.19,100,0.0206638778377983
2025-04-20 20:00:00,287.47,99100,8.99,101.5,0.0222587984824944
2025-04-20 21:00:00,287.88,98940,8.87,104.6,0.0245923969504959
2025-04-20 22:00:00,288.05,98780,8.55,106.2,0.0268127140806901
2025-04-20 23:00:00,287.67,98610,8.9,107.4,0.0275101558984492
2025-04-21,287.51,98430,10.21,113.3,0.028042583778943
2025-04-21 01:00:00,287.34,98370,10.21,121.1,0.0285608398095638
2025-04-21 02:00:00,287.24,98390,8.96,131.5,0.0297415558371565
2025-04-21 03:00:00,287.97,98280,8.95,144.8,0.0349259581542272
2025-04-21 04:00:00,288.98,98090,9.49,153.4,0.0434991742424309
2025-04-21 05:00:00,290.05,97930,10.11,157.2,0.0515202486171201
2025-04-21 06:00:00,290.24,97720,11.11,162.8,0.0532215022683108
2025-04-21 07:00:00,289.52,97700,10.73,200.1,0.0473818848794142
2025-04-21 08:00:00,286.06,97770,10.48,228.9,0.0277681952731726
2025-04-21 09:00:00,284.5,97810,9.37,228.4,0.0224529474101312
2025-04-21 10:00:00,284.01,97840,10.1,232.4,0.0205179263899134
2025-04-21 11:00:00,282.92,97900,10.7,239.1,0.0169594069125507
2025-04-21 12:00:00,281.84,97970,11.46,243.5,0.0136606010533159
2025-04-21 13:00:00,281.56,98030,11.99,248,0.011898524079543
2025-04-21 14:00:00,282.78,98080,12.51,252,0.012510262642573
2025-04-21 15:00:00,284.35,98160,12.61,255.4,0.0143783568088982
2025-04-21 16:00:00,285.95,98220,12.57,257.9,0.0170957469107561
2025-04-21 17:00:00,286.91,98270,12.43,260.7,0.0190899156006608
2025-04-21 18:00:00,287.71,98320,12.08,264.4,0.0209295954604693
2025-04-21 19:00:00,287.96,98380,11.56,269,0.021704057510221
2025-04-21 20:00:00,288.08,98450,10.88,274.9,0.0220602520074132
2025-04-21 21:00:00,287.94,98520,10.1,281.4,0.0215770379772165
2025-04-21 22:00:00,287.46,98610,9.13,287.7,0.0203485037482029
2025-04-21 23:00:00,286.23,98720,7.64,294.6,0.0180873580109918
2025-04-22,283.64,98820,4.95,302.1,0.0146838585637901
2025-04-22 01:00:00,281.39,98940,3.45,310.8,0.0119989818389563
2025-04-22 02:00:00,280.15,99010,2.82,317.3,0.0104446177706264
2025-04-22 03:00:00,279.46,99040,2.42,318.3,0.00945930387819058
2025-04-22 04:00:00,279.46,99060,1.95,314.2,0.00915114002230285
2025-04-22 05:00:00,279.88,99060,1.31,301.9,0.0092976748170942
2025-04-22 06:00:00,279.91,99080,0.91,263,0.00921640452457025
2025-04-22 07:00:00,279.55,99140,1.32,246.7,0.00886820588389101
2025-04-22 08:00:00,279.17,99200,1.53,228.7,0.00854104393754104
2025-04-22 09:00:00,278.52,99190,1.86,198.5,0.00811776160217151
2025-04-22 10:00:00,277.43,99160,2.49,177.9,0.00748989373021424
2025-04-22 11:00:00,277.89,99140,2.85,165.1,0.00809674582247522
2025-04-22 12:00:00,281.45,99140,4.35,161.1,0.0121559304056185
2025-04-22 13:00:00,284.31,99170,4.78,170.7,0.0169501630072563
2025-04-22 14:00:00,286.29,99150,5.52,176,0.0211487526505028
2025-04-22 15:00:00,287.14,99120,5.85,177.2,0.0231583727090022
2025-04-22 16:00:00,289.55,99070,6.25,179.7,0.0289135600715043
2025-04-22 17:00:00,291.93,98990,6.6,187.2,0.036694042737893
2025-04-22 18:00:00,293.42,98910,6.99,192.9,0.0429353778276297
2025-04-22 19:00:00,293.72,98840,6.91,196.5,0.0446396082996675
2025-04-22 20:00:00,295.36,98770,7.03,201.6,0.0541434123944647
2025-04-22 21:00:00,296.09,98710,6.66,211.3,0.0609690776056743
2025-04-22 22:00:00,295.21,98710,5.08,217.1,0.0624916212234896
2025-04-22 23:00:00,293.21,98720,3.92,223.8,0.0571795767504666
2025-04-23,290.53,98720,3.58,233.1,0.0446163808163582
2025-04-23 01:00:00,289.28,98760,3.36,239.8,0.0395945498549794
2025-04-23 02:00:00,289.12,98930,3.58,256.3,0.0391828831295366
2025-04-23 03:00:00,288.61,99030,4.41,260.6,0.0376366768448829
2025-04-23 04:00:00,287.98,99110,5.14,255.3,0.0363070855316761
2025-04-23 05:00:00,286.98,99130,3.96,238.6,0.0331061275292025
2025-04-23 06:00:00,286.4,99080,3.23,217.2,0.030660351343586
2025-04-23 07:00:00,286.1,99070,3.44,214.1,0.0291942521813527
2025-04-23 08:00:00,285.39,99120,3.18,216.2,0.0267500891210985
2025-04-23 09:00:00,284.74,99170,2.44,203.7,0.0245136101781428
2025-04-23 10:00:00,283.91,99150,2.33,171.9,0.0221966150304999
2025-04-23 11:00:00,284.23,99280,2.74,213.7,0.0230634672123013
2025-04-23 12:00:00,285.47,99390,4.03,232.2,0.025990285823348
2025-04-23 13:00:00,286.19,99390,4.22,215,0.027784555285228
2025-04-23 14:00:00,287.53,99300,3.64,178.4,0.0316486142786083
2025-04-23 15:00:00,289.38,99300,3.98,181,0.0360060907968677
2025-04-23 16:00:00,291.45,99310,4.21,197.1,0.0422723180648647
2025-04-23 17:00:00,293.75,99280,3.74,206.5,0.051648999016748
2025-04-23 18:00:00,295.01,99240,3.13,207.4,0.0578563046824471
2025-04-23 19:00:00,295.81,99180,2.99,200.4,0.0605061644079382
2025-04-23 20:00:00,296.62,99140,3.07,204.1,0.0638329572406455
2025-04-23 21:00:00,296.67,99120,2.93,216.2,0.0647354322667624
2025-04-23 22:00:00,296.29,99120,2.46,213.2,0.0651113880444159
2025-04-23 23:00:00,294.51,99100,1.7,191.2,0.0666176952851518
2025-04-24,293.09,99100,1.74,159.2,0.0484238907893692
2025-04-24 01:00:00,291.26,99100,2.3,140.8,0.0387183015408741
2025-04-24 02:00:00,289.51,99080,2.85,145.4,0.0327527053690385
2025-04-24 03:00:00,288.35,99100,3.17,166.1,0.0290792716124137
2025-04-24 04:00:00,287.44,99140,3.44,190.7,0.027237039089229
2025-04-24 05:00:00,286.67,99170,3.62,208.9,0.0258043997057172
2025-04-24 06:00:00,286.03,99190,3.58,223.2,0.0247119794833246
2025-04-24 07:00:00,285.54,99220,3.41,235.5,0.0238347309111197
2025-04-24 08:00:00,285.1,99240,3.13,247.7,0.0228865604203832
2025-04-24 09:00:00,285.06,99250,2.74,265.8,0.0228515019138801
2025-04-24 10:00:00,285.22,99250,2.36,305,0.0233694447750816
2025-04-24 11:00:00,285.53,99270,2.37,356.6,0.0245270565512866
2025-04-24 12:00:00,287.65,99280,3.85,35.6,0.0309386215613274
2025-04-24 13:00:00,289.21,99300,5.37,53,0.0355246001533765
2025-04-24 14:00:00,290.92,99310,6.13,59.2,0.0413970937731276
2025-04-24 15:00:00,292.45,99330,5.47,59.2,0.0472596028151238
2025-04-24 16:00:00,293.86,99320,4.71,60.6,0.0530564044036257
2025-04-24 17:00:00,295.12,99270,4.15,61.6,0.0587318450556435
2025-04-24 18:00:00,296.05,99190,3.77,61.5,0.0630545730362723
2025-04-24 19:00:00,296.41,99120,3.79,59.6,0.0645693185076587
2025-04-24 20:00:00,296.21,99060,4.12,54.9,0.0629744254062646
2025-04-24 21:00:00,295.15,99040,4.67,50.6,0.057130231538337
2025-04-24 22:00:00,293.02,99070,5.91,47,0.0449816477057123
2025-04-24 23:00:00,289.52,99110,6.81,44.1,0.0296831197304371
2025-04-25,285.63,99110,6.59,42.5,0.0191818740088977
2025-04-25 01:00:00,283.02,99130,6.55,42.8,0.0143469284030565
2025-04-25 02:00:00,281.8,99150,6.11,44.7,0.0123978260345306
2025-04-25 03:00:00,281.42,99100,5.54,45.1,0.0117065592879713
2025-04-25 04:00:00,281.34,99070,4.94,44.3,0.0116275246282668
2025-04-25 05:00:00,281.2,99040,4.47,40.5,0.011705415052569
2025-04-25 06:00:00,281.05,99000,4.06,31.8,0.0118065993265597
2025-04-25 07:00:00,280.93,98970,3.89,22.5,0.0118725588099321
2025-04-25 08:00:00,280.7,98940,4.02,18.3,0.011692327890106
2025-04-25 09:00:00,280.37,98920,4.1,19.1,0.0113246315035954
2025-04-25 10:00:00,280.11,98880,4.34,21.2,0.0110082170417475
2025-04-25 11:00:00,280.17,98840,4.76,19.7,0.0110642092870692
2025-04-25 12:00:00,280.95,98840,4.61,17,0.0121000136942897
2025-04-25 13:00:00,282.23,98860,4.41,14.7,0.0140778835709479
2025-04-25 14:00:00,284.03,98840,4.26,15.4,0.017225165850258
2025-04-25 15:00:00,286.23,98810,4.29,17.8,0.021904109518206
2025-04-25 16:00:00,287.8,98790,4.62,20.3,0.0260057243677752
2025-04-25 17:00:00,288.91,98780,4.85,19.4,0.0294009442774079
2025-04-25 18:00:00,289.32,98780,5.22,16.9,0.0308543637240661
2025-04-25 19:00:00,289.42,98790,5.76,12,0.0311922842194481
2025-04-25 20:00:00,289.1,98810,6.47,6.7,0.0301639498747166
2025-04-25 21:00:00,288.2,98830,7.15,4.3,0.0273591373296072
2025-04-25 22:00:00,286.69,98890,7.66,3.6,0.0233213551846886
2025-04-25 23:00:00,285.04,98960,7.65,5,0.0196743541995223
2025-04-26,283.7,99010,7.24,6.7,0.0171494490862195
2025-04-26 01:00:00,282.79,99080,7.48,6.5,0.0152888974314714
2025-04-26 02:00:00,281.84,99150,7.79,4.5,0.0132313414113486
2025-04-26 03:00:00,281.05,99200,7.48,1.1,0.011807308172446
2025-04-26 04:00:00,280.75,99240,7.01,357.1,0.0113340773220509
2025-04-26 05:00:00,280.72,99310,6.92,353.1,0.011256801877027
2025-04-26 06:00:00,280.61,99350,6.96,351.5,0.0109661027284526
2025-04-26 07:00:00,279.62,99380,6.36,350.5,0.00956333514849829
2025-04-26 08:00:00,278.52,99410,5.7,347.2,0.00827840313396577
2025-04-26 09:00:00,277.51,99450,5.07,342.4,0.00731387364535488
2025-04-26 10:00:00,276.78,99500,4.9,339.7,0.00660968342087699
2025-04-26 11:00:00,276.83,99570,5.33,339.5,0.00648658138158767
2025-04-26 12:00:00,278.65,99640,5.8,344.9,0.00763457487328764
2025-04-26 13:00:00,281.13,99700,7.23,2.9,0.00898622494719145
2025-04-26 14:00:00,282.81,99730,7.28,10.7,0.0103710684977457
2025-04-26 15:00:00,284.36,99760,6.99,17.3,0.0122330750127817
2025-04-26 16:00:00,285.7,99780,6.57,23.1,0.0142300564066281
2025-04-26 17:00:00,286.76,99790,6.08,27.1,0.0159857443664002
2025-04-26 18:00:00,287.49,99800,5.63,29.8,0.0173044534882352
2025-04-26 19:00:00,287.82,99780,5.37,31.5,0.0178961318627261
2025-04-26 20:00:00,287.76,99760,5.33,34.4,0.0178096532582249
2025-04-26 21:00:00,287.15,99740,5.71,37.3,0.0167185153813123
2025-04-26 22:00:00,286.01,99750,5.63,41.1,0.0148774283115857
2025-04-26 23:00:00,284.18,99780,5.32,47.6,0.0125576167237094
2025-04-27,281.23,99810,4.24,57.5,0.00977278399557538
2025-04-27 01:00:00,278.83,99840,3.72,64.5,0.00771128843206207
2025-04-27 02:00:00,277.6,99880,2.86,66,0.00671504149866454
2025-04-27 03:00:00,276.73,99910,2.24,57.2,0.00604205132629954
2025-04-27 04:00:00,276.1,99930,2.25,42.8,0.00543709515879172
2025-04-27 05:00:00,276.04,99900,2.43,46.7,0.00533145223471265
2025-04-27 06:00:00,276.36,99830,2.61,55.8,0.00553865734866875
2025-04-27 07:00:00,275.46,99780,3.04,61.9,0.0049185885059247
2025-04-27 08:00:00,275.02,99760,3.22,71.2,0.00478759223603788
2025-04-27 09:00:00,274.62,99760,3.19,79.9,0.00485373643953576
2025-04-27 10:00:00,274.35,99780,3.08,88.5,0.00502789101617158
2025-04-27 11:00:00,275.55,99820,2.8,95.1,0.00595707674752974
2025-04-27 12:00:00,278.73,99890,3.33,95.3,0.00855724567938572
2025-04-27 13:00:00,281.73,99920,2.89,108.6,0.0116941203777122
2025-04-27 14:00:00,285.53,99880,4.42,144,0.015705817893499
2025-04-27 15:00:00,287.83,99830,5,156.7,0.0197638874345279
2025-04-27 16:00:00,289.71,99780,4.86,161.5,0.024034277562765
2025-04-27 17:00:00,291.23,99710,4.74,164.2,0.0280038649459405
2025-04-27 18:00:00,292.36,99630,4.8,164.8,0.0313509536873357
2025-04-27 19:00:00,293.09,99540,4.95,164.1,0.0337499285166862
2025-04-27 20:00:00,293.4,99430,5.09,162.2,0.0349049450070152
2025-04-27 21:00:00,293.28,99350,5.14,159.5,0.0348844530011325
2025-04-27 22:00:00,292.7,99310,5.11,156.1,0.0328924801589871
2025-04-27 23:00:00,290.98,99300,3.94,147.3,0.0324120845261775
2025-04-28,287.24,99310,3.43,139.5,0.0244447627607733
2025-04-28 01:00:00,285.4,99330,3.94,141.6,0.0195791823503544
2025-04-28 02:00:00,284.75,99360,4.38,147.1,0.0180236064920882
2025-04-28 03:00:00,284.21,99350,4.82,154.6,0.0169008938678051
2025-04-28 04:00:00,283.6,99310,4.78,160.8,0.0159818414967931
2025-04-28 05:00:00,283.29,99300,4.92,165.9,0.0154092535517447
2025-04-28 06:00:00,283.09,99280,4.85,169.3,0.0151043549901084
2025-04-28 07:00:00,282.36,99260,4.16,169.6,0.0143584961548194
2025-04-28 08:00:00,282.06,99270,4.03,170.9,0.0141280528103912
2025-04-28 09:00:00,281.94,99280,4.11,172.4,0.0143267842300553
2025-04-28 10:00:00,281.83,99280,4.35,171.5,0.0147608079354514
2025-04-28 11:00:00,282.57,99260,5.2,164.5,0.0163439341775908
2025-04-28 12:00:00,284.55,99200,5.84,158.6,0.0204209532418506
2025-04-28 13:00:00,287.66,99120,6.5,163.7,0.0284665669610646
2025-04-28 14:00:00,291.11,99070,8.47,175.5,0.0371486379833817
2025-04-28 15:00:00,292.52,99020,8.83,177.3,0.0424782253749451
2025-04-28 16:00:00,293.94,98920,9.03,176.7,0.0513939459177453
2025-04-28 17:00:00,296.34,98790,9.6,177.2,0.0704415092985073
2025-04-28 18:00:00,298.11,98650,10.24,180.7,0.0918268752040143
2025-04-28 19:00:00,298.81,98530,10.65,185.4,0.104655942525885
2025-04-28 20:00:00,298.96,98420,10.8,188.2,0.10982914194898
2025-04-28 21:00:00,298.81,98310,10.76,187.5,0.110006146687389
2025-04-28 22:00:00,297.98,98230,10.28,186.9,0.103321538225671
2025-04-28 23:00:00,296.9,98220,9.88,189,0.0964504214267662
2025-04-29,295.92,98210,10.12,191.3,0.090909073173357
2025-04-29 01:00:00,295.42,98220,10.56,193.7,0.0906279293085232
2025-04-29 02:00:00,295.24,98190,10.87,195.2,0.0929694753081866
2025-04-29 03:00:00,295.13,98140,11.17,199.4,0.0947748801011724
2025-04-29 04:00:00,294.93,98090,11.23,204.6,0.0948513179156725
2025-04-29 05:00:00,294.7,98080,11.05,209.5,0.0939552039814005
2025-04-29 06:00:00,294.52,98070,10.79,215.5,0.0925121719137611
2025-04-29 07:00:00,294.22,98020,10.08,221,0.0891423946283919
2025-04-29 08:00:00,293.86,98000,9.62,223.3,0.0847608920513863
2025-04-29 09:00:00,293.63,97970,9.71,221.7,0.0817946806935962
2025-04-29 10:00:00,293.71,97980,10.54,222.7,0.0819024627985759
2025-04-29 11:00:00,293.61,98000,9.88,226.5,0.0819963326090292
2025-04-29 12:00:00,293.55,98050,9.83,250.3,0.0801952050931349
2025-04-29 13:00:00,290.66,98200,11.41,280.1,0.04282718240134
2025-04-29 14:00:00,288.2,98360,10.72,286.7,0.023471325748343
2025-04-29 15:00:00,288.76,98560,10.44,279.5,0.0239621710088742
2025-04-29 16:00:00,289.68,98650,10.39,281.8,0.0264915369238887
2025-04-29 17:00:00,290.41,98700,9.72,291,0.0281235605456581
2025-04-29 18:00:00,291.25,98740,8.8,301.8,0.0298506288019342
2025-04-29 19:00:00,291.8,98810,7.87,307.9,0.0307088381789832
2025-04-29 20:00:00,291.99,98870,7.07,309.4,0.0305930493824077
2025-04-29 21:00:00,291.75,98890,6.26,314.3,0.0293790001538292
2025-04-29 22:00:00,291.19,98910,5.3,320.9,0.0274251393817342
2025-04-29 23:00:00,289.94,98940,3.95,329.6,0.0255573028210081
2025-04-30,286.65,98990,2.58,343.8,0.0223374557200656
2025-04-30 01:00:00,284.59,99060,2.6,358.7,0.017855043685588
2025-04-30 02:00:00,283.81,99130,2.39,19.3,0.0162719677953255
2025-04-30 03:00:00,282.77,99180,2.36,43.3,0.0143330986389002
2025-04-30 04:00:00,281.57,99220,2.49,64.1,0.0124985889027394
2025-04-30 05:00:00,280.49,99250,2.61,81.2,0.0110124017859587
2025-04-30 06:00:00,279.51,99300,2.55,95.4,0.00982025590832348
2025-04-30 07:00:00,278.72,99350,2.43,106.7,0.00902085973859333
2025-04-30 08:00:00,278.18,99320,2.56,104,0.0085928873489081
2025-04-30 09:00:00,277.86,99290,2.65,95.8,0.00836658510652014
2025-04-30 10:00:00,277.97,99310,2.74,88.1,0.00850809561671104
2025-04-30 11:00:00,279.09,99320,3.62,84.6,0.00962678073746033
2025-04-30 12:00:00,281.01,99340,4.07,85.9,0.0117326458298485
2025-04-30 13:00:00,283.16,99330,4.36,95.8,0.0139524868143356
2025-04-30 14:00:00,285.03,99260,4.83,102.9,0.0160660493376551
2025-04-30 15:00:00,287.23,99190,5.17,110.4,0.0191897403046678
2025-04-30 16:00:00,289.47,99200,4.65,130.6,0.023452775908218
2025-04-30 17:00:00,290.03,99150,4.14,141.5,0.0246463973833421
2025-04-30 18:00:00,289.9,99030,4.14,136.4,0.024685432699834
2025-04-30 19:00:00,289.82,98950,5.26,129.7,0.0253900454590853
2025-04-30 20:00:00,289.86,98850,6.06,119.7,0.0263589284524141
2025-04-30 21:00:00,289.99,98800,5.54,117.2,0.0274949827223539
2025-04-30 22:00:00,288.68,98790,4.7,113.6,0.0255399213537061
2025-04-30 23:00:00,286.93,98780,3.99,104.3,0.0233153078125477
2025-05-01,285.31,98740,4.3,91.7,0.0208343034063381
2025-05-01 01:00:00,284.04,98700,5.15,81.2,0.0182811949817588
2025-05-01 02:00:00,283.31,98680,4.99,73.8,0.0167465895463486
2025-05-01 03:00:00,282.97,98620,4.86,72.9,0.0162781893953894
2025-05-01 04:00:00,282.86,98530,4.97,75.9,0.01654822410781
2025-05-01 05:00:00,283.44,98480,4.38,92,0.0185212868038533
2025-05-01 06:00:00,284.12,98380,4.07,105.4,0.021159480196511
2025-05-01 07:00:00,284.39,98220,4.4,93.4,0.0225646643324711
2025-05-01 08:00:00,284.48,98050,5.43,83.6,0.0228863478826472
2025-05-01 09:00:00,283.92,98000,5.91,85.2,0.0210025487467912
2025-05-01 10:00:00,283.22,97890,6.17,84.7,0.0188537082169888
2025-05-01 11:00:00,283.89,97780,6.49,101.9,0.020883236777493
2025-05-01 12:00:00,285.12,97690,5.73,119.2,0.02509020528078
2025-05-01 13:00:00,286.76,97560,4.84,116.1,0.0315829743367562
2025-05-01 14:00:00,289.93,97480,4.99,160.3,0.0480364062698717
2025-05-01 15:00:00,292.33,97450,8.2,217.4,0.0649482111237068
2025-05-01 16:00:00,292.68,97510,9.67,259.8,0.0606350496201805
2025-05-01 17:00:00,292.28,97620,9.66,283,0.0498566411778945
2025-05-01 18:00:00,292.39,97690,8.68,287.6,0.0485805072735052
2025-05-01 19:00:00,293.19,97700,7.24,277.9,0.0540420895698993
2025-05-01 20:00:00,293.12,97670,6.53,260,0.0566348986590416
2025-05-01 21:00:00,292.81,97670,6.53,252.7,0.0573542629006572
2025-05-01 22:00:00,291.95,97710,6.27,257.8,0.0544819203797535
2025-05-01 23:00:00,290.74,97780,5.52,268.9,0.0498600672892744
2025-05-02,289.12,97860,4.91,281.9,0.0427390811284845
2025-05-02 01:00:00,287.69,97960,4.59,292.3,0.036270844792736
2025-05-02 02:00:00,286.61,98030,3.4,296.3,0.031649496562811
2025-05-02 03:00:00,285.83,98050,2.31,294.8,0.0286378206540337
2025-05-02 04:00:00,285.28,98060,1.95,296.2,0.0266974137348332
2025-05-02 05:00:00,284.88,98050,1.77,301.6,0.0253269528995254
2025-05-02 06:00:00,284.75,98040,1.43,311.6,0.0247029624645273
2025-05-02 07:00:00,284.93,98040,1.04,322,0.024857554309292
2025-05-02 08:00:00,284.99,98060,0.77,331.1,0.0247507172834921
2025-05-02 09:00:00,284.62,98090,0.74,346,0.0236207148704526
2025-05-02 10:00:00,283.9,98110,0.91,0,0.021479961103615
2025-05-02 11:00:00,283.79,98170,1.52,8.7,0.0205793650000604
2025-05-02 12:00:00,283.84,98240,2.25,13.4,0.0200546659871684
2025-05-02 13:00:00,284.06,98290,2.36,16.5,0.0201850373362944
2025-05-02 14:00:00,284.2,98320,2.36,16.2,0.0200709939832817
2025-05-02 15:00:00,284.38,98420,1.81,7.6,0.0201060969501475
2025-05-02 16:00:00,284.89,98470,1.99,5.8,0.021126721985432
2025-05-02 17:00:00,285.6,98480,2.09,8.5,0.0226332193101963
2025-05-02 18:00:00,287.1,98490,1.58,13.9,0.025778957907892
2025-05-02 19:00:00,288.39,98470,1.43,27.1,0.0285077791817417
2025-05-02 20:00:00,288.6,98440,1.75,48.5,0.0284790206278485
2025-05-02 21:00:00,288.03,98450,2.24,60.6,0.0264429688850012
2025-05-02 22:00:00,286.57,98500,3.36,75,0.0231137430001883
2025-05-02 23:00:00,284.53,98570,4.52,81.5,0.0189036492645312
2025-05-03,282.56,98590,4.88,82.5,0.0152658590571466
2025-05-03 01:00:00,280.97,98590,4.91,78,0.0125953143288338
2025-05-03 02:00:00,280.17,98630,4.71,75.4,0.0111878648528151
2025-05-03 03:00:00,279.81,98660,4.3,74.1,0.010534318751355
2025-05-03 04:00:00,279.51,98640,3.99,64.1,0.0100803310413617
2025-05-03 05:00:00,279.25,98630,3.9,50.9,0.00973277382822128
2025-05-03 06:00:00,279.04,98620,4.4,43.9,0.00945878334801576
2025-05-03 07:00:00,279.02,98630,5.03,39.1,0.00939486803458128
2025-05-03 08:00:00,279.03,98630,5.42,34.4,0.00939024569988478
2025-05-03 09:00:00,279,98650,5.58,31.1,0.00937604153681087
2025-05-03 10:00:00,278.94,98680,5.7,28.7,0.00933560612970335
2025-05-03 11:00:00,279,98720,6.07,29.9,0.00934331382805978
2025-05-03 12:00:00,279.5,98780,6.21,30.5,0.00973337694359969
2025-05-03 13:00:00,280.49,98830,6.49,31.8,0.0107110488512638
2025-05-03 14:00:00,282.18,98820,7.06,36.2,0.0124315196953411
2025-05-03 15:00:00,284.34,98780,7.5,41.2,0.0151067599737025
2025-05-03 16:00:00,285.85,98770,7.74,44.2,0.0175141617924855
2025-05-03 17:00:00,286.51,98760,7.88,42.2,0.0186446460688408
2025-05-03 18:00:00,286.8,98760,7.92,37.6,0.0190163342489411
2025-05-03 19:00:00,286.78,98760,7.93,34.4,0.0187611245534156
2025-05-03 20:00:00,286.5,98770,7.86,32.5,0.0179400997795128
2025-05-03 21:00:00,286.13,98770,7.8,31.1,0.0169172088197829
2025-05-03 22:00:00,285.35,98760,7.78,29,0.0153367565131792
2025-05-03 23:00:00,283.98,98770,7.33,27.7,0.0132029542201303
2025-05-04,281.9,98840,5.68,28.3,0.0109548115970957
2025-05-04 01:00:00,279.81,98860,4.37,22.5,0.00912237504188549
2025-05-04 02:00:00,278.91,98870,4.45,14.8,0.00820721778580785
2025-05-04 03:00:00,278.3,98840,4.68,11.7,0.00755210407454764
2025-05-04 04:00:00,278.07,98820,4.92,10.5,0.00726232428243212
2025-05-04 05:00:00,277.98,98800,4.97,11.9,0.00713327559548549
2025-05-04 06:00:00,277.77,98780,4.95,14.1,0.0069500523114232
2025-05-04 07:00:00,277.62,98770,5.12,15.5,0.00680774085067995
2025-05-04 08:00:00,277.55,98770,5.32,15.3,0.00673555522517987
2025-05-04 09:00:00,277.37,98780,5.11,14.4,0.00664875218854463
2025-05-04 10:00:00,277.36,98790,5.02,11,0.00670855789008732
2025-05-04 11:00:00,277.74,98810,5.2,6.9,0.00706330506063758
2025-05-04 12:00:00,278.53,98830,5.18,2.7,0.00781087079696409
2025-05-04 13:00:00,279.82,98840,4.91,0.7,0.00915817163980781
2025-05-04 14:00:00,281.93,98850,5.56,12.3,0.0114399240134276
2025-05-04 15:00:00,283.77,98830,6.29,18.7,0.0131868359952999
2025-05-04 16:00:00,285.28,98800,6.83,21.8,0.0142016761087581
2025-05-04 17:00:00,286.33,98780,7.51,26.1,0.0147525503308791
2025-05-04 18:00:00,286.69,98760,8.06,29,0.0151379770591568
2025-05-04 19:00:00,286.58,98750,8.18,29.8,0.0153551553735398
2025-05-04 20:00:00,286.24,98720,7.69,30.6,0.0156146135399785
2025-05-04 21:00:00,285.57,98720,7.01,30.7,0.0155799708460037
2025-05-04 22:00:00,284.45,98730,6.62,32,0.0146944790972734
2025-05-04 23:00:00,282.98,98750,6.48,35,0.0131955998596881
2025-05-05,281.48,98770,5.7,39.4,0.0118822973579011
2025-05-05 01:00:00,280.52,98790,5.18,40.3,0.0111395577479076
2025-05-05 02:00:00,280.21,98810,5.03,40.2,0.0110153163136585
2025-05-05 03:00:00,280.21,98800,4.79,39.2,0.0112085877270171
2025-05-05 04:00:00,280.32,98780,4.95,38.4,0.0114788889281051
2025-05-05 05:00:00,280.63,98740,5.86,46.2,0.0118704766708496
2025-05-05 06:00:00,280.79,98710,6.69,53.7,0.0120775148311937
2025-05-05 07:00:00,280.88,98690,6.52,56.5,0.0122358184281078
2025-05-05 08:00:00,280.85,98680,5.88,54.9,0.0122129017362484
2025-05-05 09:00:00,280.9,98700,5.55,55.7,0.0122732246628869
2025-05-05 10:00:00,280.72,98710,5.21,50.3,0.0120357160549111
2025-05-05 11:00:00,280.58,98750,5.24,44.3,0.011964017888776
2025-05-05 12:00:00,280.97,98780,5.02,41.6,0.012631697224548
2025-05-05 13:00:00,282.23,98800,5.38,52.6,0.0144287685816563
2025-05-05 14:00:00,283.68,98830,4.98,61.7,0.0167346753445769
2025-05-05 15:00:00,284.96,98850,4.24,67.5,0.0191529152567213
2025-05-05 16:00:00,286.32,98860,3.65,71.3,0.0222871619146291
2025-05-05 17:00:00,287.68,98870,3.36,74.3,0.025898255452273
2025-05-05 18:00:00,289.35,98860,3.26,76.5,0.0306576751311927
2025-05-05 19:00:00,290.34,98840,3.39,76.7,0.0334153654635994
2025-05-05 20:00:00,290.46,98830,3.63,74.4,0.033682552712106
2025-05-05 21:00:00,290.14,98820,3.69,72,0.0326328068919389
2025-05-05 22:00:00,289.56,98840,3.54,70,0.0308890413934483
2025-05-05 23:00:00,288.36,98860,3.07,65.2,0.0282480149642364
2025-05-06,285.87,98870,2.17,56.1,0.0238578041819886
2025-05-06 01:00:00,283.62,98870,2.23,48.1,0.0185006939148192
2025-05-06 02:00:00,282.53,98900,2.16,41.1,0.0161916887144284
2025-05-06 03:00:00,281.97,98910,1.93,32.3,0.0151844881096266
2025-05-06 04:00:00,281.84,98880,1.56,358.5,0.0148840897764471
2025-05-06 05:00:00,281.2,98860,1.83,333.7,0.0140399025077042
2025-05-06 06:00:00,280.86,98870,2.03,336.8,0.0137142877536056
2025-05-06 07:00:00,280.63,98850,2.34,316.9,0.0135493692650234
2025-05-06 08:00:00,280.56,98850,2.7,312,0.0136768752347827
2025-05-06 09:00:00,280.7,98840,3.19,308.9,0.0139816693088993
2025-05-06 10:00:00,280.9,98830,3.82,308.4,0.0141282299455403
2025-05-06 11:00:00,281.73,98870,4.78,307.6,0.0150147031465592
2025-05-06 12:00:00,283.71,98900,4.87,302.9,0.0184150010301886
2025-05-06 13:00:00,286.85,98920,4.98,300.4,0.0253502814634221
2025-05-06 14:00:00,290.24,98930,5.86,312.4,0.0335368187634445
2025-05-06 15:00:00,292.36,98930,5.51,311.5,0.0394317209542051
2025-05-06 16:00:00,294.09,98900,5.24,309.5,0.0447942892629025
2025-05-06 17:00:00,295.42,98870,5.16,306.4,0.0494413958079284
2025-05-06 18:00:00,296.34,98820,5.21,303.7,0.0533679907104702
2025-05-06 19:00:00,296.91,98750,5.16,304.1,0.056985865457584
2025-05-06 20:00:00,297.12,98690,4.94,305.9,0.0605073063543216
2025-05-06 21:00:00,297.09,98660,4.69,313.9,0.0624765724813729
2025-05-06 22:00:00,296.46,98660,4.28,323.5,0.0621788737441649
2025-05-06 23:00:00,295.1,98730,2.82,325.2,0.0633290907217556
2025-05-07,292.69,98800,1.74,328.4,0.0574370359014716
2025-05-07 01:00:00,291.67,98840,1.36,333.2,0.0459152621731727
2025-05-07 02:00:00,291.29,98900,0.83,326.3,0.0418959286810623
2025-05-07 03:00:00,289.91,98900,1.02,291.8,0.0366417162507629
2025-05-07 04:00:00,288.6,98810,1.65,311.8,0.0323508004254016
2025-05-07 05:00:00,287.53,98770,2.02,307.9,0.0291170450572533
2025-05-07 06:00:00,286,98830,2.69,287.5,0.0254753823848375
2025-05-07 07:00:00,285.21,98830,3.03,293.1,0.0236369493128441
2025-05-07 08:00:00,284.48,98860,3.15,294.8,0.0219116204226179
2025-05-07 09:00:00,283.94,98890,3.08,308.4,0.0207247597107383
2025-05-07 10:00:00,283.59,98910,2.79,328.5,0.0201140148447722
2025-05-07 11:00:00,284.89,98960,1.92,347.1,0.0232272534247083
2025-05-07 12:00:00,287.81,99000,1.38,30.1,0.0314672327763681
2025-05-07 13:00:00,290.09,99010,1.29,92.7,0.0398949807727569
2025-05-07 14:00:00,293.59,99030,2.03,115.4,0.0553133113419322
2025-05-07 15:00:00,295.65,99040,2.71,106.3,0.0631515430009601
2025-05-07 16:00:00,295.89,99020,3.27,91.9,0.0628662767967984
2025-05-07 17:00:00,295.53,98990,4.31,73.7,0.0591004087591273
2025-05-07 18:00:00,294.21,98990,5.91,58.8,0.0513091338809206
2025-05-07 19:00:00,291.79,99040,7.32,49,0.0405086161950215
2025-05-07 20:00:00,289.42,99100,7.58,40.9,0.0320271404212896
2025-05-07 21:00:00,288.21,99120,7.64,36.2,0.027228394422106
2025-05-07 22:00:00,287.09,99120,8.02,33,0.0230450150277882
2025-05-07 23:00:00,285.17,99140,8.29,31.3,0.0185236916161454
2025-05-08,283.34,99160,8.11,29,0.015402810811213
2025-05-08 01:00:00,282.15,99160,8.02,26.9,0.0135305720971795
2025-05-08 02:00:00,281.62,99160,8.13,27.9,0.0124231675916825
2025-05-08 03:00:00,281.33,99160,7.85,28,0.0118512629677036
2025-05-08 04:00:00,281.21,99190,7.3,26.1,0.0116413359040425
2025-05-08 05:00:00,281.37,99220,7.02,26.7,0.0119439781489813
2025-05-08 06:00:00,280.98,99210,6.43,22.4,0.011692461130366
2025-05-08 07:00:00,280.79,99180,6.65,23.5,0.0116606126804661
2025-05-08 08:00:00,280.97,99190,6.91,30.5,0.0123141521101794
2025-05-08 09:00:00,281.21,99210,7.22,36.9,0.0130518488550393
2025-05-08 10:00:00,281.13,99270,7.3,41.5,0.0129784859260802
2025-05-08 11:00:00,280.97,99330,7.24,44.1,0.0125015007879792
2025-05-08 12:00:00,282.07,99370,8.09,54.5,0.0137059941259041
2025-05-08 13:00:00,283.82,99400,8.17,59.9,0.0161529166199463
2025-05-08 14:00:00,285.2,99450,8.23,57.4,0.0184882215981943
2025-05-08 15:00:00,285.88,99500,8.65,53.6,0.0193591925706484
2025-05-08 16:00:00,286.47,99510,8.93,51.5,0.0196259959890024
2025-05-08 17:00:00,287.37,99500,9.1,49.7,0.0203357638206319
2025-05-08 18:00:00,287.94,99460,9.18,47.1,0.0202884844403714
2025-05-08 19:00:00,287.96,99420,9.26,44.6,0.0188644133896446
2025-05-08 20:00:00,287.59,99380,9.12,43.3,0.0165119681921716
2025-05-08 21:00:00,286.92,99360,8.68,42.7,0.0142426382179869
2025-05-08 22:00:00,285.85,99370,8.01,41.3,0.012426108690646
2025-05-08 23:00:00,284.35,99390,7.22,37.2,0.010890476107249
2025-05-09,281.88,99430,5.7,30.3,0.00943708070859884
2025-05-09 01:00:00,279.42,99470,5.23,24.8,0.0079958081215114
2025-05-09 02:00:00,278.49,99490,5.73,22.9,0.00741927947295475
2025-05-09 03:00:00,278.01,99510,5.4,23.7,0.00706141671012741
2025-05-09 04:00:00,277.38,99500,4.59,25.7,0.00661610034696665
2025-05-09 05:00:00,276.81,99490,3.95,29.1,0.006307172068286
2025-05-09 06:00:00,276.37,99470,3.51,34.9,0.00619777486194748
2025-05-09 07:00:00,275.95,99470,3.18,41.6,0.0061380654641995
2025-05-09 08:00:00,275.65,99510,3.03,47.4,0.0060483528694588
2025-05-09 09:00:00,275.5,99550,2.95,50.6,0.00594980256746027
2025-05-09 10:00:00,275.48,99560,2.81,53.8,0.00585889096575155
2025-05-09 11:00:00,277.23,99560,2.32,58.9,0.00697200408040269
2025-05-09 12:00:00,280.59,99560,2.78,62.8,0.00921679455956379
2025-05-09 13:00:00,283.14,99590,2.46,52.9,0.0104621779460685
2025-05-09 14:00:00,285.5,99650,3.03,33.7,0.0127387583232215
2025-05-09 15:00:00,288.09,99650,3.76,30.2,0.0158878204580864
2025-05-09 16:00:00,289.88,99610,3.94,33.9,0.0182256022027033
2025-05-09 17:00:00,291.13,99550,3.9,39.1,0.0199524431011749
2025-05-09 18:00:00,291.99,99500,3.66,42.7,0.0213215345621584
2025-05-09 19:00:00,292.61,99440,3.2,43,0.0224672836199283
2025-05-09 20:00:00,292.99,99390,2.72,38.4,0.0233804769608102
2025-05-09 21:00:00,292.95,99350,2.34,32.1,0.0240968886945613
2025-05-09 22:00:00,292.61,99350,1.84,23.1,0.0248215558626955
2025-05-09 23:00:00,291.8,99340,1.17,14.4,0.0251453616406545
2025-05-10,290.29,99330,0.47,54.6,0.0231303767748563
2025-05-10 01:00:00,288.84,99350,0.64,165.5,0.0183277014371193
2025-05-10 02:00:00,287.05,99380,1.31,194.1,0.0168863279970629
2025-05-10 03:00:00,285.18,99380,2.08,205.7,0.0146554329283637
2025-05-10 04:00:00,282.99,99400,2.85,211.8,0.0123281856644482
2025-05-10 05:00:00,281.71,99420,3.46,214.3,0.0107326784753718
2025-05-10 06:00:00,281.25,99420,3.86,216.9,0.0098563969960927
2025-05-10 07:00:00,281.09,99400,4.38,222.3,0.00941410898881282
2025-05-10 08:00:00,280.93,99390,4.67,231,0.00930216273323405
2025-05-10 09:00:00,281.26,99400,4.66,243.4,0.00997950738822032
2025-05-10 10:00:00,281.46,99400,4.38,256.4,0.0107094402576665
2025-05-10 11:00:00,283.19,99400,4.99,268.6,0.013129898971973
2025-05-10 12:00:00,285.97,99400,5.53,280.7,0.0176434954268973
2025-05-10 13:00:00,289.08,99390,4.75,293.4,0.0256075304848334
2025-05-10 14:00:00,292.85,99380,4.54,316.4,0.0378631750067154
2025-05-10 15:00:00,295.11,99380,5.22,348.8,0.0500057339554572
2025-05-10 16:00:00,295.36,99410,6.06,14.8,0.0531884387268607
2025-05-10 17:00:00,294.47,99470,7.06,28.3,0.0486732120184078
2025-05-10 18:00:00,293.49,99520,7.42,33.2,0.0427403910802131
2025-05-10 19:00:00,292.9,99550,7.37,35.4,0.0383658661265503
2025-05-10 20:00:00,292.19,99590,7.24,37.3,0.034126291199192
2025-05-10 21:00:00,291.33,99620,7.14,38.6,0.0301938174601499
2025-05-10 22:00:00,290.1,99660,7.14,40.4,0.0256570773463715
2025-05-10 23:00:00,287.89,99700,7.01,45.3,0.0196550033942298
2025-05-11,284.73,99740,6.14,48.9,0.0141078181561267
2025-05-11 01:00:00,281.94,99790,5.52,46.3,0.0106833365719051
2025-05-11 02:00:00,280.77,99820,5.68,40.6,0.0093147216913983
2025-05-11 03:00:00,280.06,99830,5.49,35.9,0.00859485838596312
2025-05-11 04:00:00,279.4,99810,5.05,33.3,0.00801108354684424
2025-05-11 05:00:00,278.78,99790,4.75,32.9,0.00755580830650789
2025-05-11 06:00:00,278.32,99780,4.71,33.8,0.00728983453376058
2025-05-11 07:00:00,278.01,99780,4.72,36.6,0.00719411642590228
2025-05-11 08:00:00,277.87,99780,4.63,43.1,0.00730222507217188
2025-05-11 09:00:00,277.66,99760,4.02,53.5,0.00745962531496781
2025-05-11 10:00:00,277.58,99770,3.74,61.8,0.00780519294631601
2025-05-11 11:00:00,279.65,99830,4.87,62.9,0.0100651288127088
2025-05-11 12:00:00,282.25,99880,5.26,61.4,0.0137018447175489
2025-05-11 13:00:00,285.36,99900,5.5,74.9,0.0189295286823281
2025-05-11 14:00:00,287.91,99850,5.38,84.3,0.0231143601294568
2025-05-11 15:00:00,290.47,99800,5.34,91.7,0.0263598113494775
2025-05-11 16:00:00,292.31,99760,5.28,96.9,0.0291750981554089
2025-05-11 17:00:00,293.68,99710,5.17,95.4,0.0320831278953505
2025-05-11 18:00:00,294.69,99650,5.27,92.7,0.0344150105401101
2025-05-11 19:00:00,295.09,99590,5.4,91.8,0.0360225350536604
2025-05-11 20:00:00,295.06,99510,5.42,89.6,0.0367505800185717
2025-05-11 21:00:00,294.69,99460,5.36,86.3,0.0359024872212777
2025-05-11 22:00:00,293.65,99430,5.31,82.4,0.0336504308904551
2025-05-11 23:00:00,291.58,99440,4.72,77,0.0306609159864243
2025-05-12,287.87,99450,3.42,72.5,0.0244624709781681
2025-05-12 01:00:00,284.75,99440,3.14,75.6,0.0182695899783129
2025-05-12 02:00:00,284.01,99440,3.23,85.9,0.0168594112661587
2025-05-12 03:00:00,283.74,99410,3.4,99.8,0.0166783175462902
2025-05-12 04:00:00,283.63,99370,3.55,112,0.017123128806797
2025-05-12 05:00:00,283.42,99320,3.62,122.9,0.0172267604952165
2025-05-12 06:00:00,282.88,99290,3.57,129.3,0.0161842592941748
2025-05-12 07:00:00,281.97,99250,3.37,128.1,0.0142126982312729
2025-05-12 08:00:00,281.07,99220,3.18,122.5,0.0124887126273486
2025-05-12 09:00:00,280.48,99210,3.06,117.2,0.011762396046913
2025-05-12 10:00:00,280.28,99210,2.97,110.7,0.01198311262693
2025-05-12 11:00:00,282.55,99200,2.8,102,0.0158020941281763
2025-05-12 12:00:00,285.63,99190,3.6,93.2,0.0223176989439132
2025-05-12 13:00:00,288.57,99160,3.2,79.9,0.0317312523579964
2025-05-12 14:00:00,292.76,99100,3.51,74.6,0.0492489865642719
2025-05-12 15:00:00,296.51,99030,4.43,79.7,0.0620669861371405
2025-05-12 16:00:00,297.98,98950,5.36,79.7,0.0659640470807313
2025-05-12 17:00:00,298.47,98860,6.43,84,0.0668103573680245
2025-05-12 18:00:00,298.46,98770,7.18,88.6,0.067403359003987
2025-05-12 19:00:00,298.41,98680,7.4,95,0.0716446190934808
2025-05-12 20:00:00,297.99,98600,7.03,103.4,0.0767331602067637
2025-05-12 21:00:00,297.22,98540,6.2,109,0.0793881788992375
2025-05-12 22:00:00,295.63,98510,4.74,107.3,0.0757402674422633
2025-05-12 23:00:00,293.86,98490,3.63,93,0.0686035919217366
2025-05-13,292.03,98460,3.64,81.2,0.0578889158347028
2025-05-13 01:00:00,290.58,98470,4.25,82.8,0.0495302279101307
2025-05-13 02:00:00,290.22,98490,4.67,100.4,0.0483840867419672
2025-05-13 03:00:00,290.19,98500,4.52,114.5,0.0498987713022535
2025-05-13 04:00:00,290.04,98500,4.29,120.5,0.0503371100201548
2025-05-13 05:00:00,289.75,98480,3.88,122.5,0.0494380108415124
2025-05-13 06:00:00,289.24,98440,3.06,125.6,0.047439816411239
2025-05-13 07:00:00,288.81,98400,2.61,131,0.045556608026025
2025-05-13 08:00:00,288.44,98370,2.48,139.9,0.0439864854983936
2025-05-13 09:00:00,288.08,98350,2.4,143.1,0.0422807570156571
2025-05-13 10:00:00,287.75,98360,2.39,139.9,0.0404930685039725
2025-05-13 11:00:00,289.14,98390,2.82,132.8,0.0462058157560976
2025-05-13 12:00:00,290.64,98420,3.61,129.8,0.0539206356051005
2025-05-13 13:00:00,292.53,98420,3.51,131,0.0654012682737396
2025-05-13 14:00:00,294.32,98390,3.22,124,0.0752136483654327
2025-05-13 15:00:00,295.85,98350,3.24,113.6,0.0837240763463089
2025-05-13 16:00:00,297.17,98310,3.54,107.3,0.0914294628016696
2025-05-13 17:00:00,298.12,98250,3.85,103.2,0.0964439111248268
2025-05-13 18:00:00,298.52,98210,4.22,99.7,0.0983113274526822
2025-05-13 19:00:00,298.38,98180,4.52,98.4,0.0964150614632522
2025-05-13 20:00:00,297.78,98140,4.63,97.6,0.0920735350780189
2025-05-13 21:00:00,296.95,98120,4.64,96.2,0.0869355078627084
2025-05-13 22:00:00,295.86,98100,4.62,92.6,0.0805905982881498
2025-05-13 23:00:00,294.32,98100,4.45,87.9,0.0728398104254638
2025-05-14,292.25,98090,4.01,81.8,0.0620210278079628
2025-05-14 01:00:00,290.28,98090,3.7,78.1,0.0516572627484932
2025-05-14 02:00:00,289.26,98110,3.6,78.5,0.0463842682191648
2025-05-14 03:00:00,288.55,98110,3.03,80.7,0.0425836084005733
2025-05-14 04:00:00,287.92,98100,2.56,83.7,0.0395491458435163
2025-05-14 05:00:00,287.41,98090,2.28,86.5,0.0374298664410913
2025-05-14 06:00:00,287.01,98080,2.15,88.4,0.0359804283070788
2025-05-14 07:00:00,286.69,98070,2.12,89.7,0.034954084304804
2025-05-14 08:00:00,286.46,98080,2.11,90.3,0.0341863046250873
2025-05-14 09:00:00,286.31,98090,2.09,91.6,0.0336625345300691
2025-05-14 10:00:00,286.26,98110,2.09,94.4,0.0334046074736308
2025-05-14 11:00:00,288.17,98120,2.17,97.9,0.0399130134557803
2025-05-14 12:00:00,289.98,98140,2.34,98.1,0.0480654904925309
2025-05-14 13:00:00,292.85,98140,2.01,93.4,0.0648267744038513
2025-05-14 14:00:00,295.09,98110,2.25,79.7,0.0784294611681468
2025-05-14 15:00:00,296.69,98080,2.74,80.7,0.0886058614851149
2025-05-14 16:00:00,297.81,98040,3.06,88.3,0.0964250356584793
2025-05-14 17:00:00,298.67,98000,3.24,95,0.102707224571626
2025-05-14 18:00:00,299.18,97970,3.41,98.9,0.105764276203926
2025-05-14 19:00:00,299.33,97930,3.58,100.1,0.106146686247223
2025-05-14 20:00:00,299.12,97910,3.66,99.9,0.104070774957585
2025-05-14 21:00:00,298.57,97900,3.77,99.2,0.10027791473343
2025-05-14 22:00:00,297.78,97890,3.91,97.3,0.0955519648550256
2025-05-14 23:00:00,296.38,97890,4.14,93.7,0.0873653337612306
2025-05-15,293.85,97890,4.23,89.2,0.072993176116723
2025-05-15 01:00:00,291.4,97910,4.39,89.1,0.0589101957611395
2025-05-15 02:00:00,290.25,97920,4.37,92.5,0.0530214183427891
2025-05-15 03:00:00,289.72,97900,3.88,100.2,0.0498932935535123
2025-05-15 04:00:00,289.41,97860,3.44,110.6,0.048368432041831
2025-05-15 05:00:00,289.24,97810,3.1,122.9,0.0483586796559606
2025-05-15 06:00:00,289.17,97750,2.99,134.1,0.0493176082036067
2025-05-15 07:00:00,289.14,97710,3.12,143.5,0.0501936214108473
2025-05-15 08:00:00,289.13,97690,3.36,148.4,0.0503534322628709
2025-05-15 09:00:00,289.13,97660,3.36,149.6,0.0500821117563024
2025-05-15 10:00:00,289.25,97650,3.3,149.2,0.0503332020562347
2025-05-15 11:00:00,290.44,97620,4.11,146.1,0.0559105171235466
2025-05-15 12:00:00,291.75,97600,4.55,141.7,0.0642993597116203
2025-05-15 13:00:00,293.09,97580,4.61,137.7,0.0753026338766834
2025-05-15 14:00:00,295.54,97560,5.17,143.4,0.0969003916764834
2025-05-15 15:00:00,297.85,97520,6.42,149,0.116896550866252
2025-05-15 16:00:00,299.24,97480,7.54,152.2,0.130105693863917
2025-05-15 17:00:00,299.59,97430,8.03,155.8,0.136147831462201
2025-05-15 18:00:00,300.7,97350,8.47,159.3,0.154289296607223
2025-05-15 19:00:00,301.99,97260,8.46,166.5,0.176310721054206
2025-05-15 20:00:00,302.56,97180,7.98,172.6,0.187807958214866
2025-05-15 21:00:00,301.8,97130,8.01,181.2,0.182705039979642
2025-05-15 22:00:00,301.69,97110,9.59,193.9,0.187666200610371
2025-05-15 23:00:00,300.9,97050,8.77,206.3,0.178760420850156
2025-05-16,299.46,97040,8.23,240.5,0.152753936768494
2025-05-16 01:00:00,296.68,97170,9.28,266.5,0.0863340694716831
2025-05-16 02:00:00,293.73,97340,7.35,265.8,0.056131059857547
2025-05-16 03:00:00,293.06,97500,7.91,264,0.0508798387925417
2025-05-16 04:00:00,291.66,97620,6.95,269.2,0.0449472351930546
2025-05-16 05:00:00,289.55,97670,4.28,276,0.0375702692304271
2025-05-16 06:00:00,288.06,97650,3.09,276.1,0.0330121011622459
2025-05-16 07:00:00,287.76,97630,2.52,250.6,0.0315443255698981
2025-05-16 08:00:00,287.24,97610,2.85,208.1,0.0299790824483313
2025-05-16 09:00:00,286.99,97600,3.49,193.2,0.0299436595038225
2025-05-16 10:00:00,287.27,97570,4.36,192.1,0.0320756518144651
2025-05-16 11:00:00,288.74,97560,5.98,193.8,0.0386958926558273
2025-05-16 12:00:00,290.71,97560,5.96,193.6,0.0488927217344665
2025-05-16 13:00:00,294.07,97550,6.36,195.9,0.0685683263519974
2025-05-16 14:00:00,297.33,97520,8.21,207.6,0.0861975754350196
2025-05-16 15:00:00,299.29,97470,8.95,207.9,0.0894750156119409
2025-05-16 16:00:00,300.58,97400,9.67,201.7,0.0862755241373879
2025-05-16 17:00:00,301.24,97310,10.02,193.7,0.0845326864782828
2025-05-16 18:00:00,301.46,97200,10.13,187.9,0.0852410660770506
2025-05-16 19:00:00,301.16,97090,10.1,187.6,0.0811643843540282
2025-05-16 20:00:00,300.93,96950,10.23,190.3,0.0789721430690424
2025-05-16 21:00:00,300.54,96850,10.7,195.4,0.0822900198392474
2025-05-16 22:00:00,299.21,96750,10.36,197,0.0854066654079643
2025-05-16 23:00:00,297.04,96660,9.53,204.8,0.0865061602990521
2025-05-17,295.4,96690,9.64,238.7,0.079047243901574
2025-05-17 01:00:00,293.8,96820,9.87,264,0.051475992779731
2025-05-17 02:00:00,291.16,96950,9.35,269,0.0356137176145588
2025-05-17 03:00:00,289.33,97020,9.21,270.7,0.0298678687290314
2025-05-17 04:00:00,287.95,97060,8.8,265.8,0.0261412448234614
2025-05-17 05:00:00,286.83,97130,8.8,263.3,0.0223554775761877
2025-05-17 06:00:00,286.14,97190,8.39,263.6,0.0198362730730816
2025-05-17 07:00:00,285.23,97230,8,263.9,0.0179813887256776
2025-05-17 08:00:00,284.49,97280,7.84,262.8,0.016782275755664
2025-05-17 09:00:00,284.24,97300,8.01,259.1,0.0164884735342154
2025-05-17 10:00:00,284.1,97330,8.46,257.3,0.0162737210240516
2025-05-17 11:00:00,283.99,97370,9.22,259.9,0.0159138647162117
2025-05-17 12:00:00,284.36,97430,10.1,266,0.0162071175290142
2025-05-17 13:00:00,285.13,97510,10.41,271.9,0.017532864207067
2025-05-17 14:00:00,286.45,97590,10.38,276.7,0.0201437836487735
2025-05-17 15:00:00,288.4,97640,10.2,280.8,0.0242260197698414
2025-05-17 16:00:00,290.21,97700,9.86,283.7,0.028274998276854
2025-05-17 17:00:00,291.75,97740,9.59,285.1,0.0324428209667014
2025-05-17 18:00:00,293.03,97760,9.46,285.9,0.0365042785464472
2025-05-17 19:00:00,293.86,97800,9.45,287.1,0.0398427398751636
2025-05-17 20:00:00,294.13,97830,9.32,288.8,0.0418542355473901
2025-05-17 21:00:00,293.95,97870,9.18,290.2,0.0418319696905221
2025-05-17 22:00:00,293.12,97920,8.9,291.4,0.0393801385681557
2025-05-17 23:00:00,291.76,97980,8.22,294.1,0.0353688514454654
2025-05-18,289.9,98060,7.09,298.1,0.0302954217874584
2025-05-18 01:00:00,287.55,98140,5.35,300.4,0.025151551036353
2025-05-18 02:00:00,286.05,98230,4.53,301,0.0221443905311734
2025-05-18 03:00:00,285.11,98300,4.21,299,0.0202257813223012
2025-05-18 04:00:00,284.47,98360,4.47,295.9,0.0188077722163778
2025-05-18 05:00:00,283.9,98420,4.89,294.3,0.0175901462111341
2025-05-18 06:00:00,283.28,98460,5.01,296.4,0.016390140270172
2025-05-18 07:00:00,282.69,98490,4.82,300.6,0.0153405933731836
2025-05-18 08:00:00,282.13,98520,4.53,304.8,0.014412067910512
2025-05-18 09:00:00,281.61,98560,4.29,309.2,0.0136390109136782
2025-05-18 10:00:00,281.18,98590,4.06,313.6,0.0130631694477488
2025-05-18 11:00:00,281.86,98630,4.42,317.6,0.0140002278392424
2025-05-18 12:00:00,284.42,98650,4.19,336.8,0.0184193683260421
2025-05-18 13:00:00,287.4,98650,4.42,359.2,0.0249427095901622
2025-05-18 14:00:00,289.36,98670,3.81,5.1,0.0295018964551542
2025-05-18 15:00:00,290.71,98710,2.78,5.2,0.0333947854858095
2025-05-18 16:00:00,291.81,98740,2.17,357.6,0.0370994519205826
2025-05-18 17:00:00,292.86,98740,2.3,351.2,0.0406980561116596
2025-05-18 18:00:00,293.64,98720,2.68,348.4,0.0433449056948604
2025-05-18 19:00:00,294.07,98710,3.23,351.6,0.0446578511253596
2025-05-18 20:00:00,294.08,98690,3.59,4.5,0.044492080678189
2025-05-18 21:00:00,293.52,98650,3.83,20.5,0.042498595775691
2025-05-18 22:00:00,292.34,98680,4.23,31.4,0.0383138062405111
2025-05-18 23:00:00,290.28,98740,4.87,46.1,0.0320284960451593
2025-05-19,286.81,98830,5.69,62.5,0.0233831276021043
2025-05-19 01:00:00,282.89,98930,6.06,73,0.0157664715365579
2025-05-19 02:00:00,280.84,98960,6.02,75,0.0122684769171622
2025-05-19 03:00:00,280.28,98940,6.09,70.3,0.0111312709211397
2025-05-19 04:00:00,279.87,98890,5.81,67.1,0.0104498239465288
2025-05-19 05:00:00,279.63,99090,4.73,52.5,0.010024069225972
2025-05-19 06:00:00,279.4,99100,5.28,45.4,0.00956167741520159
2025-05-19 07:00:00,279.36,99060,5.57,44.3,0.00930095219215457
2025-05-19 08:00:00,279.31,98970,6.18,42.4,0.00918368628343169
2025-05-19 09:00:00,279.17,98920,6.6,43.1,0.00911787188935251
2025-05-19 10:00:00,279.07,99110,6.37,36.8,0.00884974395815822
2025-05-19 11:00:00,279.05,99220,6.81,39.5,0.00826463788946819
2025-05-19 12:00:00,279.19,99160,8.04,50,0.00798050724051171
2025-05-19 13:00:00,279.66,99110,8.47,56.2,0.00829351958679929
2025-05-19 14:00:00,281.44,99100,8.5,59,0.00997070898705029
2025-05-19 15:00:00,282.85,99130,7.8,61.3,0.011476724738139
2025-05-19 16:00:00,283.15,99160,7.12,63.7,0.0118278986176044
2025-05-19 17:00:00,283.42,99150,6.74,65,0.0121621548330591
2025-05-19 18:00:00,284.05,99110,6.57,64.4,0.0129330606338392
2025-05-19 19:00:00,283.91,99070,6.13,63.6,0.0127102190602897
2025-05-19 20:00:00,283.53,99020,6.14,62.9,0.0122691617471769
2025-05-19 21:00:00,283.42,98950,6.63,61.6,0.012368853908337
2025-05-19 22:00:00,283.36,98910,6.74,62.6,0.0127595838532417
2025-05-19 23:00:00,283.08,98890,6.78,65.9,0.0130533000052618
2025-05-20,282.3,98870,6.82,59.3,0.0129381227322071
2025-05-20 01:00:00,281.58,98760,7.41,53.9,0.0126026966095386
2025-05-20 02:00:00,281.29,98600,7.22,60.2,0.0125437995670683
2025-05-20 03:00:00,282.06,98710,6.19,62.6,0.0140628106550592
2025-05-20 04:00:00,283.04,98600,7.24,70.9,0.0165268622120179
2025-05-20 05:00:00,283.77,98410,8.32,71,0.0190994188386601
2025-05-20 06:00:00,283.73,98430,8.11,77.4,0.0195352343449891
2025-05-20 07:00:00,283.55,98430,9.07,84.2,0.0188988058294858
2025-05-20 08:00:00,283.23,98300,10.37,88,0.0177216234959069
2025-05-20 09:00:00,282.77,98190,10.36,91.8,0.0162419471626165
2025-05-20 10:00:00,282.24,98120,9.37,93.5,0.0149142682299679
2025-05-20 11:00:00,281.89,98180,8.47,99.8,0.0141887857968762
2025-05-20 12:00:00,281.67,98150,9.66,100.7,0.0136277853502754
2025-05-20 13:00:00,281.75,98060,10.66,97.6,0.0138219812715194
2025-05-20 14:00:00,282.33,97950,11.24,96.2,0.0149153021735961
2025-05-20 15:00:00,283.03,97880,11.31,97.7,0.0163754711970331
2025-05-20 16:00:00,283.85,97860,10.69,102.1,0.0181738922344153
2025-05-20 17:00:00,285.27,97880,9.75,111.7,0.0217090538038653
2025-05-20 18:00:00,286.48,97860,8.61,113.1,0.0257140902920886
2025-05-20 19:00:00,287.17,97800,7.74,107.6,0.0291199746371759
2025-05-20 20:00:00,287.86,97740,7.35,101.5,0.0326257225830122
2025-05-20 21:00:00,288.08,97710,6.92,92.3,0.0346511732923828
2025-05-20 22:00:00,287.52,97700,6.72,84.2,0.0335416048444049
2025-05-20 23:00:00,286.67,97690,6.52,78.4,0.0308934773680502
2025-05-21,285.99,97690,6.05,79.2,0.0285886026458004
2025-05-21 01:00:00,285.5,97690,5.64,79.2,0.0268624906126031
2025-05-21 02:00:00,284.91,97700,5.34,72.8,0.0246552656399223
2025-05-21 03:00:00,284.28,97690,5.04,68.7,0.0223531639785175
2025-05-21 04:00:00,283.85,97680,4.38,68.6,0.0209438177069122
2025-05-21 05:00:00,283.37,97660,3.98,58.7,0.0193793193160505
2025-05-21 06:00:00,282.77,97650,3.71,51.5,0.0177132476967439
2025-05-21 07:00:00,282.06,97650,3.65,40.1,0.0158965653295441
2025-05-21 08:00:00,281.45,97670,3.68,27.3,0.0143911134837851
2025-05-21 09:00:00,281.07,97680,3.38,18.6,0.0134930259870973
2025-05-21 10:00:00,280.95,97690,3.11,9.4,0.0131945227376631
2025-05-21 11:00:00,281.08,97720,3.11,2.9,0.013343486606711
2025-05-21 12:00:00,281.57,97740,3.41,2,0.0141237819033273
2025-05-21 13:00:00,282.41,97770,3.77,358,0.0155597950748365
2025-05-21 14:00:00,283.4,97820,4.19,353,0.0172599386859122
2025-05-21 15:00:00,284.36,97860,4.54,347.3,0.0189041082440547
2025-05-21 16:00:00,285,97920,4.84,339.6,0.0199230049996924
2025-05-21 17:00:00,285.09,97970,5.27,332.7,0.0197964180751721
2025-05-21 18:00:00,284.97,98030,5.8,327.9,0.0192770498703816
2025-05-21 19:00:00,284.65,98090,6.14,325.4,0.0184626640034278
2025-05-21 20:00:00,284.53,98160,6.36,324.7,0.0181600835729085
2025-05-21 21:00:00,284.44,98220,6.24,325.9,0.0179594208070989
2025-05-21 22:00:00,284.2,98270,5.87,328.1,0.0175938690958027
2025-05-21 23:00:00,283.8,98330,5.41,330.9,0.0170191175321368
2025-05-22,283.06,98380,4.48,335.3,0.0160807765997031
2025-05-22 01:00:00,282.26,98420,3.77,338.9,0.0150893911670389
2025-05-22 02:00:00,281.74,98460,3.75,335.6,0.0142714258005327
2025-05-22 03:00:00,281.21,98480,4.37,329.9,0.0131035712061312
2025-05-22 04:00:00,280.79,98470,4.53,324.6,0.0124362689839717
2025-05-22 05:00:00,280.59,98450,4.68,321.2,0.0121441073807614
2025-05-22 06:00:00,280.45,98430,4.8,320.1,0.0119630929333095
2025-05-22 07:00:00,280.36,98420,4.73,319.8,0.0118523752586522
2025-05-22 08:00:00,280.32,98420,4.7,322.3,0.0118264191528803
2025-05-22 09:00:00,280.31,98430,4.73,325.1,0.011830934194255
2025-05-22 10:00:00,280.23,98460,4.82,328.3,0.0117270412397349
2025-05-22 11:00:00,280.7,98520,5.2,329.6,0.0123563301110897
2025-05-22 12:00:00,281.7,98580,5.4,329.7,0.0136885778032256
2025-05-22 13:00:00,283.43,98630,6.03,334.6,0.0155217481676128
2025-05-22 14:00:00,285.33,98650,6.42,339.2,0.0174363690749833
2025-05-22 15:00:00,286.87,98680,6.15,341.3,0.0196154071471981
2025-05-22 16:00:00,287.51,98700,5.74,341.5,0.0203733511311546
2025-05-22 17:00:00,288.04,98700,5.39,338.6,0.0210957105576783
2025-05-22 18:00:00,288.71,98710,5.29,333.5,0.0223100279218352
2025-05-22 19:00:00,289.35,98710,5.49,329.7,0.0233192918676817
2025-05-22 20:00:00,289.57,98720,5.81,329.8,0.0235162359874208
2025-05-22 21:00:00,289.37,98730,6.03,331.9,0.0229503957488444
2025-05-22 22:00:00,288.7,98770,6,334.8,0.0216814518048935
2025-05-22 23:00:00,287.84,98810,5.47,338.7,0.0204209343447267
2025-05-23,286.31,98870,3.63,341.7,0.0194995651574075
2025-05-23 01:00:00,284.23,98930,2.46,340.8,0.017533916820498
2025-05-23 02:00:00,283.02,98980,2.31,332.7,0.015668565317843
2025-05-23 03:00:00,281.72,99000,2.46,314.3,0.0132936914664324
2025-05-23 04:00:00,280.85,98990,2.76,301.4,0.0118760639195591
2025-05-23 05:00:00,280.31,98950,2.96,296.9,0.0110676558386699
2025-05-23 06:00:00,279.83,98920,3.21,298.1,0.0104020781126567
2025-05-23 07:00:00,279.37,98910,3.48,302.5,0.00981736922457839
2025-05-23 08:00:00,278.83,98920,3.58,308.9,0.00920170851040348
2025-05-23 09:00:00,278.13,98940,3.22,318.5,0.00858083427463418
2025-05-23 10:00:00,277.53,98980,2.85,327.5,0.00817829489198627
2025-05-23 11:00:00,279.63,99020,3.29,332.9,0.0101927742676779
2025-05-23 12:00:00,282.03,99060,2.82,333.7,0.0131818878821825
2025-05-23 13:00:00,285.52,99070,3.78,335,0.0166596724436191
2025-05-23 14:00:00,287.31,99080,4.31,326.5,0.0190734524250948
2025-05-23 15:00:00,288.76,99090,4.78,318.7,0.0218109534844381
2025-05-23 16:00:00,289.98,99090,5.24,318.9,0.0245425820442902
2025-05-23 17:00:00,290.81,99070,5.56,321.4,0.0263757623772743
2025-05-23 18:00:00,291.44,99040,5.53,323.9,0.0277612597537311
2025-05-23 19:00:00,291.96,99020,5.3,328.3,0.0290699662359457
2025-05-23 20:00:00,292.09,99000,4.81,336.6,0.0293847874861884
2025-05-23 21:00:00,291.25,99020,4.43,343.2,0.0273579416840995
2025-05-23 22:00:00,289.86,99030,3.8,358.3,0.0240124196380522
2025-05-23 23:00:00,288.95,99040,3.44,25.1,0.0224342810326914
2025-05-24,286.36,99120,2.55,56.2,0.0199134501480393
2025-05-24 01:00:00,282.69,99210,2.47,87,0.0143567743077354
2025-05-24 02:00:00,281.17,99300,2.68,106,0.0119298318738061
2025-05-24 03:00:00,280.13,99350,2.44,119.5,0.0106387897942418
2025-05-24 04:00:00,279.52,99370,2.21,133.2,0.00995284129226202
2025-05-24 05:00:00,279.08,99370,2.22,144.7,0.0094607428932352
2025-05-24 06:00:00,278.69,99350,2.39,149.9,0.008996433175296
2025-05-24 07:00:00,278.48,99350,2.43,149.5,0.00878413630311223
2025-05-24 08:00:00,278.5,99390,2.25,149.6,0.00880265452370564
2025-05-24 09:00:00,278.87,99460,1.94,144.8,0.00914016035296352
2025-05-24 10:00:00,279.2,99510,1.72,125.1,0.00951028653976573
2025-05-24 11:00:00,280.94,99550,1.83,98.5,0.0118138850303297
2025-05-24 12:00:00,283.65,99580,2.56,86,0.0144535175941671
2025-05-24 13:00:00,286.36,99560,2.68,81,0.0174650770683204
2025-05-24 14:00:00,288.45,99570,2.4,76,0.0215222102248954
2025-05-24 15:00:00,290.12,99610,1.78,87.4,0.0259266595612826
2025-05-24 16:00:00,291.16,99600,1.41,89.2,0.0293153953349535
2025-05-24 17:00:00,292.16,99560,1.23,76.4,0.0329758502479949
2025-05-24 18:00:00,292.64,99500,1.2,75.5,0.0349450718120887
2025-05-24 19:00:00,292.98,99380,2.42,62.9,0.0369576393910106
2025-05-24 20:00:00,292.84,99370,3.07,52.5,0.0371230061459074
2025-05-24 21:00:00,291.87,99420,3.19,48.1,0.0344143795310246
2025-05-24 22:00:00,290.7,99450,3.66,52.7,0.0311796127869992
2025-05-24 23:00:00,289.32,99480,4.54,61.3,0.0273794636473915
2025-05-25,286.79,99510,5.05,72.8,0.0213347462081619
2025-05-25 01:00:00,283.89,99530,4.81,81.9,0.0158768663835192
2025-05-25 02:00:00,282.53,99620,4.25,79.8,0.0138101884736558
2025-05-25 03:00:00,282.25,99660,3.94,83.6,0.0135628285198702
2025-05-25 04:00:00,282.31,99650,3.88,85.1,0.0138536232692538
2025-05-25 05:00:00,282.41,99720,2.97,93.7,0.0143256103862045
2025-05-25 06:00:00,282.46,99680,2.98,95.2,0.0146131084172832
2025-05-25 07:00:00,282.52,99650,2.83,96.3,0.0148767809951859
2025-05-25 08:00:00,282.34,99650,2.25,96.7,0.0148148750123337
2025-05-25 09:00:00,282.07,99690,1.91,93.9,0.0144616859765743
2025-05-25 10:00:00,281.82,99760,1.71,87.7,0.0140501826699472
2025-05-25 11:00:00,282.72,99810,2,96.6,0.0153968664352064
2025-05-25 12:00:00,283.63,99860,1.93,87.9,0.0171788281795203
2025-05-25 13:00:00,286.21,99820,2.55,71.5,0.0219564762866609
2025-05-25 14:00:00,288.98,99760,3.25,57.2,0.0270339517117018
2025-05-25 15:00:00,290.87,99780,3.35,53.7,0.030394730101425
2025-05-25 16:00:00,291.97,99700,3.93,54.7,0.0321592041029642
2025-05-25 17:00:00,292.81,99720,3.59,50.5,0.03355463022775
2025-05-25 18:00:00,293.11,99750,3.1,49.8,0.0334551581458854
2025-05-25 19:00:00,293.56,99710,3.54,55.2,0.0343212632300425
2025-05-25 20:00:00,293.37,99660,4.44,57.6,0.0329171127332554
2025-05-25 21:00:00,292.73,99640,5.03,58.6,0.0299484877553318
2025-05-25 22:00:00,291.56,99650,5.33,58.6,0.026021519900524
2025-05-25 23:00:00,290.07,99680,5.01,59.3,0.0223660002812298
2025-05-26,287.76,99720,3.69,62.2,0.0197658482138509
2025-05-26 01:00:00,284.36,99740,2.77,59.9,0.0154848354657163
2025-05-26 02:00:00,282.96,99780,2.79,53.5,0.0132288541963781
2025-05-26 03:00:00,282.06,99800,2.84,46.7,0.011978098531867
2025-05-26 04:00:00,281.38,99800,2.92,42.1,0.0112021515291413
2025-05-26 05:00:00,280.88,99780,3.04,40.1,0.0106663634028364
2025-05-26 06:00:00,280.35,99790,2.98,38.2,0.0101880977330831
2025-05-26 07:00:00,279.85,99800,2.93,35.3,0.0097418707619885
2025-05-26 08:00:00,279.51,99790,3.1,32.6,0.00947672495653254
2025-05-26 09:00:00,279.3,99790,3.29,29.5,0.00942371836847416
2025-05-26 10:00:00,279.14,99820,3.34,25.2,0.00949554018379971
2025-05-26 11:00:00,281.52,99870,4.66,20.6,0.0123283740704778
2025-05-26 12:00:00,283.94,99860,5.13,25.2,0.0159479502679753
2025-05-26 13:00:00,286.91,99870,5.57,38.1,0.0204391002777993
2025-05-26 14:00:00,288.77,99860,5.54,44.8,0.023817464129831
2025-05-26 15:00:00,290.25,99870,5.03,51,0.0270368478839271
2025-05-26 16:00:00,291.56,99850,4.73,55.2,0.0300272535017985
2025-05-26 17:00:00,292.49,99780,4.74,60,0.0321416233226747
2025-05-26 18:00:00,293.11,99710,4.89,64.6,0.0332841756570897
2025-05-26 19:00:00,293.29,99640,5.22,66.3,0.0331688785803233
2025-05-26 20:00:00,293.2,99590,5.25,66.3,0.0321784273360184
2025-05-26 21:00:00,292.81,99570,5.02,68.9,0.0305869404467824
2025-05-26 22:00:00,291.41,99550,4.92,68.4,0.0269260422900855
2025-05-26 23:00:00,289.59,99540,4.54,62,0.0240700992533778
2025-05-27,287.34,99560,3.7,53.7,0.0217346443513279
2025-05-27 01:00:00,285.63,99570,3.96,49,0.0190409941937962
2025-05-27 02:00:00,284.73,99600,4.75,47,0.017596112539366
2025-05-27 03:00:00,284.01,99610,4.71,46.2,0.0168191301216662
2025-05-27 04:00:00,283.65,99590,4.58,48.7,0.0165864415631358
2025-05-27 05:00:00,283.46,99570,4.41,53.7,0.0166214712907595
2025-05-27 06:00:00,283.41,99550,3.82,59.5,0.0169517925838514
2025-05-27 07:00:00,283.48,99520,3.21,67.4,0.0174826024971242
2025-05-27 08:00:00,283.58,99510,2.86,70.8,0.018023354431047
2025-05-27 09:00:00,283.52,99490,2.9,70.7,0.0180792203914149
2025-05-27 10:00:00,283.41,99510,2.89,67,0.0180125699797965
2025-05-27 11:00:00,284.86,99550,3.19,57.2,0.0211972751081836
2025-05-27 12:00:00,286.2,99560,4.49,47.6,0.0240761228542458
2025-05-27 13:00:00,287.61,99550,4.8,42.8,0.0277939579970554
2025-05-27 14:00:00,289.8,99540,5.53,56.3,0.0312035161519668
2025-05-27 15:00:00,290.78,99520,6.01,63.7,0.0318790558302355
2025-05-27 16:00:00,291.34,99500,6.02,65.4,0.0327975014374276
2025-05-27 17:00:00,291.73,99470,5.85,64.4,0.033868529776149
2025-05-27 18:00:00,292.03,99420,5.91,62.5,0.0351270441227636
2025-05-27 19:00:00,292.45,99350,6.13,61.6,0.037068820821313
2025-05-27 20:00:00,293.05,99290,6.18,61.9,0.0401118943108949
2025-05-27 21:00:00,293.19,99230,5.91,62.5,0.0418991614698334
2025-05-27 22:00:00,293,99180,5.39,62.9,0.0427796115166109
2025-05-27 23:00:00,291.91,99150,4.33,58.7,0.0411892886240312
2025-05-28,289.84,99140,3.07,49.4,0.0369489008137372
2025-05-28 01:00:00,287.83,99150,2.56,50.1,0.0312650454871727
2025-05-28 02:00:00,287.03,99170,2.62,55.1,0.0286639557693096
2025-05-28 03:00:00,286.56,99160,2.29,66,0.0274018009825646
2025-05-28 04:00:00,286.21,99140,1.95,79,0.0266922720128788
2025-05-28 05:00:00,286.12,99120,1.89,84.8,0.0265113992423631
2025-05-28 06:00:00,286.14,99100,1.89,79.3,0.0265267452230262
2025-05-28 07:00:00,285.99,99090,2.06,66.2,0.0258985103600972
2025-05-28 08:00:00,285.76,99070,2.26,54.6,0.0250147020267957
2025-05-28 09:00:00,285.49,99060,2.38,45.2,0.0241870908495899
2025-05-28 10:00:00,285.15,99070,2.56,37.9,0.0234117415790693
2025-05-28 11:00:00,285.37,99080,3.28,29.2,0.0240948744660439
2025-05-28 12:00:00,285.67,99090,3.36,14,0.025267502658292
2025-05-28 13:00:00,286.11,99100,3.24,353.6,0.0270976191563986
2025-05-28 14:00:00,286.9,99120,3.69,348.1,0.0296694870007355
2025-05-28 15:00:00,287.74,99090,4.4,359,0.0325372712010123
2025-05-28 16:00:00,289.87,99060,4.91,15.5,0.0388231499418379
2025-05-28 17:00:00,291.43,99030,4.95,29,0.0431411832252286
2025-05-28 18:00:00,292.29,98980,4.58,34.9,0.0463238508359377
2025-05-28 19:00:00,292.1,98960,4.1,35.9,0.0450550467002534
2025-05-28 20:00:00,291.12,98950,3.83,32.5,0.0410782590590445
2025-05-28 21:00:00,290.25,98940,3.86,32.1,0.0380207642457653
2025-05-28 22:00:00,289.63,98960,3.76,32.6,0.0358994186153918
2025-05-28 23:00:00,288.96,98970,3.58,32.4,0.0337503582998682
2025-05-29,287.81,99010,2.42,34.2,0.0315056852346219
2025-05-29 01:00:00,285.61,99060,1.78,47.3,0.0253132751907047
2025-05-29 02:00:00,284.92,99090,1.58,54,0.0231024001483096
2025-05-29 03:00:00,284.74,99100,1.15,50.6,0.0225487812377091
2025-05-29 04:00:00,284.77,99100,0.56,23.3,0.0224718118649078
2025-05-29 05:00:00,284.37,99080,0.38,310.8,0.021656324644898
2025-05-29 06:00:00,283.31,99070,1.05,268.9,0.0195589521074952
2025-05-29 07:00:00,282.17,99140,2.12,261.6,0.0174544542058397
2025-05-29 08:00:00,282.12,99100,2.17,270.3,0.0172920414383446
2025-05-29 09:00:00,281.94,99060,2.31,278,0.0168568666508964
2025-05-29 10:00:00,281.79,99070,2.52,282.6,0.0164894123405052
2025-05-29 11:00:00,284.12,99140,3.58,282.8,0.0212795581107208
2025-05-29 12:00:00,285.75,99140,3.69,287.2,0.0256994704962273
2025-05-29 13:00:00,287.78,99140,3.78,297.2,0.0303829415048494
2025-05-29 14:00:00,289.57,99120,3.73,307.8,0.0324215746124481
2025-05-29 15:00:00,291.24,99090,3.22,311.4,0.0351927940510565
2025-05-29 16:00:00,292.54,99050,2.59,306.2,0.0388995016129984
2025-05-29 17:00:00,293.58,99000,2.39,297.4,0.0427257526483739
2025-05-29 18:00:00,294.57,98930,2.29,292.3,0.0472245331442552
2025-05-29 19:00:00,295.13,98850,2.25,290.9,0.0503870135238096
2025-05-29 20:00:00,295.6,98780,2.17,292.4,0.0532192537166543
2025-05-29 21:00:00,295.45,98740,2.04,294.6,0.0529665043597603
2025-05-29 22:00:00,294.93,98720,1.94,298,0.0512129219080581
2025-05-29 23:00:00,294,98710,1.81,299.4,0.0498299860564184
2025-05-30,292.17,98710,1.53,306.5,0.0506573952829276
2025-05-30 01:00:00,289.95,98700,1.91,318.2,0.0399518386792537
2025-05-30 02:00:00,288.71,98720,2.24,329.7,0.0349376461811964
2025-05-30 03:00:00,287.4,98710,2.54,343.1,0.0302077352331997
2025-05-30 04:00:00,286.4,98690,2.68,353.4,0.0271065396409895
2025-05-30 05:00:00,285.55,98640,2.66,359.1,0.02470947715592
2025-05-30 06:00:00,284.81,98600,2.55,356.6,0.0228152917522137
2025-05-30 07:00:00,284.19,98540,2.53,347.9,0.0213103404000102
2025-05-30 08:00:00,283.63,98490,2.63,336.3,0.0199741087547038
2025-05-30 09:00:00,283.15,98450,2.72,325,0.019036577362363
2025-05-30 10:00:00,282.94,98440,2.74,312.8,0.0187177371085935
2025-05-30 11:00:00,285.5,98440,3.37,302.7,0.023989392157867
2025-05-30 12:00:00,287.91,98430,3.56,290.7,0.0306518566781775
2025-05-30 13:00:00,291.59,98400,3.97,294.7,0.0406237478879864
2025-05-30 14:00:00,293.84,98350,4.23,301,0.0468086942710634
2025-05-30 15:00:00,295.35,98290,4.47,298.9,0.0520166154199504
2025-05-30 16:00:00,296.7,98230,4.71,296.2,0.0575776183689416
2025-05-30 17:00:00,297.67,98160,5.29,291.5,0.0637943426016171
2025-05-30 18:00:00,297.86,98080,6.33,289,0.068984579012458
2025-05-30 19:00:00,298.08,98030,7.33,291.2,0.0734409577547703
2025-05-30 20:00:00,298.44,97970,8.08,296.6,0.0739298365291023
2025-05-30 21:00:00,298.19,97930,8.83,306.5,0.0686979269231324
2025-05-30 22:00:00,296.31,97940,7.71,312.9,0.0615330074035806
2025-05-30 23:00:00,295.07,97930,6.43,306.2,0.0618049571347643
2025-05-31,294.04,97930,7.1,303.2,0.0592132433017303
2025-05-31 01:00:00,293,97930,7.57,308.4,0.0558317179941852
2025-05-31 02:00:00,292.18,97960,6.97,313.8,0.0534663077363671
2025-05-31 03:00:00,291.41,97960,5.93,318,0.0510032202130241
2025-05-31 04:00:00,290.46,97970,4.86,330.8,0.0479139029024
2025-05-31 05:00:00,288.98,98000,3.66,355.9,0.0426220822849587
2025-05-31 06:00:00,287.69,98070,4.52,30.3,0.0363481147820491
2025-05-31 07:00:00,285.09,98150,5.11,43.6,0.0226615595993329
2025-05-31 08:00:00,283.55,98180,4.33,38.6,0.0167017851397434
2025-05-31 09:00:00,282.63,98200,3.14,31.1,0.0146886870410127
2025-05-31 10:00:00,281.94,98220,2.55,22.8,0.0135772530746815
2025-05-31 11:00:00,282.96,98260,3.5,14.7,0.0143287959939637
2025-05-31 12:00:00,284.56,98300,4.02,9.7,0.0143462037880353
2025-05-31 13:00:00,286.32,98320,4.36,6.8,0.0156961569861498
2025-05-31 14:00:00,288.16,98320,4.4,5.7,0.0184775522484803
2025-05-31 15:00:00,289.7,98320,4.35,9,0.021593196160651
2025-05-31 16:00:00,291.35,98300,4.45,13.3,0.02569474155788
2025-05-31 17:00:00,292.72,98280,4.69,15.8,0.0298758736630992
2025-05-31 18:00:00,293.6,98250,4.92,17.4,0.033519706624888
2025-05-31 19:00:00,294.05,98230,5.17,18,0.0361582673641053
2025-05-31 20:00:00,293.99,98210,5.4,20.2,0.0368981415796949
2025-05-31 21:00:00,293.52,98200,5.4,24.4,0.0358812815247447
2025-05-31 22:00:00,292.56,98200,5.05,31.2,0.0327533147268781
2025-05-31 23:00:00,291.02,98220,4.54,42.5,0.0280016721340094
2025-06-01,288.24,98260,3.63,66.3,0.0226817342453783
2025-06-01 01:00:00,284.5,98300,2.61,94.6,0.0165996149792245
2025-06-01 02:00:00,282.79,98340,2.3,118.6,0.0136921638176738
2025-06-01 03:00:00,281.95,98360,2.12,140.7,0.0124889635060536
2025-06-01 04:00:00,281.6,98360,2.09,163,0.0118509432331657
2025-06-01 05:00:00,281.36,98370,2.13,183.8,0.0112029965211555
2025-06-01 06:00:00,281.1,98380,2.15,198.7,0.0105920855176498
2025-06-01 07:00:00,280.91,98400,2.05,207.9,0.0100883857589753
2025-06-01 08:00:00,280.82,98420,1.91,213.7,0.00970678713973115
2025-06-01 09:00:00,280.64,98460,1.71,219.5,0.00927538668585044
2025-06-01 10:00:00,280.54,98490,1.38,233,0.00892003206225771
2025-06-01 11:00:00,281.89,98560,0.89,261.6,0.0109839909731702
2025-06-01 12:00:00,283.61,98640,0.78,319.2,0.0117013788406848
2025-06-01 13:00:00,287.15,98700,0.8,334.1,0.0162837869693088
2025-06-01 14:00:00,290.77,98710,1.92,319.4,0.0244177793960834
2025-06-01 15:00:00,292.31,98690,2.16,313.1,0.0294090169294067
2025-06-01 16:00:00,293.39,98670,2.31,315.5,0.0329785711831335
2025-06-01 17:00:00,294.27,98640,2.36,318.3,0.0359436835931105
2025-06-01 18:00:00,294.9,98630,2.41,331.7,0.0381659535054823
2025-06-01 19:00:00,295.07,98620,2.48,340.2,0.0386618788599688
2025-06-01 20:00:00,294.8,98590,2.4,342.5,0.0377743103215574
2025-06-01 21:00:00,294.8,98570,2.39,350.1,0.0382818978856953
2025-06-01 22:00:00,294.47,98560,2.31,5.7,0.0381784184808582
2025-06-01 23:00:00,293.41,98590,2.11,32,0.0365127492003817
2025-06-02,290.41,98630,2.11,68.6,0.0340674596344364
2025-06-02 01:00:00,286.54,98690,2.74,91.3,0.0228086623092572
2025-06-02 02:00:00,284.83,98750,3.15,107,0.0184233311438395
2025-06-02 03:00:00,283.8,98780,2.82,118.1,0.0166772228756852
2025-06-02 04:00:00,283.15,98780,2.46,129.1,0.0157172448324695
2025-06-02 05:00:00,282.75,98800,2.43,137.5,0.0149987099094741
2025-06-02 06:00:00,282.47,98810,2.52,142.4,0.0143552582682295
2025-06-02 07:00:00,282.32,98840,2.6,152.5,0.0138930397010083
2025-06-02 08:00:00,282.02,98850,2.72,168.6,0.0132165080186768
2025-06-02 09:00:00,281.76,98880,2.95,183.3,0.0126569420273793
2025-06-02 10:00:00,281.77,98910,3.19,193.9,0.0125855861223956
2025-06-02 11:00:00,283.51,98950,4.03,200,0.0148452960143156
2025-06-02 12:00:00,285.48,98970,4.45,201.5,0.01787447823446
2025-06-02 13:00:00,288.12,98970,3.77,198.7,0.0239795663205079
2025-06-02 14:00:00,292.11,98940,4.23,204,0.0337335570864451
2025-06-02 15:00:00,295.49,98900,5.2,212.7,0.0390912152375153
2025-06-02 16:00:00,297.24,98840,5.07,208.5,0.0461714863471343
2025-06-02 17:00:00,298.61,98770,5.24,202.7,0.0537036161112088
2025-06-02 18:00:00,299.64,98690,5.62,198.2,0.0606176706463186
2025-06-02 19:00:00,300.32,98620,6,197.3,0.0667898152886069
2025-06-02 20:00:00,300.65,98580,6.18,199,0.0722393060847539
2025-06-02 21:00:00,300.46,98540,5.98,201.9,0.075539189615974
2025-06-02 22:00:00,299.72,98520,5.29,202.1,0.0780538218304199
2025-06-02 23:00:00,297.98,98490,4.16,197.5,0.0777720593669481
2025-06-03,294.97,98480,3.88,193.2,0.0610943802616637
2025-06-03 01:00:00,292.74,98470,4.31,192,0.0473441730754432
2025-06-03 02:00:00,292.17,98480,4.84,191.9,0.0433245421169409
2025-06-03 03:00:00,291.77,98480,5.34,193.1,0.042413897521055
2025-06-03 04:00:00,291.12,98500,5.33,194.8,0.0428485498487193
2025-06-03 05:00:00,290.44,98520,5.2,197.9,0.0427550935011728
2025-06-03 06:00:00,290.15,98500,5.58,195.4,0.0433375735173038
2025-06-03 07:00:00,289.91,98460,6.02,189.7,0.0433706131955276
2025-06-03 08:00:00,289.79,98450,6.12,190.3,0.0441621544427433
2025-06-03 09:00:00,290.16,98460,6.18,196.3,0.0487519764254356
2025-06-03 10:00:00,290,98450,6,192.3,0.0502607510030781
2025-06-03 11:00:00,290.81,98460,6.42,190.1,0.0559247582303626
2025-06-03 12:00:00,292.93,98480,6.22,189.5,0.0706590785324305
2025-06-03 13:00:00,296.22,98450,7.19,193.5,0.0994966907381079
2025-06-03 14:00:00,298.75,98370,8.03,193.2,0.121101435118081
2025-06-03 15:00:00,300.3,98260,8.85,190.2,0.128124127330147
2025-06-03 16:00:00,301.66,98090,9.57,184.8,0.133785246202503
2025-06-03 17:00:00,302.44,98090,11.06,190.7,0.136353119799063
2025-06-03 18:00:00,302.05,98190,12.43,197.1,0.130533802704569
2025-06-03 19:00:00,300.73,98180,12.84,200.1,0.117879492120029
2025-06-03 20:00:00,299.08,98220,12.11,208.3,0.114209552988174
2025-06-03 21:00:00,298.54,98200,10.3,213.4,0.122686588724121
2025-06-03 22:00:00,298.96,98140,8.22,206.7,0.132028924955302
2025-06-03 23:00:00,298.28,98120,7.08,199.5,0.128689760719242
2025-06-04,297.25,98130,6.36,195.3,0.121603577811065
2025-06-04 01:00:00,296.66,98140,7.19,196.4,0.11497004950288
2025-06-04 02:00:00,296.59,98180,8.79,196.6,0.111848652611664
2025-06-04 03:00:00,295.93,98160,9.5,194.8,0.101321151907774
2025-06-04 04:00:00,295.02,98110,9.43,195.2,0.0921808121147307
2025-06-04 05:00:00,294.35,98210,8.33,207.6,0.0883449823477985
2025-06-04 06:00:00,293.75,98330,6.25,229.3,0.0853147477554055
2025-06-04 07:00:00,292.97,98380,4.78,260.1,0.0780159442266406
2025-06-04 08:00:00,290.97,98430,4.74,304.4,0.0584352458023214
2025-06-04 09:00:00,288.84,98510,4.99,337.5,0.0420996515048674
2025-06-04 10:00:00,288,98610,4.67,354,0.0371998214195363
2025-06-04 11:00:00,287.7,98720,5.81,352.3,0.0354408319903691
2025-06-04 12:00:00,287.69,98800,6.91,2.2,0.0343810628240181
2025-06-04 13:00:00,288.41,98820,7.28,17.3,0.0356642509094965
2025-06-04 14:00:00,288.78,98810,7.31,33.4,0.0349947859211104
2025-06-04 15:00:00,288.54,98810,6.34,48.3,0.0338284763540124
2025-06-04 16:00:00,288.46,98940,3.86,50.4,0.0339598885602982
2025-06-04 17:00:00,288.73,99040,3.04,26,0.0351367200138318
2025-06-04 18:00:00,289.32,99030,4.16,29.4,0.0371043629198211
2025-06-04 19:00:00,290.75,99020,4.51,38.5,0.042313110084174
2025-06-04 20:00:00,292.1,99010,4.67,43.3,0.0474692108343122
2025-06-04 21:00:00,292.41,99000,4.65,44.3,0.0475758528280057
2025-06-04 22:00:00,291.13,98990,3.86,49.1,0.0417526437822543
2025-06-04 23:00:00,290.19,99010,2.85,57.3,0.0394131040609118
2025-06-05,288.94,98990,2.11,54.3,0.0369948117091057
2025-06-05 01:00:00,287.26,99000,2.35,46.7,0.0305830629736236
2025-06-05 02:00:00,286.57,99020,2.69,42.9,0.0275185492760672
2025-06-05 03:00:00,285.98,99010,3,42,0.0249662719978448
2025-06-05 04:00:00,285.34,99000,3.34,37.8,0.0226031448024369
2025-06-05 05:00:00,284.88,98980,3.52,29.5,0.0210564694850832
2025-06-05 06:00:00,284.59,98980,3.62,21.2,0.0200581540252026
2025-06-05 07:00:00,284.68,98980,3.69,12.8,0.0199700469136684
2025-06-05 08:00:00,284.89,98990,3.74,9.2,0.020318591523115
2025-06-05 09:00:00,284.33,99000,3.82,11.3,0.0193851517482094
2025-06-05 10:00:00,284.22,99030,3.74,10.9,0.0198678177236925
2025-06-05 11:00:00,286.13,99080,4.46,10.3,0.025202298367372
2025-06-05 12:00:00,288,99110,4.13,9.3,0.0320225431521092
2025-06-05 13:00:00,290.94,99120,3.82,20.2,0.0444821337828141
2025-06-05 14:00:00,293.71,99140,5.51,39,0.0521377396052198
2025-06-05 15:00:00,295.01,99150,6.24,38.4,0.0552897814787276
2025-06-05 16:00:00,295.85,99090,7.18,40.1,0.0554296791381251
2025-06-05 17:00:00,296.27,99040,7.66,46.1,0.0539295303742818
2025-06-05 18:00:00,296.4,99060,7.44,57.4,0.052488878207314
2025-06-05 19:00:00,296.1,99090,7.12,64.1,0.0505954797788769
2025-06-05 20:00:00,295.74,99060,6.59,62.5,0.0493948341558684
2025-06-05 21:00:00,295.34,99010,6.09,55.9,0.0489276795767523
2025-06-05 22:00:00,294.45,98960,5.72,52.4,0.0469498674470514
2025-06-05 23:00:00,293.33,98910,4.69,51.7,0.0453687797849614
2025-06-06,291.38,98900,2.82,47.4,0.0434494262497362
2025-06-06 01:00:00,289.53,98900,2.45,44.3,0.0380558137506001
2025-06-06 02:00:00,288.77,98930,2.39,39.7,0.0352004986179603
2025-06-06 03:00:00,288.23,98960,2.42,32,0.0331303185607495
2025-06-06 04:00:00,287.61,98970,2.52,26.9,0.0307272269005037
2025-06-06 05:00:00,286.9,98940,2.68,26.9,0.028172173117183
2025-06-06 06:00:00,286.31,98900,2.79,27.1,0.0261558223600447
2025-06-06 07:00:00,285.67,98890,2.88,19.9,0.0241493652437058
2025-06-06 08:00:00,285.19,98870,3.04,16,0.0226905700371146
2025-06-06 09:00:00,284.68,98850,3.05,13.3,0.0215041832451719
2025-06-06 10:00:00,284.58,98850,2.97,9.1,0.0216505258645531
2025-06-06 11:00:00,286.89,98820,3.42,10.6,0.0282386695130599
2025-06-06 12:00:00,288.95,98820,3.28,12,0.0354672529213864
2025-06-06 13:00:00,291.88,98830,2.38,12.9,0.0485850612046772
2025-06-06 14:00:00,295.15,98800,2.47,39.4,0.0578011736477878
2025-06-06 15:00:00,296.52,98760,2.69,53.5,0.0601692771772701
2025-06-06 16:00:00,297.24,98730,3.11,61,0.061915357425463
2025-06-06 17:00:00,297.8,98710,3.39,64.3,0.0648161790950967
2025-06-06 18:00:00,298.43,98690,3.57,61.7,0.068527012168671
2025-06-06 19:00:00,298.5,98620,4.37,56,0.0683512107295283
2025-06-06 20:00:00,297.83,98590,4.92,56.9,0.0632859291729277
2025-06-06 21:00:00,296.69,98570,5.15,58.1,0.0550296340391244
2025-06-06 22:00:00,294.94,98550,4.87,55.6,0.046854754639527
2025-06-06 23:00:00,292.98,98540,4.03,50.4,0.0419892466070661
2025-06-07,291.16,98560,3.08,43,0.0388972800717583
2025-06-07 01:00:00,288.99,98590,2.71,37.5,0.0328769877856046
2025-06-07 02:00:00,287.45,98650,2.94,35,0.0278948519042714
2025-06-07 03:00:00,286.93,98660,3.46,29.2,0.02651547056051
2025-06-07 04:00:00,286.84,98650,4.13,23.5,0.0268139389996613
2025-06-07 05:00:00,286.23,98630,4.01,20.3,0.0259974807918994
2025-06-07 06:00:00,285.75,98610,3.77,21.1,0.0253111034532554
2025-06-07 07:00:00,285.29,98590,3.36,23.9,0.02461528175845
2025-06-07 08:00:00,284.88,98600,2.95,27.9,0.0241744550028577
2025-06-07 09:00:00,284.6,98610,2.75,31,0.0241489084925694
2025-06-07 10:00:00,284.7,98630,2.7,37.2,0.0250207002138221
2025-06-07 11:00:00,287.48,98650,2.9,49.1,0.0335873167623494
2025-06-07 12:00:00,289.58,98660,3.01,53.9,0.0423359219263515
2025-06-07 13:00:00,291.41,98500,4.13,59.2,0.05245739449373
2025-06-07 14:00:00,294.12,98490,4.54,78.8,0.0627447457976321
2025-06-07 15:00:00,295.07,98550,4.45,96.5,0.0632523604036912
2025-06-07 16:00:00,295.64,98480,4.89,98.1,0.0638357846949012
2025-06-07 17:00:00,295.8,98450,4.82,104.5,0.0626996354994105
2025-06-07 18:00:00,296.2,98390,4.5,104,0.0637720251060271
2025-06-07 19:00:00,297.02,98290,4.74,93.7,0.0680751028098878
2025-06-07 20:00:00,297.18,98240,4.93,90.6,0.0681962524195336
2025-06-07 21:00:00,296.73,98240,4.85,92.6,0.0647165389374249
2025-06-07 22:00:00,295.87,98240,4.39,89.1,0.0616989565543595
2025-06-07 23:00:00,294.32,98240,3.78,73.7,0.0581158586692511
2025-06-08,291.73,98250,3.1,57.4,0.0490727089736369
2025-06-08 01:00:00,289.25,98270,2.68,47.9,0.0391005694685066
2025-06-08 02:00:00,288.61,98270,2.91,39.3,0.036206268914195
2025-06-08 03:00:00,288.18,98260,2.91,35.5,0.0346108549416527
2025-06-08 04:00:00,287.82,98220,2.76,42.4,0.0336164589434279
2025-06-08 05:00:00,287.4,98180,2.4,50.4,0.0326112840307357
2025-06-08 06:00:00,286.93,98160,2.16,53.3,0.0313892585595603
2025-06-08 07:00:00,286.63,98160,1.93,50,0.030681713407444
2025-06-08 08:00:00,286.34,98150,1.76,39,0.0300562420784946
2025-06-08 09:00:00,286.18,98120,1.69,32.9,0.0300107213894569
2025-06-08 10:00:00,286.24,98110,1.59,40.9,0.0307651823669317
2025-06-08 11:00:00,288.06,98080,1.23,58.6,0.0390799640106608
2025-06-08 12:00:00,289.87,98050,0.99,105.9,0.0486637666286645
2025-06-08 13:00:00,292.71,98020,1.53,177,0.0627971329738073
2025-06-08 14:00:00,295.17,97960,2.56,195.4,0.0736776720706202
2025-06-08 15:00:00,297.09,97890,3.51,194.2,0.0841712397792004
2025-06-08 16:00:00,298.51,97870,4.45,204.3,0.0932776231333057
2025-06-08 17:00:00,299.51,97880,5.54,221.2,0.10143813549538
2025-06-08 18:00:00,299.92,97820,6.35,228,0.107115723651688
2025-06-08 19:00:00,299.52,97790,7.09,237.7,0.108064059822689
2025-06-08 20:00:00,298.18,97780,7.01,247,0.101995364292442
2025-06-08 21:00:00,296.64,97790,5.77,258.8,0.0965535307559461
2025-06-08 22:00:00,295.28,97790,5.11,269.4,0.0892338973463555
2025-06-08 23:00:00,294,97800,4.62,271.6,0.0787727559302336
2025-06-09,292.69,97810,4.24,272.4,0.0673466495277299
2025-06-09 01:00:00,290.91,97840,3.51,271.3,0.055668541025184
2025-06-09 02:00:00,289.64,97880,3.64,261.6,0.0482291114990328
2025-06-09 03:00:00,288.66,97930,4.36,251.8,0.0427795224247207
2025-06-09 04:00:00,287.78,97940,4.84,247.8,0.0380043524994912
2025-06-09 05:00:00,287.12,97930,5.04,244,0.0343774824650469
2025-06-09 06:00:00,286.54,97920,4.93,240.3,0.0315591326909867
2025-06-09 07:00:00,286.07,97900,4.68,239.7,0.0294868815377709
2025-06-09 08:00:00,285.85,97880,4.31,241.6,0.0284923670532217
2025-06-09 09:00:00,285.51,97860,3.86,243.4,0.0271589515690796
2025-06-09 10:00:00,285.15,97870,3.82,240.3,0.0257134026574671
2025-06-09 11:00:00,285.79,97860,4.62,232.7,0.0275616974412203
2025-06-09 12:00:00,287.17,97830,5.03,224.3,0.0325011105527795
2025-06-09 13:00:00,289.48,97790,5.59,212.1,0.0404181758108985
2025-06-09 14:00:00,292.09,97720,6.57,208.8,0.0486270610974338
2025-06-09 15:00:00,294.02,97690,7.81,224.1,0.0513089487534549
2025-06-09 16:00:00,294.98,97690,8.25,238,0.0528331187634604
2025-06-09 17:00:00,295.17,97680,8.3,250.1,0.0529293324829566
2025-06-09 18:00:00,294.48,97700,8.74,261.8,0.0493942560902471
2025-06-09 19:00:00,293.41,97740,9.02,271.8,0.0445367066818708
2025-06-09 20:00:00,292.72,97810,8.54,284.1,0.0409795650969893
2025-06-09 21:00:00,292.71,97870,7.67,293.4,0.0395375032128352
2025-06-09 22:00:00,292.41,97890,7.08,294.5,0.0379852050487172
2025-06-09 23:00:00,291.63,97950,6.27,293,0.0360170570551027
2025-06-10,290.02,97990,4.46,289.8,0.0334057930802633
2025-06-10 01:00:00,287.62,98040,3.31,283.3,0.0285493903047555
2025-06-10 02:00:00,286.85,98110,3.3,274.9,0.0269123179116342
2025-06-10 03:00:00,286.43,98140,3.41,269.5,0.0260665354431641
2025-06-10 04:00:00,286.13,98170,3.64,268.9,0.0255548706960295
2025-06-10 05:00:00,285.8,98190,3.84,272.5,0.0249900722226503
2025-06-10 06:00:00,285.41,98220,3.91,277.8,0.024259599432516
2025-06-10 07:00:00,284.99,98250,3.82,280.9,0.0234561059390619
2025-06-10 08:00:00,284.63,98300,3.71,280.7,0.0227288380940788
2025-06-10 09:00:00,284.32,98340,3.69,277.2,0.0222527314528714
2025-06-10 10:00:00,284.26,98390,3.96,272.9,0.0223482420239363
2025-06-10 11:00:00,285.59,98430,4.84,268.5,0.0254823431360699
2025-06-10 12:00:00,287.48,98460,4.28,259.1,0.0311000490538736
2025-06-10 13:00:00,290.74,98470,5.05,269.1,0.0409480489548563
2025-06-10 14:00:00,292.66,98470,6.22,270.3,0.0465433851923996
2025-06-10 15:00:00,293.79,98500,6.86,268.2,0.0507602176694133
2025-06-10 16:00:00,295.01,98530,7.05,267.3,0.0571298492092956
2025-06-10 17:00:00,296.21,98540,7.04,267.9,0.0652976436170141
2025-06-10 18:00:00,297.16,98540,6.95,269.3,0.0729768996565975
2025-06-10 19:00:00,297.73,98540,6.71,270.9,0.0786180943897635
2025-06-10 20:00:00,298.13,98540,6.39,274,0.0829665519787025
2025-06-10 21:00:00,298.16,98540,6.01,277.5,0.0834304959612911
2025-06-10 22:00:00,297.72,98550,5.5,279.9,0.0795802226088168
2025-06-10 23:00:00,296.66,98580,4.31,280.7,0.0754651004831197
2025-06-11,294.18,98620,2.62,280.1,0.0678561398443488
2025-06-11 01:00:00,291.53,98660,2.72,277,0.051273049295987
2025-06-11 02:00:00,290.84,98720,2.53,264.1,0.0464278723527519
2025-06-11 03:00:00,290.1,98740,2.67,246.6,0.0426630203573538
2025-06-11 04:00:00,289.33,98760,3.06,237.8,0.0396038508133872
2025-06-11 05:00:00,288.94,98780,3.36,234.1,0.0381320467409715
2025-06-11 06:00:00,288.86,98780,3.87,231.1,0.0377303619215911
2025-06-11 07:00:00,288.91,98780,4.7,228.1,0.0376408582260024
2025-06-11 08:00:00,288.78,98790,5.4,226,0.0368673857937658
2025-06-11 09:00:00,288.45,98810,5.49,224.1,0.0364733285797339
2025-06-11 10:00:00,288.39,98830,5.74,223.5,0.0378794257076877
2025-06-11 11:00:00,289.48,98870,6.4,222.8,0.0435025737573803
2025-06-11 12:00:00,291.66,98890,6.51,220.6,0.05510748595879
2025-06-11 13:00:00,294.83,98900,6.78,222.1,0.0760681387830848
2025-06-11 14:00:00,298.29,98880,8.5,239.7,0.100056709894699
2025-06-11 15:00:00,300.43,98880,8.62,250.2,0.114926062124274
2025-06-11 16:00:00,301.9,98870,8.11,255.8,0.124708808794936
2025-06-11 17:00:00,302.31,98860,7.11,258.9,0.127217765952561
2025-06-11 18:00:00,303,98830,6.14,259.4,0.134063611383516
2025-06-11 19:00:00,303.89,98790,5.32,255.9,0.143075835215195
2025-06-11 20:00:00,304.25,98770,4.66,249.4,0.146386714757838
2025-06-11 21:00:00,304.09,98770,4.19,245.3,0.148052445321732
2025-06-11 22:00:00,303.78,98780,3.9,245.9,0.147306134744276
2025-06-11 23:00:00,302.33,98790,2.91,243.7,0.14731668489942
2025-06-12,299.65,98810,2.42,229.9,0.139555444134275
2025-06-12 01:00:00,297.25,98800,3.06,219.3,0.106270111721243
2025-06-12 02:00:00,296.13,98810,3.27,217.3,0.0949811357369089
2025-06-12 03:00:00,295.33,98830,3.08,225.1,0.0901061079502319
2025-06-12 04:00:00,294.89,98910,2.51,247.7,0.0889275053540976
2025-06-12 05:00:00,294.9,98920,1.27,296.8,0.0884340775881512
2025-06-12 06:00:00,293.35,98900,1.29,9.4,0.0766853834612899
2025-06-12 07:00:00,292.1,98920,1.8,29.5,0.0646178765842829
2025-06-12 08:00:00,291.04,98990,2.02,41.6,0.055152671330689
2025-06-12 09:00:00,289.96,99040,2.08,53.8,0.0477341555388549
2025-06-12 10:00:00,289.38,99050,2.52,57.8,0.0441916945550036
2025-06-12 11:00:00,290.13,99070,3.63,52.3,0.0468915797312528
2025-06-12 12:00:00,291.43,99060,3.83,46.5,0.0535751951193276
2025-06-12 13:00:00,293.52,99040,3.66,50.4,0.0673268802292492
2025-06-12 14:00:00,296.41,99020,3.68,65.6,0.0898238548116284
2025-06-12 15:00:00,298.37,99010,3.49,73.5,0.105184416408327
2025-06-12 16:00:00,299.46,98980,3.45,75,0.115002919671924
2025-06-12 17:00:00,300.4,98950,3.34,73.3,0.12532489582342
2025-06-12 18:00:00,300.98,98930,3.33,72.7,0.132400675243188
2025-06-12 19:00:00,300.78,98920,3.47,72.9,0.131084063731888
2025-06-12 20:00:00,299.81,98920,3.96,69.1,0.122143029239651
2025-06-12 21:00:00,298.16,98930,4.89,61.5,0.106562925328819
2025-06-12 22:00:00,295.62,98950,6.02,53.8,0.0831877783990301
2025-06-12 23:00:00,292.79,98990,6.79,46.6,0.0606514964506783
2025-06-13,290.65,99000,6.37,40.1,0.0446395149276825
2025-06-13 01:00:00,289.36,99010,5.25,34.2,0.0371129970803515
2025-06-13 02:00:00,288.73,99020,4.68,32.4,0.0347065251068619
2025-06-13 03:00:00,288.23,99010,4.18,33.6,0.033091753622029
2025-06-13 04:00:00,287.78,99000,3.6,33.6,0.03193162502397
2025-06-13 05:00:00,287.62,98970,3.33,34,0.0322706425971142
2025-06-13 06:00:00,287.63,98940,2.84,32.6,0.0336714535294696
2025-06-13 07:00:00,287.7,98900,2.54,30,0.0352843072345649
2025-06-13 08:00:00,287.84,98880,2.52,26.9,0.0369853209202652
2025-06-13 09:00:00,288.01,98870,2.53,22.5,0.0388057472123679
2025-06-13 10:00:00,288.24,98880,2.33,19.1,0.0404088629177507
2025-06-13 11:00:00,289.35,98900,2.84,18.9,0.0455045336477956
2025-06-13 12:00:00,290.42,98900,2.38,20.4,0.0513669172517339
2025-06-13 13:00:00,292.03,98910,1.71,19.1,0.0610760179467112
2025-06-13 14:00:00,293.97,98900,1.11,15.2,0.0736445503673864
2025-06-13 15:00:00,295.47,98870,0.67,46.8,0.0873707648006925
2025-06-13 16:00:00,297.91,98830,1.09,137.2,0.109269378555632
2025-06-13 17:00:00,299.21,98770,2.02,131.6,0.12004083389518
2025-06-13 18:00:00,299.6,98710,2.85,124,0.124225384545012
2025-06-13 19:00:00,299.03,98670,3.55,117.5,0.120538260820569
2025-06-13 20:00:00,298.45,98650,4.12,109.1,0.118439603506623
2025-06-13 21:00:00,297.74,98640,4.34,102.2,0.113168632310602
2025-06-13 22:00:00,296.77,98660,4.39,91.2,0.105098817435381
2025-06-13 23:00:00,295.52,98710,4.65,75.2,0.0950865978726105
2025-06-14,293.87,98760,5.06,62.5,0.0818435578264664
2025-06-14 01:00:00,292.17,98800,5.19,53.9,0.068433454527179
2025-06-14 02:00:00,291.11,98830,5.01,47.6,0.059507837176703
2025-06-14 03:00:00,290.45,98850,4.82,44.7,0.0538738537024905
2025-06-14 04:00:00,289.86,98850,4.67,44.4,0.0494183487380031
2025-06-14 05:00:00,289.33,98840,4.64,48.4,0.0459259686683593
2025-06-14 06:00:00,288.9,98810,4.54,54.8,0.0433676505872696
2025-06-14 07:00:00,288.64,98810,4.33,57.9,0.0421648785611828
2025-06-14 08:00:00,288.42,98820,4.27,56.8,0.0411797268492331
2025-06-14 09:00:00,288.11,98840,4.33,55.5,0.0393219482927616
2025-06-14 10:00:00,287.7,98880,4.55,56,0.0365762122941421
2025-06-14 11:00:00,288.15,98920,4.95,52.1,0.0374797369165781
2025-06-14 12:00:00,289.53,98970,5.12,51.6,0.042056151385042
2025-06-14 13:00:00,291.56,99010,5.35,45.5,0.0497442599547792
2025-06-14 14:00:00,293.34,99030,5.75,42.2,0.0579380385613697
2025-06-14 15:00:00,294.79,99020,5.98,46.2,0.0660059112988078
2025-06-14 16:00:00,295.95,99000,5.76,53.3,0.0736455800574931
2025-06-14 17:00:00,296.95,98970,5.2,59.7,0.0810850824119852
2025-06-14 18:00:00,297.9,98930,4.59,62.8,0.0888231519330603
2025-06-14 19:00:00,298.58,98880,4.2,62.2,0.0950647984193511
2025-06-14 20:00:00,298.88,98860,4.06,61.6,0.0987555962171472
2025-06-14 21:00:00,298.65,98850,4.13,62.6,0.0980313737382934
2025-06-14 22:00:00,297.87,98860,4.27,64.6,0.0924593487056188
2025-06-14 23:00:00,296.51,98870,4.3,70.3,0.0826636342672834
2025-06-15,294.41,98900,3.96,74.3,0.0688301329199359
2025-06-15 01:00:00,291.77,98970,3.03,65.8,0.0537993818929497
2025-06-15 02:00:00,290.19,99060,3.27,53.3,0.0442889664224377
2025-06-15 03:00:00,289.16,99120,3.39,43.2,0.0387542829135357
2025-06-15 04:00:00,288.59,99140,3.54,42.5,0.0359229751318841
2025-06-15 05:00:00,288.16,99100,3.61,53.2,0.0340806218988535
2025-06-15 06:00:00,287.54,99020,3.46,65.7,0.0320377949945805
2025-06-15 07:00:00,286.98,99050,2.67,55.1,0.0305692333070885
2025-06-15 08:00:00,286.65,99120,2.45,33.7,0.0298228908066122
2025-06-15 09:00:00,286.48,99120,2.55,34.4,0.029376278361166
2025-06-15 10:00:00,286.51,99120,2.79,35.1,0.0294125138559196
2025-06-15 11:00:00,287.77,99150,3.61,27.9,0.0331181312920273
2025-06-15 12:00:00,289.62,99180,3.29,28.9,0.0400024081347595
2025-06-15 13:00:00,292.62,99170,3.31,47,0.0541318511063515
2025-06-15 14:00:00,295.69,99160,3.24,68.4,0.0748282524055521
2025-06-15 15:00:00,297.67,99170,3.19,73.4,0.0883942503329614
2025-06-15 16:00:00,299.15,99180,3.57,73.5,0.100052340338321
2025-06-15 17:00:00,300.37,99140,3.96,78.5,0.110084933625883
2025-06-15 18:00:00,301.15,99100,4.1,80.4,0.115864857724087
2025-06-15 19:00:00,301.47,99060,4.24,79.8,0.117226894389397
2025-06-15 20:00:00,300.89,99020,4.45,77.6,0.110882926047787
2025-06-15 21:00:00,299.74,98990,4.64,75.4,0.101364058442606
2025-06-15 22:00:00,298.35,99000,4.64,73,0.0922046033863781
2025-06-15 23:00:00,296.95,99020,4.48,70.1,0.0840190771206143
2025-06-16,294.86,99040,3.95,65,0.0726254639798329
2025-06-16 01:00:00,292.57,99060,3.59,59,0.0601926320497968
2025-06-16 02:00:00,291.29,99080,3.6,56.4,0.0533992238019603
2025-06-16 03:00:00,290.48,99080,3.41,57.2,0.0492959708135045
2025-06-16 04:00:00,289.97,99080,3.09,61.4,0.0468113723419045
2025-06-16 05:00:00,289.68,99060,2.71,69.7,0.0456520039035084
2025-06-16 06:00:00,289.52,99040,2.08,81.4,0.0456142449570243
2025-06-16 07:00:00,289.29,99000,1.77,93.9,0.0455532851157022
2025-06-16 08:00:00,288.87,98960,1.9,107.8,0.0450337442570495
2025-06-16 09:00:00,288.68,98940,2.03,124.6,0.0455116770715472
2025-06-16 10:00:00,288.91,98920,2.04,139.8,0.0474189629984478
2025-06-16 11:00:00,291.37,98910,2.38,144.9,0.0602400387958745
2025-06-16 12:00:00,293.35,98880,2.05,138.4,0.0730727055670491
2025-06-16 13:00:00,297.02,98870,2.03,150.1,0.0930545598273417
2025-06-16 14:00:00,299.61,98840,1.93,156.2,0.110372353625037
2025-06-16 15:00:00,301.01,98800,1.77,146.3,0.122200631096186
2025-06-16 16:00:00,302.26,98740,2.33,138.7,0.133392970753424
2025-06-16 17:00:00,303.18,98670,3.19,138.4,0.141059160089409
2025-06-16 18:00:00,303.81,98600,3.9,141.7,0.143791884233239
2025-06-16 19:00:00,304.18,98540,4.26,147,0.142906354809472
2025-06-16 20:00:00,304.18,98490,4.33,153.8,0.139787113331271
2025-06-16 21:00:00,303.69,98450,4.34,159.5,0.134530379024717
2025-06-16 22:00:00,302.73,98430,4.05,163.5,0.1278330989422
2025-06-16 23:00:00,301.3,98420,3.48,163.8,0.121756487459462
2025-06-17,298.95,98420,2.46,157,0.117048394514993
2025-06-17 01:00:00,296.74,98420,2.56,155.3,0.101615837970073
2025-06-17 02:00:00,295.91,98430,2.72,158.4,0.0968139798725451
2025-06-17 03:00:00,295.35,98420,2.71,166.8,0.0955707935420053
2025-06-17 04:00:00,294.86,98400,2.71,179.4,0.0947320334884106
2025-06-17 05:00:00,294.38,98370,2.68,194.5,0.093438718837166
2025-06-17 06:00:00,293.97,98320,2.74,208.5,0.0920523965203426
2025-06-17 07:00:00,293.64,98290,3,217.1,0.0902319150468372
2025-06-17 08:00:00,293.51,98250,3.36,218.7,0.0888908224370784
2025-06-17 09:00:00,293.45,98220,3.67,213.9,0.0875110749127447
2025-06-17 10:00:00,293.46,98210,4.11,208.9,0.0865126574254989
2025-06-17 11:00:00,294.36,98240,4.94,208.5,0.092606363790225
2025-06-17 12:00:00,296.2,98280,5.16,215.3,0.108230916341775
2025-06-17 13:00:00,298.41,98280,5.73,222.6,0.130019405538447
2025-06-17 14:00:00,300.37,98230,6.1,223.5,0.150426223627254
2025-06-17 15:00:00,301.93,98200,6.3,226.7,0.167727016812591
2025-06-17 16:00:00,303.09,98190,6.29,231.8,0.182810594947878
2025-06-17 17:00:00,303.95,98180,6.16,236.4,0.196301858070691
2025-06-17 18:00:00,304.36,98140,5.87,236.5,0.203908040208413
2025-06-17 19:00:00,304.41,98080,5.57,233.8,0.205163089220384
2025-06-17 20:00:00,304.24,98010,5.09,226.8,0.202257858890506
2025-06-17 21:00:00,303.9,97950,4.78,216.2,0.197984520193643
2025-06-17 22:00:00,303.17,97940,4.29,214.7,0.190623440800107
2025-06-17 23:00:00,301.8,98000,3.39,222,0.181534728718695
2025-06-18,299.92,98050,2.93,229.3,0.162847639676321
2025-06-18 01:00:00,298.66,98070,2.86,238.4,0.148175609292708
2025-06-18 02:00:00,297.92,98110,2.54,251.9,0.142023704230611
2025-06-18 03:00:00,297.29,98130,2.14,268.7,0.135123452627169
2025-06-18 04:00:00,296.52,98130,1.83,280.4,0.125379687222755
2025-06-18 05:00:00,295.5,98110,1.65,291.3,0.111351601837316
2025-06-18 06:00:00,294.74,98100,1.36,304.5,0.101615021685885
2025-06-18 07:00:00,294.29,98090,0.99,305.1,0.0963685196807738
2025-06-18 08:00:00,294.11,98080,0.95,260.3,0.0934899257390389
2025-06-18 09:00:00,293.79,98110,1.39,227.9,0.0908721605460249
2025-06-18 10:00:00,293.78,98140,1.69,212.5,0.0913339549429567
2025-06-18 11:00:00,294.71,98160,2.25,215,0.102563963130293
2025-06-18 12:00:00,295.49,98180,2.73,228,0.112004564714587
2025-06-18 13:00:00,296.59,98220,3.24,250.3,0.125264985915843
2025-06-18 14:00:00,297.69,98240,3.21,265.2,0.13489415847599
2025-06-18 15:00:00,298.48,98240,2.72,284,0.138742540454453
2025-06-18 16:00:00,299.74,98190,1.78,313.9,0.144767084988351
2025-06-18 17:00:00,300.14,98130,0.67,15.5,0.141944905465246
2025-06-18 18:00:00,299.17,98070,1.42,98.1,0.132451068223856
2025-06-18 19:00:00,298.09,97990,2.65,97.6,0.126039801618391
2025-06-18 20:00:00,297.31,97920,3.72,85.1,0.122359719074079
2025-06-18 21:00:00,296.52,97830,4.32,71.9,0.116275601664034
2025-06-18 22:00:00,295.18,97680,5.29,40.4,0.102158182251262
2025-06-18 23:00:00,293.6,97560,7.38,10.2,0.0845889240077801
2025-06-19,292.68,97580,7.7,347.5,0.0755478919251758
2025-06-19 01:00:00,292.45,97600,6.27,329.5,0.073676547299518
2025-06-19 02:00:00,292.24,97740,5.47,314,0.0719223053097813
2025-06-19 03:00:00,292.15,97880,5.14,301.8,0.0709846164486063
2025-06-19 04:00:00,292.09,97950,4.71,300.4,0.0702799176212557
2025-06-19 05:00:00,291.96,97990,4.1,301.8,0.0690346010847643
2025-06-19 06:00:00,291.8,98030,3.89,306.2,0.0668837114592172
2025-06-19 07:00:00,291.56,98090,3.63,300.7,0.0649726883780827
2025-06-19 08:00:00,291.39,98160,3.62,291.5,0.0636693475368234
2025-06-19 09:00:00,291.29,98220,3.64,293.3,0.0627554332896755
2025-06-19 10:00:00,291.18,98270,3.54,295.6,0.0618487076797725
2025-06-19 11:00:00,291.41,98320,3.65,286.5,0.0635095050678244
2025-06-19 12:00:00,292,98380,3.94,277,0.0680813370466224
2025-06-19 13:00:00,293.53,98450,4.35,279,0.0794426313748125
2025-06-19 14:00:00,296.26,98500,4.91,290.9,0.0959568018631435
2025-06-19 15:00:00,298.62,98530,5.29,298.7,0.106195303903575
2025-06-19 16:00:00,299.96,98540,5.53,298.7,0.114872165197204
2025-06-19 17:00:00,300.73,98530,5.46,296.5,0.121347552138781
2025-06-19 18:00:00,301.14,98520,5.26,294.1,0.125104700126018
2025-06-19 19:00:00,301.31,98520,4.98,291.8,0.127043836290103
2025-06-19 20:00:00,301.25,98520,4.65,289.7,0.127277353533239
2025-06-19 21:00:00,301.11,98540,4.48,290.5,0.126153746150714
2025-06-19 22:00:00,300.7,98560,4.26,293.1,0.123445300923158
2025-06-19 23:00:00,299.89,98580,3.6,295.1,0.12222939513806
2025-06-20,298.19,98590,2.34,295.6,0.118941147161363
2025-06-20 01:00:00,295.86,98610,2.14,287.1,0.0958366434141947
2025-06-20 02:00:00,295.11,98640,2.13,271.1,0.0871175143585899
2025-06-20 03:00:00,294.19,98670,2.41,256.3,0.0798764419912691
2025-06-20 04:00:00,293.36,98680,2.79,249.9,0.073418406518222
2025-06-20 05:00:00,292.87,98690,3.07,251,0.0696382063587911
2025-06-20 06:00:00,292.58,98700,3.45,253.7,0.0678456405451214
2025-06-20 07:00:00,292.35,98700,3.9,254.7,0.0668460672271984
2025-06-20 08:00:00,292.03,98720,4.17,253.4,0.0652419005463337
2025-06-20 09:00:00,291.62,98740,4.04,251.1,0.0636068420499399
2025-06-20 10:00:00,291.52,98750,3.84,246.5,0.0642475827188995
2025-06-20 11:00:00,293.08,98770,4.45,235.3,0.0753703990934866
2025-06-20 12:00:00,294.97,98670,4.14,205.6,0.0927298475354645
2025-06-20 13:00:00,297.91,98780,5.09,223.2,0.124451118353966
2025-06-20 14:00:00,298.8,98760,5.81,225.3,0.133423564444948
2025-06-20 15:00:00,298.73,98730,6.14,217.3,0.133816534507958
2025-06-20 16:00:00,298.39,98700,5.57,208.8,0.127994861914296
2025-06-20 17:00:00,298.14,98680,5.03,207.1,0.123027171360366
2025-06-20 18:00:00,298,98660,5.25,203.8,0.111336209865871
2025-06-20 19:00:00,299.75,98570,6.89,204.8,0.112078886685801
2025-06-20 20:00:00,301.27,98510,7.73,212.8,0.114850325140611
2025-06-20 21:00:00,301.55,98450,7.54,211.6,0.119351804518411
2025-06-20 22:00:00,300.99,98420,7.04,205.5,0.120931716791009
2025-06-20 23:00:00,299.6,98420,5.98,196.9,0.115722475819358
2025-06-21,297.81,98440,5.07,189.6,0.10554834010498
2025-06-21 01:00:00,296.31,98460,4.79,185.6,0.0957698139711174
2025-06-21 02:00:00,295.96,98480,5.35,184.3,0.0956380224592325
2025-06-21 03:00:00,295.8,98480,5.93,185.6,0.0986017809890996
2025-06-21 04:00:00,295.42,98470,5.93,184.7,0.100760786710887
2025-06-21 05:00:00,295.31,98440,6.2,187.3,0.103820874963272
2025-06-21 06:00:00,295.34,98410,6.34,192,0.10728703462309
2025-06-21 07:00:00,295.45,98400,6.41,195.6,0.11126521137389
2025-06-21 08:00:00,295.63,98400,6.25,197.6,0.115866009623111
2025-06-21 09:00:00,295.81,98410,6,197.8,0.120192471916365
2025-06-21 10:00:00,296.02,98430,6,196,0.124120667652706
2025-06-21 11:00:00,297.1,98430,6.67,194.2,0.137990437721719
2025-06-21 12:00:00,298.76,98420,7.42,198.1,0.162470969805946
2025-06-21 13:00:00,300.4,98400,8.22,208.9,0.189295249740955
2025-06-21 14:00:00,301.75,98360,8.79,212.3,0.210347998653833
2025-06-21 15:00:00,303.04,98330,9.38,211.8,0.23032457416854
2025-06-21 16:00:00,304.31,98300,9.91,211,0.252166451105368
2025-06-21 17:00:00,305.6,98260,10.38,211.2,0.2787265261367
2025-06-21 18:00:00,306.37,98220,10.57,212.5,0.297506501798277
2025-06-21 19:00:00,306.74,98210,10.57,214.1,0.310382655589987
2025-06-21 20:00:00,306.71,98190,10.41,215.3,0.313696893601662
2025-06-21 21:00:00,306.3,98170,10.12,216.2,0.307916987546349
2025-06-21 22:00:00,305.58,98150,9.65,215.3,0.294422729052883
2025-06-21 23:00:00,304.74,98160,8.94,213.6,0.278876714637746
2025-06-22,303.52,98190,8.32,212,0.255900594982297
2025-06-22 01:00:00,302.24,98250,7.93,211.5,0.231807432308955
2025-06-22 02:00:00,301.21,98310,7.25,211.2,0.214532596832925
2025-06-22 03:00:00,300.36,98380,6.35,211.5,0.201368460559661
2025-06-22 04:00:00,299.76,98440,5.95,212.9,0.19213458481342
2025-06-22 05:00:00,299.22,98510,5.73,214.5,0.183561962124195
2025-06-22 06:00:00,298.74,98560,5.57,216.5,0.175977642108996
2025-06-22 07:00:00,298.34,98620,5.45,217.7,0.168700298278408
2025-06-22 08:00:00,298,98670,5.35,217.7,0.161893184610834
2025-06-22 09:00:00,297.59,98710,5.04,216.3,0.154425173038951
2025-06-22 10:00:00,297.41,98760,4.92,212,0.149931669491195
2025-06-22 11:00:00,298.23,98800,5.47,207.6,0.159434348661956
2025-06-22 12:00:00,299.77,98830,6.05,212.2,0.180721793954687
2025-06-22 13:00:00,301.65,98850,6.69,223.9,0.205752714195416
2025-06-22 14:00:00,303.27,98840,6.72,225.8,0.227816593390449
2025-06-22 15:00:00,304.6,98840,6.79,220.8,0.249341410539516
2025-06-22 16:00:00,305.74,98830,7.15,214.7,0.270838707413729
2025-06-22 17:00:00,306.47,98820,7.65,211.2,0.283328498353789
2025-06-22 18:00:00,307.04,98770,8.14,209.4,0.293025727117396
2025-06-22 19:00:00,307.28,98740,8.48,208.3,0.298200285857019
2025-06-22 20:00:00,307.23,98720,8.7,207.4,0.30044562628553
2025-06-22 21:00:00,306.9,98690,8.81,207.4,0.293326974689142
2025-06-22 22:00:00,306.23,98680,8.75,207.9,0.279695742935306
2025-06-22 23:00:00,305.27,98680,8.3,208,0.262602475852057
2025-06-23,303.86,98700,7.39,207.2,0.238465002960844
2025-06-23 01:00:00,302.13,98740,6.41,205.5,0.210221476924695
2025-06-23 02:00:00,300.87,98790,5.73,203.7,0.191783365634958
2025-06-23 03:00:00,300.02,98810,5.52,203.5,0.180076729524106
2025-06-23 04:00:00,299.33,98840,5.44,203.4,0.171181606797631
2025-06-23 05:00:00,298.64,98850,5.31,204.3,0.161927889308584
2025-06-23 06:00:00,297.91,98870,5.06,204.6,0.152454925950759
2025-06-23 07:00:00,297.26,98890,4.91,203.2,0.144473293037102
2025-06-23 08:00:00,296.82,98900,5,201.7,0.138989344768876
2025-06-23 09:00:00,296.58,98960,5.03,204.8,0.135334363189387
2025-06-23 10:00:00,296.59,99040,4.97,209.8,0.13451636910102
2025-06-23 11:00:00,297.94,99100,5.47,211.8,0.150719223763625
2025-06-23 12:00:00,300.01,99120,5.98,221.1,0.178731285576037
2025-06-23 13:00:00,302.12,99130,7.07,237,0.201425278729854
2025-06-23 14:00:00,303.7,99120,7.13,241,0.215573544070063
2025-06-23 15:00:00,305.09,99090,6.8,236.4,0.233496671974456
2025-06-23 16:00:00,306.39,99070,6.65,226,0.257765147172973
2025-06-23 17:00:00,307.4,99030,7.09,216.9,0.276941771237128
2025-06-23 18:00:00,308.02,98990,7.75,212.8,0.289932268414942
2025-06-23 19:00:00,308.24,98960,8.26,212.2,0.295127654752014
2025-06-23 20:00:00,308.07,98940,8.46,212.8,0.294147136224264
2025-06-23 21:00:00,307.43,98940,8.19,214.6,0.28240221415661
2025-06-23 22:00:00,306.63,98960,7.57,217.3,0.266590877368394
2025-06-23 23:00:00,305.62,98980,6.56,219.2,0.249113913942223
2025-06-24,304.06,99020,5.19,216.7,0.226785916983364
2025-06-24 01:00:00,301.98,99000,4.74,210,0.19397096387222
2025-06-24 02:00:00,301.08,99030,5.18,212.7,0.180545596342843
2025-06-24 03:00:00,300.17,99140,4.36,229.4,0.171721546637299
2025-06-24 04:00:00,299.38,99210,3.44,242.8,0.16501086323806
2025-06-24 05:00:00,298.71,99200,2.5,247.9,0.159226241101818
2025-06-24 06:00:00,298.34,99160,2.01,243.7,0.156401379329106
2025-06-24 07:00:00,298.05,99120,1.8,233.6,0.153731129662486
2025-06-24 08:00:00,297.73,99140,1.75,239.5,0.150383348026643
2025-06-24 09:00:00,297.6,99180,1.76,254.5,0.149440218477792
2025-06-24 10:00:00,297.58,99220,1.62,257.5,0.14914792859268
2025-06-24 11:00:00,298.86,99230,1.33,229.6,0.169481499565051
2025-06-24 12:00:00,300.08,99240,1.79,204.7,0.187633918898628
2025-06-24 13:00:00,301.44,99250,2.55,219.1,0.20476639271149
2025-06-24 14:00:00,302.59,99240,3.5,232.9,0.212860436437338
2025-06-24 15:00:00,304.08,99230,4.03,238,0.225543098787692
2025-06-24 16:00:00,305.08,99240,4.2,237.6,0.231131287810642
2025-06-24 17:00:00,305.81,99250,4.38,240.9,0.236513568216343
2025-06-24 18:00:00,306.22,99240,4.6,246.3,0.239952408606562
2025-06-24 19:00:00,306.24,99230,4.57,255,0.239437988148969
2025-06-24 20:00:00,305.68,99230,4.22,266.6,0.231049025775797
2025-06-24 21:00:00,304.28,99240,3.5,279.5,0.215709946032679
2025-06-24 22:00:00,302.47,99240,2.42,298.2,0.199882118501728
2025-06-24 23:00:00,300.95,99250,1.5,333.1,0.185446901620772
2025-06-25,299.62,99280,1.26,34.7,0.167547616421744
2025-06-25 01:00:00,298.18,99300,1.67,75.8,0.15094274482433
2025-06-25 02:00:00,297.23,99320,1.94,98.3,0.136984064635958
2025-06-25 03:00:00,296.74,99330,1.72,108.3,0.13007518364025
2025-06-25 04:00:00,296.5,99320,1.23,98.9,0.12758617943676
2025-06-25 05:00:00,296.1,99310,1.1,68.1,0.122751599742852
2025-06-25 06:00:00,295.6,99330,1.36,44.4,0.114861370726036
2025-06-25 07:00:00,294.91,99340,2.12,33.8,0.10367042542725
2025-06-25 08:00:00,293.87,99350,2.92,32.5,0.0888762842683439
2025-06-25 09:00:00,292.8,99360,3.27,36.7,0.0758145716546832
2025-06-25 10:00:00,292.01,99350,3.56,44.2,0.0673450939055265
2025-06-25 11:00:00,291.84,99350,3.78,50.2,0.0648085947962008
2025-06-25 12:00:00,292.49,99380,3.61,54.8,0.0682151153527805
2025-06-25 13:00:00,293.61,99410,3.07,59.9,0.0749714326280273
2025-06-25 14:00:00,295.66,99390,2.27,71,0.0912216141828053
2025-06-25 15:00:00,298.74,99360,1.12,97.2,0.125543114965761
2025-06-25 16:00:00,302.15,99310,0.71,235.9,0.175635442194266
2025-06-25 17:00:00,303.69,99260,0.99,252.3,0.201725978282729
2025-06-25 18:00:00,304.72,99170,0.98,240,0.221586492302157
2025-06-25 19:00:00,305.28,99100,1.01,215.7,0.233282923064552
2025-06-25 20:00:00,305.41,99050,1.04,200.2,0.236199219270906
2025-06-25 21:00:00,305.03,98990,1.08,180.5,0.231714891822334
2025-06-25 22:00:00,304.35,98950,1.42,152.7,0.223385465990195
2025-06-25 23:00:00,303.45,98930,2.03,140.8,0.21125154797672
2025-06-26,301.5,98950,2.54,131.2,0.187646385491663
2025-06-26 01:00:00,298.83,98950,2.77,121.9,0.154237119617719
2025-06-26 02:00:00,297.42,98960,3.31,125,0.134863600506039
2025-06-26 03:00:00,296.82,98940,3.01,140.4,0.127935790493976
2025-06-26 04:00:00,296.85,98900,2.66,163.4,0.130256036728825
2025-06-26 05:00:00,297.15,98850,2.72,184.9,0.137859389145975
2025-06-26 06:00:00,297.48,98790,3.24,202.7,0.146588176211973
2025-06-26 07:00:00,297.66,98760,3.86,217,0.15150379408414
2025-06-26 08:00:00,297.64,98740,3.91,227.2,0.151572359174906
2025-06-26 09:00:00,297.4,98740,3.48,233.7,0.148588729893039
2025-06-26 10:00:00,297.24,98760,3.05,239.2,0.146100541049908
2025-06-26 11:00:00,298.37,98790,3.83,245.8,0.162645657441459
2025-06-26 12:00:00,299.4,98800,3.66,246.9,0.179889178024807
2025-06-26 13:00:00,301.12,98810,3.34,245.4,0.207247291697912
2025-06-26 14:00:00,303.25,98800,3.63,251.5,0.228532878674309
2025-06-26 15:00:00,304.64,98790,3.69,254.1,0.239092977896199
2025-06-26 16:00:00,305.63,98770,3.56,249.4,0.252420595791097
2025-06-26 17:00:00,306.39,98740,3.49,243.8,0.261317512196964
2025-06-26 18:00:00,306.94,98700,3.46,238.6,0.265092687552212
2025-06-26 19:00:00,307.09,98660,3.35,232.8,0.2631875455128
2025-06-26 20:00:00,306.94,98620,3.07,225.5,0.259994832351735
2025-06-26 21:00:00,306.16,98590,2.69,215.5,0.249803447190954
2025-06-26 22:00:00,305.27,98560,2.33,207.1,0.237411779932392
2025-06-26 23:00:00,304.01,98550,1.81,189.6,0.224005106114166
2025-06-27,302.58,98560,1.68,166.2,0.217417839354097
2025-06-27 01:00:00,300.4,98550,2.01,165.9,0.184844598695941
2025-06-27 02:00:00,299.48,98560,2.58,182.2,0.163861504194189
2025-06-27 03:00:00,298.88,98550,3.15,197.2,0.152000459110299
2025-06-27 04:00:00,298.19,98530,3.81,204,0.144497671155414
2025-06-27 05:00:00,297.58,98500,4.7,209.7,0.139292501712631
2025-06-27 06:00:00,297.06,98480,4.85,212.3,0.135093362668865
2025-06-27 07:00:00,296.74,98500,4.67,216.4,0.132368749378843
2025-06-27 08:00:00,296.63,98510,4.38,220.4,0.131618221657979
2025-06-27 09:00:00,296.43,98510,3.63,216.9,0.129884097482359
2025-06-27 10:00:00,296.53,98510,3.51,209.9,0.131543742598239
2025-06-27 11:00:00,297.24,98510,4.24,205.4,0.142290533310081
2025-06-27 12:00:00,298.2,98490,4.4,203.9,0.158511598627831
2025-06-27 13:00:00,299.52,98490,5.47,222,0.175465469012375
2025-06-27 14:00:00,300.65,98470,6.06,228.7,0.185828968610939
2025-06-27 15:00:00,301.42,98470,6.51,231.1,0.193078150336944
2025-06-27 16:00:00,302.15,98480,6.96,236,0.200269447606091
2025-06-27 17:00:00,302.82,98480,7.27,242.7,0.20511627922088
2025-06-27 18:00:00,303.21,98470,7.43,249.7,0.203457742939612
2025-06-27 19:00:00,303.64,98480,7.43,256,0.202813195971578
2025-06-27 20:00:00,303.78,98480,7.17,262.1,0.199449830350148
2025-06-27 21:00:00,303.49,98480,6.82,267.2,0.190574070125601
2025-06-27 22:00:00,302.75,98480,6.41,271.8,0.177171167747527
2025-06-27 23:00:00,301.56,98500,5.73,276.9,0.160927862560096
2025-06-28,299.91,98550,4.59,283.6,0.143527573704135
2025-06-28 01:00:00,297.61,98590,3.13,291.3,0.121292370974894
2025-06-28 02:00:00,296.4,98670,2.74,299.3,0.10998723835144
2025-06-28 03:00:00,295.67,98720,2.56,308.3,0.103405082224559
2025-06-28 04:00:00,294.97,98750,2.41,319,0.0971343177569266
2025-06-28 05:00:00,294.33,98780,2.27,331.1,0.0911429699818469
2025-06-28 06:00:00,293.69,98790,2.18,344.6,0.0852493233249077
2025-06-28 07:00:00,293.07,98820,2.17,359.2,0.079429346195251
2025-06-28 08:00:00,292.43,98840,2.17,14.2,0.0736419287069784
2025-06-28 09:00:00,291.82,98880,2.1,27.8,0.0684925109095161
2025-06-28 10:00:00,291.56,98930,1.95,41,0.0660622882453695
2025-06-28 11:00:00,293.21,98970,2.55,59.3,0.0750621723689101
2025-06-28 12:00:00,295.13,99000,1.9,78.7,0.0841374536153642
2025-06-28 13:00:00,296.9,99020,0.75,94.6,0.0979333369365645
2025-06-28 14:00:00,299.45,99010,0.67,283.8,0.118493059451781
2025-06-28 15:00:00,301.47,98980,1.15,284.6,0.135597245875097
2025-06-28 16:00:00,302.85,98940,1.15,281,0.151665740765298
2025-06-28 17:00:00,304.05,98900,0.95,273.6,0.169642626762651
2025-06-28 18:00:00,304.96,98830,0.67,258.9,0.186114037082065
2025-06-28 19:00:00,305.51,98780,0.49,225.8,0.197759064885075
2025-06-28 20:00:00,305.56,98730,0.73,194.2,0.201080898124144
2025-06-28 21:00:00,304.71,98730,1,193.9,0.191239226395044
2025-06-28 22:00:00,303.58,98730,1.24,194,0.177624049069669
2025-06-28 23:00:00,302.5,98740,1.37,185,0.166372404745648
2025-06-29,301.08,98760,1.23,165.9,0.162044811239829
2025-06-29 01:00:00,299.06,98780,1.4,138.5,0.144912555850286
2025-06-29 02:00:00,297.75,98830,1.63,128.8,0.125690935163763
2025-06-29 03:00:00,296.77,98850,1.63,130.5,0.112600350134741
2025-06-29 04:00:00,296.06,98860,1.66,133,0.104134683035534
2025-06-29 05:00:00,295.32,98850,1.78,137.5,0.0956422906310402
2025-06-29 06:00:00,294.77,98850,1.95,145.2,0.0892451157167823
2025-06-29 07:00:00,294.29,98850,2.13,154.4,0.0837200347868376
2025-06-29 08:00:00,293.83,98850,2.29,164.3,0.0783490845993791
2025-06-29 09:00:00,293.51,98870,2.38,173.5,0.0750132843388239
2025-06-29 10:00:00,293.62,98890,2.37,180.2,0.0762377759436197
2025-06-29 11:00:00,295.56,98910,2.97,183.7,0.0905429864193882
2025-06-29 12:00:00,297.26,98900,2.99,182.3,0.106245746246646
2025-06-29 13:00:00,300.36,98860,2.58,188.3,0.145973709320801
2025-06-29 14:00:00,303.05,98800,2.27,194.8,0.179472695498629
2025-06-29 15:00:00,304.4,98750,2.13,178.4,0.191382182396083
2025-06-29 16:00:00,305.35,98690,2.84,158.9,0.198730177925554
2025-06-29 17:00:00,306.12,98620,3.58,147.9,0.203056252050648
2025-06-29 18:00:00,306.62,98570,4.03,144.8,0.201546282999525
2025-06-29 19:00:00,306.97,98540,4.28,152.9,0.199677217573998
2025-06-29 20:00:00,306.99,98510,4.32,166.1,0.196626620489904
2025-06-29 21:00:00,306.47,98470,4.04,175.9,0.190566834391369
2025-06-29 22:00:00,305.58,98450,3.7,186.5,0.185980135829377
2025-06-29 23:00:00,304.19,98450,3.08,195.3,0.180145037694474
2025-06-30,302.07,98450,2.09,201.3,0.187594732993591
2025-06-30 01:00:00,299.85,98450,2.26,209.2,0.1649010320608
2025-06-30 02:00:00,298.97,98470,2.4,218.4,0.152714940330092
2025-06-30 03:00:00,298.47,98480,2.43,227.3,0.146837788422928
2025-06-30 04:00:00,297.92,98460,2.33,233.9,0.141606349676677
2025-06-30 05:00:00,297.36,98430,2.12,236.2,0.13644223973245
2025-06-30 06:00:00,296.87,98400,1.96,239.4,0.131360884932699
2025-06-30 07:00:00,296.41,98420,2.01,257.6,0.125532591104941
2025-06-30 08:00:00,296.3,98460,2.35,285.3,0.123571335996396
2025-06-30 09:00:00,295.97,98440,1.92,304.6,0.119404512319929
2025-06-30 10:00:00,295.67,98410,1.47,318.6,0.114880088853182
2025-06-30 11:00:00,296.65,98400,1.15,321.3,0.127788533528831
2025-06-30 12:00:00,297.75,98420,1.62,298.5,0.139806634514152
2025-06-30 13:00:00,299.02,98430,2.33,282.7,0.152619659758419
2025-06-30 14:00:00,300.57,98430,3.16,275.6,0.166028422415793
2025-06-30 15:00:00,301.7,98430,3.79,279.3,0.174827793947835
2025-06-30 16:00:00,302.29,98430,3.8,286.3,0.17961772531268
2025-06-30 17:00:00,303.06,98390,3.57,295.1,0.189375605421142
2025-06-30 18:00:00,304.07,98330,3.65,306.1,0.201695087114285
2025-06-30 19:00:00,304.74,98270,3.79,319.1,0.206439892772186
2025-06-30 20:00:00,304.88,98250,3.8,322.7,0.20274080673191
2025-06-30 21:00:00,304.44,98300,4.64,307.7,0.189955748934258
2025-06-30 22:00:00,303.04,98310,5.24,307.5,0.173092908799837
2025-06-30 23:00:00,301.45,98330,5.64,307.7,0.155371834451063
2025-07-01,299.71,98390,5.58,304.1,0.136575756347188
2025-07-01 01:00:00,297.83,98450,3.85,294.2,0.11728404199245
2025-07-01 02:00:00,296.26,98440,2.49,274.6,0.0998826644302505
2025-07-01 03:00:00,295.16,98470,3.15,275.5,0.083673640123558
2025-07-01 04:00:00,294.49,98500,4.24,283.1,0.0728343501164759
2025-07-01 05:00:00,293.91,98490,4.55,286.9,0.0675685914011032
2025-07-01 06:00:00,293.44,98480,4.29,290.9,0.0673611615966194
2025-07-01 07:00:00,293.22,98500,3.94,298.2,0.0722704766264092
2025-07-01 08:00:00,293.16,98520,3.79,308.4,0.0787630312553694
2025-07-01 09:00:00,292.89,98570,3.53,316.7,0.0793668930974171
2025-07-01 10:00:00,292.61,98610,3.47,320.6,0.0763607819245489
2025-07-01 11:00:00,293.77,98660,4.24,321.8,0.0817311798434125
2025-07-01 12:00:00,295.86,98690,4.54,334.7,0.0906673622393466
2025-07-01 13:00:00,297.96,98720,4.56,340,0.100270494636121
2025-07-01 14:00:00,299.65,98730,4.4,337.9,0.109848550296947
2025-07-01 15:00:00,301.06,98730,4.48,336.8,0.119043076328979
2025-07-01 16:00:00,302.26,98710,4.52,336.1,0.128244308304113
2025-07-01 17:00:00,303.25,98690,4.5,335.9,0.13668188915846
2025-07-01 18:00:00,303.98,98650,4.47,335.4,0.143769795235525
2025-07-01 19:00:00,304.41,98630,4.45,335.2,0.146810155042784
2025-07-01 20:00:00,304.57,98610,4.38,334.7,0.147621948121763
2025-07-01 21:00:00,304.28,98600,4.18,334.7,0.144804095602637
2025-07-01 22:00:00,303.6,98600,3.83,333.8,0.139054094520806
2025-07-01 23:00:00,302.44,98610,3.32,331.8,0.132129696556262
2025-07-02,300.42,98640,2.26,329.3,0.127187535843917
2025-07-02 01:00:00,297.51,98680,1.99,325,0.108984926240962
2025-07-02 02:00:00,296.48,98740,1.98,318.3,0.0993058992160649
2025-07-02 03:00:00,295.71,98770,2.05,309.3,0.0931446531227978
2025-07-02 04:00:00,295.03,98790,2.19,300.8,0.0874728127392605
2025-07-02 05:00:00,294.46,98800,2.29,291.8,0.0825419438354044
2025-07-02 06:00:00,293.97,98790,2.4,283,0.0783385087178627
2025-07-02 07:00:00,293.49,98800,2.55,276.3,0.074474821460869
2025-07-02 08:00:00,293.09,98810,2.78,272.5,0.0716542702547266
2025-07-02 09:00:00,292.8,98820,3.07,272.8,0.0703435841256509
2025-07-02 10:00:00,292.75,98840,3.39,275.1,0.071157938900757
2025-07-02 11:00:00,294.2,98830,4.26,277.6,0.0824105819327813
2025-07-02 12:00:00,296.3,98840,3.67,277.5,0.100732448624932
2025-07-02 13:00:00,299.98,98830,3.86,289.8,0.127810203525897
2025-07-02 14:00:00,302.05,98830,3.81,299.1,0.134750302624984
2025-07-02 15:00:00,303.25,98820,3.6,298.9,0.140317918747604
2025-07-02 16:00:00,304.22,98810,3.48,295.7,0.144883366834365
2025-07-02 17:00:00,304.8,98760,3.47,290.7,0.146655655395493
2025-07-02 18:00:00,305.4,98700,3.42,285.4,0.151839184314248
2025-07-02 19:00:00,305.6,98620,3.47,278.5,0.152207908779853
2025-07-02 20:00:00,305.66,98570,3.76,273.2,0.153148216133008
2025-07-02 21:00:00,305.12,98540,4.25,274,0.149685395916204
2025-07-02 22:00:00,303.88,98550,4.52,280.3,0.142856902390631
2025-07-02 23:00:00,302.78,98590,4.38,286.3,0.139417578007101
2025-07-03,300.96,98630,3.1,291.2,0.134793000998318
2025-07-03 01:00:00,298.32,98660,2.58,295,0.118052540666398
2025-07-03 02:00:00,297.24,98710,2.63,296,0.108635894409452
2025-07-03 03:00:00,296.5,98720,2.64,295.8,0.101812930271704
2025-07-03 04:00:00,295.8,98720,2.64,298,0.0955168516073226
2025-07-03 05:00:00,295.18,98720,2.62,300,0.0904346095518324
2025-07-03 06:00:00,294.65,98710,2.65,302.4,0.0862262830983631
2025-07-03 07:00:00,294.19,98720,2.71,305.4,0.0827471086251567
2025-07-03 08:00:00,293.74,98750,2.75,308.5,0.0795448276102561
2025-07-03 09:00:00,293.34,98770,2.73,311.4,0.0773040399481041
2025-07-03 10:00:00,293.26,98820,2.68,312.6,0.0778342675709317
2025-07-03 11:00:00,295.12,98860,3.61,311.9,0.0926731577429971
2025-07-03 12:00:00,297.33,98900,2.7,306.6,0.113986697714256
2025-07-03 13:00:00,301.3,98910,3.2,322.5,0.146751119580108
2025-07-03 14:00:00,303.38,98900,2.85,327.6,0.1617507225479
2025-07-03 15:00:00,304.64,98870,1.97,320.2,0.169660129457442
2025-07-03 16:00:00,305.74,98830,1.24,295.7,0.17491422453256
2025-07-03 17:00:00,306.65,98790,1.35,267.5,0.179633054433859
2025-07-03 18:00:00,307.27,98760,1.81,263,0.183112218765401
2025-07-03 19:00:00,307.62,98730,2.17,263.7,0.184933904286852
2025-07-03 20:00:00,307.62,98720,2.23,266.9,0.184952459050374
2025-07-03 21:00:00,307.32,98710,2.04,267.8,0.182097773736137
2025-07-03 22:00:00,306.53,98720,1.78,267.7,0.176394688003686
2025-07-03 23:00:00,305.55,98720,1.47,259,0.168246857691157
2025-07-04,303.8,98760,0.94,251.4,0.16677668268385
2025-07-04 01:00:00,302.16,98820,0.58,232,0.1513869012614
2025-07-04 02:00:00,301.02,98890,0.75,188.5,0.136848672553874
2025-07-04 03:00:00,299.44,98930,1.44,203.7,0.129861766178762
2025-07-04 04:00:00,298.03,98940,2.07,216.1,0.117280929751155
2025-07-04 05:00:00,297.17,98950,2.39,223.6,0.104593798141268
2025-07-04 06:00:00,296.5,98970,2.57,229.7,0.0947208663002722
2025-07-04 07:00:00,296.22,98990,2.82,232.5,0.0895345963247957
2025-07-04 08:00:00,295.84,99010,3.02,235.8,0.0862740039883516
2025-07-04 09:00:00,295.54,99050,2.59,239.6,0.088696646731921
2025-07-04 10:00:00,295.39,99080,1.97,242.8,0.0955336586704928
2025-07-04 11:00:00,296.04,99120,1.9,240.7,0.105776079327493
2025-07-04 12:00:00,296.68,99140,2.09,235.5,0.115122064135964
2025-07-04 13:00:00,297.74,99120,2.14,229.7,0.134466324279636
2025-07-04 14:00:00,299.76,99100,2.81,239,0.163792702771894
2025-07-04 15:00:00,300.87,99070,3.51,235.4,0.175372512013324
2025-07-04 16:00:00,301.68,99070,3.81,230.5,0.182935969889504
2025-07-04 17:00:00,302.34,99060,3.67,227.1,0.188861553692111
2025-07-04 18:00:00,302.95,99050,3.56,219.8,0.192415044326457
2025-07-04 19:00:00,303.54,99020,3.57,210.8,0.193441977071017
2025-07-04 20:00:00,304.06,99000,3.75,202.9,0.193615514514743
2025-07-04 21:00:00,304.42,98960,3.99,200.7,0.19066479080755
2025-07-04 22:00:00,304.4,98910,3.98,199.8,0.183936496989626
2025-07-04 23:00:00,303.82,98880,3.59,196.8,0.174320553224985
2025-07-05,301.43,98880,2.52,191.2,0.164549366983367
2025-07-05 01:00:00,298.73,98900,3,192.1,0.125793222438024
2025-07-05 02:00:00,297.75,98930,3.16,196.5,0.11110500205132
2025-07-05 03:00:00,297.04,98960,3.24,201.6,0.102493238910191
2025-07-05 04:00:00,296.49,98980,3.32,204.9,0.0971720926067135
2025-07-05 05:00:00,296.03,98990,3.4,206.9,0.0935348732910375
2025-07-05 06:00:00,295.6,98990,3.47,209.4,0.0906424774685385
2025-07-05 07:00:00,295.16,99010,3.46,212.9,0.0875216713122702
2025-07-05 08:00:00,294.7,99020,3.41,214.7,0.0840016922891004
2025-07-05 09:00:00,294.26,99020,3.2,214.3,0.0823374339712973
2025-07-05 10:00:00,294.21,99020,3.03,211.2,0.0850952640956534
2025-07-05 11:00:00,296.18,99010,4.07,205.4,0.104443895368586
2025-07-05 12:00:00,298.3,98970,4.09,197.6,0.130335252998319
2025-07-05 13:00:00,301.62,98920,5.36,204,0.16439770383099
2025-07-05 14:00:00,303.82,98880,6.86,212.6,0.178402514077323
2025-07-05 15:00:00,305.16,98870,7.33,215.9,0.191761375496942
2025-07-05 16:00:00,306.18,98830,7.48,215.6,0.205563118219537
2025-07-05 17:00:00,306.89,98770,7.57,213,0.214058230892322
2025-07-05 18:00:00,307.42,98690,7.65,209.9,0.21947053380982
2025-07-05 19:00:00,307.73,98620,7.74,208.6,0.218814960883055
2025-07-05 20:00:00,307.72,98560,7.82,208.7,0.212251633604804
2025-07-05 21:00:00,307.29,98510,7.86,209.4,0.201029125233479
2025-07-05 22:00:00,306.46,98470,7.79,210.8,0.18826442164046
2025-07-05 23:00:00,305.19,98450,7.3,212.7,0.174253206632764
2025-07-06,303.22,98470,5.91,213.3,0.157131533452277
2025-07-06 01:00:00,300.75,98500,4.81,212.4,0.13562774912842
2025-07-06 02:00:00,299.64,98520,4.92,210.2,0.127297944700993
2025-07-06 03:00:00,298.66,98490,5,209.6,0.121098336069791
2025-07-06 04:00:00,297.66,98470,5.03,209.9,0.115721966299144
2025-07-06 05:00:00,296.71,98440,4.84,209.1,0.110397122087489
2025-07-06 06:00:00,295.96,98400,4.56,205.6,0.105486430657696
2025-07-06 07:00:00,295.34,98370,4.56,205.7,0.100786477317791
2025-07-06 08:00:00,294.9,98370,4.46,211.2,0.0977517060579826
2025-07-06 09:00:00,294.79,98380,4.38,222.5,0.0984606419004861
2025-07-06 10:00:00,295.09,98390,4.52,230.4,0.104429960871313
2025-07-06 11:00:00,296.2,98390,4.84,231.3,0.120686497684981
2025-07-06 12:00:00,297.81,98370,5.07,238.2,0.142423601314121
2025-07-06 13:00:00,299.47,98350,5.12,251,0.160828380555322
2025-07-06 14:00:00,300.85,98330,4.79,263.8,0.176312265964963
2025-07-06 15:00:00,302.24,98330,4.83,279.1,0.193864768284667
2025-07-06 16:00:00,302.89,98350,5.08,296.7,0.197581651597992
2025-07-06 17:00:00,302.53,98380,5.49,316,0.184999612113442
2025-07-06 18:00:00,302.08,98420,5.51,333.7,0.175422091553223
2025-07-06 19:00:00,302.08,98450,4.97,353.9,0.174505867372872
2025-07-06 20:00:00,302.08,98470,4.49,13.8,0.173290260545647
2025-07-06 21:00:00,301.41,98480,4.61,24.9,0.164762462395846
2025-07-06 22:00:00,300.01,98500,5.01,31.1,0.147956883041887
2025-07-06 23:00:00,298,98550,5.28,36.5,0.126081082695793
2025-07-07,296.02,98620,5.18,38.3,0.105815813928927
2025-07-07 01:00:00,294.3,98670,4.72,36.2,0.0899587118061568
2025-07-07 02:00:00,293.22,98720,4.64,30.7,0.0801762723145449
2025-07-07 03:00:00,292.55,98750,4.38,24.6,0.0728165516121963
2025-07-07 04:00:00,291.81,98750,4.23,19.6,0.0647971215702106
2025-07-07 05:00:00,291.09,98730,4.08,13,0.057981327060457
2025-07-07 06:00:00,290.48,98720,3.97,3.2,0.0534957295457253
2025-07-07 07:00:00,290.08,98720,4.01,355.4,0.0506819210855987
2025-07-07 08:00:00,289.86,98750,4.08,351,0.0489645336707926
2025-07-07 09:00:00,289.66,98800,3.94,347.8,0.0475538663765225
2025-07-07 10:00:00,289.41,98870,3.81,346.3,0.0458633330563784
2025-07-07 11:00:00,290.02,98930,4.11,349.5,0.0483031189107934
2025-07-07 12:00:00,291.79,98970,4.21,1.9,0.0568766533205007
2025-07-07 13:00:00,293.94,98990,3.99,7.9,0.0673463578996306
2025-07-07 14:00:00,296.31,99000,3.8,14.2,0.0794124213858459
2025-07-07 15:00:00,299.01,98980,4.29,22.6,0.0944452468537635
2025-07-07 16:00:00,300.97,98960,4.59,23.4,0.112055960479715
2025-07-07 17:00:00,301.99,98940,4.18,22.5,0.124184045858907
2025-07-07 18:00:00,302.67,98920,3.68,21,0.13246282539354
2025-07-07 19:00:00,303.1,98900,3.19,21.7,0.137943605020061
2025-07-07 20:00:00,303.25,98900,2.72,21.6,0.141375720740785
2025-07-07 21:00:00,302.9,98890,2.47,22.1,0.138553775118631
2025-07-07 22:00:00,302.11,98890,2.26,28.5,0.130865509384476
2025-07-07 23:00:00,300.93,98920,2.12,40.2,0.121703820511346
2025-07-08,299.01,98980,2.23,61,0.110187813443444
2025-07-08 01:00:00,296.48,99040,2.97,82.7,0.091509733066702
2025-07-08 02:00:00,294.93,99100,3.67,98.6,0.0794958272663932
2025-07-08 03:00:00,294,99120,3.31,109.7,0.0742677039335339
2025-07-08 04:00:00,293.53,99130,2.68,118.6,0.0726543444466545
2025-07-08 05:00:00,293.21,99110,2.21,128,0.0717231351625998
2025-07-08 06:00:00,292.87,99090,1.91,139.2,0.0702834451801398
2025-07-08 07:00:00,292.61,99080,1.93,153.8,0.0687849942614156
2025-07-08 08:00:00,292.56,99080,2.05,167.3,0.0684207398583474
2025-07-08 09:00:00,292.75,99090,2.61,178.5,0.0689055732019134
2025-07-08 10:00:00,292.83,99090,2.94,186.3,0.0681350922178771
2025-07-08 11:00:00,293.55,99100,3.74,190.3,0.0698093519996586
2025-07-08 12:00:00,294.81,99090,3.78,193.2,0.0746027893100201
2025-07-08 13:00:00,296.83,99090,4.02,201,0.0810101946698745
2025-07-08 14:00:00,298.12,99080,4.65,209.9,0.0903888619107601
2025-07-08 15:00:00,298.04,99070,4.63,213.4,0.0976395337785489
2025-07-08 16:00:00,297.48,99070,4.32,212.5,0.0986693080349829
2025-07-08 17:00:00,297.63,99070,4,206.4,0.102772160026272
2025-07-08 18:00:00,299.16,99020,3.64,204.7,0.118085670344056
2025-07-08 19:00:00,300.54,98960,3.27,211.5,0.135137211429728
2025-07-08 20:00:00,300.63,98950,3.15,228.7,0.14110621761143
2025-07-08 21:00:00,300.19,98930,3.02,239.5,0.144532695495907
2025-07-08 22:00:00,299.45,98910,2.67,243.2,0.144429434079602
2025-07-08 23:00:00,298.47,98890,2.3,244.2,0.140111070240116
2025-07-09,297.07,98900,1.73,241.7,0.129246382346585
2025-07-09 01:00:00,295.68,98920,1.94,240.7,0.111749701061055
2025-07-09 02:00:00,295.24,98940,1.94,239.7,0.106982102753321
2025-07-09 03:00:00,294.95,98940,2.09,241.5,0.103781077596673
2025-07-09 04:00:00,294.51,98940,2.08,243.8,0.0989857421185102
2025-07-09 05:00:00,294.03,98910,1.99,245.6,0.0941254932682743
2025-07-09 06:00:00,293.68,98870,1.94,247.3,0.0903256676141152
2025-07-09 07:00:00,293.53,98860,1.89,248.9,0.088539869371816
2025-07-09 08:00:00,293.43,98860,1.87,251,0.0871822134611266
2025-07-09 09:00:00,293.25,98880,1.85,257.2,0.084907322038535
2025-07-09 10:00:00,293.29,98900,1.56,272.9,0.0846906219775914
2025-07-09 11:00:00,294.88,98930,1.3,308.1,0.101892139951637
2025-07-09 12:00:00,296.26,98930,1.53,2.2,0.117754609997158
2025-07-09 13:00:00,297.88,98940,2.18,28.2,0.133788242060327
2025-07-09 14:00:00,299.93,98930,2.33,34.2,0.14750815434491
2025-07-09 15:00:00,301.54,98920,2.41,28.8,0.158524406956252
2025-07-09 16:00:00,302.55,98900,2.67,20.4,0.16651842424514
2025-07-09 17:00:00,303.34,98870,2.98,17,0.171120898001813
2025-07-09 18:00:00,303.64,98810,3.1,19.2,0.168293955649159
2025-07-09 19:00:00,303.87,98780,3.14,24.9,0.167607243654435
2025-07-09 20:00:00,303.72,98760,3.2,32.7,0.163820098058854
2025-07-09 21:00:00,303.18,98730,3.33,41.6,0.15605802525995
2025-07-09 22:00:00,302.19,98720,3.5,49.3,0.145057679928839
2025-07-09 23:00:00,300.58,98760,3.59,53.8,0.129891325025846
2025-07-10,298.2,98820,4.05,63.4,0.1105067404531
2025-07-10 01:00:00,295.29,98850,4.53,71.4,0.087960777076314
2025-07-10 02:00:00,293.34,98870,4.66,74.3,0.0746502003071829
2025-07-10 03:00:00,292.63,98870,4.19,72.8,0.0696110464376703
2025-07-10 04:00:00,292.59,98850,3.37,68.6,0.0692252631993794
2025-07-10 05:00:00,292.59,98840,2.62,64.4,0.0697140018042012
2025-07-10 06:00:00,292.56,98820,1.78,58.1,0.0701308106902828
2025-07-10 07:00:00,292.43,98820,1.35,46.5,0.0697903108904253
2025-07-10 08:00:00,292.26,98820,1.45,33.5,0.0684890663825915
2025-07-10 09:00:00,292.12,98840,1.52,28.2,0.0671915296742411
2025-07-10 10:00:00,291.97,98860,1.54,33.9,0.0657806723557773
2025-07-10 11:00:00,293.16,98880,2.21,46.8,0.0725559351763424
2025-07-10 12:00:00,295.12,98860,2.26,65.9,0.0820354647646749
2025-07-10 13:00:00,297.82,98840,2.07,87,0.0970719701501835
2025-07-10 14:00:00,300.31,98830,1.12,127.4,0.119288686290416
2025-07-10 15:00:00,301.97,98830,0.97,177,0.136955882668517
2025-07-10 16:00:00,303.24,98780,0.92,161,0.153052756971427
2025-07-10 17:00:00,304.27,98690,1.36,136.2,0.167729227781847
2025-07-10 18:00:00,304.89,98590,1.92,142.2,0.177608751053339
2025-07-10 19:00:00,304.51,98510,2.19,160,0.174844300075289
2025-07-10 20:00:00,303.64,98490,2.25,172.6,0.16841384768055
2025-07-10 21:00:00,302.84,98490,1.95,174.7,0.16686170708577
2025-07-10 22:00:00,302,98500,1.43,159.2,0.167371819983565
2025-07-10 23:00:00,301.03,98520,1.39,130.9,0.166267475399719
2025-07-11,299.3,98540,1.88,116.2,0.153125127524865
2025-07-11 01:00:00,296.9,98550,2.82,103.5,0.124215118373473
2025-07-11 02:00:00,295.06,98570,4.2,105.3,0.101211148859524
2025-07-11 03:00:00,294.21,98550,4.61,111.1,0.0917262881963914
2025-07-11 04:00:00,293.89,98500,4.91,116,0.0885153961057895
2025-07-11 05:00:00,293.89,98410,4.68,125.8,0.0895345710448241
2025-07-11 06:00:00,294.1,98360,4.33,144.1,0.0930921592425072
2025-07-11 07:00:00,294.43,98340,4.19,166.6,0.0978651096209169
2025-07-11 08:00:00,294.77,98320,4.83,201.3,0.101755427271734
2025-07-11 09:00:00,294.48,98330,5.02,219.3,0.0979639111867445
2025-07-11 10:00:00,294.09,98380,5.24,230.3,0.0927120158467872
2025-07-11 11:00:00,294.25,98420,4.8,234.4,0.0940995378341375
2025-07-11 12:00:00,295.24,98430,4.19,233.5,0.105701752060423
2025-07-11 13:00:00,296.81,98460,3.58,233.9,0.125512431785805
2025-07-11 14:00:00,298.34,98460,3.27,235.1,0.14628769644042
2025-07-11 15:00:00,299.25,98490,3.33,235.9,0.158106596894842
2025-07-11 16:00:00,299.62,98510,2.84,234.5,0.163412785517352
2025-07-11 17:00:00,300.6,98490,2.41,212.1,0.179137084286544
2025-07-11 18:00:00,301.5,98460,2.92,192.3,0.196036429349663
2025-07-11 19:00:00,301.83,98430,3.33,181.9,0.206560676497596
2025-07-11 20:00:00,301.81,98410,3.48,177.2,0.211827085259728
2025-07-11 21:00:00,301.75,98340,3.66,167.7,0.214342255881801
2025-07-11 22:00:00,301.44,98290,3.42,164.9,0.212030891385884
2025-07-11 23:00:00,300.81,98320,2.78,173.4,0.202476310950218
2025-07-12,299.63,98340,3.13,184.6,0.173310226022767
2025-07-12 01:00:00,298.75,98330,3.87,186.8,0.152019909023501
2025-07-12 02:00:00,298.48,98320,5.04,183.3,0.145494862343593
2025-07-12 03:00:00,297.9,98260,6,177.7,0.139107552415056
2025-07-12 04:00:00,297.02,98230,6.23,173.7,0.131529072268905
2025-07-12 05:00:00,296.36,98230,5.64,179.3,0.126738672232488
2025-07-12 06:00:00,296.15,98200,4.65,185.6,0.125843315681708
2025-07-12 07:00:00,296.1,98160,3.91,193.5,0.126010641749476
2025-07-12 08:00:00,296.05,98150,3.22,205.8,0.125528341733048
2025-07-12 09:00:00,296.18,98160,3.93,227.3,0.12657567771328
2025-07-12 10:00:00,296.05,98200,4.29,244.9,0.123498263502591
2025-07-12 11:00:00,295.7,98280,4.52,265,0.11622394296307
2025-07-12 12:00:00,295.27,98380,4.76,281,0.106791824999606
2025-07-12 13:00:00,295.54,98460,4.54,288.9,0.104668053897319
2025-07-12 14:00:00,296.81,98520,4.05,293.6,0.110624207344879
2025-07-12 15:00:00,298.49,98540,3.52,295.9,0.121414391103618
2025-07-12 16:00:00,299.51,98520,2.78,285,0.130774739231323
2025-07-12 17:00:00,299.78,98510,2.55,258,0.133517066062641
2025-07-12 18:00:00,300.18,98490,3.16,236,0.140717079939334
2025-07-12 19:00:00,301.32,98470,3.96,228.6,0.160062399199366
2025-07-12 20:00:00,301.83,98440,4.68,228.8,0.171809190559216
2025-07-12 21:00:00,301.8,98430,4.93,233.5,0.175390473756103
2025-07-12 22:00:00,301.5,98440,4.8,242.8,0.175399204683105
2025-07-12 23:00:00,300.7,98460,4.4,254,0.17020504111547
2025-07-13,299.42,98510,3.68,266.4,0.158983947578811
2025-07-13 01:00:00,297.8,98560,3.22,280,0.139046624033971
2025-07-13 02:00:00,296.79,98630,3.33,290.2,0.124490184135651
2025-07-13 03:00:00,295.78,98670,3.26,296.8,0.109708041440356
2025-07-13 04:00:00,294.92,98700,3.09,299.6,0.0984290155320941
2025-07-13 05:00:00,294.12,98700,2.81,301,0.0901451054015016
2025-07-13 06:00:00,293.58,98720,2.9,300,0.0851924598619173
2025-07-13 07:00:00,293.02,98760,2.96,302.3,0.0803992700351254
2025-07-13 08:00:00,292.53,98780,2.86,309.6,0.0755487571744094
2025-07-13 09:00:00,292.03,98790,2.56,318.5,0.0707036042432401
2025-07-13 10:00:00,291.54,98830,2.28,322.8,0.0663951467621791
2025-07-13 11:00:00,292.68,98880,2.98,323.3,0.0726196584000543
2025-07-13 12:00:00,293.79,98910,2.02,313.2,0.0810449895600941
2025-07-13 13:00:00,296.29,98910,1.43,304.5,0.0960868334019147
2025-07-13 14:00:00,297.76,98910,1.48,280.1,0.103524916058864
2025-07-13 15:00:00,298,98900,1.96,264.1,0.104289139610758
2025-07-13 16:00:00,298.35,98900,2.52,259.9,0.106545370636248
2025-07-13 17:00:00,298.87,98900,2.94,259.2,0.110835902106677
2025-07-13 18:00:00,299.17,98890,3.32,262.4,0.112646569731387
2025-07-13 19:00:00,299.32,98870,3.46,268.2,0.113254185944894
2025-07-13 20:00:00,299.34,98870,3.31,273.3,0.112854386254444
2025-07-13 21:00:00,299.28,98860,3.04,278.3,0.111495717356039
2025-07-13 22:00:00,299.06,98840,2.64,281.6,0.108472887072913
2025-07-13 23:00:00,298.63,98830,2.05,283.2,0.104551695423261
2025-07-14,297.1,98830,1.31,289.1,0.104738840477065
2025-07-14 01:00:00,296.03,98840,1.25,298.6,0.0859632563662196
2025-07-14 02:00:00,295.27,98880,1.19,309.2,0.0774919703677292
2025-07-14 03:00:00,294.57,98900,1.21,319.3,0.0708866943751515
2025-07-14 04:00:00,293.97,98910,1.15,318.2,0.0655118510276366
2025-07-14 05:00:00,293.91,98940,0.76,290.1,0.0629071089832178
2025-07-14 06:00:00,293.32,98950,0.79,225,0.0585333465151222
2025-07-14 07:00:00,292.32,98940,1.08,216.3,0.0530234784232494
2025-07-14 08:00:00,291.96,98930,1.19,233.9,0.050243160380196
2025-07-14 09:00:00,291.43,98950,1.25,256.1,0.0473310292960401
2025-07-14 10:00:00,291.08,98980,1.24,276.5,0.0458313491205778
2025-07-14 11:00:00,291.95,99030,1.08,296.3,0.0562364339470676
2025-07-14 12:00:00,293.95,99060,0.89,308.2,0.0636872824944608
2025-07-14 13:00:00,296.51,99070,0.22,338.2,0.0783605697876122
2025-07-14 14:00:00,299.12,99070,0.39,106.6,0.0938781697491784
2025-07-14 15:00:00,300.6,99060,0.84,143.7,0.105938883543643
2025-07-14 16:00:00,301.7,99060,1.21,159.2,0.115864477004829
2025-07-14 17:00:00,302.63,99030,1.47,169.8,0.123620723661603
2025-07-14 18:00:00,303.38,99000,1.66,178.6,0.128821497623286
2025-07-14 19:00:00,303.88,98970,1.68,187.2,0.13148240675838
2025-07-14 20:00:00,304.08,98940,1.48,197.7,0.131498582210295
2025-07-14 21:00:00,303.97,98900,1.17,212.5,0.129727944796494
2025-07-14 22:00:00,303.73,98880,0.85,225,0.122347136929231
2025-07-14 23:00:00,303.13,98870,0.59,225.7,0.110187096238352
2025-07-15,301.59,98890,0.21,190.8,0.114143706393189
2025-07-15 01:00:00,300.11,98920,0.57,83,0.0913294072355893
2025-07-15 02:00:00,298.03,98970,1.23,90.5,0.081809656291014
2025-07-15 03:00:00,296.23,99000,1.73,102.3,0.0731719756982551
2025-07-15 04:00:00,294.89,99040,2.01,111.6,0.0652375977688035
2025-07-15 05:00:00,293.95,99070,2.09,119.3,0.0593373547132779
2025-07-15 06:00:00,293.36,99070,2.07,127.9,0.0549924422392164
2025-07-15 07:00:00,292.91,99060,2.02,137,0.0511972667577661
2025-07-15 08:00:00,292.5,99050,2.01,145.4,0.0476795684346536
2025-07-15 09:00:00,292,99050,2.07,149.5,0.0445318325640915
2025-07-15 10:00:00,291.65,99070,2.1,150,0.0429865571474173
2025-07-15 11:00:00,292.82,99080,1.87,147.2,0.0571367345170193
2025-07-15 12:00:00,295.82,99080,2.17,140.4,0.0649942372755083
2025-07-15 13:00:00,298.03,99070,1.94,134,0.0784354256970981
2025-07-15 14:00:00,301.24,99040,2.3,161.5,0.106980529375802
2025-07-15 15:00:00,302.74,99000,2.45,173.4,0.125971177508119
2025-07-15 16:00:00,303.84,98970,2.54,177.1,0.140293247121718
2025-07-15 17:00:00,304.76,98900,2.72,177.1,0.15581731729606
2025-07-15 18:00:00,305.42,98820,2.93,173.9,0.171453190934268
2025-07-15 19:00:00,305.79,98740,3.26,170.8,0.183932707136489
2025-07-15 20:00:00,306.01,98680,3.57,169.8,0.191795059354267
2025-07-15 21:00:00,305.52,98640,3.55,170.8,0.187873723579163
2025-07-15 22:00:00,305.03,98610,3.39,172.7,0.184792816803853
2025-07-15 23:00:00,303.88,98590,3.02,171.8,0.177152623690253
2025-07-16,301.56,98600,1.97,162.9,0.178514245222258
2025-07-16 01:00:00,299.22,98610,2.22,153,0.150232723052883
2025-07-16 02:00:00,298.31,98620,2.42,156.1,0.139790130412262
2025-07-16 03:00:00,297.75,98620,2.45,162.2,0.136412600560687
2025-07-16 04:00:00,297.39,98600,2.43,169.3,0.136277411431604
2025-07-16 05:00:00,297.03,98560,2.39,180,0.13557000155955
2025-07-16 06:00:00,296.61,98550,2.3,196.4,0.133121936778643
2025-07-16 07:00:00,296.21,98540,2.28,213.9,0.129018908901211
2025-07-16 08:00:00,295.87,98520,2.29,230.5,0.124423521813836
2025-07-16 09:00:00,295.53,98510,2.29,237.3,0.119605896126064
2025-07-16 10:00:00,295.35,98490,2.21,235.5,0.116584423169919
2025-07-16 11:00:00,296.99,98450,2.74,224.9,0.138197074111713
2025-07-16 12:00:00,298.29,98420,2.78,212.4,0.15896500730077
2025-07-16 13:00:00,300.32,98420,2.93,216.2,0.187093751328055
2025-07-16 14:00:00,301.98,98390,3.45,215.2,0.206229124967508
2025-07-16 15:00:00,303.27,98350,4.11,212.9,0.219989138729771
2025-07-16 16:00:00,304.25,98310,4.53,210.8,0.230088048104322
2025-07-16 17:00:00,305.16,98250,4.76,208.5,0.240473091257511
2025-07-16 18:00:00,305.82,98190,5.09,208.4,0.24863370623387
2025-07-16 19:00:00,305.8,98150,5.66,214.3,0.247161828797163
2025-07-16 20:00:00,303.23,98140,5.58,226.1,0.21335988212844
2025-07-16 21:00:00,302.17,98130,4.68,230.1,0.214728442070715
2025-07-16 22:00:00,302.06,98080,4.84,229.3,0.221157205614077
2025-07-16 23:00:00,300.99,98070,5.99,239.9,0.204669339719187
2025-07-17,299.11,98110,6.79,247.2,0.168545138697638
2025-07-17 01:00:00,297.65,98110,6.35,243.4,0.148039670948841
2025-07-17 02:00:00,297.13,98140,6.91,241.4,0.141092418012037
2025-07-17 03:00:00,297.08,98170,7.07,250.2,0.139399418036712
2025-07-17 04:00:00,296.54,98240,7.49,270.2,0.125742555836121
2025-07-17 05:00:00,294.63,98330,7.07,284.6,0.095476534315025
2025-07-17 06:00:00,292.74,98420,6.27,300.9,0.0725350468176224
2025-07-17 07:00:00,291.64,98500,5.52,320.8,0.0617995319953911
2025-07-17 08:00:00,291.15,98580,5.25,338.1,0.0565644243625338
2025-07-17 09:00:00,290.84,98680,4.85,346.7,0.0523760412439928
2025-07-17 10:00:00,290.47,98770,4.35,349.3,0.0482770405311874
2025-07-17 11:00:00,290.75,98820,4.36,350.5,0.04746643206152
2025-07-17 12:00:00,291.85,98830,4.37,355.4,0.0504004189145196
2025-07-17 13:00:00,293.69,98750,4.23,6.9,0.0589114685773066
2025-07-17 14:00:00,295.76,98840,3.58,350.7,0.0719657400387632
2025-07-17 15:00:00,296.77,98880,3.36,340.9,0.0803858849844812
2025-07-17 16:00:00,297.19,98900,3.28,341.1,0.0846720647155988
2025-07-17 17:00:00,297.81,98920,3.02,343.8,0.0903953166485025
2025-07-17 18:00:00,298.14,98960,2.91,348.3,0.0932376908939806
2025-07-17 19:00:00,297.78,98970,3.1,3.7,0.0898506302186271
2025-07-17 20:00:00,297.19,98990,3.52,25,0.0848131856503845
2025-07-17 21:00:00,296.17,99010,4.14,36,0.0771824042703196
2025-07-17 22:00:00,295.18,99040,4.66,44.9,0.070441411954555
2025-07-17 23:00:00,293.85,99070,4.84,51.1,0.0621607144775761
2025-07-18,292.37,99130,4.69,52.9,0.054146214076223
2025-07-18 01:00:00,290.97,99200,4.29,54.9,0.0477419182242333
2025-07-18 02:00:00,290.16,99260,4.14,55,0.0444932905709652
2025-07-18 03:00:00,289.64,99260,3.91,53.1,0.0425655455181331
2025-07-18 04:00:00,289.24,99250,3.47,49.6,0.0410731710448861
2025-07-18 05:00:00,288.79,99220,2.62,45,0.0394976330242509
2025-07-18 06:00:00,288.69,99220,2.05,42.8,0.039271320122971
2025-07-18 07:00:00,288.51,99210,1.88,40.9,0.0385386465306726
2025-07-18 08:00:00,288.51,99220,1.84,37.1,0.038260229760987
2025-07-18 09:00:00,288.54,99230,1.83,37.4,0.0381782009900302
2025-07-18 10:00:00,288.38,99250,1.86,38.5,0.0374675907965851
2025-07-18 11:00:00,290.43,99260,1.88,43.7,0.046749942685686
2025-07-18 12:00:00,292.68,99260,2.09,56.7,0.0552707482828755
2025-07-18 13:00:00,294.46,99260,1.98,62.9,0.0627800590151174
2025-07-18 14:00:00,296.07,99250,2.03,70.4,0.0705464605643939
2025-07-18 15:00:00,297.5,99240,2.23,81.5,0.0779412072693586
2025-07-18 16:00:00,298.52,99210,2.15,90.8,0.0842695506019885
2025-07-18 17:00:00,299.31,99160,1.86,101.2,0.0907702370361104
2025-07-18 18:00:00,300.34,99080,1.69,115.2,0.100734121312918
2025-07-18 19:00:00,301.41,99000,1.73,130.8,0.112918872990167
2025-07-18 20:00:00,301.99,98940,1.81,143.1,0.120719177802364
2025-07-18 21:00:00,302.06,98900,1.66,145.8,0.12258158782982
2025-07-18 22:00:00,301.66,98890,1.34,141.3,0.118507566743831
2025-07-18 23:00:00,300.97,98940,1.09,165.7,0.112222966449358
2025-07-19,299.22,98990,1.02,166.9,0.109997087557792
2025-07-19 01:00:00,296.86,98990,1.36,129.6,0.0955839477121343
2025-07-19 02:00:00,295.22,99010,1.9,128,0.0821462759537118
2025-07-19 03:00:00,294.59,98990,2.07,140.5,0.0750853203542278
2025-07-19 04:00:00,294.21,98960,2.24,152.1,0.0710299835929248
2025-07-19 05:00:00,293.98,98930,2.33,158.6,0.0696228274248678
2025-07-19 06:00:00,293.6,98910,2.37,164.9,0.0674178889593573
2025-07-19 07:00:00,293.66,98900,2.28,172.4,0.0684896419259105
2025-07-19 08:00:00,293.79,98890,2.19,181,0.0705507325570033
2025-07-19 09:00:00,293.58,98880,2.24,187.7,0.070356494078178
2025-07-19 10:00:00,293.35,98870,2.36,190.3,0.0708054423787805
2025-07-19 11:00:00,294.86,98830,3.24,185,0.0842281077031488
2025-07-19 12:00:00,296.45,98750,4.62,181.2,0.101764322283064
2025-07-19 13:00:00,298.72,98670,5.77,190.1,0.136377107529038
2025-07-19 14:00:00,300.15,98620,6.01,197.3,0.160010666289585
2025-07-19 15:00:00,301.14,98590,5.84,201.3,0.178330632953108
2025-07-19 16:00:00,301.55,98550,5.66,206,0.186942967640824
2025-07-19 17:00:00,301.8,98530,5.94,215.4,0.191925635318885
2025-07-19 18:00:00,301.98,98490,5.94,226.8,0.194733869953564
2025-07-19 19:00:00,301.66,98440,5.37,236.2,0.189973575017162
2025-07-19 20:00:00,301.23,98410,4.98,247.3,0.185995558574787
2025-07-19 21:00:00,301.15,98410,5.12,261.1,0.185549925527757
2025-07-19 22:00:00,301.13,98400,4.95,269.2,0.185176097279075
2025-07-19 23:00:00,300.62,98400,4.14,274.3,0.179572622627731
2025-07-20,299.13,98420,2.65,276.7,0.163269496589789
2025-07-20 01:00:00,297.56,98440,2.44,276.8,0.142494026012096
2025-07-20 02:00:00,297.06,98480,2.4,275.5,0.137490363425554
2025-07-20 03:00:00,296.8,98510,2.44,275.2,0.135418559811586
2025-07-20 04:00:00,296.48,98550,2.45,280.1,0.132331043047328
2025-07-20 05:00:00,296.11,98560,2.32,291.3,0.128059406905392
2025-07-20 06:00:00,295.74,98560,2.19,310.2,0.122731264457354
2025-07-20 07:00:00,295.35,98560,2.11,337.1,0.116077388215161
2025-07-20 08:00:00,295.06,98620,2.53,359.1,0.109097276889487
2025-07-20 09:00:00,294.42,98680,3.45,17.2,0.0976910397269824
2025-07-20 10:00:00,293.63,98710,3.85,31,0.086934817979186
2025-07-20 11:00:00,293.41,98740,4.33,35.9,0.0832917997157052
2025-07-20 12:00:00,293.74,98740,4.74,43.3,0.0854756930052682
2025-07-20 13:00:00,294.54,98730,5.24,51,0.0923275181895587
2025-07-20 14:00:00,295.19,98690,5.87,57.5,0.0965408891022341
2025-07-20 15:00:00,295.92,98710,5.99,60.9,0.0991222960039984
2025-07-20 16:00:00,296.66,98750,5.49,64.6,0.102809662546413
2025-07-20 17:00:00,296.7,98750,5.2,64.9,0.101849722266413
2025-07-20 18:00:00,296.25,98730,5.12,60.4,0.0973545184956491
2025-07-20 19:00:00,295.89,98740,5.17,52.1,0.0933268930121321
2025-07-20 20:00:00,295.68,98780,5.43,44.7,0.0892508876225604
2025-07-20 21:00:00,295.13,98810,5.63,41.8,0.0815716712851371
2025-07-20 22:00:00,294.3,98800,5.38,42.7,0.0727638788828839
2025-07-20 23:00:00,293.74,98800,4.66,43.3,0.0678205627152121
2025-07-21,293.36,98810,3.42,43.6,0.0664084629996887
2025-07-21 01:00:00,292.83,98830,2.53,43.4,0.0649711171036857
2025-07-21 02:00:00,292.55,98880,2.36,42.9,0.0640934124254333
2025-07-21 03:00:00,291.96,98900,2.37,41.4,0.0613960275157095
2025-07-21 04:00:00,291.15,98930,2.54,40.8,0.0575610851149546
2025-07-21 05:00:00,290.65,98940,2.81,40.8,0.055984235544795
2025-07-21 06:00:00,290.4,98940,3.1,45.4,0.0560038928170233
2025-07-21 07:00:00,290.43,98950,3.38,52.5,0.0572480903971985
2025-07-21 08:00:00,290.57,98960,3.66,59.8,0.0582723620899153
2025-07-21 09:00:00,290.48,98980,3.72,64.7,0.057430516458796
2025-07-21 10:00:00,290.28,99020,3.58,67,0.0563268416993071
2025-07-21 11:00:00,292.28,99050,4.26,68.8,0.0679687659201442
2025-07-21 12:00:00,294.37,99090,4.87,72.3,0.0798807465457871
2025-07-21 13:00:00,296.24,99110,5.05,82.4,0.0851851310397061
2025-07-21 14:00:00,297.86,99100,4.52,86.6,0.0885672618053298
2025-07-21 15:00:00,299.03,99080,3.96,84.5,0.0896072726411052
2025-07-21 16:00:00,299.83,99070,3.64,79.4,0.0929543296825941
2025-07-21 17:00:00,300.63,99030,3.51,78.2,0.0998661604534831
2025-07-21 18:00:00,301.42,98960,3.44,81.1,0.109095200833007
2025-07-21 19:00:00,301.86,98900,3.37,82.5,0.114011828242482
2025-07-21 20:00:00,301.83,98860,3.34,80.3,0.113506437061941
2025-07-21 21:00:00,301.44,98850,3.45,75,0.109593903372508
2025-07-21 22:00:00,300.47,98840,3.88,77,0.0997537382414362
2025-07-21 23:00:00,298.6,98820,4.36,83,0.0863527773511532
2025-07-22,295.88,98880,3.67,74.3,0.072620947516992
2025-07-22 01:00:00,293.61,98990,3.26,57.3,0.0624598700272125
2025-07-22 02:00:00,292.89,99000,3.59,65.8,0.0590117925157509
2025-07-22 03:00:00,292.48,98960,2.32,76.8,0.0586372889725884
2025-07-22 04:00:00,292.48,99000,1.85,64.7,0.0612640966562121
2025-07-22 05:00:00,292.61,99030,2.14,58.4,0.0623700586555186
2025-07-22 06:00:00,292.65,99050,2.23,61.4,0.0634036546831186
2025-07-22 07:00:00,292.73,99070,2.39,67.8,0.0644562086270261
2025-07-22 08:00:00,292.83,99090,2.68,81.6,0.0653394697687328
2025-07-22 09:00:00,292.88,99100,2.94,99.2,0.0667329786934984
2025-07-22 10:00:00,292.79,99110,3.08,118.1,0.0672593170882418
2025-07-22 11:00:00,293.77,99110,3.96,133.8,0.0735685634386654
2025-07-22 12:00:00,295.17,99100,4.17,144,0.0839479664298304
2025-07-22 13:00:00,297.98,99090,4.56,149.4,0.108276059286404
2025-07-22 14:00:00,300.13,99070,4.77,151.6,0.124343525270732
2025-07-22 15:00:00,301.63,99070,4.41,147.6,0.127379003820061
2025-07-22 16:00:00,302.78,99070,4.18,141,0.130977798864785
2025-07-22 17:00:00,303.73,99040,4.22,136.2,0.13648719813326
2025-07-22 18:00:00,304.34,99020,4.29,134,0.139062753811355
2025-07-22 19:00:00,304.62,98980,4.29,134.9,0.139728842100827
2025-07-22 20:00:00,304.65,98960,4.21,137.9,0.136652927886297
2025-07-22 21:00:00,304.3,98920,4.11,142.4,0.131004163287504
2025-07-22 22:00:00,303.57,98900,3.91,147.3,0.12263199444712
2025-07-22 23:00:00,302.37,98900,3.62,150.5,0.110487274555715
2025-07-23,299.27,98910,2.52,144.4,0.107732625770441
2025-07-23 01:00:00,296.65,98930,2.95,140.2,0.0841702270969864
2025-07-23 02:00:00,295.87,98970,3.17,141.1,0.0750226316041008
2025-07-23 03:00:00,295.27,98990,3.3,147,0.070479333968476
2025-07-23 04:00:00,294.77,99020,3.36,154.7,0.0691722652064901
2025-07-23 05:00:00,294.3,99040,3.4,160.1,0.0691009550647673
2025-07-23 06:00:00,293.92,99060,3.48,162.2,0.0698641517229923
2025-07-23 07:00:00,293.99,99060,3.86,162,0.0732706787911958
2025-07-23 08:00:00,293.68,99060,3.87,161,0.0740065683647047
2025-07-23 09:00:00,293.37,99060,3.66,159.2,0.0744525175489062
2025-07-23 10:00:00,293.45,99030,4.05,158.6,0.0777865217378993
2025-07-23 11:00:00,294.24,99010,4.76,160.2,0.0866495442378341
2025-07-23 12:00:00,295.85,99010,4.21,158.4,0.104837259463217
2025-07-23 13:00:00,298.98,99000,4.84,167.5,0.14980881928168
2025-07-23 14:00:00,301.44,98970,5.86,183.3,0.201551300042741
2025-07-23 15:00:00,302.6,98940,5.66,187.4,0.22542421458163
2025-07-23 16:00:00,303.37,98930,5.52,189.9,0.240173198470682
2025-07-23 17:00:00,304.12,98890,5.51,193.5,0.255336884183358
2025-07-23 18:00:00,304.5,98860,5.3,196.8,0.263913966712964
2025-07-23 19:00:00,304.66,98830,5.18,197.2,0.269842426794371
2025-07-23 20:00:00,304.54,98810,5.01,195.9,0.270263866978579
2025-07-23 21:00:00,304.45,98770,5.03,194.1,0.270200641522858
2025-07-23 22:00:00,304.78,98740,5.62,193.7,0.276903720969976
2025-07-23 23:00:00,304.47,98720,5.67,193.8,0.270249551382417
2025-07-24,303.11,98710,5.02,191.1,0.244442893083601
2025-07-24 01:00:00,301.66,98710,5.09,189.3,0.218023061016011
2025-07-24 02:00:00,300.94,98720,5.37,190.2,0.206227806490643
2025-07-24 03:00:00,300.22,98720,5.44,195.1,0.195844172887825
2025-07-24 04:00:00,299.55,98720,5.33,201.9,0.187529204771356
2025-07-24 05:00:00,298.91,98720,5.07,206.2,0.179930290958499
2025-07-24 06:00:00,298.4,98710,4.77,208,0.173009120530074
2025-07-24 07:00:00,298.16,98690,4.62,208.6,0.16865001323187
2025-07-24 08:00:00,297.96,98710,4.44,209.7,0.164444492739911
2025-07-24 09:00:00,297.79,98740,4.31,209.5,0.160791907039776
2025-07-24 10:00:00,297.72,98760,4.43,208.4,0.158174368373242
2025-07-24 11:00:00,298.41,98770,5.03,207.5,0.166245248349088
2025-07-24 12:00:00,299.39,98760,4.98,206.9,0.180363189781161
2025-07-24 13:00:00,300.58,98760,4.92,220,0.196438675995641
2025-07-24 14:00:00,301.98,98770,4.97,231.5,0.211468744563698
2025-07-24 15:00:00,303.12,98770,5.08,232.3,0.217949052645582
2025-07-24 16:00:00,303.81,98760,5.3,230.1,0.222005826874557
2025-07-24 17:00:00,304.34,98740,5.49,230.5,0.228935870274798
2025-07-24 18:00:00,304.84,98710,5.64,235.7,0.23915626625716
2025-07-24 19:00:00,304.71,98700,5.41,244.4,0.239084173490057
2025-07-24 20:00:00,303.74,98710,4.76,254.9,0.225172284425896
2025-07-24 21:00:00,302.65,98720,4.31,261.6,0.211327242938538
2025-07-24 22:00:00,301.73,98750,4.05,264.1,0.200565743980068
2025-07-24 23:00:00,300.64,98760,3.55,265,0.188526145214303
2025-07-25,299.3,98780,2.54,262.1,0.174632192990954
2025-07-25 01:00:00,298.21,98780,2.07,253.8,0.160468762730329
2025-07-25 02:00:00,297.71,98780,2.09,241.7,0.152980521608483
2025-07-25 03:00:00,297.33,98780,2.06,243.4,0.146834169119352
2025-07-25 04:00:00,297.05,98790,1.91,257.6,0.142010929990575
2025-07-25 05:00:00,296.8,98800,1.89,277.3,0.137826400892795
2025-07-25 06:00:00,296.6,98790,1.81,299.8,0.134717340286354
2025-07-25 07:00:00,296.37,98800,1.74,333.4,0.131020363942496
2025-07-25 08:00:00,296.2,98830,1.78,5.2,0.128073705208261
2025-07-25 09:00:00,296.12,98900,1.56,23.4,0.125647424735842
2025-07-25 10:00:00,295.96,98920,1.74,40.8,0.122626284990127
2025-07-25 11:00:00,296.49,98920,2.16,47.8,0.129328422029418
2025-07-25 12:00:00,297.12,98930,3.29,58.3,0.136016891672765
2025-07-25 13:00:00,298.02,98940,2.92,69.6,0.143319909071584
2025-07-25 14:00:00,299.49,98970,1.88,80.2,0.156980561190314
2025-07-25 15:00:00,300.96,98980,1.45,82.9,0.168404174309006
2025-07-25 16:00:00,301.88,98960,1.65,78.5,0.174752752359935
2025-07-25 17:00:00,302.22,98920,2.26,73.3,0.17486318708034
2025-07-25 18:00:00,302.19,98900,3.04,70,0.170033903642899
2025-07-25 19:00:00,301.95,98900,3.74,66.5,0.16190215642785
2025-07-25 20:00:00,301.45,98900,4.21,63.8,0.150301624563113
2025-07-25 21:00:00,300.96,98890,4.21,63.5,0.138820851796944
2025-07-25 22:00:00,300.38,98860,3.84,65,0.127080435838609
2025-07-25 23:00:00,299.28,98850,3.33,66.1,0.112430130208738
2025-07-26,297.54,98880,2.39,67.1,0.0995729493704775
2025-07-26 01:00:00,295.7,98920,1.91,68.1,0.0896602310767171
2025-07-26 02:00:00,295.17,98960,1.8,69.9,0.0854568559951727
2025-07-26 03:00:00,294.78,98950,1.72,72.4,0.0839617501717288
2025-07-26 04:00:00,294.47,98920,1.73,78.7,0.0837610157851092
2025-07-26 05:00:00,294.12,98860,1.83,91.3,0.0832570852481804
2025-07-26 06:00:00,294.09,98810,2.01,107.4,0.0851499888752391
2025-07-26 07:00:00,294.03,98770,2.3,126.5,0.0869160925021765
2025-07-26 08:00:00,294.01,98740,2.66,146.2,0.0893191441392912
2025-07-26 09:00:00,294.22,98720,3.26,162.1,0.0937051360393356
2025-07-26 10:00:00,294.39,98750,3.16,183.1,0.0973285662319144
2025-07-26 11:00:00,295.04,98780,3.2,203.4,0.10663905884575
2025-07-26 12:00:00,296.32,98770,2.56,209.5,0.126571443091879
2025-07-26 13:00:00,297.25,98740,1.66,203,0.14215652256561
2025-07-26 14:00:00,297.79,98710,1.37,208.2,0.152291695382352
2025-07-26 15:00:00,298.26,98710,1.92,236.1,0.162272959775148
2025-07-26 16:00:00,298.83,98740,1.94,253.2,0.172596212651086
2025-07-26 17:00:00,299.69,98740,1.6,279,0.183378413570214
2025-07-26 18:00:00,300.42,98730,1.24,303.2,0.1878189295564
2025-07-26 19:00:00,300.79,98710,0.81,296.2,0.187810062728132
2025-07-26 20:00:00,300.76,98680,0.5,208.6,0.186199070308376
2025-07-26 21:00:00,300.69,98640,1.2,164,0.189814605644478
2025-07-26 22:00:00,300.6,98630,1.83,154.4,0.195466189411691
2025-07-26 23:00:00,300.47,98610,2.11,159.2,0.200901973305756
2025-07-27,299.65,98620,1.73,168.3,0.19314808690634
2025-07-27 01:00:00,298.63,98650,2.06,183.9,0.175062835817276
2025-07-27 02:00:00,298.4,98690,2.14,197.9,0.17119567070524
2025-07-27 03:00:00,298.02,98720,2.11,213.4,0.165095847667925
2025-07-27 04:00:00,297.49,98740,2.11,229.8,0.156803320405919
2025-07-27 05:00:00,297.06,98750,2.12,246.3,0.149275145887477
2025-07-27 06:00:00,296.68,98770,2.14,262.7,0.142288704663441
2025-07-27 07:00:00,296.29,98790,2.15,277.8,0.13501611478526
2025-07-27 08:00:00,295.94,98810,2.12,291,0.128577650141293
2025-07-27 09:00:00,295.64,98840,2.02,302.7,0.123051165606737
2025-07-27 10:00:00,295.52,98880,1.82,316.1,0.120008146595141
2025-07-27 11:00:00,297.07,98920,1.62,336.3,0.140511788109644
2025-07-27 12:00:00,298.86,98950,1.86,355.4,0.164629370115547
2025-07-27 13:00:00,300.51,98970,1.84,19.7,0.184826095086662
2025-07-27 14:00:00,301.92,98970,2.05,61.1,0.202753504380689
2025-07-27 15:00:00,303.1,98970,2.6,84.9,0.218903942484786
2025-07-27 16:00:00,304.01,98960,2.94,99.6,0.234322803700033
2025-07-27 17:00:00,304.66,98940,3.12,112.5,0.246736485188561
2025-07-27 18:00:00,304.97,98910,3.04,125.1,0.253854212316253
2025-07-27 19:00:00,305.19,98880,2.78,136.9,0.258825077678087
2025-07-27 20:00:00,305.16,98850,2.54,148.4,0.259274736791872
2025-07-27 21:00:00,304.77,98840,2.28,156.7,0.255840652155135
2025-07-27 22:00:00,304.14,98850,2.01,161.5,0.249898241273467
2025-07-27 23:00:00,303.13,98860,1.86,163.1,0.237092123924085
2025-07-28,301.6,98880,1.58,156,0.222431809658339
2025-07-28 01:00:00,300.03,98920,1.74,149.6,0.192986216008202
2025-07-28 02:00:00,299.31,98950,1.81,149.9,0.179883565340047
2025-07-28 03:00:00,298.79,98960,1.87,159.3,0.171273133925985
2025-07-28 04:00:00,298.44,98960,1.93,174.9,0.166013237542336
2025-07-28 05:00:00,298.13,98950,1.98,196.4,0.161514516426878
2025-07-28 06:00:00,297.82,98960,2.05,222.8,0.157190575172903
2025-07-28 07:00:00,297.59,98970,2.11,248.6,0.153743482893805
2025-07-28 08:00:00,297.38,98980,2.15,269.7,0.149879231548474
2025-07-28 09:00:00,297.12,98990,2.11,282.3,0.145013025644645
2025-07-28 10:00:00,296.94,98960,1.77,280.1,0.140978409996046
2025-07-28 11:00:00,297.9,98890,1.28,239.4,0.159042386490362
2025-07-28 12:00:00,298.78,98960,1.88,256.8,0.175599595149078
2025-07-28 13:00:00,300,99050,2.62,306.8,0.198229201889496
2025-07-28 14:00:00,301.41,99020,1.95,328.2,0.220007959771059
2025-07-28 15:00:00,302.87,98930,0.23,185,0.235328723210838
2025-07-28 16:00:00,304.53,98930,0.9,215.5,0.255113592341108
2025-07-28 17:00:00,305.68,98950,1.44,287.8,0.270313564100339
2025-07-28 18:00:00,306.12,98950,2.16,319.3,0.26962052128059
2025-07-28 19:00:00,306.31,98960,2.46,340,0.262739117032124
2025-07-28 20:00:00,306.46,98970,2.52,356.6,0.259488744777446
2025-07-28 21:00:00,306.55,98970,2.38,3.9,0.259111765857904
2025-07-28 22:00:00,306.33,98970,2.1,4.9,0.255186749421828
2025-07-28 23:00:00,305.62,98970,1.92,6.6,0.240911584629536
2025-07-29,303.5,98990,1.41,15.6,0.241916143953922
2025-07-29 01:00:00,301.85,99050,1.61,37.2,0.202994367921842
2025-07-29 02:00:00,300.42,99100,1.92,61,0.183547960027918
2025-07-29 03:00:00,299.25,99140,1.97,69.8,0.166279042848496
2025-07-29 04:00:00,298.18,99160,1.8,69.6,0.150334572628632
2025-07-29 05:00:00,297.31,99150,1.62,65.5,0.136826019467071
2025-07-29 06:00:00,296.92,99120,1.33,52.4,0.128863929386896
2025-07-29 07:00:00,296.76,99110,1.04,14.4,0.123749246329405
2025-07-29 08:00:00,296.22,99120,1.43,332,0.117232069251065
2025-07-29 09:00:00,295.41,99150,1.92,323.5,0.110413580387458
2025-07-29 10:00:00,295.15,99160,1.87,331.7,0.108682053065417
2025-07-29 11:00:00,296.41,99160,1.29,356.9,0.12384115651363
2025-07-29 12:00:00,297.92,99180,1.25,52.5,0.140239167224396
2025-07-29 13:00:00,299.25,99210,1.44,112.5,0.159558305923739
2025-07-29 14:00:00,301.54,99220,1.81,160.3,0.192547127540786
2025-07-29 15:00:00,302.69,99220,2.19,184.5,0.208861684241558
2025-07-29 16:00:00,304.38,99220,2.33,210.4,0.232007187919439
2025-07-29 17:00:00,305.5,99200,2.61,236.2,0.246705779860382
2025-07-29 18:00:00,305.64,99150,2.81,249.8,0.248445406888841
2025-07-29 19:00:00,305.59,99110,2.75,257.6,0.247492224127873
2025-07-29 20:00:00,305.49,99070,2.55,265.5,0.248204116077213
2025-07-29 21:00:00,305.3,99040,2.37,273.9,0.248014311847785
2025-07-29 22:00:00,304.78,99020,2.18,282.2,0.24041654297198
2025-07-29 23:00:00,303.64,99010,1.71,290.9,0.230664478569774
2025-07-30,301.93,99000,1.38,303.8,0.221048408590573
2025-07-30 01:00:00,301.35,99000,1.17,318.1,0.200007522141274
2025-07-30 02:00:00,301.34,99000,0.68,337.6,0.19275099903667
2025-07-30 03:00:00,301,99010,0.52,331.5,0.185585185590566
2025-07-30 04:00:00,299.63,99060,1.29,329.6,0.170194731757254
2025-07-30 05:00:00,298.48,99110,1.91,343,0.156851281543575
2025-07-30 06:00:00,297.98,99110,1.99,357.4,0.150716627822827
2025-07-30 07:00:00,297.63,99110,1.96,10.3,0.145792642335577
2025-07-30 08:00:00,297.27,99080,1.94,29.3,0.140440084910226
2025-07-30 09:00:00,296.98,99070,1.86,49.1,0.135986441580782
2025-07-30 10:00:00,296.75,99080,1.94,60,0.132178939303954
2025-07-30 11:00:00,297.02,99090,2.65,64.3,0.135478657921083
2025-07-30 12:00:00,297.56,99120,2.81,58.5,0.143156832889392
2025-07-30 13:00:00,298.18,99160,3.35,43.1,0.151796306562868
2025-07-30 14:00:00,298.87,99100,4.87,54.6,0.160100551938813
2025-07-30 15:00:00,299.75,99080,4.9,66.3,0.170590835018699
2025-07-30 16:00:00,300.01,99090,4.46,73.5,0.172108227955294
2025-07-30 17:00:00,299.9,99070,4.33,72.7,0.170187976706872
2025-07-30 18:00:00,299.88,99020,4.64,67.3,0.169602302852322
2025-07-30 19:00:00,299.71,98970,4.97,64.8,0.166485804829124
2025-07-30 20:00:00,298.78,98930,5.26,58.1,0.153395604413363
2025-07-30 21:00:00,297.44,98930,5.83,49.2,0.132827798036803
2025-07-30 22:00:00,295.7,98960,6.79,41.7,0.107567054451566
2025-07-30 23:00:00,294.01,98990,7.57,37.5,0.0864768389356426
2025-07-31,293,99050,7.59,34.4,0.0757583552165915
2025-07-31 01:00:00,292.62,99160,7.3,31.2,0.0723359657452166
2025-07-31 02:00:00,292.65,99250,7.28,33.8,0.0731763593902266
2025-07-31 03:00:00,292.69,99230,7.19,42.9,0.0743068831459157
2025-07-31 04:00:00,292.72,99220,6.8,47.9,0.0747749415526833
2025-07-31 05:00:00,292.7,99230,6.44,44.4,0.0745532916703746
2025-07-31 06:00:00,292.68,99240,6.62,40.3,0.0739611472907253
2025-07-31 07:00:00,292.65,99250,6.85,40.5,0.0725825340964738
2025-07-31 08:00:00,292.55,99260,6.86,40.7,0.0701600400045327
2025-07-31 09:00:00,292.42,99280,6.94,40.6,0.0667498200753122
2025-07-31 10:00:00,292.22,99310,6.75,40.4,0.0627269927553138
2025-07-31 11:00:00,292.36,99350,6.36,38.4,0.0617449077927793
2025-07-31 12:00:00,293.26,99370,6.56,37.1,0.0660512542232896
2025-07-31 13:00:00,294.67,99410,7.51,42,0.0702263930789645
2025-07-31 14:00:00,295.76,99440,8.02,43.6,0.0707490875119792
2025-07-31 15:00:00,296.24,99480,7.77,40.6,0.0692705388682441
2025-07-31 16:00:00,296.85,99510,7.47,36.7,0.0708151810536334
2025-07-31 17:00:00,297.44,99500,7.32,33.3,0.0734833822938754
2025-07-31 18:00:00,297.8,99480,7.23,31.4,0.0752386779824465
2025-07-31 19:00:00,297.87,99450,7.23,30.8,0.0764689786283315
2025-07-31 20:00:00,297.65,99440,7.27,30.2,0.0764706678476577
2025-07-31 21:00:00,297.35,99450,7.23,29.4,0.0764740325694254
2025-07-31 22:00:00,296.56,99460,6.96,26.8,0.0729237892254089
2025-07-31 23:00:00,295.39,99500,6.43,21.9,0.0678274417645344
2025-08-01,293.62,99550,5.54,16.2,0.0604562644477302
2025-08-01 01:00:00,291.93,99600,5.21,12.1,0.0533278796430348
2025-08-01 02:00:00,291.22,99650,5.52,11.2,0.0502684731331278
2025-08-01 03:00:00,291.06,99680,6.06,15.4,0.0487406394739671
2025-08-01 04:00:00,290.86,99710,5.84,17.5,0.0483384262177243
2025-08-01 05:00:00,290.75,99720,5.32,22.4,0.0480852911259814
2025-08-01 06:00:00,290.43,99730,4.33,29.2,0.0464395809381588
2025-08-01 07:00:00,290.12,99750,3.71,36.9,0.0450832955082912
2025-08-01 08:00:00,290.01,99770,3.53,45.1,0.0445222970880849
2025-08-01 09:00:00,289.83,99790,3.35,53.4,0.0436291598082326
2025-08-01 10:00:00,289.58,99840,3.26,57.9,0.0422180509114614
2025-08-01 11:00:00,290.77,99880,2.98,58.4,0.0481494679687785
2025-08-01 12:00:00,293.34,99940,3.67,56.1,0.0597624560529057
2025-08-01 13:00:00,294.82,99980,4.05,53.8,0.0626571142383762
2025-08-01 14:00:00,295.95,1e+05,4.22,50.1,0.0648056058563251
2025-08-01 15:00:00,296.95,100030,4.77,48,0.0684847921678274
2025-08-01 16:00:00,297.7,100040,5.35,48.1,0.072552933751268
2025-08-01 17:00:00,298.19,100040,5.65,48,0.0749678381416466
2025-08-01 18:00:00,298.4,100030,5.79,46.7,0.0757529216672525
2025-08-01 19:00:00,298.24,100010,5.83,45.8,0.0736620658100383
2025-08-01 20:00:00,297.81,99990,5.83,45.6,0.0694949714455353
2025-08-01 21:00:00,297.13,99960,5.78,45.4,0.0638239700008063
2025-08-01 22:00:00,296.22,99940,5.47,43.8,0.0564709981996547
2025-08-01 23:00:00,294.83,99940,4.61,42.1,0.0491571475578515
2025-08-02,291.94,99960,3,40,0.0425945365320901
2025-08-02 01:00:00,289.37,99970,3.02,37.1,0.0337102551630612
2025-08-02 02:00:00,289.1,1e+05,2.92,35.4,0.0328646977671401
2025-08-02 03:00:00,288.67,1e+05,2.86,32.9,0.0317499150684621
2025-08-02 04:00:00,288.38,100010,2.77,28.5,0.0315265768814887
2025-08-02 05:00:00,288.31,100030,2.71,25.6,0.0320718360889711
2025-08-02 06:00:00,288.11,100010,2.74,26,0.0319653205460842
2025-08-02 07:00:00,287.94,100010,2.72,22.7,0.0319105667111936
2025-08-02 08:00:00,287.63,100030,2.71,18,0.0311450121320264
2025-08-02 09:00:00,287.31,100040,2.8,13.6,0.0302931951416453
2025-08-02 10:00:00,286.95,100070,2.9,10.1,0.029434841292452
2025-08-02 11:00:00,288.36,100080,3.14,9.2,0.034543367205589
2025-08-02 12:00:00,290.68,100060,3.95,9.3,0.0431905929514287
2025-08-02 13:00:00,293.37,100030,3.18,19.7,0.0545804785190598
2025-08-02 14:00:00,295.83,1e+05,2.82,40.7,0.0599074373010473
2025-08-02 15:00:00,297.22,99980,2.83,57.3,0.062282436449808
2025-08-02 16:00:00,298.14,99960,2.91,68.5,0.0663792089170804
2025-08-02 17:00:00,298.94,99930,3.06,73.9,0.0710537160329264
2025-08-02 18:00:00,299.7,99870,3.29,74.7,0.0768845950833987
2025-08-02 19:00:00,300.05,99810,3.62,73.6,0.0800183980123611
2025-08-02 20:00:00,299.89,99750,3.96,74.2,0.0799925514563173
2025-08-02 21:00:00,299.39,99690,4.04,76.7,0.0767308496429316
2025-08-02 22:00:00,298.41,99640,3.82,78.7,0.069973064918994
2025-08-02 23:00:00,296.81,99620,3.18,79.7,0.0643081318687688
2025-08-03,293.64,99610,2.26,78.2,0.0579808856151873
2025-08-03 01:00:00,291.52,99610,2.29,75.8,0.0465363208864976
2025-08-03 02:00:00,291.25,99620,2.05,72.1,0.0438180433636214
2025-08-03 03:00:00,291.18,99600,1.76,68.7,0.0419711372393155
2025-08-03 04:00:00,290.87,99600,1.52,68,0.0399561839169916
2025-08-03 05:00:00,291.09,99580,1.41,65.8,0.0395478484196407
2025-08-03 06:00:00,291.04,99560,1.33,58.8,0.0390033708984241
2025-08-03 07:00:00,290.72,99550,1.3,48.1,0.0381483406386258
2025-08-03 08:00:00,289.94,99540,1.33,35.2,0.0363276841395599
2025-08-03 09:00:00,289.03,99540,1.58,23.5,0.0341358796770029
2025-08-03 10:00:00,288.07,99540,2.06,19.6,0.0320085882613238
2025-08-03 11:00:00,288.27,99540,2.2,16.9,0.0349710208296136
2025-08-03 12:00:00,291,99550,2.91,17,0.0447421036288861
2025-08-03 13:00:00,293.28,99520,2.76,30,0.0548563530595661
2025-08-03 14:00:00,296.41,99480,2.93,60.4,0.0700647201668123
2025-08-03 15:00:00,298.09,99420,3.75,76,0.0808133632723335
2025-08-03 16:00:00,299.17,99390,4.12,79.9,0.088722682406549
2025-08-03 17:00:00,299.98,99370,4.18,79.5,0.0940477327107685
2025-08-03 18:00:00,300.41,99330,4.38,78.9,0.096522630765911
2025-08-03 19:00:00,300.34,99290,4.81,79.1,0.0949893086448929
2025-08-03 20:00:00,299.83,99250,5.2,79.6,0.0901588853685253
2025-08-03 21:00:00,298.97,99220,5.32,80.3,0.0820341218777545
2025-08-03 22:00:00,297.86,99200,4.97,80,0.072440627323686
2025-08-03 23:00:00,296.39,99200,3.82,75.9,0.0663965634601715
2025-08-04,293.41,99210,2.48,62.6,0.0588043889819968
2025-08-04 01:00:00,291.28,99230,2.69,51.3,0.0479784716829298
2025-08-04 02:00:00,290.54,99270,2.82,47.7,0.0445508448553531
2025-08-04 03:00:00,290,99280,2.95,49.9,0.0428292975926147
2025-08-04 04:00:00,289.7,99280,3.01,53.9,0.042935903781427
2025-08-04 05:00:00,289.6,99260,3.04,58,0.0444778659590617
2025-08-04 06:00:00,289.73,99250,2.95,62.1,0.0482894311789959
2025-08-04 07:00:00,289.57,99250,2.82,64.2,0.0511467755435766
2025-08-04 08:00:00,289.44,99280,2.71,64.7,0.0526411344005425
2025-08-04 09:00:00,289.36,99310,2.58,63.8,0.0532420815884049
2025-08-04 10:00:00,289.32,99310,2.52,61.3,0.0538056320988931
2025-08-04 11:00:00,290.24,99320,2.36,59.2,0.0589388936991365
2025-08-04 12:00:00,292.71,99320,2.7,57.7,0.0749666851316933
2025-08-04 13:00:00,294.36,99320,3.17,57,0.0859684102600828
2025-08-04 14:00:00,296.25,99310,3.49,71.8,0.0796066520208382
2025-08-04 15:00:00,297.63,99310,4.05,83.3,0.0723068230261664
2025-08-04 16:00:00,298.54,99320,4.09,89,0.0719502417285907
2025-08-04 17:00:00,299.19,99310,3.91,92.5,0.073370373839051
2025-08-04 18:00:00,299.57,99300,3.65,92.7,0.0746454392965816
2025-08-04 19:00:00,299.64,99290,3.47,89,0.0746043616375907
2025-08-04 20:00:00,299.41,99270,3.39,83.4,0.0735128083912174
2025-08-04 21:00:00,298.86,99260,3.37,79.2,0.0722866699615549
2025-08-04 22:00:00,298.04,99260,3.36,75.9,0.0693547296750509
2025-08-04 23:00:00,296.31,99280,2.79,69.7,0.0690673053603022
2025-08-05,293.96,99290,2.63,64.8,0.0618075051829976
2025-08-05 01:00:00,292.53,99330,2.85,64.9,0.054636165197237
2025-08-05 02:00:00,291.86,99370,2.93,68,0.0517895215667793
2025-08-05 03:00:00,291.19,99390,2.99,73.3,0.0490550775750331
2025-08-05 04:00:00,290.61,99410,2.98,79.2,0.0467360471059165
2025-08-05 05:00:00,290.06,99430,2.85,83.3,0.0437954404930881
2025-08-05 06:00:00,289.96,99450,2.58,81.3,0.0427261726275165
2025-08-05 07:00:00,289.96,99470,2.4,71.6,0.0423574835191257
2025-08-05 08:00:00,289.56,99500,2.51,58,0.041287051139518
2025-08-05 09:00:00,288.91,99530,2.77,47,0.0404998048561712
2025-08-05 10:00:00,288.45,99570,3.04,42.9,0.0412371647829273
2025-08-05 11:00:00,290.02,99600,2.89,45.4,0.0510175061004322
2025-08-05 12:00:00,293.88,99620,3.76,50.2,0.0770317337441677
2025-08-05 13:00:00,296.5,99620,3.94,59.5,0.0890655608457761
2025-08-05 14:00:00,298.67,99630,4.33,69.9,0.0895348569978425
2025-08-05 15:00:00,300.04,99640,4.47,75.5,0.0942239419526718
2025-08-05 16:00:00,300.99,99640,4.47,76.7,0.10160384486358
2025-08-05 17:00:00,301.58,99630,4.5,77.4,0.107422380492432
2025-08-05 18:00:00,301.83,99600,4.52,77.3,0.11020798450434
2025-08-05 19:00:00,301.75,99570,4.51,75.9,0.10943795845245
2025-08-05 20:00:00,301.44,99530,4.47,74,0.105918465495286
2025-08-05 21:00:00,300.94,99500,4.44,72.7,0.0999189422473081
2025-08-05 22:00:00,300.06,99490,4.23,73.1,0.0914747134231668
2025-08-05 23:00:00,298.63,99510,3.51,70.7,0.0846772024554216
2025-08-06,295.38,99540,2.5,58.1,0.0740116316900758
2025-08-06 01:00:00,293.11,99590,2.86,48.1,0.059828802647634
2025-08-06 02:00:00,292.35,99630,2.97,42.3,0.0556989871030744
2025-08-06 03:00:00,291.76,99640,2.98,41.1,0.0539131982390235
2025-08-06 04:00:00,291.24,99650,2.87,41.2,0.0531838525979078
2025-08-06 05:00:00,290.83,99650,2.68,41.7,0.0526608851237991
2025-08-06 06:00:00,290.69,99640,2.41,44.2,0.0531740596033234
2025-08-06 07:00:00,290.71,99630,2.13,51.5,0.0540540698124874
2025-08-06 08:00:00,290.8,99640,1.96,69.1,0.0551826281039512
2025-08-06 09:00:00,290.41,99640,2.17,100.1,0.0541938046142662
2025-08-06 10:00:00,289.83,99620,2.49,121.7,0.052132157906625
2025-08-06 11:00:00,291.21,99690,2,130.5,0.0596307140666725
2025-08-06 12:00:00,294.29,99730,1.74,131.7,0.0798635698073379
2025-08-06 13:00:00,297.2,99710,1.68,134.3,0.0981294112596827
2025-08-06 14:00:00,300.49,99650,2.51,147.7,0.11405098707873
2025-08-06 15:00:00,301.97,99600,2.94,151.1,0.12719045437487
2025-08-06 16:00:00,303.03,99540,3.49,150.5,0.136874728888202
2025-08-06 17:00:00,303.9,99520,3.2,155.8,0.143604299232509
2025-08-06 18:00:00,304.54,99520,2.39,164.4,0.14633527694811
2025-08-06 19:00:00,304.8,99460,2.8,156.2,0.146667450498154
2025-08-06 20:00:00,304.54,99410,2.91,153.9,0.139664236865211
2025-08-06 21:00:00,304,99390,2.66,149.8,0.131410661784943
2025-08-06 22:00:00,303.03,99380,2.35,140.7,0.121365499480243
2025-08-06 23:00:00,301.63,99400,1.57,120.2,0.118319687609159
2025-08-07,298.92,99420,1.75,104.9,0.119594599172383
2025-08-07 01:00:00,297.1,99440,2.2,115.3,0.0952521537395637
2025-08-07 02:00:00,296.09,99460,2.4,124.3,0.0848566810632216
2025-08-07 03:00:00,295.25,99470,2.4,130.9,0.0793002259764869
2025-08-07 04:00:00,294.81,99490,2.24,139.9,0.0774927837124234
2025-08-07 05:00:00,294.49,99490,2.18,150.8,0.0754950475891107
2025-08-07 06:00:00,294.3,99480,2.17,161.5,0.0738015834366596
2025-08-07 07:00:00,294.04,99460,2.27,171.4,0.0713383684824816
2025-08-07 08:00:00,293.45,99440,2.45,180.2,0.0662134066912664
2025-08-07 09:00:00,293.16,99420,2.53,185.9,0.0644923774256824
2025-08-07 10:00:00,293.02,99420,2.53,188.2,0.0650017173387114
2025-08-07 11:00:00,294.18,99410,2.14,188.9,0.0771972471509445
2025-08-07 12:00:00,296.87,99420,2.5,185,0.0947655701590839
2025-08-07 13:00:00,299.5,99400,2.37,180.5,0.121811173883362
2025-08-07 14:00:00,302.28,99340,3.1,183.7,0.148556553982971
2025-08-07 15:00:00,303.56,99230,3.8,165.4,0.159612067511571
2025-08-07 16:00:00,304.83,99220,3.92,174.6,0.171435587330716
2025-08-07 17:00:00,304.53,99250,3.67,187.5,0.166386595400009
2025-08-07 18:00:00,304.36,99200,3.52,187.2,0.163883808738273
2025-08-07 19:00:00,304.36,99150,3.15,191.2,0.163136144341559
2025-08-07 20:00:00,304.23,99110,2.77,199.4,0.161648524911715
2025-08-07 21:00:00,304.01,99080,2.11,213,0.160618144943301
2025-08-07 22:00:00,303.05,99010,1.63,185.3,0.158956968400304
2025-08-07 23:00:00,301.71,99000,1.61,171.4,0.17077498250551
2025-08-08,299.61,99020,2.06,178.1,0.145240319361477
2025-08-08 01:00:00,297.66,99030,2.73,180.2,0.113008621353194
2025-08-08 02:00:00,296.91,99030,3.09,183,0.102600815828214
2025-08-08 03:00:00,296.39,99020,3.32,189.5,0.0972245130312963
2025-08-08 04:00:00,295.95,99030,3.36,198.6,0.0964720829106487
2025-08-08 05:00:00,295.57,99030,3.29,206.2,0.0976797334686138
2025-08-08 06:00:00,295.21,99020,3.16,209.6,0.0990386796485624
2025-08-08 07:00:00,294.81,99000,2.98,207.3,0.09897345298435
2025-08-08 08:00:00,294.5,99000,2.87,200.4,0.098725482134936
2025-08-08 09:00:00,294.31,99000,2.85,193.6,0.0986851190536189
2025-08-08 10:00:00,294.1,99000,2.86,187.8,0.0975205521853861
2025-08-08 11:00:00,294.94,99010,3.65,183.1,0.10477657760189
2025-08-08 12:00:00,296.5,99000,4.25,178.7,0.120499369540811
2025-08-08 13:00:00,298.7,99010,4.03,175,0.147495825433462
2025-08-08 14:00:00,301.64,98990,5.36,188.6,0.178887808662417
2025-08-08 15:00:00,303.6,98970,5.83,191,0.189538166952215
2025-08-08 16:00:00,305.05,98940,6.05,188.7,0.197114372482346
2025-08-08 17:00:00,306.07,98880,6.29,186,0.209523651811018
2025-08-08 18:00:00,306.68,98810,6.53,185.7,0.220622669531971
2025-08-08 19:00:00,306.88,98760,6.61,186.7,0.225334234840696
2025-08-08 20:00:00,306.64,98720,6.58,187.6,0.222674133232283
2025-08-08 21:00:00,305.74,98690,6.29,186.7,0.210665303088331
2025-08-08 22:00:00,304.97,98680,6.05,184.1,0.199936912444979
2025-08-08 23:00:00,303.57,98680,5.21,180.1,0.182742290636973
2025-08-09,301.25,98700,3.97,175.1,0.156990898276522
2025-08-09 01:00:00,299.85,98750,4.15,173.2,0.139090189743705
2025-08-09 02:00:00,299.22,98810,4.46,174.6,0.131068594005547
2025-08-09 03:00:00,298.45,98840,4.41,177,0.124720259089103
2025-08-09 04:00:00,297.89,98860,4.23,177.8,0.123087523947006
2025-08-09 05:00:00,297.29,98860,3.94,175.8,0.121758344939423
2025-08-09 06:00:00,296.63,98870,3.91,177.4,0.119014485935701
2025-08-09 07:00:00,296.31,98890,4.3,181.6,0.118846689130896
2025-08-09 08:00:00,295.87,98900,4.21,180,0.116842387372876
2025-08-09 09:00:00,295.38,98900,3.99,172.1,0.113854728805564
2025-08-09 10:00:00,295.12,98920,4.02,164.9,0.112465661868307
2025-08-09 11:00:00,296.01,98940,4.91,162.5,0.121449791379746
2025-08-09 12:00:00,297.77,98970,5.27,164.7,0.141810854988354
2025-08-09 13:00:00,300.47,98960,6.14,184,0.173879624208623
2025-08-09 14:00:00,302.76,98930,7.01,197,0.197653999528058
2025-08-09 15:00:00,304.37,98880,7.37,196.6,0.209142950899088
2025-08-09 16:00:00,305.71,98820,7.69,191.9,0.223095724669451
2025-08-09 17:00:00,306.73,98810,7.76,192.7,0.237240717797906
2025-08-09 18:00:00,307.43,98790,7.53,195.6,0.250591609250724
2025-08-09 19:00:00,307.63,98760,7.22,197.7,0.256485564130241
2025-08-09 20:00:00,307.58,98710,7.07,200,0.256491393928029
2025-08-09 21:00:00,307.04,98680,6.9,201.7,0.244561504782648
2025-08-09 22:00:00,306.11,98680,6.44,202.9,0.228707400642364
2025-08-09 23:00:00,304.64,98720,5.2,203.8,0.211447264077975
2025-08-10,301.97,98770,3.41,201.8,0.184122872390271
2025-08-10 01:00:00,300.24,98820,3.17,195.6,0.164464722775911
2025-08-10 02:00:00,299.66,98890,3.39,189.4,0.156850768726917
2025-08-10 03:00:00,299.16,98930,4.03,189.3,0.149699471641823
2025-08-10 04:00:00,298.64,99000,5.03,195.7,0.143901520295044
2025-08-10 05:00:00,298.04,99040,5.28,201.5,0.138841853647656
2025-08-10 06:00:00,297.56,99030,4.47,204.9,0.134758832808325
2025-08-10 07:00:00,297.1,99040,3.93,210.2,0.12928793049337
2025-08-10 08:00:00,296.59,99040,3.12,209.1,0.124457749870586
2025-08-10 09:00:00,296.15,99050,2.66,200.7,0.12021781455295
2025-08-10 10:00:00,295.82,99030,2.58,190.5,0.116727827857368
2025-08-10 11:00:00,296.33,99020,3.24,182.7,0.123013940089646
2025-08-10 12:00:00,297.39,98980,4.17,186.5,0.137750229419672
2025-08-10 13:00:00,298.94,98970,4.49,217.1,0.158276537928043
2025-08-10 14:00:00,299.85,98990,4.68,236.1,0.163406868008704
2025-08-10 15:00:00,300.01,99030,4.32,233.4,0.158821295624254
2025-08-10 16:00:00,300.22,99080,5.13,216.9,0.156915122245118
2025-08-10 17:00:00,300.55,99000,5.89,201.8,0.154718126918315
2025-08-10 18:00:00,301.18,98880,6.55,195,0.15281460372426
2025-08-10 19:00:00,301.98,98800,7.01,190.4,0.155692177538277
2025-08-10 20:00:00,302.73,98750,7.28,190.8,0.160685066965997
2025-08-10 21:00:00,303.45,98720,7.12,194.1,0.170100529212668
2025-08-10 22:00:00,303.39,98700,6.5,195.2,0.172373602527295
2025-08-10 23:00:00,302.24,98700,5.53,196.7,0.166515962814096
2025-08-11,300.02,98700,4.91,199.1,0.148593953640218
2025-08-11 01:00:00,298.68,98760,5.08,204.6,0.139816726497569
2025-08-11 02:00:00,298.1,98830,4.6,210.3,0.139103253022476
2025-08-11 03:00:00,297.53,98840,4.03,209.9,0.135608715755171
2025-08-11 04:00:00,297.17,98850,3.95,205.8,0.132004587820302
2025-08-11 05:00:00,296.79,98840,4.1,198.8,0.127220504311522
2025-08-11 06:00:00,296.4,98830,4.3,195.4,0.122053742322375
2025-08-11 07:00:00,296.03,98840,4.17,195.2,0.117675602485988
2025-08-11 08:00:00,295.7,98870,3.82,198.2,0.114198241676787
2025-08-11 09:00:00,295.5,98870,3.66,203.8,0.112132759933949
2025-08-11 10:00:00,295.3,98880,3.29,211.7,0.110023322015255
2025-08-11 11:00:00,295.49,98870,3.05,219.8,0.112318517852025
2025-08-11 12:00:00,296.4,98860,2.93,229.3,0.124043048525244
2025-08-11 13:00:00,297.65,98880,2.79,249,0.136325673831365
2025-08-11 14:00:00,299.01,98950,3.44,246.7,0.142438654867023
2025-08-11 15:00:00,301.02,98970,3.92,243,0.1519697226516
2025-08-11 16:00:00,302.58,98960,3.69,242.4,0.163802666193087
2025-08-11 17:00:00,303,98920,3.48,239,0.16960609183449
2025-08-11 18:00:00,303.49,98870,3.33,230.6,0.179408793411641
2025-08-11 19:00:00,304.15,98800,3.25,219.4,0.192648947582121
2025-08-11 20:00:00,304.61,98760,3.64,216.4,0.202217584198279
2025-08-11 21:00:00,304.7,98750,4.35,219.5,0.202193312614373
2025-08-11 22:00:00,303.53,98780,5.17,227.5,0.185210901049821
2025-08-11 23:00:00,301.57,98820,4.82,232.1,0.164351192719053
2025-08-12,299.05,98840,2.74,233.8,0.141201374473272
2025-08-12 01:00:00,297.74,98850,1.59,233.7,0.129411086670577
2025-08-12 02:00:00,297.3,98860,1.4,230.5,0.122530569586377
2025-08-12 03:00:00,296.69,98860,1.47,225,0.113698962077704
2025-08-12 04:00:00,296.22,98870,1.59,221.2,0.109637524131821
2025-08-12 05:00:00,295.97,98860,1.55,214.2,0.107910908011317
2025-08-12 06:00:00,295.61,98840,1.59,200.6,0.104586293821734
2025-08-12 07:00:00,295.18,98820,1.76,188.8,0.101044192928826
2025-08-12 08:00:00,294.96,98810,1.97,186.1,0.10060066024361
2025-08-12 09:00:00,294.87,98790,1.96,188.2,0.102269208306106
2025-08-12 10:00:00,294.87,98790,1.65,191.9,0.104555127983713
2025-08-12 11:00:00,295.27,98790,1.51,191.8,0.110738861499323
2025-08-12 12:00:00,296.12,98770,1.99,184.3,0.121749125053176
2025-08-12 13:00:00,297.14,98760,1.88,173,0.138546746300901
2025-08-12 14:00:00,299.13,98750,2.18,194.6,0.171593635475229
2025-08-12 15:00:00,300.24,98740,2.86,200.3,0.183139368312738
2025-08-12 16:00:00,300.67,98700,3.4,197.1,0.181680227778824
2025-08-12 17:00:00,300.63,98650,3.63,198.5,0.178387476584094
2025-08-12 18:00:00,300.22,98600,3.48,205,0.1738436212201
2025-08-12 19:00:00,299.69,98570,3.05,217.4,0.16924602379769
2025-08-12 20:00:00,299.27,98560,2.67,232.3,0.165399172765303
2025-08-12 21:00:00,298.92,98540,2.4,239.7,0.162019594597183
2025-08-12 22:00:00,298.53,98520,2.13,235,0.158111528297398
2025-08-12 23:00:00,297.93,98510,1.91,230.7,0.151045349541854
2025-08-13,296.95,98520,1.84,233.6,0.136754421574405
2025-08-13 01:00:00,296.24,98540,2.02,238.7,0.125307207498656
2025-08-13 02:00:00,295.91,98560,2.12,247.2,0.120225919318692
2025-08-13 03:00:00,295.56,98570,2.2,264,0.115098647307631
2025-08-13 04:00:00,295.2,98570,2.31,281.7,0.109900115250033
2025-08-13 05:00:00,294.84,98570,2.49,295.7,0.104859410768501
2025-08-13 06:00:00,294.51,98570,2.7,304.5,0.100277084111033
2025-08-13 07:00:00,294.13,98580,2.93,310.2,0.0951399482090632
2025-08-13 08:00:00,293.78,98600,3.2,316.4,0.0905163635201062
2025-08-13 09:00:00,293.42,98620,3.24,324.7,0.0860366060026768
2025-08-13 10:00:00,293.02,98630,3.08,335.7,0.0813602339638514
2025-08-13 11:00:00,293.22,98670,3.45,350.3,0.0824438606536456
2025-08-13 12:00:00,294.12,98710,3.67,2.5,0.0912032899211486
2025-08-13 13:00:00,295.97,98730,3.3,12.2,0.109529056521062
2025-08-13 14:00:00,298.52,98740,3.54,23.7,0.123740963194617
2025-08-13 15:00:00,300.61,98750,2.76,8.1,0.129872523424905
2025-08-13 16:00:00,301.84,98730,2.5,346.4,0.138719059918962
2025-08-13 17:00:00,302.69,98680,2.55,334.7,0.14539671752261
2025-08-13 18:00:00,303.25,98630,2.66,330.3,0.149840821640314
2025-08-13 19:00:00,303.52,98590,2.69,331,0.151481087400854
2025-08-13 20:00:00,303.49,98560,2.69,335.9,0.150423423380519
2025-08-13 21:00:00,302.93,98560,2.68,344,0.144206105655174
2025-08-13 22:00:00,302.09,98590,2.77,357.1,0.134794482199444
2025-08-13 23:00:00,300.62,98610,2.79,15.4,0.122636515771905
2025-08-14,297.76,98650,2.27,38,0.109361594521144
2025-08-14 01:00:00,295.56,98700,2.42,57.3,0.0914789739552758
2025-08-14 02:00:00,294.56,98750,2.37,68.4,0.0839802242430414
2025-08-14 03:00:00,293.87,98790,2.15,73.5,0.0792437440635549
2025-08-14 04:00:00,293.51,98800,1.85,73,0.0755882930676212
2025-08-14 05:00:00,293.34,98800,1.6,72.6,0.0727966961357996
2025-08-14 06:00:00,293.09,98810,1.38,69.6,0.0700423683552418
2025-08-14 07:00:00,292.73,98830,1.21,57.1,0.067251041394957
2025-08-14 08:00:00,292.25,98870,1.27,34.4,0.0642107385150279
2025-08-14 09:00:00,291.71,98910,1.55,13.8,0.0611157535177208
2025-08-14 10:00:00,290.83,98950,1.88,2.7,0.0562379321370618
2025-08-14 11:00:00,291.13,98980,1.91,358.8,0.0581354231380413
2025-08-14 12:00:00,293.66,99000,2.67,358.5,0.0714011641224661
2025-08-14 13:00:00,296.58,98990,2.23,9.5,0.0822760869936032
2025-08-14 14:00:00,299.27,98980,1.93,26.4,0.0861583450062112
2025-08-14 15:00:00,300.72,98980,1.95,43.5,0.093191158125944
2025-08-14 16:00:00,301.76,98970,2.06,55.5,0.10342446566644
2025-08-14 17:00:00,302.6,98950,2.2,60.9,0.113673614625655
2025-08-14 18:00:00,303.16,98920,2.43,61.7,0.121362443411898
2025-08-14 19:00:00,303.38,98880,2.71,61.8,0.125594310186026
2025-08-14 20:00:00,303.15,98850,2.97,63.8,0.126095723553598
2025-08-14 21:00:00,302.54,98850,3.08,67.3,0.119717329255508
2025-08-14 22:00:00,301.78,98850,3.11,72.8,0.111345025650372
2025-08-14 23:00:00,300.4,98880,2.7,78.2,0.100742968899344
2025-08-15,296.9,98940,2.11,83.5,0.0915373075661865
2025-08-15 01:00:00,295.08,99010,2.27,92.5,0.0771628369616772
2025-08-15 02:00:00,294.48,99040,2.26,103.1,0.0719191016773548
2025-08-15 03:00:00,293.74,99040,2.38,111,0.0659453862196727
2025-08-15 04:00:00,293.18,99030,2.43,117.4,0.0619653237642249
2025-08-15 05:00:00,292.96,99040,2.34,127.7,0.0607523411376597
2025-08-15 06:00:00,292.53,99040,2.26,140,0.0574804461982107
2025-08-15 07:00:00,292.13,99060,2.17,152,0.0535538489365001
2025-08-15 08:00:00,291.64,99090,2.18,162.1,0.0493833038573086
2025-08-15 09:00:00,291.1,99120,2.26,170.8,0.0462624650483388
2025-08-15 10:00:00,290.61,99130,2.39,175.2,0.043887005217578
2025-08-15 11:00:00,291.27,99170,2.27,175.4,0.0484068003982097
2025-08-15 12:00:00,294.29,99180,3.02,175.3,0.0572778002066116
2025-08-15 13:00:00,296.24,99180,2.64,170.9,0.0676864953774016
2025-08-15 14:00:00,299.38,99180,2.72,177.9,0.0882576736693991
2025-08-15 15:00:00,301.89,99180,3.06,195.4,0.118683574488629
2025-08-15 16:00:00,303.03,99170,2.81,194.2,0.134766936566349
2025-08-15 17:00:00,304.25,99140,2.88,184.2,0.148488037767082
2025-08-15 18:00:00,305.36,99090,3.2,176.2,0.16103838995884
2025-08-15 19:00:00,306.02,99030,3.46,175.4,0.165612915851262
2025-08-15 20:00:00,306.22,98990,3.55,179.7,0.16371650201851
2025-08-15 21:00:00,306,99000,3.66,190.2,0.162051425200085
2025-08-15 22:00:00,305.42,99000,3.6,200.1,0.160751664158293
2025-08-15 23:00:00,303.79,98960,2.56,197.9,0.162277108781903
2025-08-16,300.21,98920,2.37,174.2,0.145216898845092
2025-08-16 01:00:00,298.59,98930,2.72,162.4,0.121191836988799
2025-08-16 02:00:00,297.96,98990,2.85,165.6,0.113783754993517
2025-08-16 03:00:00,297.49,99040,3.01,180.2,0.108285196715347
2025-08-16 04:00:00,297.18,99060,2.84,196.1,0.108625368444399
2025-08-16 05:00:00,297.19,99070,2.3,210.8,0.114387008041877
2025-08-16 06:00:00,297.17,99020,1.86,218.2,0.113771142471845
2025-08-16 07:00:00,296.26,98960,2.25,214.7,0.106799725479788
2025-08-16 08:00:00,295.84,98950,2.76,221.2,0.103977863572673
2025-08-16 09:00:00,295.37,98990,2.86,238.3,0.101330798480874
2025-08-16 10:00:00,295.58,99020,2.33,255.1,0.107211227562677
2025-08-16 11:00:00,296.19,99040,1.84,269.1,0.117696733565009
2025-08-16 12:00:00,297.71,99040,1.79,281.2,0.137243153825776
2025-08-16 13:00:00,299.29,99030,1.23,287.5,0.165468599613198
2025-08-16 14:00:00,302.05,99020,1.57,320.9,0.214097149802631
2025-08-16 15:00:00,303.87,99000,1.67,343,0.238496747769852
2025-08-16 16:00:00,304.95,98960,0.97,359.4,0.245800701795391
2025-08-16 17:00:00,306.21,98910,0.54,220.5,0.261614230716877
2025-08-16 18:00:00,307.06,98890,1.83,236.6,0.273647716886854
2025-08-16 19:00:00,306.42,98870,2.56,244.8,0.266205711908101
2025-08-16 20:00:00,305.54,98840,3.28,253.2,0.256451409698975
2025-08-16 21:00:00,304.15,98840,2.91,260.9,0.238044140488248
2025-08-16 22:00:00,303.45,98820,1.88,241.1,0.227739972363404
2025-08-16 23:00:00,301.95,98780,1.78,195.7,0.212372085262708
2025-08-17,300.01,98770,2.49,186,0.176357707143625
2025-08-17 01:00:00,298.99,98780,3.34,190.3,0.153776445632559
2025-08-17 02:00:00,298.41,98780,4.22,196.1,0.13936178713986
2025-08-17 03:00:00,297.69,98770,4.06,203.8,0.12728073968684
2025-08-17 04:00:00,296.92,98790,2.96,213.2,0.119988514653367
2025-08-17 05:00:00,296.29,98830,2,217.5,0.11606964290288
2025-08-17 06:00:00,295.81,98850,1.59,218.9,0.113398366456238
2025-08-17 07:00:00,295.62,98880,1.54,227.4,0.112982641647186
2025-08-17 08:00:00,295.51,98920,1.31,239.7,0.113336470404512
2025-08-17 09:00:00,295.57,98950,1.12,263.3,0.11530955348221
2025-08-17 10:00:00,295.3,98960,1.35,291.8,0.111423147617901
2025-08-17 11:00:00,295.67,98990,1.63,326.5,0.116887896128875
2025-08-17 12:00:00,296.59,98990,2.91,359.8,0.130096903227792
2025-08-17 13:00:00,297.47,99010,3.92,24.9,0.144482770220861
2025-08-17 14:00:00,298.13,99030,4.84,37.4,0.152509383673035
2025-08-17 15:00:00,298.73,99040,5.41,44.6,0.155911161348163
2025-08-17 16:00:00,299.31,99060,5.66,49,0.157541301956291
2025-08-17 17:00:00,299.9,99060,5.59,52.6,0.160947142586315
2025-08-17 18:00:00,300.31,99060,5.2,55.6,0.164340717109916
2025-08-17 19:00:00,300.38,99040,4.76,57.9,0.163943553784588
2025-08-17 20:00:00,300.21,99010,4.3,59.3,0.1603087277801
2025-08-17 21:00:00,299.93,98990,4.09,60,0.153623765390343
2025-08-17 22:00:00,299.26,98970,4.04,59.7,0.14120697914028
2025-08-17 23:00:00,298.03,98970,3.97,56.9,0.124524095967303
2025-08-18,296.26,98990,3.8,53.1,0.104538146831801
2025-08-18 01:00:00,295.06,99050,4.13,50.3,0.0920563627031182
2025-08-18 02:00:00,294.42,99090,4.18,48.7,0.086257238021348
2025-08-18 03:00:00,294.08,99100,3.81,48.6,0.0837802435329591
2025-08-18 04:00:00,293.97,99090,3.32,51.4,0.0833142330140435
2025-08-18 05:00:00,294.04,99070,2.87,58.5,0.084852131872816
2025-08-18 06:00:00,294.23,99040,2.4,69.8,0.0887366073637828
2025-08-18 07:00:00,294.59,99030,2.2,86.6,0.09455970229033
2025-08-18 08:00:00,294.67,99070,2.19,102.4,0.0960719306239695
2025-08-18 09:00:00,294.54,99120,2.83,116.9,0.0935174671676648
2025-08-18 10:00:00,294.19,99130,4.12,121.3,0.0884281866206405
2025-08-18 11:00:00,293.63,99130,4.61,122.2,0.0820594806946954
2025-08-18 12:00:00,293.95,99120,5.3,126.5,0.0828445653913465
2025-08-18 13:00:00,295.29,99090,5.51,134.2,0.0946524984610392
2025-08-18 14:00:00,297.24,99070,5.54,139,0.116122010221752
2025-08-18 15:00:00,299.06,99040,5.71,143.6,0.141459819965105
2025-08-18 16:00:00,300.72,99000,5.6,151.2,0.171096807555716
2025-08-18 17:00:00,302.19,98960,5.23,163,0.204185904460483
2025-08-18 18:00:00,303.23,98890,5.09,175.8,0.231585226791706
2025-08-18 19:00:00,303.66,98810,5.16,184.5,0.244947115658948
2025-08-18 20:00:00,303.6,98750,5.11,189,0.246804760685068
2025-08-18 21:00:00,302.94,98720,4.65,189.4,0.237768931348758
2025-08-18 22:00:00,302.02,98710,3.91,187.3,0.224266470347599
2025-08-18 23:00:00,300.65,98730,3.06,184.9,0.201605020775124
2025-08-19,298.81,98760,2.21,178.2,0.171574862902377
2025-08-19 01:00:00,297.78,98790,2.39,175.7,0.151867525501827
2025-08-19 02:00:00,297.2,98800,2.96,176.9,0.140155005013448
2025-08-19 03:00:00,296.74,98790,3.55,178.4,0.131581171736513
2025-08-19 04:00:00,296.38,98770,4,180.1,0.126015311033454
2025-08-19 05:00:00,296.09,98750,4.58,185.3,0.122079859163715
2025-08-19 06:00:00,295.86,98730,4.96,195,0.119547071198886
2025-08-19 07:00:00,295.76,98720,5.33,209.8,0.118186784995316
2025-08-19 08:00:00,295.76,98740,6.34,230.4,0.117731579267544
2025-08-19 09:00:00,295.83,98760,6.07,248.8,0.11901068962331
2025-08-19 10:00:00,296.04,98780,4.61,268.4,0.122827249681328
2025-08-19 11:00:00,296.2,98800,3.49,296.2,0.1257262354138
2025-08-19 12:00:00,296.69,98820,3.71,323.7,0.132465618909892
2025-08-19 13:00:00,296.85,98830,4.5,345.8,0.130983791587952
2025-08-19 14:00:00,297.35,98850,4.84,354.2,0.133463412526441
2025-08-19 15:00:00,298.52,98870,4.89,358,0.146022999374982
2025-08-19 16:00:00,299.64,98870,4.69,358.8,0.159438472828179
2025-08-19 17:00:00,300.43,98850,4.42,357.5,0.170717720074772
2025-08-19 18:00:00,300.89,98840,4.18,354.1,0.177876580352054
2025-08-19 19:00:00,301.09,98830,3.95,350.5,0.180826187668317
2025-08-19 20:00:00,301.05,98800,3.82,346.8,0.18011549901675
2025-08-19 21:00:00,300.59,98790,3.72,345.5,0.171754887164528
2025-08-19 22:00:00,299.76,98800,3.48,345.7,0.159847895627298
2025-08-19 23:00:00,298.66,98830,3.01,347.1,0.146681172397513
2025-08-20,297.25,98870,2.13,350.3,0.132400241043621
2025-08-20 01:00:00,296.37,98910,1.76,354.8,0.122936985570234
2025-08-20 02:00:00,295.88,98950,1.55,355.6,0.117304547991308
2025-08-20 03:00:00,295.44,98980,1.38,349.6,0.112367448385697
2025-08-20 04:00:00,294.76,98990,1.53,340.5,0.104135201284551
2025-08-20 05:00:00,294.19,99000,1.79,340,0.0976236442182019
2025-08-20 06:00:00,293.67,98990,2,343.5,0.0920526033884402
2025-08-20 07:00:00,293.27,99000,2.15,351.2,0.0875525438848082
2025-08-20 08:00:00,292.92,99010,2.26,3.5,0.083700943835227
2025-08-20 09:00:00,292.67,99040,2.45,16.4,0.0805437745081273
2025-08-20 10:00:00,292.52,99060,2.84,26.1,0.0779440381478363
2025-08-20 11:00:00,293.05,99100,3.85,32.4,0.0797700784240375
2025-08-20 12:00:00,294.23,99120,4.89,34.2,0.0871336202961697
2025-08-20 13:00:00,295.31,99130,5.45,34,0.0943518744313885
2025-08-20 14:00:00,296.24,99140,5.81,33.6,0.10140074016269
2025-08-20 15:00:00,297.15,99140,5.99,33.4,0.109097502240928
2025-08-20 16:00:00,297.78,99130,6.09,32.5,0.113526646714316
2025-08-20 17:00:00,298.1,99120,6.21,31.1,0.114587722589106
2025-08-20 18:00:00,298.23,99110,6.39,30.1,0.113249353182259
2025-08-20 19:00:00,298.11,99090,6.56,30.4,0.109578901239832
2025-08-20 20:00:00,297.72,99070,6.62,32.6,0.103428338601652
2025-08-20 21:00:00,297.06,99070,6.54,35.9,0.0947670368031316
2025-08-20 22:00:00,296.07,99080,6.2,38.6,0.0846695474089027
2025-08-20 23:00:00,294.76,99090,5.37,39.8,0.0747346886635787
2025-08-21,292.91,99110,3.61,38.7,0.0650003511936321
2025-08-21 01:00:00,291.77,99150,3.1,33.9,0.0596146446112777
2025-08-21 02:00:00,291.41,99170,3.16,28.1,0.0580990089678724
2025-08-21 03:00:00,291.36,99160,3.34,23.5,0.0583856208859369
2025-08-21 04:00:00,291.1,99140,3.27,20.4,0.0575327307551716
2025-08-21 05:00:00,290.83,99130,3.37,17.4,0.056100248602532
2025-08-21 06:00:00,290.64,99130,3.58,15.2,0.0547071685568213
2025-08-21 07:00:00,290.28,99130,3.24,16.3,0.052705574320788
2025-08-21 08:00:00,289.94,99140,2.85,20.3,0.051307078634102
2025-08-21 09:00:00,289.72,99150,2.63,26.2,0.0504729714117298
2025-08-21 10:00:00,289.54,99170,2.61,33.3,0.0494946279363305
2025-08-21 11:00:00,290.29,99190,2.4,42.8,0.0528516104283362
2025-08-21 12:00:00,293.45,99210,2.76,50.9,0.070638660278284
2025-08-21 13:00:00,295.45,99190,2.92,61.3,0.0785594997845117
2025-08-21 14:00:00,296.63,99180,3.14,54.1,0.0837197124659396
2025-08-21 15:00:00,297.58,99170,3.67,45.8,0.0919815948629183
2025-08-21 16:00:00,298.35,99160,4.24,44.2,0.100750881098044
2025-08-21 17:00:00,298.89,99150,4.74,46.2,0.107478375412909
2025-08-21 18:00:00,299.08,99120,5.07,48.9,0.109996887132692
2025-08-21 19:00:00,298.95,99090,5.13,50.3,0.108659752570368
2025-08-21 20:00:00,298.58,99060,4.96,49.8,0.104636885522074
2025-08-21 21:00:00,298.06,99060,4.54,48.8,0.0991173153707172
2025-08-21 22:00:00,297.29,99050,4.03,47,0.0921872343077941
2025-08-21 23:00:00,296,99050,3.31,48.1,0.0841223601469047
2025-08-22,293.29,99050,2.37,55.5,0.0691422111239974
2025-08-22 01:00:00,291.8,99070,2.33,64.6,0.0592020592250054
2025-08-22 02:00:00,291.25,99090,2.17,74.5,0.0552702567319556
2025-08-22 03:00:00,291.03,99080,1.98,81.9,0.0529839825330063
2025-08-22 04:00:00,290.99,99080,1.82,85.3,0.0518364177273437
2025-08-22 05:00:00,291.05,99090,1.65,84.8,0.0515202927182198
2025-08-22 06:00:00,290.97,99100,1.42,81.1,0.0509483216259198
2025-08-22 07:00:00,291.3,99120,1.17,72.6,0.0524006174992149
2025-08-22 08:00:00,291.51,99130,0.94,53.3,0.0533021020533236
2025-08-22 09:00:00,291.23,99140,0.93,26.8,0.0521244908782016
2025-08-22 10:00:00,290.88,99150,0.99,15.9,0.0505481561638537
2025-08-22 11:00:00,290.86,99160,0.92,17.7,0.0509824335789571
2025-08-22 12:00:00,292.5,99160,0.98,18.4,0.0617755376100254
2025-08-22 13:00:00,294.9,99150,0.6,33.4,0.0763973661407834
2025-08-22 14:00:00,297.05,99130,0.26,100.9,0.0922636983191054
2025-08-22 15:00:00,298.41,99120,0.23,160,0.101195442284332
2025-08-22 16:00:00,299.46,99090,0.39,187.3,0.108215038863023
2025-08-22 17:00:00,300.25,99030,0.56,193.5,0.11464705763254
2025-08-22 18:00:00,300.8,98980,0.68,216,0.119749653426972
2025-08-22 19:00:00,301.09,98930,0.87,239.6,0.122546423155294
2025-08-22 20:00:00,301.07,98880,1.12,249.6,0.122501030193016
2025-08-22 21:00:00,300.73,98820,1.38,250.5,0.119612924064445
2025-08-22 22:00:00,300.07,98790,1.62,248.2,0.115915923867911
2025-08-22 23:00:00,298.91,98770,1.73,247.6,0.109020955289146
2025-08-23,296.09,98770,1.72,242.7,0.0946613588986377
2025-08-23 01:00:00,294.64,98800,2.07,235.2,0.0796147321876244
2025-08-23 02:00:00,293.88,98800,2.4,233.1,0.0737018155822265
2025-08-23 03:00:00,293.49,98790,2.61,236.6,0.0707618429767738
2025-08-23 04:00:00,293.38,98770,2.9,242.5,0.0702866091033175
2025-08-23 05:00:00,292.97,98760,3.25,249.8,0.068572580960309
2025-08-23 06:00:00,292.64,98740,3.65,255.2,0.0680621775086478
2025-08-23 07:00:00,292.28,98720,3.79,256.9,0.0679383559314197
2025-08-23 08:00:00,292.05,98710,4.1,258,0.0681304011993044
2025-08-23 09:00:00,292.19,98690,4.35,260.9,0.0700143896799313
2025-08-23 10:00:00,292.37,98680,4.35,264.7,0.0714987060738585
2025-08-23 11:00:00,292.52,98680,4.22,267.1,0.0721465461692398
2025-08-23 12:00:00,293.41,98690,4.83,268.9,0.0780476981302845
2025-08-23 13:00:00,294.99,98660,4.52,271.9,0.0897511989371286
2025-08-23 14:00:00,297.05,98610,4.69,274.4,0.109169009729014
2025-08-23 15:00:00,299.6,98590,5.27,284.4,0.130522062444104
2025-08-23 16:00:00,300.92,98560,5.72,286,0.139299117188268
2025-08-23 17:00:00,301.35,98530,6.52,287.9,0.140193832590836
2025-08-23 18:00:00,300.94,98520,7.32,290.9,0.128096650653522
2025-08-23 19:00:00,300.12,98530,7.79,293.8,0.11336583831273
2025-08-23 20:00:00,299.16,98530,7.8,297.6,0.101501534554153
2025-08-23 21:00:00,298.17,98530,7.35,303.3,0.0920109452083678
2025-08-23 22:00:00,297.12,98540,6.66,311,0.0830608450578366
2025-08-23 23:00:00,295.72,98560,5.8,317.5,0.0731619119500028
2025-08-24,293.73,98620,4.84,321.3,0.0611694414237651
2025-08-24 01:00:00,292.41,98680,4.8,325.4,0.0538313077554278
2025-08-24 02:00:00,291.24,98710,4.64,328.1,0.0481672982451594
2025-08-24 03:00:00,290.18,98720,4.35,328.4,0.0437738483414098
2025-08-24 04:00:00,289.51,98740,4.27,326.6,0.0412709057384047
2025-08-24 05:00:00,288.96,98750,4.13,323.6,0.0393457651951741
2025-08-24 06:00:00,288.31,98780,3.75,317.9,0.0370136170445802
2025-08-24 07:00:00,287.86,98780,3.77,310.6,0.0353647555070356
2025-08-24 08:00:00,287.84,98810,4.18,305.4,0.0352486251751813
2025-08-24 09:00:00,287.55,98810,4,301.7,0.0342645450621751
2025-08-24 10:00:00,286.76,98790,3.44,298.1,0.0317251650131497
2025-08-24 11:00:00,286.68,98790,3.89,293.8,0.0312439165455432
2025-08-24 12:00:00,288.19,98790,4.59,290.2,0.0357185573783275
2025-08-24 13:00:00,290.92,98780,5.07,292.9,0.0432100024442679
2025-08-24 14:00:00,292.8,98770,5.64,296.1,0.0492156922908596
2025-08-24 15:00:00,293.98,98760,6.06,294.1,0.0542637882569493
2025-08-24 16:00:00,294.84,98730,6.46,293.1,0.0580588698305639
2025-08-24 17:00:00,295.57,98710,6.82,294.3,0.0616522111188022
2025-08-24 18:00:00,295.78,98670,7.04,297.1,0.0622971117529777
2025-08-24 19:00:00,295.83,98640,7.21,300.6,0.0620695031378492
2025-08-24 20:00:00,295.46,98630,7.33,303.7,0.0596544391465568
2025-08-24 21:00:00,294.9,98640,7.27,306.3,0.0560855885915538
2025-08-24 22:00:00,293.95,98680,6.86,308.8,0.0509149078196234
2025-08-24 23:00:00,292.81,98700,6.08,311.9,0.0465059350028056
2025-08-25,290.61,98730,4.24,314.9,0.0401404325546437
2025-08-25 01:00:00,289.06,98780,3.59,316.6,0.0358080904018979
2025-08-25 02:00:00,288.36,98810,3.6,316.7,0.0336323907213619
2025-08-25 03:00:00,287.8,98830,3.85,316.4,0.0318085472476351
2025-08-25 04:00:00,287.23,98850,4.1,316.7,0.0300914479344855
2025-08-25 05:00:00,286.63,98880,4.19,316.9,0.0283104577076954
2025-08-25 06:00:00,286,98910,4.13,316.6,0.026402162474741
2025-08-25 07:00:00,285.39,98930,4.02,315.6,0.0245454534177283
2025-08-25 08:00:00,284.84,98930,3.9,315.9,0.0229046184882914
2025-08-25 09:00:00,284.33,98920,3.72,316.7,0.0215300997445289
2025-08-25 10:00:00,283.88,98920,3.61,316.7,0.0204053408775042
2025-08-25 11:00:00,284.13,98970,4.12,315.2,0.0206887030199899
2025-08-25 12:00:00,285.79,99040,4.55,310.4,0.0238616007410673
2025-08-25 13:00:00,288.43,99090,5.41,316,0.0288482287845733
2025-08-25 14:00:00,290.35,99110,5.48,315.5,0.0330611485308673
2025-08-25 15:00:00,291.88,99100,5.44,315.7,0.0373771908160125
2025-08-25 16:00:00,293.12,99090,5.28,315.4,0.041806618560545
2025-08-25 17:00:00,294.05,99070,5.1,314.9,0.0457293084972329
2025-08-25 18:00:00,294.74,99070,5.08,312.8,0.0487741016746068
2025-08-25 19:00:00,295.01,99050,5.12,311,0.0497753868341639
2025-08-25 20:00:00,295.07,99050,5.17,311.2,0.0497784953780286
2025-08-25 21:00:00,294.71,99040,5.18,313.9,0.0482170095224192
2025-08-25 22:00:00,293.9,99050,5,318.2,0.0451015139514428
2025-08-25 23:00:00,292.57,99070,4.08,323.6,0.0417821444363565
2025-08-26,290.4,99120,2.93,327.1,0.0376420314545471
2025-08-26 01:00:00,289.12,99190,2.92,330.2,0.033677048986787
2025-08-26 02:00:00,288.43,99250,2.9,332.5,0.0314380054750968
2025-08-26 03:00:00,287.4,99270,2.99,332.7,0.0281438848000893
2025-08-26 04:00:00,286.37,99290,3.2,331.7,0.0249406161292383
2025-08-26 05:00:00,285.78,99310,3.46,330.9,0.0231783498252635
2025-08-26 06:00:00,285.24,99310,3.53,331.2,0.0217772088697456
2025-08-26 07:00:00,284.68,99320,3.45,331.7,0.0205153445410849
2025-08-26 08:00:00,284.17,99330,3.31,330.3,0.0194452426623138
2025-08-26 09:00:00,283.67,99360,3.06,327.4,0.0184397733866155
2025-08-26 10:00:00,283.21,99400,2.84,323.7,0.0175898936931633
2025-08-26 11:00:00,283.57,99450,2.81,319.9,0.0182513703253439
2025-08-26 12:00:00,286.05,99510,3.78,313.9,0.0230116013693879
2025-08-26 13:00:00,288.7,99560,3.19,303.1,0.029924472277435
2025-08-26 14:00:00,292.45,99580,4.51,307.9,0.0384635572836634
2025-08-26 15:00:00,294.01,99580,4.88,308.3,0.0432898519471675
2025-08-26 16:00:00,295.05,99560,4.99,307.4,0.047136290365571
2025-08-26 17:00:00,295.79,99500,5.07,307.1,0.0501109455640435
2025-08-26 18:00:00,296.11,99460,5.17,309.3,0.051411432098029
2025-08-26 19:00:00,296.3,99430,5.19,312.6,0.052342375368505
2025-08-26 20:00:00,296.18,99410,5.12,316.1,0.0519663643884268
2025-08-26 21:00:00,295.72,99410,4.81,321.7,0.0502516159403499
2025-08-26 22:00:00,294.99,99420,4.39,328.5,0.0471371207317764
2025-08-26 23:00:00,293.39,99410,3.21,334.2,0.045027031980729
2025-08-27,290.07,99440,2.51,337.5,0.0374204182620856
2025-08-27 01:00:00,288.68,99500,2.55,337.7,0.0322561204269301
2025-08-27 02:00:00,287.93,99560,2.45,335.4,0.0294791839473192
2025-08-27 03:00:00,287.31,99580,2.32,328.8,0.0272553693992504
2025-08-27 04:00:00,286.92,99590,2.12,320.2,0.0257063650392871
2025-08-27 05:00:00,286.67,99600,1.94,310.6,0.0245473083777697
2025-08-27 06:00:00,286.42,99600,1.76,299.6,0.0234876540492159
2025-08-27 07:00:00,286.03,99590,1.7,286.4,0.0223125339798709
2025-08-27 08:00:00,285.39,99580,1.87,275.5,0.0209562227834503
2025-08-27 09:00:00,284.65,99590,2.13,274.6,0.0196099445663729
2025-08-27 10:00:00,284.1,99590,2.27,278.6,0.0187127850407579
2025-08-27 11:00:00,284.19,99600,2.2,282.1,0.0192564806892327
2025-08-27 12:00:00,287.12,99630,2.45,283.2,0.0258553161440972
2025-08-27 13:00:00,289.48,99650,2.09,273.6,0.032030939456866
2025-08-27 14:00:00,293.61,99650,2.34,267.1,0.0443027082169719
2025-08-27 15:00:00,295.93,99620,2.88,265.6,0.0529069208331817
2025-08-27 16:00:00,296.98,99580,3.3,263.2,0.0581739776761066
2025-08-27 17:00:00,297.75,99510,3.68,263.6,0.063154257221556
2025-08-27 18:00:00,298.26,99430,3.9,264.6,0.0676700110527382
2025-08-27 19:00:00,298.48,99350,4.02,264.1,0.0714062646327506
2025-08-27 20:00:00,298.3,99280,4.28,264.2,0.0729883776549419
2025-08-27 21:00:00,297.71,99230,4.4,265.2,0.0718637351568406
2025-08-27 22:00:00,296.63,99220,4.19,265.9,0.0676006146194571
2025-08-27 23:00:00,295.16,99210,3.19,268.7,0.0652945133066859
2025-08-28,292.36,99220,2.44,272.3,0.0554705456779725
2025-08-28 01:00:00,290.72,99250,2.65,273.2,0.0469007320370409
2025-08-28 02:00:00,289.79,99260,2.74,270.2,0.0422652506478698
2025-08-28 03:00:00,289.01,99260,2.92,265.5,0.0386715635682328
2025-08-28 04:00:00,288.5,99240,3.18,261.7,0.036443707885871
2025-08-28 05:00:00,288.39,99250,3.71,261,0.0356834888065121
2025-08-28 06:00:00,288.57,99240,4.45,262,0.0360625090557788
2025-08-28 07:00:00,288.72,99220,4.87,263.2,0.0368608362786156
2025-08-28 08:00:00,288.48,99210,4.86,263.4,0.0369689960881828
2025-08-28 09:00:00,288.24,99210,4.74,260.9,0.0371908462026554
2025-08-28 10:00:00,288.11,99200,4.09,254.1,0.0372973135845135
2025-08-28 11:00:00,287.92,99180,3.59,245.6,0.0366194167639326
2025-08-28 12:00:00,288.44,99180,3.7,245.1,0.0387758292317293
2025-08-28 13:00:00,290.22,99180,3.74,260.8,0.0465533065568465
2025-08-28 14:00:00,293.2,99180,3.37,289.6,0.0606301921240116
2025-08-28 15:00:00,296.1,99160,2.91,329.2,0.0777354959442862
2025-08-28 16:00:00,297.83,99140,2.88,347.8,0.0892968761058255
2025-08-28 17:00:00,298.95,99120,3.21,354.8,0.0955888369516659
2025-08-28 18:00:00,299.52,99090,3.56,2.4,0.0983593069223453
2025-08-28 19:00:00,299.6,99070,3.95,10.9,0.0986643694946611
2025-08-28 20:00:00,298.89,99050,4.36,18.8,0.0933305056097919
2025-08-28 21:00:00,297.9,99070,4.7,26,0.0878449984684898
2025-08-28 22:00:00,296.44,99100,4.95,33.3,0.0797867077009445
2025-08-28 23:00:00,294.55,99160,5.05,42.6,0.0694652271476375
2025-08-29,292.35,99210,4.59,51,0.0573579315961685
2025-08-29 01:00:00,290.9,99290,4.32,54.6,0.0482005236048084
2025-08-29 02:00:00,289.88,99330,3.85,54.7,0.0410787224837035
2025-08-29 03:00:00,288.96,99350,3.48,55.5,0.0358230538019521
2025-08-29 04:00:00,288.23,99360,3.31,58.2,0.0328015717867273
2025-08-29 05:00:00,287.71,99370,3.2,61.4,0.0311699257080615
2025-08-29 06:00:00,287.27,99360,3.1,64.8,0.0299194438386388
2025-08-29 07:00:00,286.83,99350,2.97,68,0.0286773948297687
2025-08-29 08:00:00,286.3,99360,2.87,70.4,0.0270523408910489
2025-08-29 09:00:00,285.85,99390,2.7,70.8,0.0256667115639816
2025-08-29 10:00:00,285.62,99410,2.45,69.4,0.0247640811850807
2025-08-29 11:00:00,285.97,99440,2.2,67.3,0.0255587704330515
2025-08-29 12:00:00,288.83,99460,2.22,63.8,0.0342495961101704
2025-08-29 13:00:00,290.96,99480,2.66,60.4,0.0381396667781348
2025-08-29 14:00:00,292.71,99480,2.8,52.8,0.0423385101311418
2025-08-29 15:00:00,294.36,99480,3.03,46.2,0.0470612212295581
2025-08-29 16:00:00,295.42,99450,3.08,44.7,0.0525346470207172
2025-08-29 17:00:00,295.88,99420,2.89,51.5,0.0549345506752157
2025-08-29 18:00:00,296.53,99370,2.74,60.7,0.0585449900133443
2025-08-29 19:00:00,296.88,99290,2.75,69.8,0.060948397811703
2025-08-29 20:00:00,296.73,99220,2.98,78.2,0.0609255196523106
2025-08-29 21:00:00,296.08,99170,3.11,82.6,0.058738031462522
2025-08-29 22:00:00,295.1,99170,2.67,81.6,0.0556749659700688
2025-08-29 23:00:00,293.37,99170,2.38,86.4,0.0512889412516775
2025-08-30,291.23,99180,2.66,93.4,0.0448139756928315
2025-08-30 01:00:00,289.86,99200,3.31,94.2,0.0385328919446536
2025-08-30 02:00:00,289.12,99240,3.31,90.2,0.0357262658252324
2025-08-30 03:00:00,288.78,99250,2.94,83.9,0.0345650654018417
2025-08-30 04:00:00,288.66,99260,2.51,79,0.0343529142723896
2025-08-30 05:00:00,288.62,99280,2.03,81.2,0.0348688810388086
2025-08-30 06:00:00,288.66,99270,1.69,90.3,0.0359445801346717
2025-08-30 07:00:00,288.78,99260,1.49,108.4,0.0360724832115953
2025-08-30 08:00:00,289.17,99260,1.22,128.7,0.0359863935010307
2025-08-30 09:00:00,289.28,99280,0.99,142.8,0.0354802087188232
2025-08-30 10:00:00,289.2,99280,0.89,140.9,0.0342555530683697
2025-08-30 11:00:00,289.3,99320,0.87,129.4,0.0343903401144134
2025-08-30 12:00:00,290.44,99360,0.99,115,0.0406234605226354
2025-08-30 13:00:00,292.04,99380,1.55,103,0.0453895841900629
2025-08-30 14:00:00,293.5,99400,1.74,102.6,0.0508629338247404
2025-08-30 15:00:00,295,99410,1.68,103,0.058477146055562
2025-08-30 16:00:00,296.21,99400,1.44,96,0.0663264623700761
2025-08-30 17:00:00,297.19,99380,1.4,70.4,0.0731988951206404
2025-08-30 18:00:00,297.44,99350,1.98,53,0.07495547879344
2025-08-30 19:00:00,297.97,99320,2.6,49.7,0.0781816460142166
2025-08-30 20:00:00,297.94,99280,3.23,50.8,0.0771176396078562
2025-08-30 21:00:00,297.12,99260,3.65,55.3,0.0719396079348085
2025-08-30 22:00:00,295.94,99260,3.79,61.3,0.0655363598104979
2025-08-30 23:00:00,294.1,99290,3.96,66.7,0.0573576263385985
2025-08-31,291.11,99340,3.37,68.6,0.045331335940914
2025-08-31 01:00:00,289.72,99410,3.31,68.8,0.0396925116034105
2025-08-31 02:00:00,288.91,99470,3.06,66.7,0.0365802381976538
2025-08-31 03:00:00,288.3,99490,2.93,62.4,0.0339881746750668
2025-08-31 04:00:00,287.86,99510,2.95,59.4,0.0318349925621096
2025-08-31 05:00:00,287.42,99530,3,59.3,0.0297129384857992
2025-08-31 06:00:00,286.95,99530,2.94,60.9,0.0275871793008781
2025-08-31 07:00:00,286.58,99530,2.77,64.1,0.0257383008215631
2025-08-31 08:00:00,286.55,99550,2.46,66.3,0.0246729316024235
2025-08-31 09:00:00,286.58,99570,2.14,68.1,0.0240258202363739
2025-08-31 10:00:00,286.43,99600,1.87,64.3,0.0234759310448608
2025-08-31 11:00:00,286.43,99650,1.65,55.2,0.0237026509087204
2025-08-31 12:00:00,288.53,99690,1.51,45.5,0.031920799531664
2025-08-31 13:00:00,291.39,99710,1.71,48.1,0.0374883966160869
2025-08-31 14:00:00,293.44,99720,1.67,55,0.041633028853816
2025-08-31 15:00:00,295.13,99740,1.69,65.1,0.0462744680296929
2025-08-31 16:00:00,296.55,99720,1.82,75.7,0.0516995112743519
2025-08-31 17:00:00,297.63,99690,2,81.4,0.0571488170554549
2025-08-31 18:00:00,298.37,99660,2.16,82,0.0615724972112174
2025-08-31 19:00:00,298.75,99620,2.37,78.8,0.0643782232876939
2025-08-31 20:00:00,298.7,99560,2.73,73.6,0.0649514623683826
2025-08-31 21:00:00,298.16,99520,3.05,70.9,0.0638481093532444
2025-08-31 22:00:00,297.15,99520,3.21,67.8,0.0603057668303161
2025-08-31 23:00:00,294.9,99530,2.74,64.7,0.0571861188765549
2025-09-01,291.04,99560,2.65,63.8,0.0446794841878186
2025-09-01 01:00:00,289.68,99610,2.76,63.8,0.0392496991596757
2025-09-01 02:00:00,288.9,99640,2.73,63,0.0364635175767274
2025-09-01 03:00:00,288.31,99640,2.64,62.8,0.0341446607380625
2025-09-01 04:00:00,288.06,99640,2.55,65.1,0.0328477068224909
2025-09-01 05:00:00,288.03,99640,2.43,68.7,0.0324855251737269
2025-09-01 06:00:00,288.08,99650,2.3,72,0.0328995625238764
2025-09-01 07:00:00,288.21,99640,2.16,74.4,0.0341055397703314
2025-09-01 08:00:00,288.34,99650,1.99,76.9,0.0356710437437316
2025-09-01 09:00:00,288.44,99650,1.75,74.8,0.0371162039473673
2025-09-01 10:00:00,288.04,99650,1.52,61.8,0.0365772423468613
2025-09-01 11:00:00,287.92,99650,1.61,43,0.0365654055576828
2025-09-01 12:00:00,289.99,99660,1.88,31.1,0.0455755724614182
2025-09-01 13:00:00,292.84,99650,2.3,31.1,0.0565352400483441
2025-09-01 14:00:00,295.61,99640,2.17,47.2,0.0620418000082724
2025-09-01 15:00:00,297.14,99630,2.3,61.6,0.064468961698842
2025-09-01 16:00:00,298.23,99600,2.58,71.7,0.0683934687989514
2025-09-01 17:00:00,299.04,99550,2.93,76.6,0.0716354715216044
2025-09-01 18:00:00,299.56,99500,3.27,78,0.0734023182464393
2025-09-01 19:00:00,299.71,99440,3.54,76.8,0.0732088121891834
2025-09-01 20:00:00,299.44,99380,3.73,74.1,0.0711325376170117
2025-09-01 21:00:00,298.85,99340,3.67,71.6,0.0675086545663271
2025-09-01 22:00:00,297.69,99330,3.37,69.7,0.0631428998084494
2025-09-01 23:00:00,295.42,99330,2.45,69.7,0.0612263429711581
2025-09-02,291.73,99340,2.4,73.1,0.0486933903250472
2025-09-02 01:00:00,290.5,99370,2.36,75.8,0.0429634718310369
2025-09-02 02:00:00,290,99370,2.13,76.2,0.040505870633783
2025-09-02 03:00:00,289.81,99340,1.94,75.4,0.0388018938034824
2025-09-02 04:00:00,289.55,99320,1.88,74.3,0.0369709960737161
2025-09-02 05:00:00,289.21,99310,1.9,72.5,0.0354506946822949
2025-09-02 06:00:00,288.92,99300,1.91,69.2,0.0345859062190382
2025-09-02 07:00:00,288.74,99300,1.84,63.9,0.0346604726093469
2025-09-02 08:00:00,288.28,99300,1.68,56.7,0.0342430046134282
2025-09-02 09:00:00,288.08,99290,1.55,43.7,0.034369654383829
2025-09-02 10:00:00,287.99,99280,1.62,24.5,0.0344741132026641
2025-09-02 11:00:00,287.42,99280,1.85,12.2,0.0328169729049053
2025-09-02 12:00:00,289.5,99260,2.1,6.8,0.0409407594186216
2025-09-02 13:00:00,291.86,99230,2.6,5.1,0.0492983758203134
2025-09-02 14:00:00,294.99,99200,2.21,8.3,0.056318522054253
2025-09-02 15:00:00,296.96,99170,1.37,11.4,0.0595866369858416
2025-09-02 16:00:00,298.32,99130,0.54,15.1,0.0652899061447303
2025-09-02 17:00:00,299.37,99050,0.12,284,0.0702293163595493
2025-09-02 18:00:00,300.16,98980,0.52,252.3,0.0741028568247752
2025-09-02 19:00:00,300.49,98900,0.93,259.4,0.0775416164916914
2025-09-02 20:00:00,300.34,98830,1.27,262.8,0.0797497717194434
2025-09-02 21:00:00,299.73,98770,1.55,264.4,0.0802266640587022
2025-09-02 22:00:00,298.79,98750,1.77,268.4,0.0787639990517993
2025-09-02 23:00:00,296.84,98730,1.57,274,0.0805334410846185
2025-09-03,294,98720,1.69,281.6,0.0654155262036357
2025-09-03 01:00:00,292.8,98740,1.83,287.1,0.0572406456200556
2025-09-03 02:00:00,291.75,98740,2.01,289.5,0.0520241272472287
2025-09-03 03:00:00,290.99,98720,2.16,286.4,0.0488692993749046
2025-09-03 04:00:00,290.75,98670,2.2,278.4,0.0484083069603385
2025-09-03 05:00:00,290.38,98630,2.28,266.7,0.0465225131398091
2025-09-03 06:00:00,289.6,98580,2.57,257.2,0.0421929980174249
2025-09-03 07:00:00,289.28,98540,2.84,250.5,0.0403353363345987
2025-09-03 08:00:00,289.13,98500,3.21,246.1,0.0393095122938139
2025-09-03 09:00:00,289.06,98460,3.73,243.4,0.0391737092705581
2025-09-03 10:00:00,289.05,98410,4.48,241.8,0.0397009249214214
2025-09-03 11:00:00,289.19,98360,4.96,239.6,0.0402126126281751
2025-09-03 12:00:00,289.99,98310,5.6,236.4,0.0435829426811253
2025-09-03 13:00:00,291.44,98260,5.49,231.5,0.050512180502751
2025-09-03 14:00:00,294.5,98210,6.87,241.6,0.0641090644499604
2025-09-03 15:00:00,296.81,98150,8.05,252.1,0.0788581226618822
2025-09-03 16:00:00,296.38,98100,8.12,257,0.0796536642914801
2025-09-03 17:00:00,294.52,98100,7.96,263.3,0.0726994405632805
2025-09-03 18:00:00,293.56,98060,7.3,271.3,0.0694466936575265
2025-09-03 19:00:00,293.69,98020,6.7,280.1,0.0703381449864744
2025-09-03 20:00:00,293.66,98010,6.48,291.5,0.0676688315508547
2025-09-03 21:00:00,293.18,98010,6.04,301.5,0.0607037566986597
2025-09-03 22:00:00,292.56,98020,5.38,307.7,0.0531353466724202
2025-09-03 23:00:00,291.35,98010,4.3,311.3,0.045377019733006
2025-09-04,289.5,98050,3.9,316.4,0.0367810445117634
2025-09-04 01:00:00,288.54,98120,4.6,324.4,0.0317114255223524
2025-09-04 02:00:00,287.73,98160,4.74,330.3,0.0282266283582525
2025-09-04 03:00:00,287.03,98170,4.46,331.9,0.0258837484464215
2025-09-04 04:00:00,286.43,98190,4.32,330.3,0.0243318397444402
2025-09-04 05:00:00,285.82,98220,4.17,328.3,0.0230616697860482
2025-09-04 06:00:00,285.17,98220,4.05,326.6,0.0217254849858909
2025-09-04 07:00:00,283.94,98220,3.54,325.4,0.0192381645888334
2025-09-04 08:00:00,282.79,98240,3.52,325,0.0169720134134602
2025-09-04 09:00:00,281.92,98240,3.36,325.9,0.015303744772263
2025-09-04 10:00:00,281.4,98250,3.25,327,0.0142043274761061
2025-09-04 11:00:00,281.28,98300,3.59,325.6,0.0137064941013973
2025-09-04 12:00:00,282.56,98360,3.85,322.7,0.0149805436299408
2025-09-04 13:00:00,285.11,98370,3.91,317,0.0175183199802162
2025-09-04 14:00:00,287.34,98360,4.23,307.4,0.0196411854547386
2025-09-04 15:00:00,288.94,98350,4.5,295.3,0.0218148278147017
2025-09-04 16:00:00,290.3,98310,4.63,282.2,0.0241723656288181
2025-09-04 17:00:00,291.43,98240,4.81,272.9,0.0263731655724767
2025-09-04 18:00:00,292.34,98180,4.95,263.5,0.0283783646352676
2025-09-04 19:00:00,292.97,98100,5.11,254.9,0.0302017501394586
2025-09-04 20:00:00,293.26,98030,5.02,248,0.0313295402260125
2025-09-04 21:00:00,293.14,97970,4.97,236.1,0.0314832354066445
2025-09-04 22:00:00,292.52,97920,5.29,227,0.0301068622779527
2025-09-04 23:00:00,290.81,97900,4.25,222.9,0.0279593293632513
2025-09-05,287.3,97900,3.29,222.9,0.0225019993908396
2025-09-05 01:00:00,286.18,97930,3.32,223.7,0.0202343970384706
2025-09-05 02:00:00,285.5,97910,3.37,218.6,0.0187977519863502
2025-09-05 03:00:00,285.58,97850,3.85,208.4,0.0183986816928701
2025-09-05 04:00:00,286.59,97750,5.82,198.4,0.0191772672896428
2025-09-05 05:00:00,286.31,97690,7.18,202.4,0.0182118991414164
2025-09-05 06:00:00,286.11,97680,7.52,215.7,0.0179312189733131
2025-09-05 07:00:00,286.07,97640,7.43,220.5,0.0184320863739026
2025-09-05 08:00:00,285.64,97630,7.34,228.8,0.0184966854743949
2025-09-05 09:00:00,284.91,97670,6.47,235.5,0.0179753268165716
2025-09-05 10:00:00,284.34,97710,6.17,239,0.0179223616113807
2025-09-05 11:00:00,284.06,97750,6.1,241.2,0.0184907980336059
2025-09-05 12:00:00,285.38,97840,6.89,253.7,0.0222061728248215
2025-09-05 13:00:00,287.35,97930,9.34,277.6,0.0245332131348087
2025-09-05 14:00:00,288.41,98020,9.85,285,0.0234967413523742
2025-09-05 15:00:00,289.32,98110,9.22,286.9,0.0235994441605304
2025-09-05 16:00:00,290.34,98200,8.55,286.7,0.0250539932005865
2025-09-05 17:00:00,291.47,98270,8.06,283.4,0.0274677547829217
2025-09-05 18:00:00,292.48,98310,7.97,279.2,0.0300993948142187
2025-09-05 19:00:00,293.09,98320,8.07,278.8,0.0321715463836846
2025-09-05 20:00:00,293.13,98320,8.1,283.2,0.0329769808710204
2025-09-05 21:00:00,292.34,98350,7.88,287,0.0314234087147438
2025-09-05 22:00:00,291.18,98430,7.33,287.9,0.0285663383380961
2025-09-05 23:00:00,289.68,98520,5.96,289.1,0.0252942373376755
2025-09-06,286.89,98610,3.91,290.8,0.0209658775400542
2025-09-06 01:00:00,285.91,98690,3.68,294.4,0.0194876118193592
2025-09-06 02:00:00,285.23,98740,3.55,294.8,0.0184021008095751
2025-09-06 03:00:00,284.82,98760,3.65,293.1,0.0177858595759615
2025-09-06 04:00:00,284.38,98790,3.79,287.8,0.0171773953229294
2025-09-06 05:00:00,283.52,98800,3.87,281.9,0.0159748768878329
2025-09-06 06:00:00,282.74,98820,4.24,276.5,0.0148699348511853
2025-09-06 07:00:00,282.11,98830,4.63,271.9,0.0140689858999078
2025-09-06 08:00:00,281.47,98850,4.67,266.4,0.0133126254067548
2025-09-06 09:00:00,280.97,98870,4.48,263.3,0.0126984289375505
2025-09-06 10:00:00,280.5,98890,4.21,261.5,0.0121261567622142
2025-09-06 11:00:00,280.36,98920,4.15,260.2,0.0119721414815453
2025-09-06 12:00:00,281.81,98970,4.76,258.9,0.0136453183419003
2025-09-06 13:00:00,284.65,99000,5.03,266.8,0.0170692290208736
2025-09-06 14:00:00,287.81,99020,5.67,279.1,0.0205823668923942
2025-09-06 15:00:00,289.92,99040,6.14,281.7,0.0233185217413697
2025-09-06 16:00:00,291.32,99030,6.46,282.4,0.0257660176094146
2025-09-06 17:00:00,292.4,99010,6.56,282.9,0.0280610405335953
2025-09-06 18:00:00,293.15,98970,6.57,284.2,0.0298894563883994
2025-09-06 19:00:00,293.56,98930,6.31,286.7,0.0311214130937872
2025-09-06 20:00:00,293.59,98890,6.17,289.3,0.0313842282160389
2025-09-06 21:00:00,293.19,98890,6.15,290.9,0.0305823765715701
2025-09-06 22:00:00,292.3,98920,6.01,293,0.0285302307493072
2025-09-06 23:00:00,290.44,98960,4.65,296.3,0.0257925162246568
2025-09-07,287.45,99010,3.47,301.6,0.0218177317643187
2025-09-07 01:00:00,286.54,99090,3.7,308.2,0.020115469133772
2025-09-07 02:00:00,285.48,99120,3.51,314.2,0.0185238760207382
2025-09-07 03:00:00,284.31,99150,3.13,318.4,0.0168722930827476
2025-09-07 04:00:00,283.47,99160,2.88,318.9,0.0156639635803031
2025-09-07 05:00:00,282.77,99190,2.83,317,0.0145104025346517
2025-09-07 06:00:00,282.12,99220,2.83,314.1,0.0134589010564191
2025-09-07 07:00:00,281.56,99250,2.94,313.2,0.0126226001159888
2025-09-07 08:00:00,281.08,99320,3.04,316.6,0.0119561217755584
2025-09-07 09:00:00,280.53,99370,3.03,320.2,0.0112547364355618
2025-09-07 10:00:00,279.92,99400,2.93,321.5,0.0105887204161381
2025-09-07 11:00:00,279.58,99440,2.88,320.3,0.0102952859817824
2025-09-07 12:00:00,281.66,99490,3.97,318.1,0.0126950654890853
2025-09-07 13:00:00,284.49,99520,3.53,314.4,0.0166553817887916
2025-09-07 14:00:00,288.01,99560,4.36,319.9,0.0218673616040869
2025-09-07 15:00:00,289.97,99590,4.42,321.2,0.0256303056693234
2025-09-07 16:00:00,291.57,99600,4.4,323.6,0.0288045695920471
2025-09-07 17:00:00,292.82,99590,4.29,324.7,0.0316428337582174
2025-09-07 18:00:00,293.7,99560,4.14,325.2,0.0340235566343791
2025-09-07 19:00:00,294.12,99530,4,325.1,0.0351982766807488
2025-09-07 20:00:00,294.13,99490,3.9,324.8,0.0349243785594584
2025-09-07 21:00:00,293.72,99490,3.64,323.4,0.0336557521003913
2025-09-07 22:00:00,292.85,99490,3.27,321,0.0313575346231261
2025-09-07 23:00:00,290.58,99510,2.11,321.2,0.0312137507204914
2025-09-08,287.31,99550,2.24,326.1,0.0241182606907402
2025-09-08 01:00:00,286.42,99610,2.18,332.1,0.0214454101059476
2025-09-08 02:00:00,285.99,99660,1.95,336.1,0.0199566837495492
2025-09-08 03:00:00,285.88,99700,1.52,337.1,0.0189913846886758
2025-09-08 04:00:00,286.01,99730,0.86,336.7,0.0183814330543196
2025-09-08 05:00:00,286.1,99750,0.02,243.4,0.0180760297191643
2025-09-08 06:00:00,285.1,99760,1.06,162.4,0.0163638110922338
2025-09-08 07:00:00,283.19,99770,2.04,165.6,0.0140827480104099
2025-09-08 08:00:00,281.73,99780,2.78,169.6,0.0123975341581224
2025-09-08 09:00:00,281.06,99800,3,174.6,0.0116252908859077
2025-09-08 10:00:00,280.51,99830,2.98,178.5,0.0109603485420124
2025-09-08 11:00:00,280.12,99850,2.87,180.6,0.0105101789427162
2025-09-08 12:00:00,282.56,99870,3.66,183,0.0132779762048912
2025-09-08 13:00:00,284.99,99870,3.36,183.2,0.0166587610366673
2025-09-08 14:00:00,288.92,99850,3.23,182.5,0.0227116216098976
2025-09-08 15:00:00,292.49,99840,2.99,182.3,0.0282484740190877
2025-09-08 16:00:00,294.08,99800,2.87,175,0.0314725943908116
2025-09-08 17:00:00,295.21,99730,2.93,167.6,0.0338130295019216
2025-09-08 18:00:00,296.03,99650,2.97,165.6,0.0355258001302877
2025-09-08 19:00:00,296.48,99560,2.9,168.1,0.0363482883282039
2025-09-08 20:00:00,296.58,99500,2.71,173.2,0.0363988128877548
2025-09-08 21:00:00,296.27,99460,2.52,174.8,0.0354376183299362
2025-09-08 22:00:00,295.31,99420,2.36,165,0.0337579085935496
2025-09-08 23:00:00,292.24,99400,1.99,146.1,0.0373487196349332
2025-09-09,288.72,99400,2.78,137.9,0.0255903206906379
2025-09-09 01:00:00,287.38,99420,3.17,139,0.0219139195621618
2025-09-09 02:00:00,286.52,99410,3.42,144.4,0.0196885810116885
2025-09-09 03:00:00,285.88,99400,3.57,152.1,0.0179262748842392
2025-09-09 04:00:00,285.42,99380,3.71,160.3,0.0164317640576849
2025-09-09 05:00:00,284.84,99380,3.74,168.1,0.0150027153280831
2025-09-09 06:00:00,283.99,99400,3.57,175.3,0.0137058670205891
2025-09-09 07:00:00,283.12,99430,3.43,182.2,0.0126236492884145
2025-09-09 08:00:00,282.41,99440,3.35,187,0.011820621217515
2025-09-09 09:00:00,281.85,99440,3.25,189.9,0.0113159858874883
2025-09-09 10:00:00,281.37,99440,3.17,191.1,0.0109533735298164
2025-09-09 11:00:00,281.18,99430,3.06,190.7,0.010870251713458
2025-09-09 12:00:00,283.84,99410,3.53,188.5,0.0139699750870832
2025-09-09 13:00:00,286.21,99380,3.61,185.1,0.0170829001548765
2025-09-09 14:00:00,289.04,99360,3,184,0.0231971312099928
2025-09-09 15:00:00,293.15,99370,3.89,202.9,0.0290474957300737
2025-09-09 16:00:00,295.52,99360,3.81,206.6,0.0324804757234347
2025-09-09 17:00:00,296.89,99320,3.28,198.5,0.037731668551708
2025-09-09 18:00:00,297.76,99240,3.26,185.1,0.0415074821289534
2025-09-09 19:00:00,298.1,99150,3.57,178.4,0.0431072157423039
2025-09-09 20:00:00,298.13,99090,3.68,177.4,0.0438445240480967
2025-09-09 21:00:00,297.75,99060,3.44,178.2,0.0440077407585803
2025-09-09 22:00:00,296.71,99060,3.09,177.4,0.0436524994415303
2025-09-09 23:00:00,293.48,99070,2.26,175.4,0.0463686987202973
2025-09-10,290.64,99100,2.68,179.4,0.0359244077322086
2025-09-10 01:00:00,290.16,99150,2.65,183.5,0.0341239138944468
2025-09-10 02:00:00,289.8,99180,2.43,179.8,0.0328925454285295
2025-09-10 03:00:00,289.77,99190,2.1,165.4,0.0318735959832676
2025-09-10 04:00:00,289.53,99190,2.04,149.7,0.0304766819989052
2025-09-10 05:00:00,289.02,99210,2.13,148.3,0.0287754910096934
2025-09-10 06:00:00,288.15,99220,2.26,157.1,0.0264674449322306
2025-09-10 07:00:00,287.12,99220,2.42,166.1,0.0244011254262532
2025-09-10 08:00:00,286.32,99220,2.43,174.3,0.0229866748856692
2025-09-10 09:00:00,285.85,99220,2.38,186,0.0219799969028728
2025-09-10 10:00:00,285.78,99240,2.22,199.7,0.021550930057053
2025-09-10 11:00:00,286.63,99260,1.83,208.1,0.0239113203468453
2025-09-10 12:00:00,287.9,99290,1.25,198.1,0.0277247421230239
2025-09-10 13:00:00,289.14,99310,0.84,181.4,0.0323945091087617
2025-09-10 14:00:00,290.3,99330,0.85,153.4,0.0357483856116499
2025-09-10 15:00:00,292.17,99350,0.93,125.4,0.0411249516876454
2025-09-10 16:00:00,295.99,99340,1.04,136.9,0.0535943859192325
2025-09-10 17:00:00,298.88,99300,1.48,157.4,0.0598190264301345
2025-09-10 18:00:00,300.21,99260,1.55,163.5,0.0609532478528706
2025-09-10 19:00:00,300.91,99200,1.26,168.5,0.0612048979861402
2025-09-10 20:00:00,301.02,99170,0.75,176.2,0.0609711239903904
2025-09-10 21:00:00,300.45,99140,0.21,166,0.0616827441694808
2025-09-10 22:00:00,299.27,99150,0.46,40.6,0.0642116153880643
2025-09-10 23:00:00,296.63,99160,1.3,51.5,0.0739301602137514
2025-09-11,293.32,99180,2.4,65.1,0.0540438935869084
2025-09-11 01:00:00,291.89,99230,2.74,74.1,0.0458031305709368
2025-09-11 02:00:00,290.96,99270,2.74,79.7,0.0422956727023588
2025-09-11 03:00:00,290.44,99300,2.73,82.4,0.0420874727384383
2025-09-11 04:00:00,290.08,99320,2.67,82.7,0.043292677121233
2025-09-11 05:00:00,289.69,99350,2.59,83.6,0.0443098432484111
2025-09-11 06:00:00,289.48,99360,2.49,85.2,0.0461099811530844
2025-09-11 07:00:00,289.31,99370,2.4,86.9,0.0470894087767329
2025-09-11 08:00:00,289.16,99400,2.28,86.5,0.0474212595510398
2025-09-11 09:00:00,289.02,99430,2.2,81.9,0.0472778560913656
2025-09-11 10:00:00,288.89,99460,2.19,72.1,0.0469634254257494
2025-09-11 11:00:00,288.84,99480,2.27,60.4,0.0467884688368982
2025-09-11 12:00:00,290.83,99520,3.09,49.9,0.056379787940702
2025-09-11 13:00:00,293.19,99540,3.97,46.2,0.0651507364999282
2025-09-11 14:00:00,295.82,99560,4.06,49.2,0.0715534129489004
2025-09-11 15:00:00,297.96,99570,3.8,53.6,0.0778235654650645
2025-09-11 16:00:00,299.31,99570,3.57,56.3,0.0849615769917482
2025-09-11 17:00:00,300.1,99540,3.57,57.5,0.091468456821484
2025-09-11 18:00:00,300.48,99500,3.63,58.1,0.0948694484994829
2025-09-11 19:00:00,300.51,99450,3.69,57.7,0.0955696914732883
2025-09-11 20:00:00,300.11,99400,3.81,56.8,0.0930551767058893
2025-09-11 21:00:00,299.23,99390,3.96,57.1,0.0867804008445219
2025-09-11 22:00:00,297.77,99390,4.17,58.6,0.0771753393418588
2025-09-11 23:00:00,295.14,99400,4.04,60.3,0.0652362108779866
2025-09-12,291.87,99420,3.51,60.7,0.0523114442583122
2025-09-12 01:00:00,290.47,99470,3.38,59.2,0.0479995031837146
2025-09-12 02:00:00,289.52,99500,3.05,56.5,0.0459319459690098
2025-09-12 03:00:00,288.78,99520,2.99,54.7,0.0441619898145692
2025-09-12 04:00:00,288.2,99520,2.96,56.8,0.0422605938035459
2025-09-12 05:00:00,287.7,99510,2.88,63,0.0404234971399289
2025-09-12 06:00:00,287.2,99500,2.82,70.5,0.0388086722705658
2025-09-12 07:00:00,286.73,99500,2.8,78.4,0.0375109630250227
2025-09-12 08:00:00,286.43,99500,2.71,87.7,0.0368260651834946
2025-09-12 09:00:00,286.37,99520,2.53,96.4,0.037102459335177
2025-09-12 10:00:00,286.53,99520,2.34,105.1,0.0380204420467727
2025-09-12 11:00:00,286.57,99530,2.3,115.5,0.0382189722531607
2025-09-12 12:00:00,288.93,99530,2.18,123.8,0.0466393244067622
2025-09-12 13:00:00,292.06,99530,2.58,127.3,0.0605735356506584
2025-09-12 14:00:00,295.49,99530,2.58,139.1,0.0695527383698703
2025-09-12 15:00:00,299.23,99510,3.14,158.9,0.0696711291752962
2025-09-12 16:00:00,301.11,99470,3.17,165.6,0.0714180053945636
2025-09-12 17:00:00,302.18,99420,3.11,168.1,0.0770760614015985
2025-09-12 18:00:00,302.76,99350,3.17,169.1,0.080820358341947
2025-09-12 19:00:00,302.92,99270,3.21,170.1,0.0826373326371631
2025-09-12 20:00:00,302.77,99190,3.26,171.2,0.0824538626682612
2025-09-12 21:00:00,302.17,99130,3.33,168.8,0.0804526478175684
2025-09-12 22:00:00,300.98,99090,3.17,160.2,0.0757074451454347
2025-09-12 23:00:00,297.02,99040,2.65,141.1,0.0707915255226084
2025-09-13,293.52,99060,3.35,133.7,0.0474938287686664
2025-09-13 01:00:00,292.49,99140,3.41,127.6,0.0412889917615019
2025-09-13 02:00:00,291.92,99150,3.69,126.1,0.03695294333075
2025-09-13 03:00:00,292.03,99110,4.15,135.1,0.0354047964568931
2025-09-13 04:00:00,291.96,99100,4.27,148.7,0.0347555169465518
2025-09-13 05:00:00,291.58,99090,4.36,161.8,0.0333116280794349
2025-09-13 06:00:00,291.14,99080,4.6,172.5,0.0320725346919531
2025-09-13 07:00:00,290.44,99070,4.76,180.8,0.031889015240212
2025-09-13 08:00:00,289.93,99050,4.87,188.9,0.0335605578862423
2025-09-13 09:00:00,289.61,99040,4.39,193.7,0.0363125260983334
2025-09-13 10:00:00,289.45,99030,3.31,191.9,0.0393989407495148
2025-09-13 11:00:00,289.29,99020,2.51,172.5,0.0415012739080311
2025-09-13 12:00:00,289.94,99010,3.52,149.3,0.045244631066913
2025-09-13 13:00:00,290.98,99020,4.36,133.6,0.0525964158625828
2025-09-13 14:00:00,292.52,99010,4.61,124.3,0.0654975710657564
2025-09-13 15:00:00,294.85,98970,4.84,135.8,0.0825201145421129
2025-09-13 16:00:00,296.64,98930,4.66,155.8,0.0932388015232378
2025-09-13 17:00:00,297.34,98900,4.29,170.6,0.0972724705203803
2025-09-13 18:00:00,298.35,98830,4.27,177.2,0.105412806186212
2025-09-13 19:00:00,299.38,98750,3.64,181.1,0.114710557570913
2025-09-13 20:00:00,299.81,98700,2.62,187.5,0.121337799742453
2025-09-13 21:00:00,299.66,98680,1.42,192.2,0.123274791056132
2025-09-13 22:00:00,299.21,98680,0.66,131.9,0.122280881952351
2025-09-13 23:00:00,297.43,98690,1.31,97.4,0.118233837646863
2025-09-14,294.64,98710,2.28,95.5,0.088285866754687
2025-09-14 01:00:00,293.64,98770,2.64,98.7,0.0768388443950939
2025-09-14 02:00:00,292.81,98820,2.77,101.7,0.068124369481919
2025-09-14 03:00:00,292.01,98860,2.71,104.5,0.0618674835910947
2025-09-14 04:00:00,291.35,98860,2.56,106.6,0.0580698024842807
2025-09-14 05:00:00,290.83,98850,2.5,105.5,0.055336053731593
2025-09-14 06:00:00,290.4,98850,2.48,103.8,0.0533459343170144
2025-09-14 07:00:00,290.02,98850,2.44,103.5,0.051930840614403
2025-09-14 08:00:00,289.66,98850,2.38,103.1,0.0506000206168069
2025-09-14 09:00:00,289.36,98860,2.36,99,0.0496349206432248
2025-09-14 10:00:00,289.2,98880,2.4,92.1,0.0492192028288117
2025-09-14 11:00:00,289.21,98910,2.46,87.4,0.049213924355615
2025-09-14 12:00:00,291.33,98940,2.92,84.9,0.0624639190126065
2025-09-14 13:00:00,293.34,98960,3.22,82,0.0785206300357878
2025-09-14 14:00:00,295.7,98980,3.47,86.4,0.0999116822985601
2025-09-14 15:00:00,298.13,98990,3.73,90.9,0.120435273486273
2025-09-14 16:00:00,300.11,98990,4.09,94.2,0.135074314465298
2025-09-14 17:00:00,301.52,98970,4.39,96.5,0.143702721534436
2025-09-14 18:00:00,302.4,98950,4.5,97.1,0.14738573818662
2025-09-14 19:00:00,302.8,98930,4.47,95.6,0.146225159985963
2025-09-14 20:00:00,302.75,98920,4.42,92.7,0.140512837656945
2025-09-14 21:00:00,302.1,98930,4.44,89.6,0.128559891871712
2025-09-14 22:00:00,300.65,98940,4.3,85.3,0.114131830908487
2025-09-14 23:00:00,297.68,98980,3.43,76.7,0.0938908485590456
2025-09-15,294.44,99020,3.32,70.5,0.0699362918574758
2025-09-15 01:00:00,293.42,99090,3.57,72.1,0.0608596833807329
2025-09-15 02:00:00,292.61,99130,3.45,79.3,0.0551734506918819
2025-09-15 03:00:00,291.98,99150,3.28,92.3,0.0517717049945773
2025-09-15 04:00:00,291.56,99150,3.31,105.8,0.0495773735397797
2025-09-15 05:00:00,291.13,99190,3.45,118.6,0.0470434047505119
2025-09-15 06:00:00,290.55,99220,3.53,125.5,0.0437455413744605
2025-09-15 07:00:00,289.84,99240,3.49,127.6,0.0401836042039854
2025-09-15 08:00:00,289.11,99270,3.36,126.5,0.0372938553063949
2025-09-15 09:00:00,288.52,99290,3.21,123.7,0.0359882500226269
2025-09-15 10:00:00,288.12,99320,3.09,120.6,0.0360190740109121
2025-09-15 11:00:00,287.81,99350,3.03,117.7,0.0365276183312815
2025-09-15 12:00:00,290.1,99380,3.68,114.8,0.0468407864819756
2025-09-15 13:00:00,292.74,99390,3.72,109.5,0.061687100616066
2025-09-15 14:00:00,296.28,99410,3.76,113.5,0.0800734818435713
2025-09-15 15:00:00,299.43,99420,3.65,111.9,0.0892528222472299
2025-09-15 16:00:00,301.27,99420,3.51,104.4,0.0945204329290601
2025-09-15 17:00:00,302.21,99390,3.61,98.3,0.100738995635223
2025-09-15 18:00:00,302.72,99360,3.71,92.8,0.103652571137883
2025-09-15 19:00:00,302.85,99320,3.72,86.9,0.104427351298475
2025-09-15 20:00:00,302.56,99280,3.72,80.6,0.101561364114624
2025-09-15 21:00:00,301.77,99260,3.71,76.8,0.0959348495726601
2025-09-15 22:00:00,300.22,99280,3.6,73.7,0.0882209779773687
2025-09-15 23:00:00,296.65,99310,2.8,66.8,0.0757322034688975
2025-09-16,293.17,99350,2.97,62.1,0.0568926534171037
2025-09-16 01:00:00,292.07,99400,3.01,59.3,0.0521223013972713
2025-09-16 02:00:00,291.35,99420,3,58.6,0.0503991263084319
2025-09-16 03:00:00,290.85,99420,3.02,61.5,0.049483249251105
2025-09-16 04:00:00,290.51,99410,3.04,68.6,0.0488434856984915
2025-09-16 05:00:00,290.2,99420,3.04,79.9,0.0476377160424875
2025-09-16 06:00:00,289.84,99430,3.03,93.8,0.0459403804359476
2025-09-16 07:00:00,289.41,99430,2.96,110.4,0.0438206432024329
2025-09-16 08:00:00,288.88,99450,2.87,124.1,0.0412507877178544
2025-09-16 09:00:00,288.3,99480,2.79,133,0.0388328636257089
2025-09-16 10:00:00,287.82,99510,2.64,138.5,0.037216580168904
2025-09-16 11:00:00,287.52,99530,2.41,140,0.0361641784076478
2025-09-16 12:00:00,289.73,99560,2.03,136.4,0.045056084264046
2025-09-16 13:00:00,292.4,99570,1.99,128.5,0.0574938172688085
2025-09-16 14:00:00,296.19,99570,1.69,121.7,0.0789747257048423
2025-09-16 15:00:00,299.98,99560,1.8,115.7,0.0933807640785045
2025-09-16 16:00:00,301.37,99520,2.08,95,0.101195071866689
2025-09-16 17:00:00,302.24,99450,2.58,86.9,0.108035998525308
2025-09-16 18:00:00,302.71,99400,2.98,82.1,0.110787085028369
2025-09-16 19:00:00,302.85,99340,3.21,78,0.109906977128908
2025-09-16 20:00:00,302.59,99300,3.36,74.5,0.106013976788159
2025-09-16 21:00:00,301.73,99280,3.43,72,0.0981842135201667
2025-09-16 22:00:00,300.16,99280,3.3,72.6,0.0894499416908573
2025-09-16 23:00:00,296.64,99290,2.44,78.6,0.0782274625988573
2025-09-17,293.29,99310,2.7,85.7,0.057804809910791
2025-09-17 01:00:00,292.13,99320,2.63,90.7,0.0508417810350451
2025-09-17 02:00:00,291.35,99300,2.51,94.8,0.0468264843566689
2025-09-17 03:00:00,291,99270,2.28,97.1,0.0447509596066284
2025-09-17 04:00:00,290.85,99260,2.06,99.2,0.0431779947427363
2025-09-17 05:00:00,290.64,99250,1.92,102,0.041752926748106
2025-09-17 06:00:00,290.39,99250,1.78,104.3,0.040795419062829
2025-09-17 07:00:00,290.13,99260,1.6,107.4,0.0401894416765972
2025-09-17 08:00:00,289.48,99250,1.43,111.7,0.038922437719367
2025-09-17 09:00:00,289.34,99240,1.27,111.3,0.0398853980845858
2025-09-17 10:00:00,289.56,99230,1.13,101.2,0.0422970314190576
2025-09-17 11:00:00,289.36,99210,1,80.3,0.0432582824144033
2025-09-17 12:00:00,289.92,99210,1.02,49.8,0.0475256684696426
2025-09-17 13:00:00,292.19,99190,1.61,39.2,0.0593826748455883
2025-09-17 14:00:00,295.68,99170,1.65,49.7,0.0760217874201797
2025-09-17 15:00:00,299.39,99150,1.45,66.8,0.0817705290766706
2025-09-17 16:00:00,301,99140,1.27,60.2,0.0860101643635357
2025-09-17 17:00:00,301.99,99090,1.87,63.3,0.0922856494413872
2025-09-17 18:00:00,302.5,99020,2.53,70.6,0.0979406117174949
2025-09-17 19:00:00,302.14,98970,2.8,75.1,0.0957665337281866
2025-09-17 20:00:00,301.42,98920,2.87,76.5,0.0914325500203685
2025-09-17 21:00:00,300.41,98890,2.84,76.7,0.0862565003877785
2025-09-17 22:00:00,299.04,98880,2.65,76.9,0.0821640749651607
2025-09-17 23:00:00,296.16,98900,2.17,78.8,0.075727869798528
2025-09-18,293.53,98930,2.43,85.3,0.0593110192158729
2025-09-18 01:00:00,292.49,98960,2.26,95.3,0.0528130519824781
2025-09-18 02:00:00,292.48,98970,1.67,108.5,0.05057377056975
2025-09-18 03:00:00,293.12,98960,0.71,117.6,0.0479704954726477
2025-09-18 04:00:00,292.97,98960,0.27,74.9,0.0460605684696537
2025-09-18 05:00:00,292.53,98940,0.66,81.3,0.043523186938252
2025-09-18 06:00:00,291.89,98950,0.94,101.1,0.0398787825068629
2025-09-18 07:00:00,290.89,98940,1.18,116.8,0.0364349080497001
2025-09-18 08:00:00,289.94,98940,1.38,124.4,0.0336256214428086
2025-09-18 09:00:00,289.63,98950,1.51,132,0.0330350230917978
2025-09-18 10:00:00,289.34,98980,1.46,140,0.0322832165898291
2025-09-18 11:00:00,288.8,99010,1.37,146.3,0.0310829992856618
2025-09-18 12:00:00,290.04,99030,1.25,150.1,0.0391001819860053
2025-09-18 13:00:00,292.5,99050,1.34,153.4,0.0432539520555537
2025-09-18 14:00:00,295.56,99070,1.09,157.9,0.0555027450159279
2025-09-18 15:00:00,299.86,99070,1.49,160,0.0653428474069212
2025-09-18 16:00:00,301.72,99050,1.36,151.9,0.0752988028996529
2025-09-18 17:00:00,303.03,99010,1.27,134.4,0.0846755855951598
2025-09-18 18:00:00,303.97,98970,1.41,112,0.0924305385031763
2025-09-18 19:00:00,304.43,98900,1.79,97,0.0977071501461297
2025-09-18 20:00:00,304.37,98860,2.17,91.1,0.0991713176174034
2025-09-18 21:00:00,303.6,98840,2.4,86.4,0.0956262461561383
2025-09-18 22:00:00,302.02,98850,2.54,79.1,0.0891410463699168
2025-09-18 23:00:00,297.64,98890,2.58,75.6,0.0797449061581102
2025-09-19,294.32,98940,3.2,77.9,0.0560252175203811
2025-09-19 01:00:00,293.05,98980,3.4,80.5,0.0483263929822903
2025-09-19 02:00:00,292.11,98990,3.09,80.5,0.0461617300812805
2025-09-19 03:00:00,291.43,99000,2.89,79.6,0.0456953437131125
2025-09-19 04:00:00,290.95,98990,2.9,78.3,0.046026509885862
2025-09-19 05:00:00,290.52,98980,3.03,78,0.0462016133847482
2025-09-19 06:00:00,290.24,98970,3.12,78.9,0.047397369076165
2025-09-19 07:00:00,290.35,98960,3.13,80.6,0.0504233702433397
2025-09-19 08:00:00,290.41,98970,3.13,82.5,0.0527505408375457
2025-09-19 09:00:00,290.31,98970,2.94,83.4,0.0540440087496209
2025-09-19 10:00:00,290.01,98970,2.8,83.8,0.0544208719839083
2025-09-19 11:00:00,289.63,98950,2.79,86.7,0.0542340274974563
2025-09-19 12:00:00,291.44,98950,3.1,92,0.0644666242577222
2025-09-19 13:00:00,294.19,98950,3.67,97,0.0812189694215801
2025-09-19 14:00:00,297.11,98960,3.26,109,0.0958485188013815
2025-09-19 15:00:00,300.38,98960,3.25,127.3,0.106876513197869
2025-09-19 16:00:00,302.75,98930,3.47,140.4,0.114376834319194
2025-09-19 17:00:00,303.87,98900,3.45,143.7,0.122788936345959
2025-09-19 18:00:00,304.12,98850,3.39,153.4,0.126121695964382
2025-09-19 19:00:00,303.91,98790,3.28,170.5,0.127875858889459
2025-09-19 20:00:00,303.1,98760,2.94,194.2,0.127050970312371
2025-09-19 21:00:00,301.63,98750,2.26,225.5,0.124645453169519
2025-09-19 22:00:00,299.88,98760,1.92,260.7,0.117969462325525
2025-09-19 23:00:00,297.54,98800,1.4,306.9,0.111034328222655
2025-09-20,296.04,98830,1.61,1.8,0.0965052868726492
2025-09-20 01:00:00,295.03,98860,1.97,38,0.0892942483237393
2025-09-20 02:00:00,294.18,98870,2.21,58.9,0.0807615856320809
2025-09-20 03:00:00,293.56,98860,2.33,74.1,0.0728437060552946
2025-09-20 04:00:00,293.44,98860,2.17,87.1,0.0693626871576156
2025-09-20 05:00:00,293.67,98880,1.84,101.9,0.0676019920792232
2025-09-20 06:00:00,293.89,98920,1.48,122.3,0.0665245337248947
2025-09-20 07:00:00,293.78,98960,1.25,143.8,0.0662956546778969
2025-09-20 08:00:00,293.66,98980,1.08,146.3,0.0655210733203622
2025-09-20 09:00:00,293.25,98990,1.28,125.2,0.0646618509333099
2025-09-20 10:00:00,292.5,98990,1.78,120.3,0.0628764228100101
2025-09-20 11:00:00,291.74,98990,2.09,125.3,0.0584740061599689
2025-09-20 12:00:00,292.21,99020,2.03,134,0.0639462938571862
2025-09-20 13:00:00,293.6,99060,2.4,148.8,0.073208097681259
2025-09-20 14:00:00,294.92,99100,2.1,161.7,0.0840822546265039
2025-09-20 15:00:00,297.37,99100,2,172.5,0.0977361643865275
2025-09-20 16:00:00,299.29,99070,1.95,179.1,0.104340495114435
2025-09-20 17:00:00,299.96,99050,1.95,190,0.106454784106519
2025-09-20 18:00:00,299.93,99030,1.88,212.2,0.107811571952239
2025-09-20 19:00:00,299.45,99000,1.51,228,0.106857429121407
2025-09-20 20:00:00,298.83,98960,0.83,231.3,0.105364380135717
2025-09-20 21:00:00,298.16,98920,0.24,242.4,0.104439607102695
2025-09-20 22:00:00,296.96,98920,0.58,66.5,0.101003671174356
2025-09-20 23:00:00,295.21,98900,1.46,73.7,0.0927767535345088
2025-09-21,293.61,98900,2.05,79.6,0.0770364010023836
2025-09-21 01:00:00,292.68,98900,2.28,84.5,0.0694765472672068
2025-09-21 02:00:00,292.06,98900,2.41,89,0.0649530713975326
2025-09-21 03:00:00,291.29,98870,2.49,97.2,0.0594931934828834
2025-09-21 04:00:00,291.43,98860,2.34,112.6,0.0598793050513835
2025-09-21 05:00:00,291.56,98850,2.19,129.8,0.0608323009195947
2025-09-21 06:00:00,291.39,98850,2.1,142.5,0.059841638446118
2025-09-21 07:00:00,291.11,98830,2.05,153.3,0.0579440366724223
2025-09-21 08:00:00,290.75,98800,2.03,162.5,0.0555292024055803
2025-09-21 09:00:00,290.25,98790,2.1,169,0.0521876695098476
2025-09-21 10:00:00,289.95,98770,2.13,173.5,0.050307660430089
2025-09-21 11:00:00,289.76,98750,2.13,176,0.0491863558189786
2025-09-21 12:00:00,290.47,98740,2.42,176,0.0540570777146127
2025-09-21 13:00:00,291.41,98730,3.22,176.4,0.0608549498651432
2025-09-21 14:00:00,292.87,98710,3.02,176.4,0.0737313521670625
2025-09-21 15:00:00,295.87,98690,3.86,185.5,0.0964965092498577
2025-09-21 16:00:00,297.79,98650,4.26,186.1,0.106293047447357
2025-09-21 17:00:00,298.41,98600,4.32,188.1,0.109350608713519
2025-09-21 18:00:00,298.97,98560,4.35,194.4,0.114220750809309
2025-09-21 19:00:00,299.65,98500,4.44,204.6,0.120561149721699
2025-09-21 20:00:00,299.46,98460,4.4,217.9,0.11939462786933
2025-09-21 21:00:00,298.87,98430,3.87,227.7,0.117568340059846
2025-09-21 22:00:00,297.94,98430,2.67,235.2,0.11714023554607
2025-09-21 23:00:00,295.71,98410,1.85,238.3,0.104704161734964
2025-09-22,294.38,98420,1.9,235.3,0.0902022804510916
2025-09-22 01:00:00,293.78,98430,1.93,231.1,0.0851680564969498
2025-09-22 02:00:00,293.23,98430,2.02,229.8,0.0808791950688613
2025-09-22 03:00:00,292.86,98420,2.1,228.7,0.0782162966291344
2025-09-22 04:00:00,292.56,98400,2.21,225.7,0.0759298241042203
2025-09-22 05:00:00,292.25,98400,2.3,226.2,0.0735849716687028
2025-09-22 06:00:00,291.97,98440,2.68,228.5,0.0713637962696951
2025-09-22 07:00:00,292,98490,3.5,226,0.0711452487321694
2025-09-22 08:00:00,291.77,98470,3.48,226.9,0.0687127545237636
2025-09-22 09:00:00,291.37,98450,3.14,228.5,0.065197987365614
2025-09-22 10:00:00,290.95,98420,2.88,228.7,0.0617196286316384
2025-09-22 11:00:00,290.36,98430,2.7,231,0.0572194211728015
2025-09-22 12:00:00,291.23,98490,2.78,230.7,0.0627895168538632
2025-09-22 13:00:00,292.98,98530,3.08,220.8,0.0768479667020251
2025-09-22 14:00:00,295.21,98530,3.81,202.7,0.0919106911669656
2025-09-22 15:00:00,297.55,98510,4.5,195.5,0.10193882116003
2025-09-22 16:00:00,299.51,98460,4.27,196.6,0.1117872611564
2025-09-22 17:00:00,300.62,98390,3.96,199.8,0.121665939146661
2025-09-22 18:00:00,301.22,98320,3.8,203.9,0.127895727493948
2025-09-22 19:00:00,301.42,98250,3.6,208.3,0.129519560383926
2025-09-22 20:00:00,301.24,98230,3.33,213.6,0.12650416027874
2025-09-22 21:00:00,300.58,98210,3.04,215.6,0.119828614419483
2025-09-22 22:00:00,299.44,98210,2.39,212.4,0.116164523943207
2025-09-22 23:00:00,297.32,98230,1.91,203.8,0.112272907199057
2025-09-23,295.83,98260,2.5,196,0.0955304164276191
2025-09-23 01:00:00,295.14,98290,3.12,194.7,0.0859962830268022
2025-09-23 02:00:00,294.42,98310,3.81,197.4,0.0786200923982039
2025-09-23 03:00:00,293.7,98320,4.38,201.6,0.073417423445573
2025-09-23 04:00:00,293.04,98350,4.67,206.8,0.0699977088851984
2025-09-23 05:00:00,292.59,98380,4.7,214.4,0.0684232396508642
2025-09-23 06:00:00,292.32,98390,4.44,224.8,0.0678719999410986
2025-09-23 07:00:00,292.04,98390,3.79,236.9,0.0670610555644925
2025-09-23 08:00:00,291.65,98430,2.76,249.2,0.0653489376127382
2025-09-23 09:00:00,291.58,98480,2.5,264.5,0.0653538970297529
2025-09-23 10:00:00,291.26,98510,2.24,278.7,0.063648161137234
2025-09-23 11:00:00,290.92,98520,2.01,288,0.0615055382319416
2025-09-23 12:00:00,291.99,98510,1.72,296.3,0.0691413909847832
2025-09-23 13:00:00,293.54,98480,1.37,318.3,0.0813935744239962
2025-09-23 14:00:00,295.49,98530,0.96,334,0.0973127723923844
2025-09-23 15:00:00,297.77,98630,0.86,290.3,0.112737648759612
2025-09-23 16:00:00,299.24,98630,0.88,303,0.121628466885923
2025-09-23 17:00:00,299.67,98580,1.15,358.5,0.122179066791178
2025-09-23 18:00:00,299.73,98540,2.08,23.2,0.120260743831785
2025-09-23 19:00:00,299.06,98530,3.27,31.9,0.113174545363878
2025-09-23 20:00:00,297.57,98560,4.5,36.5,0.101275241303315
2025-09-23 21:00:00,295.94,98600,5.23,40.3,0.0889351484287558
2025-09-23 22:00:00,294.26,98670,5.45,40.9,0.0755957964632975
2025-09-23 23:00:00,292.89,98730,5.24,37.3,0.0651034103772016
2025-09-24,291.99,98770,4.7,33.9,0.059428399573081
2025-09-24 01:00:00,291.54,98820,4.35,31.5,0.0570774795073724
2025-09-24 02:00:00,291.25,98850,4.17,30.8,0.0557952022917314
2025-09-24 03:00:00,291.02,98860,4.05,31.8,0.0547837360186273
2025-09-24 04:00:00,290.84,98870,4.05,34.2,0.0538377260674014
2025-09-24 05:00:00,290.67,98870,4.01,34.1,0.0531931642781797
2025-09-24 06:00:00,290.48,98880,4.12,30.8,0.0525977645929799
2025-09-24 07:00:00,290.27,98860,4.44,28,0.0517392148754453
2025-09-24 08:00:00,290.26,98870,4.85,28.8,0.0515594871523922
2025-09-24 09:00:00,290.3,98870,4.94,29.3,0.0516637393333263
2025-09-24 10:00:00,290.16,98890,4.93,28.2,0.0506703025260058
2025-09-24 11:00:00,289.8,98910,4.82,23.5,0.0485189191210636
2025-09-24 12:00:00,289.88,98950,5.13,14.8,0.048261413145738
2025-09-24 13:00:00,291.34,98960,5.61,14.6,0.0543416162348679
2025-09-24 14:00:00,293.33,98980,5.89,17.8,0.0626692865132601
2025-09-24 15:00:00,294.98,98990,5.57,19.2,0.0699962057000491
2025-09-24 16:00:00,296.17,98960,5.18,20.7,0.0754486879179403
2025-09-24 17:00:00,297.05,98920,4.94,20.6,0.078855125610725
2025-09-24 18:00:00,297.6,98870,4.79,20.1,0.0808685121543708
2025-09-24 19:00:00,297.72,98810,4.69,20.2,0.0809362894021298
2025-09-24 20:00:00,297.29,98790,4.64,21.4,0.0781356191489833
2025-09-24 21:00:00,296.52,98780,4.69,22.8,0.0741525954101288
2025-09-24 22:00:00,295.09,98810,4.68,26.2,0.067260205362715
2025-09-24 23:00:00,293.34,98860,4.11,33,0.0604534533355455
2025-09-25,291.85,98890,3.66,38.3,0.0549685091410208
2025-09-25 01:00:00,290.89,98910,3.2,36.4,0.0512700921257215
2025-09-25 02:00:00,289.97,98880,2.64,28.3,0.0474525970421208
2025-09-25 03:00:00,289.12,98850,2.58,17.8,0.0436709428003511
2025-09-25 04:00:00,288.36,98820,2.62,9.9,0.0403963514601098
2025-09-25 05:00:00,287.74,98790,2.62,4.8,0.037966091407154
2025-09-25 06:00:00,287.27,98770,2.78,356.7,0.0361704309853337
2025-09-25 07:00:00,287,98740,3.21,348,0.0349102654575252
2025-09-25 08:00:00,286.94,98700,3.89,342.8,0.0341665348670436
2025-09-25 09:00:00,286.67,98690,3.91,340.4,0.0328376275179425
2025-09-25 10:00:00,286.33,98700,3.67,340.1,0.0314050795240074
2025-09-25 11:00:00,286,98720,3.43,340.8,0.0300936582710624
2025-09-25 12:00:00,287,98740,4.23,342.3,0.032477687644326
2025-09-25 13:00:00,289.43,98730,4.33,347.1,0.040762349322123
2025-09-25 14:00:00,292.35,98720,4.48,354,0.0524803777498808
2025-09-25 15:00:00,294.54,98680,4.41,353.2,0.0611977120742077
2025-09-25 16:00:00,296.02,98640,4.25,350.6,0.0673713733821155
2025-09-25 17:00:00,297.14,98600,4.08,348.2,0.0730576407525625
2025-09-25 18:00:00,297.85,98560,3.92,346.3,0.0766353233530108
2025-09-25 19:00:00,298.09,98500,3.79,344.1,0.0773576453351353
2025-09-25 20:00:00,298.24,98460,3.64,342.4,0.0773222818743069
2025-09-25 21:00:00,297.83,98430,3.42,340.3,0.0732693321487222
2025-09-25 22:00:00,296.81,98430,2.89,340.4,0.067180710288681
2025-09-25 23:00:00,293.76,98440,1.8,355.2,0.061230166768119
2025-09-26,292.37,98480,1.54,11.6,0.050472935092407
2025-09-26 01:00:00,292.25,98520,0.98,22.9,0.048194639795973
2025-09-26 02:00:00,292.1,98540,0.28,34.8,0.0470106543224471
2025-09-26 03:00:00,291.49,98550,0.44,245.8,0.0437945505886327
2025-09-26 04:00:00,290.15,98540,1.06,249,0.03947044731125
2025-09-26 05:00:00,289.17,98530,1.65,254.5,0.0359907209922786
2025-09-26 06:00:00,288.06,98530,2.13,256.7,0.0325235872602667
2025-09-26 07:00:00,287.33,98520,2.49,255.8,0.0303476400847681
2025-09-26 08:00:00,286.83,98510,2.71,254.8,0.0289026655829633
2025-09-26 09:00:00,286.48,98520,2.81,254.1,0.0279061499211677
2025-09-26 10:00:00,286.21,98530,2.83,253.8,0.0271798110701623
2025-09-26 11:00:00,286.05,98550,2.88,253,0.0268419842430387
2025-09-26 12:00:00,287.46,98590,3.34,251.8,0.0310682299460387
2025-09-26 13:00:00,290.09,98610,3.97,247.8,0.0395851205184185
2025-09-26 14:00:00,293.57,98620,3.71,241.4,0.0542324818822223
2025-09-26 15:00:00,297.44,98620,4.38,247.5,0.071837339827031
2025-09-26 16:00:00,299.28,98580,3.98,246,0.0844992886087276
2025-09-26 17:00:00,300.64,98520,3.64,247.7,0.096474432197355
2025-09-26 18:00:00,301.63,98460,3.35,252.1,0.105881719472191
2025-09-26 19:00:00,302.23,98390,3.12,258.1,0.111853900786225
2025-09-26 20:00:00,302.43,98340,2.84,262.7,0.113893793868668
2025-09-26 21:00:00,302.05,98320,2.5,260.6,0.11079439376944
2025-09-26 22:00:00,300.98,98320,1.79,248.7,0.110277489855031
2025-09-26 23:00:00,298.18,98340,1.52,208.8,0.101480635901879
2025-09-27,295.91,98380,2.23,183.9,0.0772362501973167
2025-09-27 01:00:00,294.04,98410,2.84,180.6,0.064404301781578
2025-09-27 02:00:00,292.86,98430,3.23,184.4,0.0544614468086098
2025-09-27 03:00:00,291.95,98430,3.39,192.8,0.0468917404526157
2025-09-27 04:00:00,291.08,98440,3.47,204,0.0415661680665865
2025-09-27 05:00:00,290.28,98460,3.52,215,0.0379720553149278
2025-09-27 06:00:00,289.62,98480,3.55,226.1,0.0358061837161639
2025-09-27 07:00:00,289.19,98520,3.54,236,0.0350671286923724
2025-09-27 08:00:00,288.93,98540,3.48,244.7,0.0355321643036441
2025-09-27 09:00:00,288.72,98570,3.3,253.8,0.0364770096318999
2025-09-27 10:00:00,288.36,98580,3.05,262.5,0.0362604074647636
2025-09-27 11:00:00,287.96,98590,2.87,268.2,0.034992466468917
2025-09-27 12:00:00,289.06,98620,2.5,270,0.0392124130331152
2025-09-27 13:00:00,292.17,98650,3.01,266.2,0.0494777294280516
2025-09-27 14:00:00,294.93,98670,2.32,253.2,0.063422075087476
2025-09-27 15:00:00,299.36,98680,3.2,263,0.0860547173334498
2025-09-27 16:00:00,302.14,98650,4.35,265.7,0.0974219786146915
2025-09-27 17:00:00,303.08,98610,4.6,254.4,0.104889678278753
2025-09-27 18:00:00,303.61,98550,4.99,250.9,0.110321473108374
2025-09-27 19:00:00,303.79,98500,5.27,252,0.113417917571584
2025-09-27 20:00:00,303.59,98470,5.39,254.3,0.113719552725916
2025-09-27 21:00:00,302.99,98470,5.24,256.7,0.110281978061229
2025-09-27 22:00:00,301.42,98490,3.91,259.6,0.106454379903606
2025-09-27 23:00:00,297.31,98520,3.02,264.7,0.087130716914368
2025-09-28,295.1,98570,3.25,274.4,0.0704197802653193
2025-09-28 01:00:00,294.13,98630,3.2,288.2,0.0639355039014903
2025-09-28 02:00:00,293.18,98690,3.12,304.3,0.058368820388121
2025-09-28 03:00:00,292.31,98740,3.06,320.4,0.0543418216112319
2025-09-28 04:00:00,291.59,98790,3,335.4,0.0521944107499599
2025-09-28 05:00:00,290.97,98830,2.95,349.3,0.0509231226910505
2025-09-28 06:00:00,290.39,98890,2.9,1,0.0494375254910749
2025-09-28 07:00:00,289.83,98930,2.98,9.7,0.047672646944157
2025-09-28 08:00:00,289.35,98980,3.2,16.5,0.0459078282521114
2025-09-28 09:00:00,288.97,99040,3.15,23.4,0.0444242325842112
2025-09-28 10:00:00,288.67,99100,3,29.8,0.0427752641680376
2025-09-28 11:00:00,288.51,99160,2.99,36.7,0.0415890269174188
2025-09-28 12:00:00,289.83,99220,3.24,45.2,0.0463265836842883
2025-09-28 13:00:00,292.93,99280,4.3,55.6,0.0567171595246255
2025-09-28 14:00:00,295.41,99330,4.24,70.3,0.0561423830456723
2025-09-28 15:00:00,297.41,99360,3.63,74.5,0.0613516116248191
2025-09-28 16:00:00,298.89,99390,2.85,74.6,0.0712117295053421
2025-09-28 17:00:00,300.13,99400,2.01,69,0.0840619060991054
2025-09-28 18:00:00,301.26,99370,1.54,53.7,0.0985549218510957
2025-09-28 19:00:00,301.81,99320,1.57,44.5,0.106746908466754
2025-09-28 20:00:00,301.81,99280,1.85,45.9,0.109253001075271
2025-09-28 21:00:00,301.28,99260,2.28,52.5,0.105547666291631
2025-09-28 22:00:00,299.72,99280,3.01,61.8,0.0947762768520397
2025-09-28 23:00:00,295.75,99320,3.61,70.6,0.0680285729559044
2025-09-29,292.87,99370,4.26,75.9,0.0464172146580403
2025-09-29 01:00:00,291.38,99420,3.38,79.6,0.0385344284005063
2025-09-29 02:00:00,290.5,99440,2.8,84.9,0.0358682794379594
2025-09-29 03:00:00,289.95,99460,2.61,90.9,0.0351740809573139
2025-09-29 04:00:00,289.62,99460,2.55,96.3,0.0348932319340078
2025-09-29 05:00:00,289.45,99460,2.39,100.8,0.0346341083788535
2025-09-29 06:00:00,289.4,99460,2.19,104.8,0.0343991851689302
2025-09-29 07:00:00,289.47,99450,1.98,108.9,0.0342826101029924
2025-09-29 08:00:00,289.54,99450,1.75,113.9,0.0341852852931782
2025-09-29 09:00:00,289.54,99470,1.56,125.6,0.0340421557885997
2025-09-29 10:00:00,289.43,99510,1.47,143.6,0.0334954922647805
2025-09-29 11:00:00,289.19,99530,1.44,161.3,0.032284761178611
2025-09-29 12:00:00,289.48,99560,1.37,179.6,0.0348702581399082
2025-09-29 13:00:00,291.97,99590,1.5,197.1,0.0417052063859752
2025-09-29 14:00:00,294.42,99590,1.2,212.8,0.0497330470240786
2025-09-29 15:00:00,299.22,99580,1.14,243.9,0.0706962550915703
2025-09-29 16:00:00,302.86,99540,1.11,277.8,0.0950200343286352
2025-09-29 17:00:00,303.96,99500,0.78,302.5,0.111103100616801
2025-09-29 18:00:00,304.56,99430,0.67,339.9,0.122737486322821
2025-09-29 19:00:00,304.79,99370,0.88,13.1,0.130679581201786
2025-09-29 20:00:00,304.61,99320,1.33,33.3,0.133571841882817
2025-09-29 21:00:00,303.82,99300,1.89,49.5,0.130553349333508
2025-09-29 22:00:00,302.04,99310,2.18,65.3,0.125148371233319
2025-09-29 23:00:00,297.6,99340,2.51,81.5,0.0988229891288033
2025-09-30,294.95,99380,2.75,92.1,0.0713695995881535
2025-09-30 01:00:00,293.43,99410,2.56,100.1,0.0584766394888958
2025-09-30 02:00:00,292.34,99420,2.38,104.1,0.0518661400258234
2025-09-30 03:00:00,291.71,99420,2.25,104.4,0.049084147222953
2025-09-30 04:00:00,291.46,99430,2.07,101.7,0.0475274239261442
2025-09-30 05:00:00,291.31,99440,1.94,96.8,0.0461535691047726
2025-09-30 06:00:00,291.02,99460,1.9,90.6,0.044973475691137
2025-09-30 07:00:00,290.58,99460,1.94,84.1,0.0440631358131472
2025-09-30 08:00:00,290.06,99470,2.02,78.6,0.0432685793284564
2025-09-30 09:00:00,289.58,99470,2.09,71.6,0.0433192136812822
2025-09-30 10:00:00,289.09,99490,2.18,61.8,0.044495754628917
2025-09-30 11:00:00,288.66,99490,2.33,52.8,0.045735509716561
2025-09-30 12:00:00,289.68,99510,2.27,47.7,0.0523359285204637
2025-09-30 13:00:00,292.99,99530,3.39,45.1,0.0719124124370713
2025-09-30 14:00:00,296.23,99540,3.52,51.3,0.0886606756523974
2025-09-30 15:00:00,298.92,99540,4.08,54.4,0.105078548845601
2025-09-30 16:00:00,300.38,99520,4.33,53.1,0.107723706449395
2025-09-30 17:00:00,301.31,99470,4.45,53.3,0.105839346831946
2025-09-30 18:00:00,301.83,99410,4.59,54.4,0.102432100745623
2025-09-30 19:00:00,301.78,99330,4.79,56.8,0.0965752628367413
2025-09-30 20:00:00,301.19,99270,4.99,59.7,0.0881300699114874
2025-09-30 21:00:00,299.85,99250,5.04,59.9,0.077065822606762
2025-09-30 22:00:00,297.71,99260,4.54,57.2,0.0671984388009182
2025-09-30 23:00:00,293.89,99280,3.09,51.2,0.0566660383671895
2025-10-01,291.59,99290,3.28,46.7,0.0490195102388997
2025-10-01 01:00:00,290.95,99310,3.64,44.7,0.0481699207813089
2025-10-01 02:00:00,290.75,99330,4.13,46.6,0.0487440697894648
2025-10-01 03:00:00,290.67,99340,4.29,56.4,0.0487020200201021
2025-10-01 04:00:00,290.49,99340,4.11,70.5,0.0474624804767704
2025-10-01 05:00:00,290.36,99350,3.95,82.6,0.0468009332289233
2025-10-01 06:00:00,290.15,99380,3.85,92.2,0.046132527055031
2025-10-01 07:00:00,289.61,99410,3.55,100.4,0.0439337609474569
2025-10-01 08:00:00,288.85,99420,3.23,106.8,0.0405257354481952
2025-10-01 09:00:00,287.91,99440,3.02,109.8,0.0369700969327561
2025-10-01 10:00:00,287.08,99450,2.95,109.8,0.0345812036185728
2025-10-01 11:00:00,286.63,99460,2.92,106.9,0.033915940791099
2025-10-01 12:00:00,287.87,99490,2.58,101.4,0.039235909431005
2025-10-01 13:00:00,291.01,99520,3.29,94.5,0.0535824006530316
2025-10-01 14:00:00,293.29,99540,3.72,97.7,0.0621568450967296
2025-10-01 15:00:00,295.12,99550,4.29,102,0.0661431859696193
2025-10-01 16:00:00,296.46,99540,4.65,98.4,0.0703898141091744
2025-10-01 17:00:00,297.64,99510,5.23,95.2,0.0755133726761804
2025-10-01 18:00:00,298.47,99470,5.74,94.1,0.0793053556086438
2025-10-01 19:00:00,298.48,99420,5.92,92.6,0.0794064253486047
2025-10-01 20:00:00,297.77,99390,5.77,89.4,0.0757246261450586
2025-10-01 21:00:00,296.7,99390,5.4,83.1,0.0714608513661756
2025-10-01 22:00:00,295.03,99390,4.83,72.3,0.0663782931556579
2025-10-01 23:00:00,292.93,99400,4.12,63.3,0.0596141519260849
2025-10-02,291.89,99420,4.2,64.3,0.0564636499274602
2025-10-02 01:00:00,291.52,99430,3.94,72.6,0.0551684277707197
2025-10-02 02:00:00,291.23,99420,3.69,86.3,0.0534686482546647
2025-10-02 03:00:00,290.99,99430,3.77,102.4,0.0505361287673796
2025-10-02 04:00:00,290.5,99450,3.86,118.5,0.0443530509052445
2025-10-02 05:00:00,289.66,99490,3.78,129.8,0.0363946618713727
2025-10-02 06:00:00,288.74,99560,3.6,135.1,0.0305111612744121
2025-10-02 07:00:00,287.91,99600,3.4,136.4,0.0270001245589322
2025-10-02 08:00:00,287.36,99620,3.3,136.7,0.0254970638819192
2025-10-02 09:00:00,286.96,99640,3.2,134.9,0.0250296286647084
2025-10-02 10:00:00,286.61,99650,3.13,132.8,0.024940882522138
2025-10-02 11:00:00,286.26,99640,3.05,132.7,0.0246711096614901
2025-10-02 12:00:00,286.66,99660,3.19,134.4,0.0258971293758843
2025-10-02 13:00:00,288.5,99690,3.53,135.6,0.0303700945789386
2025-10-02 14:00:00,290.77,99700,2.54,134.8,0.0371188647204374
2025-10-02 15:00:00,294.47,99700,2.52,147.6,0.0440446637523447
2025-10-02 16:00:00,297.87,99650,2.48,161.6,0.0536503020959897
2025-10-02 17:00:00,300.67,99600,2.21,162.4,0.0669058842553068
2025-10-02 18:00:00,301.84,99530,2.48,161.6,0.0700979080471849
2025-10-02 19:00:00,302.33,99470,2.61,165.3,0.0695361619844109
2025-10-02 20:00:00,302.35,99440,2.52,167.4,0.0683280202062539
2025-10-02 21:00:00,301.67,99430,2.5,161.8,0.0666157481901094
2025-10-02 22:00:00,299.34,99420,1.99,142.2,0.0752816495592371
2025-10-02 23:00:00,294.52,99430,2.89,127,0.0554283072558825
2025-10-03,292.41,99440,3.32,127,0.0418397558214893
2025-10-03 01:00:00,291.49,99470,3.37,131,0.0369577215678644
2025-10-03 02:00:00,290.83,99480,3.4,136.9,0.0340112911440691
2025-10-03 03:00:00,290.38,99480,3.42,145.5,0.0318374019237245
2025-10-03 04:00:00,289.98,99500,3.46,155.6,0.0296902414149002
2025-10-03 05:00:00,289.52,99500,3.44,166,0.0278891219841902
2025-10-03 06:00:00,289.04,99510,3.4,176.5,0.0267595280087033
2025-10-03 07:00:00,288.77,99520,3.27,186.5,0.0267923545439714
2025-10-03 08:00:00,288.54,99500,3.1,197.3,0.027959365871583
2025-10-03 09:00:00,288.44,99490,2.89,205.6,0.0306856889380807
2025-10-03 10:00:00,288.4,99490,2.69,210.9,0.0332722398784134
2025-10-03 11:00:00,288.47,99490,2.44,213.8,0.0352308300623692
2025-10-03 12:00:00,289.37,99500,2.09,217,0.0408268687599636
2025-10-03 13:00:00,292.7,99530,2.18,217,0.056329664139606
2025-10-03 14:00:00,295.36,99530,1.74,209.7,0.0723503168395743
2025-10-03 15:00:00,299.76,99510,1.47,218.7,0.1032913173846
2025-10-03 16:00:00,302.89,99470,1.79,229.3,0.123632478875026
2025-10-03 17:00:00,303.99,99410,2.22,220.1,0.131117237995519
2025-10-03 18:00:00,304.59,99330,2.53,217.5,0.135373275702696
2025-10-03 19:00:00,304.81,99250,2.64,217.8,0.136169904403986
2025-10-03 20:00:00,304.61,99190,2.64,219.6,0.133310938300646
2025-10-03 21:00:00,303.88,99160,2.44,219.7,0.126541626644562
2025-10-03 22:00:00,302.23,99150,1.54,211.7,0.134332962085292
2025-10-03 23:00:00,299.54,99150,1.58,187.6,0.114492008896103
2025-10-04,297.87,99170,2,168.5,0.0927631898288141
2025-10-04 01:00:00,296.14,99180,2.52,161.7,0.0795839101350217
2025-10-04 02:00:00,294.82,99180,2.95,163.2,0.0686690401840603
2025-10-04 03:00:00,293.91,99170,3.13,171.6,0.0614355968084237
2025-10-04 04:00:00,293.14,99160,3.17,185.8,0.0572340153195707
2025-10-04 05:00:00,292.46,99150,3.17,202.4,0.0546377751808127
2025-10-04 06:00:00,291.84,99160,3.27,216.7,0.0527965648153515
2025-10-04 07:00:00,291.31,99170,3.48,228,0.0510493768139328
2025-10-04 08:00:00,290.8,99180,3.59,236.5,0.04905022492595
2025-10-04 09:00:00,290.26,99220,3.32,241,0.0472950273835593
2025-10-04 10:00:00,289.82,99250,3.01,241.2,0.0463936174357888
2025-10-04 11:00:00,289.49,99260,2.87,238.2,0.0461650567116995
2025-10-04 12:00:00,290.21,99280,3.14,231.9,0.0504859570904278
2025-10-04 13:00:00,292.73,99280,4.06,222,0.0643200421240143
2025-10-04 14:00:00,295.69,99260,3.6,208,0.085368128879689
2025-10-04 15:00:00,300.16,99230,4.59,208.6,0.114216720428445
2025-10-04 16:00:00,302.37,99180,5.62,206.7,0.120982450532621
2025-10-04 17:00:00,303.4,99120,6.25,207.1,0.126540780037707
2025-10-04 18:00:00,304.04,99040,6.5,209.2,0.132004516094661
2025-10-04 19:00:00,304.28,98960,6.51,209.8,0.134728164572628
2025-10-04 20:00:00,304.09,98900,6.34,208.5,0.13293682560512
2025-10-04 21:00:00,303.45,98870,6.03,205.2,0.125524384411886
2025-10-04 22:00:00,301.77,98860,4.69,200.1,0.113583128333611
2025-10-04 23:00:00,297.79,98870,3.55,194.5,0.0888044421259521
2025-10-05,296.21,98920,3.92,193.7,0.0754727817494894
2025-10-05 01:00:00,295.48,98970,4.23,194.8,0.0686328267251384
2025-10-05 02:00:00,294.55,99000,4.27,195.5,0.0618903821482327
2025-10-05 03:00:00,293.65,99000,4.44,196.6,0.0564024086407497
2025-10-05 04:00:00,292.87,99000,4.66,198.6,0.0525211751168952
2025-10-05 05:00:00,292.05,99010,4.75,199.7,0.048979626968387
2025-10-05 06:00:00,291.4,99040,4.89,199,0.0461356287281154
2025-10-05 07:00:00,290.8,99070,4.82,197.6,0.0435663224747383
2025-10-05 08:00:00,290.22,99080,4.66,195.8,0.0412875374670813
2025-10-05 09:00:00,289.6,99110,4.31,193.8,0.0395739655289123
2025-10-05 10:00:00,289,99140,4.01,190.6,0.0384594597013829
2025-10-05 11:00:00,288.51,99170,3.93,186.9,0.037710748731725
2025-10-05 12:00:00,288.74,99190,4.56,183.1,0.0394218491468613
2025-10-05 13:00:00,290.68,99210,5.02,180.1,0.0477144053914999
2025-10-05 14:00:00,293.89,99210,5.03,183.2,0.0630416235852834
2025-10-05 15:00:00,297.78,99180,6.8,196.5,0.0726739022293344
2025-10-05 16:00:00,299.71,99130,7.76,198.9,0.0732405557911882
2025-10-05 17:00:00,300.75,99080,7.99,197.1,0.0753163421521825
2025-10-05 18:00:00,301.49,99000,8.04,195.5,0.0755160022564456
2025-10-05 19:00:00,301.84,98940,7.99,194.6,0.0743251045337422
2025-10-05 20:00:00,301.77,98880,7.89,194.2,0.0718398073213159
2025-10-05 21:00:00,301.22,98840,7.58,193.5,0.0677821273338239
2025-10-05 22:00:00,299.63,98830,6.24,191.5,0.0615289666428333
2025-10-05 23:00:00,295.88,98830,4.97,188.1,0.0497891808295729
2025-10-06,294.67,98850,5.7,187.5,0.0456894845199215
2025-10-06 01:00:00,294.26,98890,6.3,189.7,0.0459965589072962
2025-10-06 02:00:00,293.55,98930,6.27,194.2,0.0462308161521127
2025-10-06 03:00:00,292.9,98940,6.33,199,0.0462076031043604
2025-10-06 04:00:00,292.29,98950,6.45,202.9,0.0463073117085803
2025-10-06 05:00:00,291.83,98970,6.48,205.3,0.0472249925856953
2025-10-06 06:00:00,291.67,98970,6.29,207.1,0.0496933549327437
2025-10-06 07:00:00,291.49,98960,5.79,204.6,0.0523868648881078
2025-10-06 08:00:00,290.83,98950,5.16,199.5,0.052190411742932
2025-10-06 09:00:00,290.43,99010,5.03,202.3,0.0517809499319523
2025-10-06 10:00:00,290.13,99060,4.84,203.9,0.0513360328416574
2025-10-06 11:00:00,289.79,99080,4.43,204.8,0.0504795886814589
2025-10-06 12:00:00,289.94,99110,4.17,204.5,0.051519017733494
2025-10-06 13:00:00,291.84,99140,4.24,199.8,0.0617015824271551
2025-10-06 14:00:00,294.94,99150,4.3,210.9,0.0845986748069254
2025-10-06 15:00:00,297.67,99150,5.22,228.2,0.106170264593088
2025-10-06 16:00:00,299.3,99110,4.94,230.1,0.115115182574668
2025-10-06 17:00:00,300.22,99050,4.53,224,0.118513062524277
2025-10-06 18:00:00,300.34,98980,4.37,218.3,0.115787948193299
2025-10-06 19:00:00,300.51,98900,4.32,217,0.114940270012327
2025-10-06 20:00:00,300.85,98830,4.31,216.9,0.116301284598626
2025-10-06 21:00:00,300.08,98780,3.81,217.9,0.113240624532778
2025-10-06 22:00:00,298.39,98790,2.25,231.1,0.114885436529243
2025-10-06 23:00:00,295.77,98840,1.72,258.6,0.10230812178874
2025-10-07,294.49,98890,1.56,309.5,0.0910734747375191
2025-10-07 01:00:00,293.5,98930,2.97,2.7,0.0823405469976519
2025-10-07 02:00:00,292.89,98940,3.72,25.7,0.0770755863333742
2025-10-07 03:00:00,292.43,98950,3.31,34.6,0.0716964415780376
2025-10-07 04:00:00,291.75,98940,2.97,32.8,0.0655445703595176
2025-10-07 05:00:00,290.88,98930,3.34,22.5,0.0576760537749053
2025-10-07 06:00:00,289.7,98960,4.17,10.2,0.0486829787065127
2025-10-07 07:00:00,288.46,98980,5.2,6.1,0.0404865542147044
2025-10-07 08:00:00,287.53,98980,5.64,10.3,0.0352103092135947
2025-10-07 09:00:00,287.23,99020,4.87,6.5,0.0336307725844524
2025-10-07 10:00:00,287.12,99030,4.59,2.9,0.0330349533294577
2025-10-07 11:00:00,287.12,99060,5.11,351.3,0.0330034033935081
2025-10-07 12:00:00,287.07,99060,5.21,0.2,0.0327784849577382
2025-10-07 13:00:00,287.24,99090,5.01,8.5,0.0330046184586996
2025-10-07 14:00:00,287.69,99160,5.16,7.6,0.0337447677155634
2025-10-07 15:00:00,288.84,99200,5.61,10.3,0.0364663337820555
2025-10-07 16:00:00,290.56,99210,5.72,14.7,0.0398613909143525
2025-10-07 17:00:00,292.01,99160,5.63,15.4,0.0431829610292573
2025-10-07 18:00:00,292.91,99110,5.73,13.2,0.0442698574706878
2025-10-07 19:00:00,293.62,99070,5.77,13.3,0.0431808581109828
2025-10-07 20:00:00,293.81,99130,5.2,11.1,0.0392588175189982
2025-10-07 21:00:00,293.52,99180,4.57,9.4,0.0335239563512961
2025-10-07 22:00:00,292.13,99230,3.17,10.7,0.0305552111972202
2025-10-07 23:00:00,288.72,99300,2.19,17.5,0.0271977570966188
2025-10-08,287.99,99360,1.88,8.3,0.022923953651859
2025-10-08 01:00:00,287.4,99420,1.77,338.5,0.020961353994635
2025-10-08 02:00:00,286.04,99460,2.24,314.1,0.0186709646493711
2025-10-08 03:00:00,284.82,99490,2.79,309.3,0.0166629671775207
2025-10-08 04:00:00,284.13,99520,3.11,314.5,0.0155652177830921
2025-10-08 05:00:00,283.8,99550,3.37,327.9,0.0155132779860627
2025-10-08 06:00:00,283.74,99620,4.29,345.8,0.0161491931669896
2025-10-08 07:00:00,283.39,99710,5.36,357.1,0.0158128695291877
2025-10-08 08:00:00,282.71,99770,5.63,0.4,0.0143307907365204
2025-10-08 09:00:00,281.93,99850,5.4,1.6,0.0126266676151951
2025-10-08 10:00:00,281.14,99900,4.86,4.6,0.011447303573439
2025-10-08 11:00:00,280.37,99940,4.14,9.2,0.0106189360805752
2025-10-08 12:00:00,280.3,99990,3.98,13.2,0.0105255687487734
2025-10-08 13:00:00,282.54,100050,4.54,15.6,0.0128953419730938
2025-10-08 14:00:00,285.92,100100,4.06,22.9,0.0166039385006508
2025-10-08 15:00:00,289.31,100130,3.75,30.9,0.0175570118092083
2025-10-08 16:00:00,290.67,100150,3.44,33.5,0.0189206946773884
2025-10-08 17:00:00,291.57,100130,3.42,37.6,0.0212692113018877
2025-10-08 18:00:00,292.11,100090,3.6,42,0.0235416745443701
2025-10-08 19:00:00,292.24,100040,3.92,46.7,0.0251226443702007
2025-10-08 20:00:00,291.86,1e+05,4.29,51,0.0255479139202541
2025-10-08 21:00:00,290.88,1e+05,4.49,54.6,0.0246994758864321
2025-10-08 22:00:00,289.23,100020,4.44,59.7,0.0226908937778813
2025-10-08 23:00:00,285.99,100070,3.2,66.4,0.0192445635014596
2025-10-09,284.52,100120,3.22,70.8,0.0173446274815704
2025-10-09 01:00:00,283.83,100160,3.09,71.9,0.0164115415220909
2025-10-09 02:00:00,283.28,100190,3,72.4,0.0156727338039179
2025-10-09 03:00:00,282.89,100210,3.02,72.5,0.0150315884631493
2025-10-09 04:00:00,282.55,100210,3.04,72.2,0.0144118719087467
2025-10-09 05:00:00,282.26,100220,3.02,72,0.0138948720224414
2025-10-09 06:00:00,282.02,100250,2.95,73.3,0.0135353756906238
2025-10-09 07:00:00,281.86,100270,2.82,76.5,0.0133341573692985
2025-10-09 08:00:00,281.82,100280,2.63,82.1,0.0133133382822321
2025-10-09 09:00:00,281.9,100300,2.38,94.3,0.0134787559213691
2025-10-09 10:00:00,281.89,100340,2.15,113.6,0.0135915476214995
2025-10-09 11:00:00,281.49,100360,2.03,134,0.0131085594561089
2025-10-09 12:00:00,281.07,100390,2.02,151.3,0.0125657819300957
2025-10-09 13:00:00,283.4,100430,2.55,160.8,0.0153193031189982
2025-10-09 14:00:00,285.92,100440,3.18,152.1,0.0170632594594838
2025-10-09 15:00:00,288.25,100420,3.42,138.4,0.0198748545103803
2025-10-09 16:00:00,289.66,100370,3.3,133.5,0.0220212097553166
2025-10-09 17:00:00,290.79,100290,3.19,131.4,0.0235712376122887
2025-10-09 18:00:00,291.67,100180,3.07,128.9,0.0245331491174068
2025-10-09 19:00:00,292.18,100080,3.02,124.9,0.0249729038090682
2025-10-09 20:00:00,292.21,1e+05,3.03,120.3,0.0246140591523274
2025-10-09 21:00:00,291.6,99960,3.07,116.7,0.0231997211989119
2025-10-09 22:00:00,289.89,99930,2.55,112.3,0.0224328126313516
2025-10-09 23:00:00,285.72,99920,2.61,105.3,0.0182724395223633
2025-10-10,284.15,99930,2.94,107,0.0152935066043103
2025-10-10 01:00:00,283.44,99900,3.08,112.9,0.0142056006745635
2025-10-10 02:00:00,282.89,99880,3.21,123.8,0.0133747738137148
2025-10-10 03:00:00,282.51,99830,3.4,138.1,0.0126851318678202
2025-10-10 04:00:00,282.28,99790,3.6,151.4,0.0121197604803863
2025-10-10 05:00:00,281.94,99770,3.82,161.8,0.0114162822986538
2025-10-10 06:00:00,281.34,99770,3.93,170.5,0.0104095435009488
2025-10-10 07:00:00,280.85,99760,3.92,177.2,0.00962238480164272
2025-10-10 08:00:00,280.74,99740,4.09,181.3,0.00937013891647589
2025-10-10 09:00:00,280.59,99690,4.09,183.6,0.00943569853681003
2025-10-10 10:00:00,280.57,99650,4.36,187.1,0.00983685988616035
2025-10-10 11:00:00,280.47,99590,4.57,191.9,0.0101750126954771
2025-10-10 12:00:00,280.72,99550,4.64,197.6,0.0108535395060372
2025-10-10 13:00:00,282.66,99520,5.17,202.5,0.013676641664068
2025-10-10 14:00:00,284.04,99520,4.81,203.2,0.0167285113285002
2025-10-10 15:00:00,285.52,99500,5.47,209.3,0.0202930950158547
2025-10-10 16:00:00,288.06,99430,6.34,216.3,0.0265340929589665
2025-10-10 17:00:00,290.73,99340,7.02,220.8,0.034192953127605
2025-10-10 18:00:00,292.17,99230,7.17,224.1,0.0405461398671481
2025-10-10 19:00:00,292.87,99150,7.06,229.3,0.044970173051254
2025-10-10 20:00:00,293.01,99120,6.6,234.2,0.0472192485919551
2025-10-10 21:00:00,292.93,99110,5.93,236.6,0.0485299839690675
2025-10-10 22:00:00,292.15,99080,4.28,235.4,0.0476287931574531
2025-10-10 23:00:00,289.47,99090,3.01,234.7,0.0392345443291666
2025-10-11,288.83,99100,2.95,241.9,0.0372700340360186
2025-10-11 01:00:00,288.68,99140,2.57,262.6,0.0373735974635949
2025-10-11 02:00:00,288.35,99190,2.3,318.9,0.0359603440532173
2025-10-11 03:00:00,287.93,99240,4.31,1.1,0.031730242834057
2025-10-11 04:00:00,286.65,99260,5.16,19.8,0.0244411269297708
2025-10-11 05:00:00,285.58,99270,4.9,28.4,0.0200041117189476
2025-10-11 06:00:00,284.69,99290,4.33,31.9,0.0179433307945857
2025-10-11 07:00:00,284,99310,4,33.4,0.016843776552042
2025-10-11 08:00:00,283.45,99310,3.84,35.1,0.0161244332774601
2025-10-11 09:00:00,282.9,99330,3.65,36.4,0.0154505620660394
2025-10-11 10:00:00,282.37,99340,3.5,37.5,0.0148494649660485
2025-10-11 11:00:00,281.88,99360,3.38,38.2,0.014356965578665
2025-10-11 12:00:00,282.06,99380,3.17,37.4,0.0149253126552769
2025-10-11 13:00:00,285.26,99410,4.04,35,0.0206193627560206
2025-10-11 14:00:00,288.14,99400,4.17,46.5,0.0268656090941201
2025-10-11 15:00:00,290.28,99380,4.22,53.9,0.0322771446780674
2025-10-11 16:00:00,291.69,99340,4.17,55.2,0.0366895815223291
2025-10-11 17:00:00,292.72,99300,4.18,56.9,0.0408297426485322
2025-10-11 18:00:00,293.28,99240,4.25,58.7,0.0435247087227249
2025-10-11 19:00:00,293.31,99190,4.41,58.9,0.0437985400503455
2025-10-11 20:00:00,292.78,99150,4.75,58.5,0.0417579902990033
2025-10-11 21:00:00,291.64,99130,5.11,59.3,0.037692726098706
2025-10-11 22:00:00,289.85,99130,5.08,61.2,0.0326268509912069
2025-10-11 23:00:00,287.27,99140,3.77,64.5,0.0270477222301812
2025-10-12,286.81,99150,4.02,68.4,0.0265933162797736
2025-10-12 01:00:00,286.71,99140,3.64,72.1,0.0269223326809027
2025-10-12 02:00:00,286.6,99130,3.17,78.3,0.0267817547680371
2025-10-12 03:00:00,286.56,99100,3.06,87.2,0.0266635308958853
2025-10-12 04:00:00,286.38,99070,3.22,97.9,0.0260577328589533
2025-10-12 05:00:00,286.26,99030,3.65,108.5,0.0254956451930084
2025-10-12 06:00:00,285.87,98990,3.94,115.9,0.0246227574412266
2025-10-12 07:00:00,284.87,98950,3.6,121.5,0.0223544005310368
2025-10-12 08:00:00,283.31,98930,3.17,126.5,0.0191460619826619
2025-10-12 09:00:00,282.36,98910,2.95,130.3,0.0172955653158192
2025-10-12 10:00:00,281.7,98900,2.85,133.2,0.0159738664654147
2025-10-12 11:00:00,281.15,98900,2.79,136.3,0.0148908661354444
2025-10-12 12:00:00,281.25,98910,2.78,138.1,0.0147702680822333
2025-10-12 13:00:00,284.09,98930,3.88,139.7,0.0189234209059467
2025-10-12 14:00:00,286.94,98920,4.44,142.7,0.0233178734122325
2025-10-12 15:00:00,289.72,98890,4.88,146,0.0277803874156301
2025-10-12 16:00:00,291.71,98850,4.75,144.2,0.0314090269309803
2025-10-12 17:00:00,293.15,98790,4.61,140.8,0.0340765169558336
2025-10-12 18:00:00,294.19,98720,4.4,137.5,0.0358096065000927
2025-10-12 19:00:00,294.61,98660,4.23,131.9,0.0360133067706702
2025-10-12 20:00:00,294.72,98610,4.24,124.4,0.0356720917861576
2025-10-12 21:00:00,294.01,98590,4.36,119.2,0.0343529948943249
2025-10-12 22:00:00,291.87,98600,3.43,111.6,0.0336292370628769
2025-10-12 23:00:00,287.75,98630,3.17,102.4,0.0267747622620891
2025-10-13,286.64,98660,3.47,103.3,0.0253400768484771
2025-10-13 01:00:00,286.36,98700,3.58,109.9,0.0254400215358414
2025-10-13 02:00:00,286.02,98720,3.69,119,0.0245608733291718
2025-10-13 03:00:00,285.48,98720,3.78,128.7,0.0223776232364814
2025-10-13 04:00:00,284.96,98720,3.82,137.7,0.0198953542844349
2025-10-13 05:00:00,284.32,98750,3.74,145.8,0.0175824507677935
2025-10-13 06:00:00,283.65,98780,3.59,153,0.0158083735732424
2025-10-13 07:00:00,283.07,98820,3.48,157.6,0.0145650892916922
2025-10-13 08:00:00,282.99,98830,3.4,161.1,0.0142736872893613
2025-10-13 09:00:00,283.47,98850,3.37,164.8,0.0150563292127182
2025-10-13 10:00:00,283.7,98880,3.33,168,0.0157415337321416
2025-10-13 11:00:00,283.96,98890,3.25,167.8,0.0165363347828897
2025-10-13 12:00:00,284.25,98930,3.17,166.1,0.0174684767786968
2025-10-13 13:00:00,285.37,99000,3.85,162.9,0.0196341260973973
2025-10-13 14:00:00,286.59,99050,3.56,153.9,0.0228844709544325
2025-10-13 15:00:00,288.26,99100,3.01,149.4,0.0278319876432536
2025-10-13 16:00:00,289.98,99140,2.71,156.3,0.0336013507010504
2025-10-13 17:00:00,291.15,99150,2.66,164.8,0.0381222912673606
2025-10-13 18:00:00,292.33,99130,2.34,167.9,0.0438066732694655
2025-10-13 19:00:00,293.85,99090,1.98,173.3,0.0527528908882749
2025-10-13 20:00:00,294.84,99070,1.38,185.4,0.0595576758685483
2025-10-13 21:00:00,294.9,99080,1.07,216.2,0.062640856737343
2025-10-13 22:00:00,294.15,99130,0.54,249.6,0.0642528337323856
2025-10-13 23:00:00,292.65,99190,0.7,21.8,0.0541468478294908
2025-10-14,290.73,99250,1.66,42.3,0.0460635854122636
2025-10-14 01:00:00,289.52,99320,2.09,46,0.0420368395023287
2025-10-14 02:00:00,288.94,99380,2.15,48.6,0.0403210291158663
2025-10-14 03:00:00,288.46,99420,2.17,48.2,0.0385714236163191
2025-10-14 04:00:00,288.11,99440,2.2,41.9,0.0374254631152754
2025-10-14 05:00:00,287.98,99470,2.26,34.2,0.0372734296267515
2025-10-14 06:00:00,287.74,99500,2.47,26.7,0.0365894183922222
2025-10-14 07:00:00,287.7,99530,3.01,19,0.0364555272764268
2025-10-14 08:00:00,287.12,99560,3.58,9.5,0.0335519049846549
2025-10-14 09:00:00,285.93,99620,4.05,2.4,0.0278186026263006
2025-10-14 10:00:00,284.48,99670,4.09,3.1,0.0222465654071239
2025-10-14 11:00:00,283.72,99710,4.07,7.6,0.0200582889663307
2025-10-14 12:00:00,284.13,99760,4.22,12.3,0.0213499094729419
2025-10-14 13:00:00,286.29,99840,4.63,18.1,0.0284154015733132
2025-10-14 14:00:00,289.45,99900,4.76,34.7,0.0428641039475216
2025-10-14 15:00:00,291.77,99930,5.56,45.7,0.0546029946128319
2025-10-14 16:00:00,293.27,99920,6.05,48,0.0588271585594303
2025-10-14 17:00:00,294.23,99870,6.1,52.5,0.0597663449967804
2025-10-14 18:00:00,294.6,99810,5.49,53.3,0.0583035018655334
2025-10-14 19:00:00,294.6,99770,4.94,50.7,0.0552639140788653
2025-10-14 20:00:00,294.21,99750,4.67,43.1,0.0508512409130794
2025-10-14 21:00:00,293.25,99750,4.78,39.1,0.0450581319572654
2025-10-14 22:00:00,291.42,99760,4.85,40.7,0.0381189960053647
2025-10-14 23:00:00,289.19,99790,4.54,40.5,0.0324163747778909
2025-10-15,288.28,99810,5.15,39.8,0.0300599568074976
2025-10-15 01:00:00,287.58,99820,5.09,39.7,0.0278344563018955
2025-10-15 02:00:00,286.72,99810,4.63,39.2,0.0255590851503493
2025-10-15 03:00:00,286.06,99780,4.46,38.3,0.024204234349742
2025-10-15 04:00:00,286.16,99740,4.49,40.9,0.0247169925392292
2025-10-15 05:00:00,286.64,99700,4.24,45,0.0260682490168635
2025-10-15 06:00:00,286.87,99690,4.05,48,0.0266374005670929
2025-10-15 07:00:00,286.98,99690,3.97,50.4,0.0267791015046301
2025-10-15 08:00:00,287,99680,3.93,50.7,0.0266841603484354
2025-10-15 09:00:00,286.97,99710,4.43,47.4,0.0266085115197549
2025-10-15 10:00:00,286.51,99750,4.5,48.7,0.0258554046499296
2025-10-15 11:00:00,286.02,99740,4.45,57.4,0.0247854718314808
2025-10-15 12:00:00,285.63,99730,4.7,66.8,0.0236420995405632
2025-10-15 13:00:00,286.16,99740,5.2,72.4,0.0249326466238354
2025-10-15 14:00:00,286.99,99730,5.44,80.3,0.0267017023176739
2025-10-15 15:00:00,287.65,99710,4.83,85.7,0.0281048986641074
2025-10-15 16:00:00,288.18,99690,4.09,84.5,0.0295081938615023
2025-10-15 17:00:00,288.85,99660,3.74,79.5,0.0312382505731439
2025-10-15 18:00:00,290.1,99580,3.78,74.3,0.0344945317593894
2025-10-15 19:00:00,290.92,99500,3.99,67.9,0.0368826414873367
2025-10-15 20:00:00,290.84,99430,4.49,63.1,0.0366916428905177
2025-10-15 21:00:00,290.03,99410,4.86,62,0.0340113617753984
2025-10-15 22:00:00,288.75,99430,4.73,61.8,0.0301292335208499
2025-10-15 23:00:00,286.69,99480,3.27,60.1,0.025527334986066
2025-10-16,286.01,99530,3.25,59.2,0.0240971647150712
2025-10-16 01:00:00,285.63,99540,3.19,59.5,0.023309831217358
2025-10-16 02:00:00,285.14,99520,3.07,62.3,0.0222811297390344
2025-10-16 03:00:00,284.85,99510,3,66.2,0.0216766127568886
2025-10-16 04:00:00,284.83,99480,2.99,71.1,0.0216313549954288
2025-10-16 05:00:00,284.88,99490,2.87,76.9,0.0217515780036669
2025-10-16 06:00:00,284.93,99500,2.77,85.4,0.0218431306819857
2025-10-16 07:00:00,284.84,99510,2.7,95.5,0.021571020816246
2025-10-16 08:00:00,284.46,99490,2.75,107.3,0.0205741346464368
2025-10-16 09:00:00,284.26,99500,2.71,116.8,0.0200303210212971
2025-10-16 10:00:00,284.16,99540,2.55,120.9,0.0197034886636048
2025-10-16 11:00:00,283.98,99540,2.57,120.8,0.0191779291151964
2025-10-16 12:00:00,283.77,99520,2.79,121.1,0.0185957715315768
2025-10-16 13:00:00,286.32,99540,3.5,121.2,0.023650892490468
2025-10-16 14:00:00,288.58,99510,4.55,123.9,0.0266978365290592
2025-10-16 15:00:00,290.52,99450,5.11,128.3,0.029148500636715
2025-10-16 16:00:00,292.1,99410,4.49,130.2,0.0320406908370865
2025-10-16 17:00:00,293.4,99370,3.74,127.2,0.0345428032894966
2025-10-16 18:00:00,294.34,99300,3.25,121.8,0.0365573627764166
2025-10-16 19:00:00,294.05,99220,3.46,130.5,0.0360961351145997
2025-10-16 20:00:00,293.38,99130,3.46,147.6,0.0348099070047487
2025-10-16 21:00:00,292.75,99110,2.67,145.5,0.0340160286846753
2025-10-16 22:00:00,291.07,99120,1.97,125.7,0.0336792837091
2025-10-16 23:00:00,288.67,99090,2.22,114.5,0.0296310421545423
2025-10-17,287.89,99050,2.63,122.4,0.0263472749357934
2025-10-17 01:00:00,287.55,99010,2.91,134,0.0249983512220833
2025-10-17 02:00:00,287.52,99000,3.19,143.2,0.0244851977658016
2025-10-17 03:00:00,287.47,98980,3.62,151.3,0.0237003348649752
2025-10-17 04:00:00,287.08,98950,4.17,157.6,0.0221547501970886
2025-10-17 05:00:00,286.43,98910,4.63,160.4,0.0204646173227733
2025-10-17 06:00:00,285.99,98880,5.08,161.7,0.019745318584454
2025-10-17 07:00:00,285.68,98850,5.28,165,0.0196617440296111
2025-10-17 08:00:00,285.46,98820,5.32,169.9,0.0197680955880175
2025-10-17 09:00:00,285.41,98820,5.16,174.2,0.0202962417747994
2025-10-17 10:00:00,285.37,98820,4.9,177,0.0209957375857586
2025-10-17 11:00:00,285.33,98810,4.87,179.2,0.0216011624459782
2025-10-17 12:00:00,285.53,98800,5.18,180.7,0.0226373273170402
2025-10-17 13:00:00,286.52,98790,5.76,180.6,0.0254563991620595
2025-10-17 14:00:00,288.89,98750,6.22,182.5,0.0327470048894371
2025-10-17 15:00:00,292.34,98660,7.82,193.9,0.0461419447478288
2025-10-17 16:00:00,293.96,98570,7.65,196.9,0.0535707081979811
2025-10-17 17:00:00,295.18,98460,7.43,196.5,0.0597321999664432
2025-10-17 18:00:00,295.9,98340,7.3,196.3,0.0640205497975777
2025-10-17 19:00:00,295.76,98250,7.01,195.1,0.0635004352698248
2025-10-17 20:00:00,295.4,98180,6.28,192.6,0.0619255304023962
2025-10-17 21:00:00,294.57,98120,5.07,188.8,0.0591256634068014
2025-10-17 22:00:00,293.13,98090,4.06,184.4,0.0537083085722289
2025-10-17 23:00:00,291.78,98060,4.01,178.3,0.0479063740928551
2025-10-18,291.91,98050,5.24,176.7,0.0470437867398636
2025-10-18 01:00:00,291.6,98030,6.21,179.4,0.0449537414838198
2025-10-18 02:00:00,291.01,98000,6.67,182.9,0.0420381096663024
2025-10-18 03:00:00,290.24,97960,6.66,184.8,0.0389317863919056
2025-10-18 04:00:00,289.5,97910,6.52,185.5,0.0365184091629905
2025-10-18 05:00:00,289.01,97870,6.32,186.1,0.0353315623994065
2025-10-18 06:00:00,288.69,97850,6.11,187.6,0.0350041597361584
2025-10-18 07:00:00,288.44,97830,5.93,190.5,0.0351101363936779
2025-10-18 08:00:00,288.36,97800,6.11,200.1,0.035885501876226
2025-10-18 09:00:00,288.92,97790,6.11,212.8,0.0388323422337709
2025-10-18 10:00:00,289.61,97790,6.69,222.8,0.0425411688578998
2025-10-18 11:00:00,289.54,97780,5.98,224.5,0.0437794703608867
2025-10-18 12:00:00,289.23,97780,5.17,218.5,0.0437285684456492
2025-10-18 13:00:00,289.89,97810,5.22,213,0.0480241661875224
2025-10-18 14:00:00,290.64,97840,4.71,208.3,0.0531085584654468
2025-10-18 15:00:00,293.51,97830,5.31,220.6,0.0723917991502194
2025-10-18 16:00:00,296.03,97800,5.29,233.3,0.0888256794415936
2025-10-18 17:00:00,297.18,97740,4.53,243.9,0.09197449651437
2025-10-18 18:00:00,297.99,97690,4.31,250.1,0.0925201162312542
2025-10-18 19:00:00,297.7,97690,4.44,251.9,0.0860282599545574
2025-10-18 20:00:00,296.41,97640,3.28,266.2,0.0763758047349693
2025-10-18 21:00:00,295.1,97600,1.54,267.4,0.0790520448829184
2025-10-18 22:00:00,293.99,97580,1.23,215.8,0.0705508888559667
2025-10-18 23:00:00,291.8,97700,2.51,216.4,0.0576990596163964
2025-10-19,291.31,97580,2.1,211.6,0.0556835050300632
2025-10-19 01:00:00,290.64,97490,2.22,203.1,0.0537095085714562
2025-10-19 02:00:00,290.09,97430,2.34,211.2,0.0526560803892275
2025-10-19 03:00:00,290.11,97450,3.77,227,0.0537486363983919
2025-10-19 04:00:00,289.61,97380,4.12,245,0.0499271317320121
2025-10-19 05:00:00,288.89,97260,4.23,269.9,0.0447633955062868
2025-10-19 06:00:00,288.1,97210,5.14,297.8,0.0395364261871051
2025-10-19 07:00:00,286.51,97190,7.94,318.9,0.0307744771869517
2025-10-19 08:00:00,283.97,97270,10.25,323.3,0.0203472113611213
2025-10-19 09:00:00,282.1,97400,11.34,324.8,0.0147800067390287
2025-10-19 10:00:00,280.94,97480,11.04,326.2,0.0123087534657247
2025-10-19 11:00:00,280.42,97530,10.45,326.8,0.0113787915316705
2025-10-19 12:00:00,280.43,97580,9.74,325.8,0.0114067690513307
2025-10-19 13:00:00,281.19,97650,8.42,324.6,0.0126061887545626
2025-10-19 14:00:00,282.65,97720,7.14,317.8,0.014980810772744
2025-10-19 15:00:00,284.19,97800,7.23,306.6,0.0173398301249964
2025-10-19 16:00:00,285.41,97870,7.96,302.3,0.0180667261084359
2025-10-19 17:00:00,286.39,97920,8.73,305.4,0.016939824954377
2025-10-19 18:00:00,287.14,97940,9.04,306.2,0.0159479596011619
2025-10-19 19:00:00,288.16,97980,9.24,303.3,0.0164882244241614
2025-10-19 20:00:00,288.67,98040,9.32,301.5,0.0168304301793476
2025-10-19 21:00:00,288.24,98100,8.99,300.8,0.0160060315095538
2025-10-19 22:00:00,286.9,98190,7.7,299.2,0.0143982143441282
2025-10-19 23:00:00,284.51,98290,6.15,296.6,0.0122499917243168
2025-10-20,283.19,98370,5.67,294.7,0.0112800875562278
2025-10-20 01:00:00,282.23,98460,5.32,292.4,0.0105699553388854
2025-10-20 02:00:00,281.22,98540,4.58,290.3,0.00984797638884147
2025-10-20 03:00:00,280.26,98590,4.06,286.3,0.00915363561523524
2025-10-20 04:00:00,279.64,98630,3.92,285.1,0.00865000097910009
2025-10-20 05:00:00,278.97,98670,3.65,285.3,0.00812353931779196
2025-10-20 06:00:00,278.33,98700,3.36,285.4,0.00759955858592669
2025-10-20 07:00:00,277.68,98720,3.06,284,0.00704119633686301
2025-10-20 08:00:00,277.14,98720,2.88,280,0.00655155372254776
2025-10-20 09:00:00,276.78,98730,2.69,270.2,0.00620411720085639
2025-10-20 10:00:00,276.56,98760,2.52,252.4,0.00596623821861547
2025-10-20 11:00:00,276.36,98770,2.57,228.8,0.00576116475598259
2025-10-20 12:00:00,276.43,98770,2.78,207.2,0.00577767696484698
2025-10-20 13:00:00,279.45,98790,4.25,191.9,0.00774520547161831
2025-10-20 14:00:00,282.07,98780,4.73,182.9,0.0100898056186692
2025-10-20 15:00:00,285.96,98730,5.79,181.3,0.0141804042369812
2025-10-20 16:00:00,289.2,98630,7.83,186.9,0.0167824388436935
2025-10-20 17:00:00,290.76,98490,8.49,187.1,0.0186411987892175
2025-10-20 18:00:00,291.78,98330,8.87,185.6,0.0201935067086378
2025-10-20 19:00:00,292.38,98190,9.12,182.5,0.0214643973384095
2025-10-20 20:00:00,292.45,98060,9.16,179.2,0.0222001297307263
2025-10-20 21:00:00,291.84,97970,8.68,176.3,0.0222213347232344
2025-10-20 22:00:00,290.15,97930,7.54,175.3,0.0208456359389705
2025-10-20 23:00:00,287.97,97910,7.27,176,0.0181842073435681
2025-10-21,287.23,97870,8.06,177.1,0.0176691215847347
2025-10-21 01:00:00,287.01,97790,8.68,180.7,0.0183990195795828
2025-10-21 02:00:00,286.83,97720,8.51,192.7,0.0200161692261749
2025-10-21 03:00:00,286,97730,6.98,218,0.0215545877262077
2025-10-21 04:00:00,284.7,97790,7.76,265.5,0.0208440287110866
2025-10-21 05:00:00,282.96,97870,8.92,291.9,0.0160897628729356
2025-10-21 06:00:00,281.77,97940,7.61,285.2,0.0136274633555708
2025-10-21 07:00:00,281.06,98000,5.67,278.2,0.0125635658321336
2025-10-21 08:00:00,280.39,98040,4.82,268.9,0.0116781524726248
2025-10-21 09:00:00,279.73,98050,4.15,261.3,0.0108270313855418
2025-10-21 10:00:00,279.16,98010,3.8,250.5,0.0101634340557586
2025-10-21 11:00:00,278.87,97970,4.29,241.3,0.00987097682284698
2025-10-21 12:00:00,278.91,97950,5.32,237.4,0.0097859119835433
2025-10-21 13:00:00,280.17,97960,6.5,240.1,0.0107758406594698
2025-10-21 14:00:00,282.08,97950,7.06,245,0.0121916694461528
2025-10-21 15:00:00,284.8,97920,8.28,258.4,0.0138088085744096
2025-10-21 16:00:00,286.14,97890,9.61,260.7,0.0141547580583602
2025-10-21 17:00:00,285.55,97880,10.48,258.8,0.0135476468785477
2025-10-21 18:00:00,284.55,97860,10.65,259.5,0.012694788469301
2025-10-21 19:00:00,283.63,97850,10.36,261.4,0.0119007217185958
2025-10-21 20:00:00,283.2,97850,10.09,264.1,0.0117604594286348
2025-10-21 21:00:00,282.86,97850,9.81,265,0.0116122970471671
2025-10-21 22:00:00,281.93,97880,9.28,264.1,0.0111071456305222
2025-10-21 23:00:00,281.03,97910,8.96,264.5,0.0108322964729996
2025-10-22,280.54,97950,9.35,271.5,0.0106678895348584
2025-10-22 01:00:00,280.09,98000,9.17,276.6,0.0103217633035364
2025-10-22 02:00:00,279.77,98050,8.85,277.6,0.00992777809448851
2025-10-22 03:00:00,279.63,98050,8.49,276,0.00955353804090774
2025-10-22 04:00:00,279.73,98020,8.5,273.6,0.00930354553461439
2025-10-22 05:00:00,279.75,98000,8.75,273.1,0.00886059041269727
2025-10-22 06:00:00,279.48,97990,8.96,273.7,0.00807367275190933
2025-10-22 07:00:00,279.3,98020,9.17,274.3,0.00751615219251948
2025-10-22 08:00:00,279.12,98020,9.14,275.5,0.00719615398352456
2025-10-22 09:00:00,279.05,98040,9,276.2,0.00709304979931925
2025-10-22 10:00:00,279.01,98070,8.76,278.1,0.00707044897937275
2025-10-22 11:00:00,278.79,98080,8.45,281.1,0.00695075208709318
2025-10-22 12:00:00,278.46,98100,8.2,282,0.00676931692520101
2025-10-22 13:00:00,279.01,98160,8.33,283.7,0.00716122569524833
2025-10-22 14:00:00,280.47,98240,9.01,290.7,0.0082916982105334
2025-10-22 15:00:00,282.23,98300,9.65,296.9,0.0101297754019918
2025-10-22 16:00:00,283.57,98330,9.54,297.7,0.011747576914329
2025-10-22 17:00:00,284.41,98350,9.23,296.2,0.0127582339251441
2025-10-22 18:00:00,284.76,98380,9.28,293,0.0131171480838804
2025-10-22 19:00:00,284.84,98410,9.34,291.9,0.0132131587205369
2025-10-22 20:00:00,284.43,98450,9.12,292.9,0.0127491715028869
2025-10-22 21:00:00,283.69,98470,8.53,295.3,0.0118960715061592
2025-10-22 22:00:00,282.8,98530,7.4,296.3,0.0110093270560537
2025-10-22 23:00:00,281.5,98580,5.85,294.9,0.00992753792552498
2025-10-23,280.87,98640,5.51,294.8,0.00944302721584267
2025-10-23 01:00:00,280.36,98690,5.37,296.6,0.00904503532805348
2025-10-23 02:00:00,279.67,98720,4.92,296.8,0.00853741692515856
2025-10-23 03:00:00,278.79,98750,4.41,295.8,0.00788493619244122
2025-10-23 04:00:00,278.51,98750,4.63,296.8,0.00765516004623286
2025-10-23 05:00:00,278.13,98760,4.65,297.9,0.00736897371426829
2025-10-23 06:00:00,277.56,98770,4.43,298.6,0.00694623397509813
2025-10-23 07:00:00,276.82,98800,4.14,299,0.00639790189073852
2025-10-23 08:00:00,276.14,98820,4.02,298.9,0.00589834472194502
2025-10-23 09:00:00,275.54,98860,3.97,300.2,0.00546334755377972
2025-10-23 10:00:00,275,98920,3.98,302.2,0.00508249239293007
2025-10-23 11:00:00,274.52,98980,3.96,303.8,0.00473985203570019
2025-10-23 12:00:00,274.13,99040,3.96,304.6,0.00445671399476161
2025-10-23 13:00:00,275.67,99130,4.94,304.4,0.00511046859877662
2025-10-23 14:00:00,278.25,99190,4.71,305.3,0.0065829108885403
2025-10-23 15:00:00,281.18,99230,6.54,316.9,0.0080710148819014
2025-10-23 16:00:00,282.7,99240,6.6,315.2,0.00892322110247799
2025-10-23 17:00:00,283.85,99240,6.36,312.4,0.00966469110596681
2025-10-23 18:00:00,284.64,99220,6.28,309.6,0.0100889774366248
2025-10-23 19:00:00,285.04,99200,6.29,308.2,0.0102401037652948
2025-10-23 20:00:00,285.02,99190,6.26,308.2,0.0101266040536275
2025-10-23 21:00:00,284.5,99210,6.02,309.5,0.00970252343809735
2025-10-23 22:00:00,282.76,99240,4.26,313.1,0.00880844980060057
2025-10-23 23:00:00,279.09,99270,3.22,320.4,0.00686014889130067
2025-10-24,278.07,99310,3.23,327.8,0.00617205469192251
2025-10-24 01:00:00,277.32,99370,3.19,329.5,0.00570277374948151
2025-10-24 02:00:00,276.59,99410,3.14,330.2,0.00527767677737909
2025-10-24 03:00:00,275.95,99430,3.12,333.4,0.00491690920279745
2025-10-24 04:00:00,275.38,99440,3.13,337,0.0046197178566839
2025-10-24 05:00:00,274.87,99470,3.15,337,0.00437238298865048
2025-10-24 06:00:00,274.42,99510,3.18,336.3,0.00416639190460733
2025-10-24 07:00:00,273.94,99560,3.17,336.2,0.00396367617071787
2025-10-24 08:00:00,273.44,99600,3.12,336.1,0.00377440157327191
2025-10-24 09:00:00,272.94,99650,3,336.6,0.00360621719123417
2025-10-24 10:00:00,272.45,99680,2.83,338.2,0.00344882464793785
2025-10-24 11:00:00,272.06,99720,2.75,340.6,0.00332655174476924
2025-10-24 12:00:00,271.88,99750,2.65,343.8,0.00327126222204577
2025-10-24 13:00:00,274.73,99810,2.9,347.6,0.00437979372678261
2025-10-24 14:00:00,277.34,99860,2.37,346.6,0.00573892663997075
2025-10-24 15:00:00,281.28,99880,2.04,338.5,0.00769434566236196
2025-10-24 16:00:00,283.16,99880,2.05,333.7,0.0088282567432943
2025-10-24 17:00:00,284.39,99830,2.11,339.5,0.00977757554847337
2025-10-24 18:00:00,285.26,99770,2.22,352.7,0.0105441545127294
2025-10-24 19:00:00,285.77,99720,2.19,0.8,0.0109478665976059
2025-10-24 20:00:00,285.84,99690,2.14,15.5,0.0109685486281139
2025-10-24 21:00:00,285.23,99690,2.13,33.7,0.0106648333467378
2025-10-24 22:00:00,283.12,99720,1.44,54.9,0.0114029854272722
2025-10-24 23:00:00,280.28,99740,1.99,76.9,0.00798955485282802
2025-10-25,278.88,99770,2.33,88.5,0.00701377814064007
2025-10-25 01:00:00,278.06,99800,2.44,102,0.00649586555853089
2025-10-25 02:00:00,277.46,99820,2.52,112.6,0.0061668940314357
2025-10-25 03:00:00,277.2,99830,2.52,118.2,0.0060866877175833
2025-10-25 04:00:00,277.04,99850,2.51,117.5,0.0060574986709684
2025-10-25 05:00:00,276.95,99880,2.51,116,0.00606647834890615
2025-10-25 06:00:00,276.76,99880,2.61,115.9,0.00603891763921146
2025-10-25 07:00:00,276.54,99890,2.74,118.1,0.00601118178151221
2025-10-25 08:00:00,276.25,99870,2.9,123.3,0.00594649529769801
2025-10-25 09:00:00,275.88,99900,3,132.8,0.00586065224611644
2025-10-25 10:00:00,275.64,99920,2.97,134.2,0.00584579747963962
2025-10-25 11:00:00,276.08,99940,2.79,122.6,0.0061480810246546
2025-10-25 12:00:00,276.09,99990,2.83,113.1,0.00612459249018822
2025-10-25 13:00:00,278.26,100070,2.81,114.4,0.00775993795313557
2025-10-25 14:00:00,281.51,100110,3.78,110.4,0.0105610377317885
2025-10-25 15:00:00,283.85,100090,4.21,106.2,0.0119604188745546
2025-10-25 16:00:00,285.59,100060,4.1,99.3,0.012812215826112
2025-10-25 17:00:00,286.49,100040,3.99,96,0.0135028023413666
2025-10-25 18:00:00,286.97,99990,3.86,96.4,0.0138895217211282
2025-10-25 19:00:00,287.11,99940,3.76,92.1,0.0139408941139296
2025-10-25 20:00:00,286.91,99900,3.95,84.6,0.0138615264334254
2025-10-25 21:00:00,286.13,99900,4.18,79.5,0.0135445190229744
2025-10-25 22:00:00,284.07,99920,3.3,74.9,0.0130884573648776
2025-10-25 23:00:00,281.75,99960,3.21,73.4,0.0113079121245809
2025-10-26,281.24,99990,3.4,77.9,0.0108366038061966
2025-10-26 01:00:00,280.83,99980,3.24,84,0.0102979485059292
2025-10-26 02:00:00,280.45,99960,3.25,90.5,0.00964084064554557
2025-10-26 03:00:00,279.75,99920,3.51,97,0.00864130903511847
2025-10-26 04:00:00,279.33,99900,3.65,104,0.00818868862554862
2025-10-26 05:00:00,278.95,99920,3.66,112.5,0.00791720016340755
2025-10-26 06:00:00,278.55,99960,3.65,123.6,0.00751487627514511
2025-10-26 07:00:00,278.03,100010,3.59,132.4,0.00694427688935832
2025-10-26 08:00:00,277.34,100020,3.42,134.2,0.00626018461431492
2025-10-26 09:00:00,276.75,100010,3.3,125.1,0.00573883553966095
2025-10-26 10:00:00,276.55,1e+05,3.4,113.4,0.00557040001712881
2025-10-26 11:00:00,276.64,100010,3.57,108.4,0.00562826144786381
2025-10-26 12:00:00,276.85,100030,3.73,106.8,0.00581144181724873
2025-10-26 13:00:00,279.93,100080,3.92,108.4,0.00853467944370229
2025-10-26 14:00:00,283.32,100130,5.27,114.6,0.0120319205066171
2025-10-26 15:00:00,285.65,100130,6.8,118.6,0.0136460509701437
2025-10-26 16:00:00,287.07,100080,6.65,113.1,0.0147587552266894
2025-10-26 17:00:00,288.08,1e+05,6.47,103.9,0.0159785443838539
2025-10-26 18:00:00,288.67,99930,6.39,97.6,0.017102327536683
2025-10-26 19:00:00,288.73,99860,6.25,92.2,0.0178376939126576
2025-10-26 20:00:00,288.26,99810,6.25,84.2,0.0179060640578539
2025-10-26 21:00:00,287.23,99780,6.17,79.3,0.0171488656872835
2025-10-26 22:00:00,285.24,99790,4.7,76.3,0.0154635276597983
2025-10-26 23:00:00,282.17,99810,3.69,74.3,0.012331743888528
2025-10-27,281.67,99800,3.82,77.9,0.0118098389170265
2025-10-27 01:00:00,281.48,99770,3.96,83.6,0.0116735497758794
2025-10-27 02:00:00,281.39,99750,4.17,91.5,0.0116804465183415
2025-10-27 03:00:00,281.13,99730,4.29,100.5,0.0115525643421486
2025-10-27 04:00:00,280.66,99720,4.3,108.6,0.0111276655657201
2025-10-27 05:00:00,279.99,99710,4.18,113.3,0.0103528325999251
2025-10-27 06:00:00,279.25,99710,3.99,113.3,0.00958726637292125
2025-10-27 07:00:00,278.7,99720,3.88,108.5,0.00909704181342893
2025-10-27 08:00:00,278.42,99690,3.91,101.2,0.00892164921927227
2025-10-27 09:00:00,278.37,99660,4.03,94.4,0.008939773403086
2025-10-27 10:00:00,278.33,99650,4.09,92,0.00891450814715385
2025-10-27 11:00:00,278.14,99660,4.01,91.6,0.00869451303384735
2025-10-27 12:00:00,277.94,99660,3.95,89.9,0.00842572244012213
2025-10-27 13:00:00,280.79,99670,4.65,87.3,0.0109920228513091
2025-10-27 14:00:00,283.64,99680,6.12,88,0.0139332951845664
2025-10-27 15:00:00,285.29,99660,6.72,90.4,0.0150461961582578
2025-10-27 16:00:00,286.55,99600,6.95,91.3,0.0156556792554392
2025-10-27 17:00:00,287.22,99520,7.12,88.4,0.0160049676212693
2025-10-27 18:00:00,287.32,99420,7.3,84.5,0.0160995402108744
2025-10-27 19:00:00,287.09,99360,7.35,83.6,0.0159007442090847
2025-10-27 20:00:00,286.61,99330,7.17,83.4,0.0154573500952342
2025-10-27 21:00:00,285.9,99320,6.68,80.7,0.0147394816061827
2025-10-27 22:00:00,284.29,99300,5.2,71.8,0.0134042900180949
2025-10-27 23:00:00,281.64,99270,4.24,64.1,0.0111507672839312
2025-10-28,281.73,99270,4.77,69.6,0.0113266798574556
2025-10-28 01:00:00,282.51,99290,5.64,80.4,0.0119343761059815
2025-10-28 02:00:00,282.92,99310,6.24,89.4,0.0122555160305779
2025-10-28 03:00:00,282.32,99310,5.93,95,0.0115872803741268
2025-10-28 04:00:00,281.42,99310,5.45,97.7,0.0107490836257628
2025-10-28 05:00:00,280.46,99310,4.69,97.4,0.0100457111077002
2025-10-28 06:00:00,280.02,99300,4.38,96.2,0.00984416051276512
2025-10-28 07:00:00,279.9,99300,4.3,96.3,0.00997316709695186
2025-10-28 08:00:00,279.74,99280,4.16,98.4,0.0100060930515159
2025-10-28 09:00:00,279.42,99250,3.92,99.2,0.00981414884168642
2025-10-28 10:00:00,278.98,99240,3.81,98.2,0.00951961568781051
2025-10-28 11:00:00,278.61,99230,3.87,95.6,0.00930410202700994
2025-10-28 12:00:00,278.57,99220,4.04,93.8,0.00929720037282911
2025-10-28 13:00:00,281.05,99220,4.99,93.2,0.0117722689766927
2025-10-28 14:00:00,283.4,99250,6.28,95.2,0.0143381517578447
2025-10-28 15:00:00,284.82,99240,6.53,98.5,0.0155526230701466
2025-10-28 16:00:00,286.13,99210,6.46,99.4,0.0170792878768705
2025-10-28 17:00:00,287.24,99150,6.46,100.8,0.0186719177810099
2025-10-28 18:00:00,287.78,99070,6.36,100.1,0.0194886401630023
2025-10-28 19:00:00,287.83,99010,6.24,95.3,0.0195278866822855
2025-10-28 20:00:00,287.52,98970,6.25,88.6,0.0188472324401934
2025-10-28 21:00:00,286.84,98930,5.99,82,0.0175791740787542
2025-10-28 22:00:00,285.55,98900,5.29,76.1,0.0160562574279445
2025-10-28 23:00:00,284.4,98880,5.05,78.1,0.014991302641953
2025-10-29,284.34,98900,5.48,85.7,0.0150359955838709
2025-10-29 01:00:00,284.2,98920,6.38,94.5,0.0138004585200246
2025-10-29 02:00:00,283.79,98970,7.58,97.9,0.0120072956289457
2025-10-29 03:00:00,283.17,99000,7.68,98.5,0.0112446947738144
2025-10-29 04:00:00,282.45,99000,6.56,96.5,0.0112225008405609
2025-10-29 05:00:00,281.78,98970,5.52,90.1,0.0111109504461244
2025-10-29 06:00:00,281.37,98940,5.13,83.5,0.0110628240457496
2025-10-29 07:00:00,281.01,98920,4.83,76.2,0.0109373263298482
2025-10-29 08:00:00,281.01,98900,5.04,72.5,0.0110161989659813
2025-10-29 09:00:00,281,98890,5.31,68.7,0.0110075416951703
2025-10-29 10:00:00,280.86,98910,5.61,64.1,0.0108466340792914
2025-10-29 11:00:00,280.75,98930,5.98,61.6,0.0106865735046289
2025-10-29 12:00:00,280.41,98960,5.77,63,0.0102638578850837
2025-10-29 13:00:00,281.71,99000,6.21,62.6,0.0116104869637045
2025-10-29 14:00:00,283.87,99030,7.62,63.8,0.0137104511959348
2025-10-29 15:00:00,285.21,99030,8.9,66.7,0.0140341230117858
2025-10-29 16:00:00,285.97,99010,9.47,65.5,0.0140618737795067
2025-10-29 17:00:00,286.33,98990,9.68,63.2,0.0144819525121057
2025-10-29 18:00:00,286.43,98950,9.77,59.7,0.0151516648271904
2025-10-29 19:00:00,286.28,98920,9.72,54.8,0.0155700093200914
2025-10-29 20:00:00,285.96,98920,9.5,49.9,0.0155413545874315
2025-10-29 21:00:00,285.34,98940,8.96,45,0.0149976945070457
2025-10-29 22:00:00,284.08,98950,7.52,37.5,0.0137982810131459
2025-10-29 23:00:00,282.26,98950,6.11,25.7,0.0122267640034171
2025-10-30,281.44,98960,6.06,16.6,0.0117030671120346
2025-10-30 01:00:00,280.88,98950,6.04,16.9,0.0113723712293029
2025-10-30 02:00:00,280.48,98920,5.46,20.5,0.0110699773721876
2025-10-30 03:00:00,279.86,98860,4.48,26.2,0.0103713695859052
2025-10-30 04:00:00,279.22,98810,3.87,30.1,0.00950176838233905
2025-10-30 05:00:00,278.7,98770,3.63,30.7,0.00877715675306946
2025-10-30 06:00:00,278.39,98750,3.65,32.3,0.0082767841393529
2025-10-30 07:00:00,278.09,98740,3.68,26.3,0.00792060706757285
2025-10-30 08:00:00,277.9,98710,3.8,19.5,0.00774907455900693
2025-10-30 09:00:00,277.64,98670,3.88,15.4,0.00760821314898233
2025-10-30 10:00:00,277.2,98650,3.88,10.4,0.00745532210659731
2025-10-30 11:00:00,276.87,98630,4.01,5.3,0.00739893832339353
2025-10-30 12:00:00,276.61,98620,4.29,359.1,0.00732692453771151
2025-10-30 13:00:00,278.49,98620,5.86,354,0.00869778677433688
2025-10-30 14:00:00,280.72,98610,5.95,353.9,0.0106330708793574
2025-10-30 15:00:00,283.46,98580,6.51,1.9,0.0126890343821558
2025-10-30 16:00:00,285.12,98530,6.38,3.4,0.0134036878564209
2025-10-30 17:00:00,286.18,98450,5.84,2.5,0.0139316750751129
2025-10-30 18:00:00,286.85,98380,5.34,0.9,0.0143611867580394
2025-10-30 19:00:00,287.11,98350,4.93,359,0.0145067904537174
2025-10-30 20:00:00,286.93,98340,4.53,353.9,0.0143199032217613
2025-10-30 21:00:00,286.16,98330,4.1,346,0.0135409467946478
2025-10-30 22:00:00,283.37,98330,2.59,342.7,0.0124015100367775
2025-10-30 23:00:00,280.49,98320,2.61,338.2,0.00930945014284492
2025-10-31,279.83,98320,2.48,327,0.00855513481539334
2025-10-31 01:00:00,279.12,98310,2.48,312.7,0.00788591576744427
2025-10-31 02:00:00,278.72,98300,2.63,299.6,0.00768878376183439
2025-10-31 03:00:00,278.88,98280,2.79,294.8,0.00790271253138508
2025-10-31 04:00:00,278.92,98260,3.11,296.3,0.00791602174467366
2025-10-31 05:00:00,278.96,98240,3.66,300.2,0.00800286754524196
2025-10-31 06:00:00,278.8,98250,4.03,305.5,0.00802267540474548
2025-10-31 07:00:00,278.42,98260,4.17,312.6,0.00782247607783319
2025-10-31 08:00:00,277.62,98280,4.04,319,0.0072109241407128
2025-10-31 09:00:00,276.48,98290,3.75,317.6,0.00641747276965809
2025-10-31 10:00:00,275.73,98320,3.77,310.9,0.00599064916754439
2025-10-31 11:00:00,275.66,98330,4.23,302.6,0.00594711382136209
2025-10-31 12:00:00,276.23,98360,5.12,298.3,0.00618736217230361
2025-10-31 13:00:00,276.66,98390,4.93,293.9,0.00649487386152019
2025-10-31 14:00:00,278.51,98430,5.09,289.4,0.00788401886653759
2025-10-31 15:00:00,281.36,98440,5.44,288.5,0.00989632190141458
2025-10-31 16:00:00,283.59,98450,5.73,287.5,0.0114723555996334
2025-10-31 17:00:00,284.92,98420,5.66,283.8,0.0126555083966109
2025-10-31 18:00:00,285.78,98390,5.72,280.6,0.0133477830254368
2025-10-31 19:00:00,286.02,98370,5.76,278.1,0.0132696493248917
2025-10-31 20:00:00,285.62,98360,5.43,275.4,0.0127060155039186
2025-10-31 21:00:00,284.79,98380,4.3,272.8,0.0122187532307567
2025-10-31 22:00:00,282.53,98410,2.4,271.7,0.0117690469231733
2025-10-31 23:00:00,280.56,98460,2.48,272.8,0.00969777804805309
2025-11-01,280.2,98500,2.5,276.4,0.00942075567928474
2025-11-01 01:00:00,279,98540,2.75,281.3,0.00809871392257593
2025-11-01 02:00:00,277.66,98560,2.94,288.9,0.00685204677159118
2025-11-01 03:00:00,276.82,98580,3.03,295.2,0.00623196056069963
2025-11-01 04:00:00,276.21,98600,3.11,297.8,0.00581124911510426
2025-11-01 05:00:00,275.57,98600,3.11,297.6,0.00537248962860195
2025-11-01 06:00:00,275.02,98620,3.07,295.9,0.00499153562991642
2025-11-01 07:00:00,274.51,98640,3.02,292.8,0.00464694458501468
2025-11-01 08:00:00,274.03,98660,3.05,288.4,0.00436232904236617
2025-11-01 09:00:00,273.69,98700,3,285.7,0.00418694239053387
2025-11-01 10:00:00,273.43,98750,2.89,285.7,0.0040570490604394
2025-11-01 11:00:00,273.19,98790,2.82,287.1,0.00394165084694995
2025-11-01 12:00:00,272.99,98840,2.85,289.7,0.00384906311155634
2025-11-01 13:00:00,275.04,98910,3.28,294.1,0.00488325633853449
2025-11-01 14:00:00,277.45,98960,3.73,295.9,0.00650182312018709
2025-11-01 15:00:00,280.58,99000,4.1,294.3,0.00833893720737809
2025-11-01 16:00:00,282.14,99010,3.92,293.6,0.00906261851635025
2025-11-01 17:00:00,282.78,99020,3.43,293.9,0.00939963799589364
2025-11-01 18:00:00,283.29,99000,2.88,296.1,0.00980826528564225
2025-11-01 19:00:00,283.51,98980,2.37,304.5,0.0100216605668118
2025-11-01 20:00:00,283.27,99000,2.18,321.5,0.010078310732724
2025-11-01 21:00:00,282.38,99050,2.44,336.8,0.0100131252648013
2025-11-01 22:00:00,280.72,99130,2.25,346.4,0.00996506659907904
2025-11-01 23:00:00,279.22,99210,2.8,352.6,0.0090241313036747
2025-11-02,278.89,99290,3.49,356.2,0.00898226451920765
2025-11-02 01:00:00,278.49,99330,3.19,358.9,0.00873270157987081
2025-11-02 02:00:00,277.71,99330,2.55,4.9,0.00797219326191231
2025-11-02 03:00:00,277.08,99310,2.5,14.8,0.007324881800432
2025-11-02 04:00:00,276.72,99310,2.58,19,0.0069098634506189
2025-11-02 05:00:00,276.57,99350,2.69,13.8,0.0066746628734288
2025-11-02 06:00:00,276.53,99400,2.82,6.5,0.00652120973190416
2025-11-02 07:00:00,276.43,99450,2.88,4,0.00631798256399327
2025-11-02 08:00:00,276.18,99460,2.71,7.6,0.00604336745333889
2025-11-02 09:00:00,276.04,99460,2.44,19.4,0.00590666711272466
2025-11-02 10:00:00,276.39,99440,2.04,38.8,0.00618465752071146
2025-11-02 11:00:00,276.95,99480,1.63,46,0.00662512561623606
2025-11-02 12:00:00,277.29,99540,1.34,42.9,0.00691324479660151
2025-11-02 13:00:00,278.27,99560,1,75,0.00798477402599432
2025-11-02 14:00:00,280.22,99560,1.52,139.3,0.00996059405458179
2025-11-02 15:00:00,282.3,99530,2.9,173.7,0.012164271793581
2025-11-02 16:00:00,283.71,99490,4.22,192.6,0.0130313322025032
2025-11-02 17:00:00,284.83,99450,5.47,204.6,0.0129343517963736
2025-11-02 18:00:00,284.89,99360,6.42,211.8,0.012037631050782
2025-11-02 19:00:00,284.26,99290,6.85,218.1,0.0108717982293418
2025-11-02 20:00:00,284.13,99270,7,222.2,0.0103929749500752
2025-11-02 21:00:00,283.58,99220,6.55,219.1,0.00956724252991831
2025-11-02 22:00:00,281.74,99170,4.76,214.1,0.00832124067641942
2025-11-02 23:00:00,279.24,99120,4.14,210,0.00669211490704871
2025-11-03,278.98,99090,4.87,209.4,0.00629652166832507
2025-11-03 01:00:00,278.64,99060,5.52,208.5,0.00595829803926157
2025-11-03 02:00:00,277.89,99070,5.35,212.4,0.00552130462363764
2025-11-03 03:00:00,277.47,99130,5.42,219.8,0.00533800203420612
2025-11-03 04:00:00,277.11,99160,5.5,222.9,0.00522432540728528
2025-11-03 05:00:00,276.73,99150,5.71,222.2,0.00511635417783575
2025-11-03 06:00:00,276.58,99110,6.05,219.2,0.00512615220402822
2025-11-03 07:00:00,276.68,99070,6.27,220.3,0.00528581367213496
2025-11-03 08:00:00,276.63,99040,6.1,222.5,0.00537501253624884
2025-11-03 09:00:00,276.62,98990,6.14,223.5,0.00547084166896326
2025-11-03 10:00:00,276.63,98970,6.26,227.2,0.00556868998832013
2025-11-03 11:00:00,276.43,98990,6.01,235.4,0.00555342776999246
2025-11-03 12:00:00,275.79,99050,5.45,247.7,0.00526191522852275
2025-11-03 13:00:00,276.35,99130,5.87,261.9,0.00560879356053693
2025-11-03 14:00:00,278.62,99220,5.84,273.5,0.0072173989310046
2025-11-03 15:00:00,282.41,99290,6.19,295.2,0.0100511445722863
2025-11-03 16:00:00,285.42,99320,6.91,307.3,0.0105589254365848
2025-11-03 17:00:00,287.18,99330,6.95,303.6,0.010422245245807
2025-11-03 18:00:00,288.29,99310,7.47,299.9,0.0101561699402441
2025-11-03 19:00:00,288.74,99310,7.85,297.7,0.00995474910742482
2025-11-03 20:00:00,288.63,99330,7.73,296.3,0.00962421591263827
2025-11-03 21:00:00,287.69,99370,6.73,295,0.00935640318478911
2025-11-03 22:00:00,283.88,99430,4.33,292.5,0.00825714193512878
2025-11-03 23:00:00,280.52,99490,4.06,290.2,0.00648289676653894
2025-11-04,279.67,99510,4.02,288.9,0.00598089571691834
2025-11-04 01:00:00,279.15,99560,4.07,289.8,0.00563796627235832
2025-11-04 02:00:00,278.45,99570,4.04,289.8,0.00529595114930105
2025-11-04 03:00:00,277.81,99570,4,289.9,0.00501914691403346
2025-11-04 04:00:00,277.45,99580,3.92,290.1,0.00489618370903385
2025-11-04 05:00:00,278.01,99590,3.79,290.4,0.005305937296467
2025-11-04 06:00:00,277.96,99610,3.58,288.9,0.00540239366874033
2025-11-04 07:00:00,278.14,99630,3.38,284.9,0.00560824022277007
2025-11-04 08:00:00,278.25,99650,3.29,280.3,0.00570910789991669
2025-11-04 09:00:00,278.3,99670,3.19,274.5,0.00577595049745383
2025-11-04 10:00:00,278.17,99690,3.04,266.8,0.00576149257245028
2025-11-04 11:00:00,277.89,99710,2.99,257.3,0.00560742514795264
2025-11-04 12:00:00,276.71,99730,3.15,246.2,0.00482753161141619
2025-11-04 13:00:00,277.99,99740,2.76,233.5,0.00566934532066552
2025-11-04 14:00:00,281.49,99730,3.6,217.9,0.00697613392088535
2025-11-04 15:00:00,284.03,99690,3.07,203,0.00919010423306067
2025-11-04 16:00:00,287.94,99620,4.42,197.5,0.0113800158449761
2025-11-04 17:00:00,289.3,99510,5.37,195.3,0.0111691627275862
2025-11-04 18:00:00,289.7,99350,5.56,187.1,0.0114169331755078
2025-11-04 19:00:00,290.51,99190,5.93,178.9,0.0120698383347559
2025-11-04 20:00:00,290.73,99040,6.29,174.3,0.0129084881401658
2025-11-04 21:00:00,289.77,98960,5.6,173.2,0.014295956927222
2025-11-04 22:00:00,286.39,98900,4.33,171.1,0.0132916275550584
2025-11-04 23:00:00,283.94,98880,4.4,167.5,0.011699401922388
2025-11-05,283.42,98810,4.79,161.8,0.0116296187400844
2025-11-05 01:00:00,283.05,98710,5.63,161.2,0.0113765530692231
2025-11-05 02:00:00,282.52,98590,6.09,166.8,0.0112427374945976
2025-11-05 03:00:00,282.05,98490,6.22,176.2,0.0116607737567341
2025-11-05 04:00:00,282.06,98420,6.49,185.8,0.0131563544909541
2025-11-05 05:00:00,282.15,98340,6.71,196.5,0.0147535892357196
2025-11-05 06:00:00,282.03,98280,6.83,206.4,0.0152379762283825
2025-11-05 07:00:00,282.03,98230,6.83,214.1,0.0152560970316257
2025-11-05 08:00:00,281.81,98180,6.42,223.1,0.0149099894423288
2025-11-05 09:00:00,281.24,98160,5.83,232,0.0141516379460939
2025-11-05 10:00:00,281.24,98170,5.73,239.5,0.0141213481134397
2025-11-05 11:00:00,281.46,98180,5.58,245.5,0.014426874997611
2025-11-05 12:00:00,281.62,98220,5.42,253.7,0.0147260854613047
2025-11-05 13:00:00,282.13,98300,5.47,268.3,0.0155374511539396
2025-11-05 14:00:00,283.2,98410,5.81,292.2,0.0172772354534447
2025-11-05 15:00:00,285.3,98540,7.85,322,0.020480371807493
2025-11-05 16:00:00,287.08,98690,9.69,336.6,0.0206244442267249
2025-11-05 17:00:00,288.02,98810,10,339.6,0.0181841988109727
2025-11-05 18:00:00,288.32,98890,9.56,338.6,0.0178189932812468
2025-11-05 19:00:00,288.42,99000,9.14,335.9,0.0177584925852801
2025-11-05 20:00:00,288.14,99080,8.51,331.1,0.0164890090968286
2025-11-05 21:00:00,287.22,99140,7.51,326,0.0140825920749817
2025-11-05 22:00:00,284.62,99200,5.23,322.3,0.0110801200396988
2025-11-05 23:00:00,281.51,99290,4.45,319.6,0.00843843398109257
2025-11-06,280.63,99380,4.67,318.9,0.00744975557004748
2025-11-06 01:00:00,279.9,99440,4.46,319.5,0.0067902560247153
2025-11-06 02:00:00,278.68,99470,3.88,320.1,0.00601644535624678
2025-11-06 03:00:00,277.53,99510,3.69,318.4,0.00531174438320955
2025-11-06 04:00:00,276.9,99550,3.64,316.2,0.0049285562368652
2025-11-06 05:00:00,276.1,99570,3.61,316.2,0.00450128976418727
2025-11-06 06:00:00,275.43,99590,3.53,317,0.00421116908971877
2025-11-06 07:00:00,275.34,99610,3.3,319.4,0.00424015047939145
2025-11-06 08:00:00,274.86,99610,3.09,325.5,0.00408774009232878
2025-11-06 09:00:00,274,99600,2.96,333.1,0.00370622717415398
2025-11-06 10:00:00,273.5,99600,2.74,341.9,0.00347407016641128
2025-11-06 11:00:00,273.52,99600,2.32,353.3,0.00343480547225093
2025-11-06 12:00:00,274.27,99600,1.64,9.8,0.00364781562572988
2025-11-06 13:00:00,275.81,99600,0.86,42.6,0.00449482428699119
2025-11-06 14:00:00,278.18,99590,1.15,121.9,0.00562266907526308
2025-11-06 15:00:00,280.51,99520,2.05,148.6,0.00731221080108429
2025-11-06 16:00:00,283.67,99420,3.63,161.9,0.00921084759888968
2025-11-06 17:00:00,286.09,99300,4.95,169.4,0.00998289637632022
2025-11-06 18:00:00,286.94,99150,5.25,169.8,0.0101325891075781
2025-11-06 19:00:00,287.17,99010,5.35,168.7,0.0101926552687874
2025-11-06 20:00:00,287.13,98890,4.93,164,0.0108037792424045
2025-11-06 21:00:00,285.68,98770,3.87,155.3,0.0112689884816745
2025-11-06 22:00:00,283.82,98650,4.21,150.1,0.00996183739829841
2025-11-06 23:00:00,283.51,98560,5.3,151.3,0.00939323849072707
2025-11-07,283.54,98450,6.22,155.8,0.00940082757311357
2025-11-07 01:00:00,283.18,98320,6.87,162.1,0.00927696516917182
2025-11-07 02:00:00,282.73,98210,7,169.2,0.00918612849357932
2025-11-07 03:00:00,282.36,98130,7.04,175.5,0.00922183225619596
2025-11-07 04:00:00,282.25,98010,7.25,178.7,0.00943254984418044
2025-11-07 05:00:00,282.53,97860,8.4,185.7,0.0101739401317159
2025-11-07 06:00:00,283.07,97700,9.28,193.1,0.0114164549990828
2025-11-07 07:00:00,282.77,97550,8.85,200,0.0124444053214351
2025-11-07 08:00:00,281.83,97460,7.51,211.3,0.0132921462319775
2025-11-07 09:00:00,281.8,97350,7.06,222.5,0.0143529204796837
2025-11-07 10:00:00,282.33,97270,7.31,234.6,0.0160455041759246
2025-11-07 11:00:00,282.17,97230,6.86,240.6,0.0163510726155407
2025-11-07 12:00:00,282.03,97240,6.69,247.7,0.0162807788631345
2025-11-07 13:00:00,282.19,97290,6.76,254.3,0.0163034676529775
2025-11-07 14:00:00,283.2,97350,7.05,266.1,0.017090083047183
2025-11-07 15:00:00,285.25,97370,7.62,277.4,0.0183492787903285
2025-11-07 16:00:00,287.57,97380,8.26,282.9,0.0207827990108012
2025-11-07 17:00:00,289.31,97370,8.68,283.2,0.0241915489010764
2025-11-07 18:00:00,290.33,97340,8.87,282.8,0.0267340556522594
2025-11-07 19:00:00,290.54,97320,8.62,282.9,0.027470624382806
2025-11-07 20:00:00,290.1,97340,8.03,283.5,0.026615431602178
2025-11-07 21:00:00,289.15,97400,7.18,285.5,0.0247730308968842
2025-11-07 22:00:00,286.58,97470,5.08,289.1,0.0204205612933671
2025-11-07 23:00:00,283.97,97560,4.35,296,0.0162876171133054
2025-11-08,283.56,97660,4.81,308.2,0.0154445150426337
2025-11-08 01:00:00,282.82,97750,4.92,320.4,0.014198885015058
2025-11-08 02:00:00,282.24,97820,4.84,330.8,0.0130988198063353
2025-11-08 03:00:00,281.5,97890,4.14,339.8,0.012018655824453
2025-11-08 04:00:00,280.52,97950,3.41,345.6,0.010934709756819
2025-11-08 05:00:00,279.93,98010,3.36,352.6,0.0103025059877353
2025-11-08 06:00:00,279.58,98060,3.52,11,0.00999317738950213
2025-11-08 07:00:00,279.46,98090,4.04,31.1,0.00991751834435611
2025-11-08 08:00:00,279.76,98120,4.83,40,0.0102062722921996
2025-11-08 09:00:00,279.74,98170,5.4,41.8,0.00998610550580788
2025-11-08 10:00:00,279.33,98220,5.58,37.3,0.00925099851146647
2025-11-08 11:00:00,278.78,98260,5.55,36,0.00841911302027765
2025-11-08 12:00:00,278.31,98270,5.01,37.4,0.00784326920366153
2025-11-08 13:00:00,278.44,98300,4.55,36.6,0.00791699600585237
2025-11-08 14:00:00,279,98350,4.15,34.2,0.00843020639485878
2025-11-08 15:00:00,279.73,98400,4.05,35.9,0.00895943742024505
2025-11-08 16:00:00,280.5,98430,4.16,42.1,0.00950029568530569
2025-11-08 17:00:00,280.94,98400,4.36,48.3,0.00979198505833971
2025-11-08 18:00:00,280.98,98380,4.16,47.3,0.00972498990071391
2025-11-08 19:00:00,280.54,98340,4.36,51.2,0.00926992511645453
2025-11-08 20:00:00,280.11,98300,4.86,61.1,0.00892468422128551
2025-11-08 21:00:00,279.67,98290,5.12,69.8,0.0086480065917121
2025-11-08 22:00:00,279.03,98280,5.13,73.6,0.0083227587428576
2025-11-08 23:00:00,278.43,98280,5.26,72,0.00799568949771716
2025-11-09,277.82,98300,5.44,64.8,0.00748889366543158
2025-11-09 01:00:00,277.06,98350,5.44,51.9,0.00674037771091514
2025-11-09 02:00:00,276.48,98410,5.49,42.3,0.00619472245525566
2025-11-09 03:00:00,276.2,98420,5.92,40.3,0.00593822344798639
2025-11-09 04:00:00,276.05,98420,6.31,35.9,0.00582324946575552
2025-11-09 05:00:00,275.94,98410,6.72,30.4,0.00570760350181722
2025-11-09 06:00:00,275.73,98430,6.72,19.6,0.00550928502545783
2025-11-09 07:00:00,275.07,98480,7.38,6.8,0.00497524939623692
2025-11-09 08:00:00,274.43,98560,8.27,356.3,0.00440434588976969
2025-11-09 09:00:00,273.8,98650,8.88,350.2,0.00386815839354687
2025-11-09 10:00:00,273.33,98740,8.84,346.3,0.00352283848800664
2025-11-09 11:00:00,272.91,98790,8.75,342.7,0.0032689654142877
2025-11-09 12:00:00,272.32,98870,8.86,339.8,0.00290665793196791
2025-11-09 13:00:00,271.91,98950,8.87,337,0.00257697050497488
2025-11-09 14:00:00,272.31,99010,9.59,337.6,0.00253095076208655
2025-11-09 15:00:00,273.19,99060,9.94,340.4,0.00262614473593953
2025-11-09 16:00:00,274.28,99110,9.78,341.1,0.00275992232838913
2025-11-09 17:00:00,275.03,99120,9.62,338.9,0.00279937168086869
2025-11-09 18:00:00,275.02,99140,9.51,334.8,0.00262738355808769
2025-11-09 19:00:00,274.54,99190,9.51,330.4,0.00232565315168954
2025-11-09 20:00:00,273.77,99280,9.45,326.7,0.00200234266530695
2025-11-09 21:00:00,272.88,99370,9.28,324.5,0.0017147779916529
2025-11-09 22:00:00,271.67,99450,8.69,323.5,0.0014710864712416
2025-11-09 23:00:00,270.53,99520,7.95,321.7,0.00134803338656436
2025-11-10,269.88,99570,7.81,322,0.00130781531995588
2025-11-10 01:00:00,269.72,99580,7.64,323.5,0.00136786015902443
2025-11-10 02:00:00,269.67,99570,7.68,325.5,0.00144687905952522
2025-11-10 03:00:00,269.53,99540,7.89,325.3,0.00150161301692561
2025-11-10 04:00:00,269.51,99480,8.29,323.5,0.00155745219741839
2025-11-10 05:00:00,269.86,99420,9.37,327,0.00166024386941088
2025-11-10 06:00:00,270.23,99390,10.31,334.9,0.00176424575982692
2025-11-10 07:00:00,270.29,99380,10.64,340.6,0.0018214922989039
2025-11-10 08:00:00,270.2,99400,10.66,343.7,0.00184854307800499
2025-11-10 09:00:00,269.9,99430,10.37,345.1,0.00180870312056817
2025-11-10 10:00:00,269.45,99480,9.67,345.7,0.00171458210282715
2025-11-10 11:00:00,269,99530,8.82,346.7,0.00161641621754653
2025-11-10 12:00:00,268.61,99600,7.89,347,0.00154168121669905
2025-11-10 13:00:00,268.54,99670,7.06,345.1,0.0015323831933136
2025-11-10 14:00:00,269.82,99730,7.4,347.7,0.0017865753337675
2025-11-10 15:00:00,271.78,99770,7.49,351.6,0.00220881867212552
2025-11-10 16:00:00,273.39,99750,7.29,348.7,0.00242023547931201
2025-11-10 17:00:00,274.28,99690,6.98,338.6,0.00236782832047284
2025-11-10 18:00:00,274.86,99610,6.87,324.4,0.00234190148757085
2025-11-10 19:00:00,274.96,99550,7.24,313.3,0.00229790270097806
2025-11-10 20:00:00,274.56,99510,7.51,308.3,0.00219389930764917
2025-11-10 21:00:00,273.74,99510,7.06,307.3,0.00202039204831427
2025-11-10 22:00:00,271.69,99500,4.99,305.1,0.00167119763008711
2025-11-10 23:00:00,269.58,99480,3.98,297.9,0.00139800052444798
2025-11-11,269.32,99490,4.3,292.4,0.00137033528406757
2025-11-11 01:00:00,268.96,99490,4.61,288.7,0.0013458340652223
2025-11-11 02:00:00,268.43,99460,4.61,286.6,0.00130312108008004
2025-11-11 03:00:00,267.87,99440,4.29,285.1,0.00124977984770842
2025-11-11 04:00:00,267.37,99400,4.03,283,0.0011963755168548
2025-11-11 05:00:00,267.09,99360,4.1,279.4,0.00116493049146276
2025-11-11 06:00:00,266.9,99270,3.97,270.6,0.00114769843952633
2025-11-11 07:00:00,267.38,99170,4.34,258,0.00122951150451077
2025-11-11 08:00:00,267.92,99090,4.5,247.8,0.00133363568156951
2025-11-11 09:00:00,268.63,99030,4.46,238.5,0.00147810382330328
2025-11-11 10:00:00,269.17,98970,4.47,225.4,0.00158833403308885
2025-11-11 11:00:00,269.11,98890,4.77,212.9,0.00156824349507765
2025-11-11 12:00:00,269.09,98840,5.41,203.6,0.00154327990519241
2025-11-11 13:00:00,269.75,98780,6.25,196.2,0.00164308992318386
2025-11-11 14:00:00,271.35,98730,6.95,192.2,0.00194546727017743
2025-11-11 15:00:00,273.24,98620,8.78,198.3,0.00224024874371064
2025-11-11 16:00:00,273.96,98480,10.01,200.6,0.00240089330142353
2025-11-11 17:00:00,273.89,98310,10.25,199.5,0.00269467316585901
2025-11-11 18:00:00,275.39,98140,10.14,201.8,0.00322555006111516
2025-11-11 19:00:00,277.33,98010,10.33,213.2,0.00370377033541449
2025-11-11 20:00:00,278.3,97900,9.17,225.5,0.00416894868742872
2025-11-11 21:00:00,278.13,97860,7.13,233.8,0.0045031079868869
2025-11-11 22:00:00,276.46,97850,5.93,241.4,0.00417244112973358
2025-11-11 23:00:00,275.27,97880,5.85,249.2,0.00390679314786489
2025-11-12,274.65,97920,5.83,255.5,0.003847508344447
2025-11-12 01:00:00,274.66,97950,6.22,260,0.00408014231440414
2025-11-12 02:00:00,274.56,97980,6.16,261.4,0.00429346292109044
2025-11-12 03:00:00,273.86,98010,5.89,257.4,0.00416818444427964
2025-11-12 04:00:00,273.66,98010,5.96,257.3,0.00424418015610961
2025-11-12 05:00:00,274.14,98010,6.28,265.3,0.00459952968053101
2025-11-12 06:00:00,274.51,98050,6.67,272.3,0.00484598773670724
2025-11-12 07:00:00,274.92,98080,6.96,276.2,0.00508795220280149
2025-11-12 08:00:00,274.92,98120,6.8,274.7,0.00509682064489299
2025-11-12 09:00:00,274.65,98170,6.77,273.9,0.00485826593568712
2025-11-12 10:00:00,274.61,98230,6.7,276.4,0.00472375055719344
2025-11-12 11:00:00,274.36,98290,6.49,277.7,0.00448060802679376
2025-11-12 12:00:00,273.91,98360,6.23,278.3,0.00414277167689376
2025-11-12 13:00:00,274.18,98460,6.47,278.2,0.00420188321850933
2025-11-12 14:00:00,275.84,98560,6.61,276.6,0.00510968600070085
2025-11-12 15:00:00,278.24,98620,6.64,277.5,0.00662924252791339
2025-11-12 16:00:00,281.11,98670,7.99,291.4,0.00772270496273286
2025-11-12 17:00:00,283.16,98660,8.51,291.7,0.00869861441245921
2025-11-12 18:00:00,284.47,98630,9.05,289.2,0.0102006825099587
2025-11-12 19:00:00,285.15,98610,9.49,288.5,0.0112186561619617
2025-11-12 20:00:00,285.09,98610,9.47,290,0.0114396414781599
2025-11-12 21:00:00,284.1,98660,8.88,293.5,0.0106667817975074
2025-11-12 22:00:00,281.71,98730,7.42,295.6,0.00881392765670317
2025-11-12 23:00:00,279.72,98800,6.82,296.5,0.00743780762198727
2025-11-13,278.88,98850,6.62,297.7,0.0069378818292398
2025-11-13 01:00:00,278.41,98890,6.38,298.5,0.00668490279972914
2025-11-13 02:00:00,277.8,98930,5.63,296.6,0.00636313947514063
2025-11-13 03:00:00,277.26,98970,5.23,296.7,0.00605912357570053
2025-11-13 04:00:00,276.56,99030,4.66,299.4,0.005638242633253
2025-11-13 05:00:00,275.39,99100,4.31,299.3,0.00493449104634109
2025-11-13 06:00:00,274.78,99170,4.39,297.8,0.00456883867002899
2025-11-13 07:00:00,274.34,99230,4.4,298.1,0.00431284278956133
2025-11-13 08:00:00,273.82,99260,4.28,299.7,0.00405000223541468
2025-11-13 09:00:00,273.29,99280,4.16,301.2,0.0038184738511435
2025-11-13 10:00:00,272.81,99310,3.93,304.5,0.00361874209412117
2025-11-13 11:00:00,272.31,99350,3.59,309.6,0.00339217769107995
2025-11-13 12:00:00,271.8,99390,3.25,312.4,0.00314372613690735
2025-11-13 13:00:00,272.67,99420,2.78,310.6,0.00337467211997664
2025-11-13 14:00:00,275.39,99440,3.12,298.1,0.00444565511613669
2025-11-13 15:00:00,277.2,99440,2.49,269.8,0.00543965787675753
2025-11-13 16:00:00,279.78,99450,2.4,245.1,0.00713967599028689
2025-11-13 17:00:00,282.7,99400,2.54,245.4,0.00731558761103415
2025-11-13 18:00:00,284.14,99350,2.94,242.2,0.0082228261109627
2025-11-13 19:00:00,284.94,99310,2.96,240.5,0.00922212919413624
2025-11-13 20:00:00,285.11,99290,2.87,233.2,0.00974064916210107
2025-11-13 21:00:00,283.97,99270,1.97,217.8,0.0116338307520409
2025-11-13 22:00:00,281.09,99240,2.39,196.5,0.00949653339084681
2025-11-13 23:00:00,279.83,99230,2.81,182,0.00807003622852313
2025-11-14,279.48,99230,3.06,174.9,0.00782622091002931
2025-11-14 01:00:00,278.89,99220,3.37,173.9,0.00724891837896512
2025-11-14 02:00:00,278.54,99200,3.65,175.3,0.00688003019186496
2025-11-14 03:00:00,277.92,99180,3.88,176.7,0.00628418930849896
2025-11-14 04:00:00,277.4,99130,4.04,176.6,0.00579196757385044
2025-11-14 05:00:00,277.1,99080,4.22,177.8,0.00553285169799618
2025-11-14 06:00:00,276.87,99020,4.35,180.4,0.00541286960395151
2025-11-14 07:00:00,276.59,98970,4.34,182,0.00531267988579502
2025-11-14 08:00:00,276.21,98900,4.17,187.7,0.00520099749972224
2025-11-14 09:00:00,275.66,98860,3.67,199.3,0.00500276374815393
2025-11-14 10:00:00,275.3,98820,3.36,209.6,0.0049179150460768
2025-11-14 11:00:00,275.05,98790,3.21,216.8,0.00493619085704436
2025-11-14 12:00:00,274.77,98800,3.04,223.9,0.00501651419338789
2025-11-14 13:00:00,275.98,98790,2.86,225.4,0.0060456025957988
2025-11-14 14:00:00,279.15,98780,3.83,223,0.00893725579598411
2025-11-14 15:00:00,281.69,98760,3.13,218.8,0.012275363072003
2025-11-14 16:00:00,284.9,98720,2.84,214.1,0.0178668319600261
2025-11-14 17:00:00,288.01,98650,3.26,215.6,0.0252084294556292
2025-11-14 18:00:00,289.98,98560,3.72,211,0.0320724679098716
2025-11-14 19:00:00,291.44,98460,4.47,213.7,0.0385041214933632
2025-11-14 20:00:00,291.92,98400,4.46,215.1,0.0416475318973529
2025-11-14 21:00:00,290.39,98350,2.97,211,0.0404166960574255
2025-11-14 22:00:00,286.65,98300,3.42,202.5,0.0283563327797461
2025-11-14 23:00:00,285.33,98250,3.85,197.2,0.0256202386021282
2025-11-15,285.32,98230,4.04,198.8,0.0263234394392249
2025-11-15 01:00:00,285.49,98180,4.4,200.1,0.0269708390928986
2025-11-15 02:00:00,285.83,98100,5.07,201.5,0.0276976550735661
2025-11-15 03:00:00,286.1,98010,6.01,205.4,0.0283689187285934
2025-11-15 04:00:00,285.73,97950,6.02,209.8,0.0277222763051222
2025-11-15 05:00:00,285.69,97890,6.15,211.7,0.0281581383145445
2025-11-15 06:00:00,285.41,97830,6.11,211.5,0.0276168949023741
2025-11-15 07:00:00,285.58,97770,6.42,211.6,0.0279654259181354
2025-11-15 08:00:00,285.76,97690,6.49,212.4,0.0284783764850598
2025-11-15 09:00:00,286,97610,6.7,213.2,0.02930227084597
2025-11-15 10:00:00,286.19,97520,7.04,211.8,0.0301419365621674
2025-11-15 11:00:00,286.35,97420,7.44,211.3,0.0308882302789869
2025-11-15 12:00:00,286.45,97330,7.69,212.5,0.031385253911889
2025-11-15 13:00:00,286.71,97320,7.77,221.3,0.0324471991459938
2025-11-15 14:00:00,287.48,97270,7.99,233.2,0.035747988435066
2025-11-15 15:00:00,288.32,97230,8.33,250.8,0.0396174349081302
2025-11-15 16:00:00,289.39,97200,8.12,268.4,0.0425749900322845
2025-11-15 17:00:00,291.53,97180,8.29,285.5,0.0461380896656147
2025-11-15 18:00:00,293.17,97190,8.94,297.7,0.0478193444663388
2025-11-15 19:00:00,293.49,97230,9.81,302.3,0.0456671803434998
2025-11-15 20:00:00,292.9,97320,10.27,306.7,0.038767323925897
2025-11-15 21:00:00,291.22,97440,9.95,312.5,0.0285529357733437
2025-11-15 22:00:00,288.48,97540,8.25,316.1,0.0209613201602791
2025-11-15 23:00:00,285.94,97630,6.63,315.1,0.0167691437330269
2025-11-16,284.49,97690,6.28,314.9,0.0144499198538676
2025-11-16 01:00:00,283.38,97740,6.4,314.2,0.0120448712443002
2025-11-16 02:00:00,282.05,97820,6.46,311.3,0.00954342401000302
2025-11-16 03:00:00,281.3,97900,6.9,311.8,0.00804905951050821
2025-11-16 04:00:00,280.34,97980,6.76,313.9,0.00696652855250672
2025-11-16 05:00:00,278.92,98050,6.65,317.1,0.00579222609085776
2025-11-16 06:00:00,278.28,98130,7.62,324.3,0.00484771464661807
2025-11-16 07:00:00,277.66,98200,7.81,329.8,0.00414397619034978
2025-11-16 08:00:00,276.93,98260,7.45,331.6,0.00374454949508428
2025-11-16 09:00:00,275.55,98310,6.32,328.3,0.0033079749366425
2025-11-16 10:00:00,274.27,98360,5.53,322.2,0.00295897367823034
2025-11-16 11:00:00,273.4,98400,5.31,318.1,0.00270694368390287
2025-11-16 12:00:00,272.64,98470,5.15,314.8,0.00251153631265769
2025-11-16 13:00:00,272.74,98540,5.47,312.6,0.00253177119098462
2025-11-16 14:00:00,274.64,98620,6.17,312.9,0.00294600208499372
2025-11-16 15:00:00,277.03,98660,7.02,321.2,0.00324311157057375
2025-11-16 16:00:00,279.1,98670,7.26,321.8,0.00348982490900123
2025-11-16 17:00:00,280.71,98640,7.39,318,0.00383229832644169
2025-11-16 18:00:00,281.75,98580,7.63,313.4,0.0042576457991847
2025-11-16 19:00:00,282.26,98560,7.94,309.8,0.00460621780430021
2025-11-16 20:00:00,282.23,98570,8.18,308.5,0.00472055302183514
2025-11-16 21:00:00,281.47,98610,7.57,308.4,0.00457686809311242
2025-11-16 22:00:00,278.64,98620,5.2,307.6,0.00397291112304506
2025-11-16 23:00:00,276.12,98640,4.36,307.6,0.00340245648042591
2025-11-17,275.21,98670,4.24,309.1,0.00316699300313669
2025-11-17 01:00:00,274.48,98700,4.23,310.6,0.00296439473352399
2025-11-17 02:00:00,273.92,98730,4.34,312.7,0.00279493117383474
2025-11-17 03:00:00,273.32,98750,4.34,315.7,0.00263082146040923
2025-11-17 04:00:00,272.97,98780,4.47,317.7,0.00253476919597467
2025-11-17 05:00:00,273.17,98820,4.82,319.8,0.00256847245876648
2025-11-17 06:00:00,272.81,98850,4.45,323.8,0.00248164275258633
2025-11-17 07:00:00,271.95,98880,3.98,328.7,0.00226348305071202
2025-11-17 08:00:00,271.47,98910,3.81,332.8,0.0021269731020291
2025-11-17 09:00:00,271.23,98950,3.59,336.7,0.00205566410625557
2025-11-17 10:00:00,270.54,99000,3.27,340.9,0.00189337463066222
2025-11-17 11:00:00,269.94,99060,3.03,344.1,0.00175160590026599
2025-11-17 12:00:00,269.81,99120,2.75,347,0.00172329238813897
2025-11-17 13:00:00,271.05,99160,2.37,348.5,0.00201611670395293
2025-11-17 14:00:00,273.38,99190,2.35,347.7,0.00239648934499126
2025-11-17 15:00:00,275.75,99180,1.24,333.2,0.00312428196486346
2025-11-17 16:00:00,279.53,99160,1.49,329.3,0.00372363143674376
2025-11-17 17:00:00,281.33,99090,1.59,327.3,0.0044088728084207
2025-11-17 18:00:00,282.3,99030,1.64,323.2,0.00502609100943754
2025-11-17 19:00:00,282.86,99010,1.76,323.1,0.0055042633389363
2025-11-17 20:00:00,282.9,99010,1.77,337.4,0.00575714589617012
2025-11-17 21:00:00,282.02,99010,1.56,2.9,0.00633503118478643
2025-11-17 22:00:00,279.42,99010,1.86,38.7,0.00676454039198372
2025-11-17 23:00:00,278.31,99010,2.36,62.5,0.00576891885523936
2025-11-18,277.92,99010,2.52,81.8,0.00535611456049826
2025-11-18 01:00:00,277.73,99030,2.67,99.7,0.00521702225576046
2025-11-18 02:00:00,277.57,99030,2.84,114.8,0.0052060810900326
2025-11-18 03:00:00,277.35,99040,3.01,121.9,0.00520022983146537
2025-11-18 04:00:00,277.77,99060,3.1,123.9,0.00561557153158302
2025-11-18 05:00:00,277.94,99080,3.25,125,0.0059996752638791
2025-11-18 06:00:00,277.88,99040,3.72,125.8,0.00617146346000948
2025-11-18 07:00:00,277.6,99010,4.02,135.4,0.00623420752590912
2025-11-18 08:00:00,275.7,99000,5.14,138.8,0.00523593738889829
2025-11-18 09:00:00,275.11,98910,4.96,120.9,0.00491517844135148
2025-11-18 10:00:00,275.63,98880,4.86,105.8,0.00533334987061069
2025-11-18 11:00:00,276.11,98870,5.18,99.4,0.00580403249138535
2025-11-18 12:00:00,276.63,98820,5.87,99.1,0.00632182798254386
2025-11-18 13:00:00,277.2,98800,5.87,100.1,0.00689326334952416
2025-11-18 14:00:00,277.85,98840,6.5,107,0.00748948379651171
2025-11-18 15:00:00,278.28,98760,8.04,105.2,0.00779416172820095
2025-11-18 16:00:00,278.92,98730,8.03,102.5,0.0082728970997334
2025-11-18 17:00:00,279.28,98710,7.18,96.6,0.00858363750993263
2025-11-18 18:00:00,279.15,98660,6.31,84.7,0.00853011392882517
2025-11-18 19:00:00,279,98630,5.96,68.7,0.00847174880680334
2025-11-18 20:00:00,278.98,98660,6.21,61.4,0.00848973860196814
2025-11-18 21:00:00,278.69,98750,6.28,65.2,0.00830364252979122
2025-11-18 22:00:00,278.26,98790,5.8,60.9,0.0080227495381435
2025-11-18 23:00:00,277.88,98840,5.24,55.9,0.00768682706991489
2025-11-19,277.57,98900,4.4,50.4,0.00738448856300093
2025-11-19 01:00:00,277.36,98990,3.79,42.4,0.00715135074659101
2025-11-19 02:00:00,277.37,99080,4.06,38.7,0.00707597021287235
2025-11-19 03:00:00,277.42,99130,4.49,40.8,0.00704969606490334
2025-11-19 04:00:00,277.55,99160,4.6,45.4,0.00710648708710336
2025-11-19 05:00:00,277.61,99200,4.03,47.4,0.00712744303883447
2025-11-19 06:00:00,277.48,99250,3.22,46.4,0.00700999924332089
2025-11-19 07:00:00,277.19,99300,2.87,44.4,0.00673667479330053
2025-11-19 08:00:00,276.76,99340,2.89,41.9,0.00632367730632308
2025-11-19 09:00:00,276.17,99380,2.87,40.3,0.00581875991115904
2025-11-19 10:00:00,275.78,99420,2.91,43.6,0.00548365781293378
2025-11-19 11:00:00,275.91,99440,2.93,51.4,0.00550139962724912
2025-11-19 12:00:00,276.4,99490,2.78,60.7,0.00581090373666597
2025-11-19 13:00:00,277.49,99540,2.74,69.2,0.00663749572983768
2025-11-19 14:00:00,278.95,99560,3.51,78.8,0.0077177796725542
2025-11-19 15:00:00,279.58,99550,4.14,90,0.0080761997356257
2025-11-19 16:00:00,279.99,99540,4.07,102.6,0.0082724113912995
2025-11-19 17:00:00,280.34,99500,3.36,110,0.00850208010551796
2025-11-19 18:00:00,280.86,99460,2.49,115.7,0.00890210066845696
2025-11-19 19:00:00,281.4,99430,1.65,114.7,0.00941498087756505
2025-11-19 20:00:00,281.53,99400,1.26,108,0.00963593390724221
2025-11-19 21:00:00,281.09,99400,1.11,94.6,0.00953526880593432
2025-11-19 22:00:00,279.73,99400,1.21,83.8,0.00911650377846703
2025-11-19 23:00:00,279.07,99400,1.49,91.9,0.00837621600170607
2025-11-20,278.68,99410,1.61,108.1,0.00803446687399278
2025-11-20 01:00:00,278.37,99390,1.68,125.3,0.00772587194382731
2025-11-20 02:00:00,278.18,99370,1.69,144.6,0.00756323765050232
2025-11-20 03:00:00,278.03,99340,1.8,160.2,0.00746843663775598
2025-11-20 04:00:00,277.74,99320,1.94,172.3,0.00721388790223163
2025-11-20 05:00:00,277.5,99310,1.97,183.8,0.00702851866882208
2025-11-20 06:00:00,277.2,99290,1.92,191.1,0.00680116661627277
2025-11-20 07:00:00,276.76,99300,1.96,204.1,0.00651319703833687
2025-11-20 08:00:00,276.57,99290,2.03,213.1,0.00645580282047678
2025-11-20 09:00:00,276.23,99280,2.23,219.5,0.00631531537080481
2025-11-20 10:00:00,275.85,99260,2.29,223,0.00615075012309669
2025-11-20 11:00:00,275.92,99220,2.1,220,0.00627245852615097
2025-11-20 12:00:00,276.25,99220,2.16,214.8,0.00657226287943184
2025-11-20 13:00:00,277.23,99220,2.14,209.1,0.0073653024628938
2025-11-20 14:00:00,278.86,99180,2.77,199.4,0.0088247748700551
2025-11-20 15:00:00,280.61,99110,2.64,192.9,0.0105057384184773
2025-11-20 16:00:00,281.75,99070,3,199.9,0.0116595780483443
2025-11-20 17:00:00,282.64,99030,3.64,214.7,0.0126928233601733
2025-11-20 18:00:00,283.13,98980,4.03,229.1,0.0133291463523944
2025-11-20 19:00:00,283.47,98930,4.14,243.4,0.0139296497706123
2025-11-20 20:00:00,283.7,98860,3.39,249.3,0.0145007363578506
2025-11-20 21:00:00,283.31,98850,2.95,242.7,0.0143831253272363
2025-11-20 22:00:00,280.78,98890,2.3,245.9,0.011547733210907
2025-11-20 23:00:00,279.45,98930,2.42,242.4,0.00996902547478395
2025-11-21,278.83,98980,2.6,243,0.00945563031259965
2025-11-21 01:00:00,278.36,98980,2.66,239.8,0.00911250718436045
2025-11-21 02:00:00,278.11,99000,2.79,245.9,0.00898080887832314
2025-11-21 03:00:00,278.38,98960,2.75,252.2,0.00929698993989824
2025-11-21 04:00:00,278.92,98960,2.87,265.8,0.00987093090887744
2025-11-21 05:00:00,279.21,98960,3.01,282.1,0.0101463338550659
2025-11-21 06:00:00,279.01,98950,2.9,295.1,0.00977479876592789
2025-11-21 07:00:00,278.76,98970,2.78,307.1,0.00926080529538113
2025-11-21 08:00:00,278.55,99000,2.81,319.2,0.00882183069460405
2025-11-21 09:00:00,278.18,98990,2.64,331,0.00831389975910453
2025-11-21 10:00:00,276.96,99000,2.67,339.1,0.00723691545551132
2025-11-21 11:00:00,276.29,99030,2.68,348.4,0.00667939065106374
2025-11-21 12:00:00,275.81,99070,2.54,355.3,0.00629340703969362
2025-11-21 13:00:00,276.02,99070,2.25,359.7,0.00633132511181809
2025-11-21 14:00:00,277.74,99060,3.33,6.4,0.00734109631813587
2025-11-21 15:00:00,278.69,99030,3.22,14.6,0.00757903577925674
2025-11-21 16:00:00,279.54,98990,2.95,18.6,0.00755038484862028
2025-11-21 17:00:00,280.23,98930,2.66,19.5,0.00740192871351013
2025-11-21 18:00:00,280.53,98840,2.26,12.5,0.0072320450366002
2025-11-21 19:00:00,280.52,98770,2.14,2.4,0.00694592608466525
2025-11-21 20:00:00,280.21,98750,1.66,359.7,0.00728499104410861
2025-11-21 21:00:00,279.44,98750,1.46,356.5,0.00778023954795905
2025-11-21 22:00:00,278.32,98770,1.79,353,0.00645460982830659
2025-11-21 23:00:00,277.59,98800,2.29,354.2,0.00578161019307988
2025-11-22,277.25,98810,2.51,358.2,0.00543181905388554
2025-11-22 01:00:00,276.94,98800,2.54,0.9,0.00521532858520389
2025-11-22 02:00:00,276.53,98800,2.56,359.3,0.00499338870637034
2025-11-22 03:00:00,275.11,98810,2.93,356.9,0.00418097941072248
2025-11-22 04:00:00,274.98,98840,3.49,357.4,0.00414459472891904
2025-11-22 05:00:00,274.49,98880,3.99,0,0.00399851026144488
2025-11-22 06:00:00,273.05,98910,3.67,4.8,0.00348572111247096
2025-11-22 07:00:00,272.17,98950,3.43,9.4,0.00320256771894748
2025-11-22 08:00:00,271.61,98970,3.19,12.7,0.00303509732009731
2025-11-22 09:00:00,271.16,98990,3.03,16.5,0.00290412478486779
2025-11-22 10:00:00,270.87,99020,2.87,22.1,0.00282954554774345
2025-11-22 11:00:00,270.99,99060,2.51,32.8,0.00289498592644423
2025-11-22 12:00:00,271.99,99110,1.87,53.9,0.00326710550869435
2025-11-22 13:00:00,273.21,99150,1.36,98.4,0.00379468838903527
2025-11-22 14:00:00,275.77,99180,1.94,144.7,0.00515912643717049
2025-11-22 15:00:00,278.13,99190,2.54,169.4,0.0067255002873368
2025-11-22 16:00:00,280.53,99180,3.69,191.1,0.00799998305900437
2025-11-22 17:00:00,281.77,99100,4.5,203.1,0.0084344192109407
2025-11-22 18:00:00,282.74,98970,5.47,208.4,0.00846991795357057
2025-11-22 19:00:00,283.48,98870,6.35,213.1,0.00837213384193233
2025-11-22 20:00:00,283.51,98790,6.93,217.3,0.00789978415763172
2025-11-22 21:00:00,282.62,98740,6.39,216.9,0.00713559443734334
2025-11-22 22:00:00,281.07,98720,5.47,214.9,0.00648087845214129
2025-11-22 23:00:00,280.64,98730,5.75,221.1,0.00637760354391446
2025-11-23,280.43,98780,7.13,236.3,0.00597489927767893
2025-11-23 01:00:00,279.2,98770,6.52,240.5,0.00549310056130222
2025-11-23 02:00:00,278.12,98790,5.96,246.4,0.0053276190468367
2025-11-23 03:00:00,277.64,98800,6.03,256.6,0.00553167776367818
2025-11-23 04:00:00,277.3,98800,5.71,267.7,0.00593587218333082
2025-11-23 05:00:00,276.75,98830,5.08,278.6,0.00623838378590028
2025-11-23 06:00:00,275.57,98890,4.24,286.4,0.00606269406334533
2025-11-23 07:00:00,276.01,98950,4.61,293.9,0.00640506573611309
2025-11-23 08:00:00,276.53,99000,4.93,300.2,0.00654292541558841
2025-11-23 09:00:00,275.82,99040,3.85,302.5,0.00599684737228018
2025-11-23 10:00:00,275.48,99070,4.36,297.2,0.00559042173633919
2025-11-23 11:00:00,275.6,99120,4.88,296.8,0.00550688776440071
2025-11-23 12:00:00,274.88,99180,4.05,299.4,0.0050596854540678
2025-11-23 13:00:00,274.75,99220,4.48,296.4,0.00485892127491964
2025-11-23 14:00:00,276.02,99280,4.64,296.3,0.00545587440217135
2025-11-23 15:00:00,278.24,99320,4.2,295.2,0.00657306214004447
2025-11-23 16:00:00,280.92,99350,3.71,293.7,0.00810284088473411
2025-11-23 17:00:00,283.69,99330,3.34,297.6,0.00860033638916325
2025-11-23 18:00:00,285.48,99280,3.06,300.2,0.00877114390940102
2025-11-23 19:00:00,286.05,99250,2.67,293.6,0.00911552378586815
2025-11-23 20:00:00,285.88,99240,2.33,283.1,0.00907991168177827
2025-11-23 21:00:00,284.19,99250,1.47,273.1,0.0114840499753523
2025-11-23 22:00:00,282.26,99250,1.33,259.6,0.00763030977072745
2025-11-23 23:00:00,281.35,99280,1.19,233.9,0.00656217418011498
2025-11-24,280.55,99290,1.54,212.2,0.00611171873692974
2025-11-24 01:00:00,279.3,99280,2.03,203.8,0.00557182847781306
2025-11-24 02:00:00,277.76,99280,2.56,207.7,0.0049593821363591
2025-11-24 03:00:00,276.54,99300,2.95,212.4,0.00451713845712971
2025-11-24 04:00:00,275.84,99290,3.1,212.4,0.00430434028166932
2025-11-24 05:00:00,275.32,99270,3.13,208.4,0.00416953688875666
2025-11-24 06:00:00,274.64,99250,3.29,204.4,0.00396357536504038
2025-11-24 07:00:00,274.13,99260,3.54,204.3,0.00384549270805103
2025-11-24 08:00:00,273.8,99240,3.53,201.6,0.00373433832999849
2025-11-24 09:00:00,273.29,99180,3.51,195.7,0.00353523062786161
2025-11-24 10:00:00,273.2,99170,3.58,190.6,0.0034749346712057
2025-11-24 11:00:00,273.58,99140,3.71,184.8,0.00358444527122807
2025-11-24 12:00:00,273.92,99130,4,180.3,0.00370406813114174
2025-11-24 13:00:00,274.93,99120,4.89,177.9,0.00415001370531233
2025-11-24 14:00:00,276.4,99170,5.89,177.6,0.00491200869266574
2025-11-24 15:00:00,277.71,99150,5.82,174.1,0.00571975627398444
2025-11-24 16:00:00,279.18,99090,5.79,174.5,0.00670655093859851
2025-11-24 17:00:00,280.9,99010,6.39,183.1,0.00806947166962559
2025-11-24 18:00:00,282.26,98850,6.56,189.2,0.0100928025411084
2025-11-24 19:00:00,282.64,98790,5.94,191.4,0.0113948461511269
2025-11-24 20:00:00,282.79,98850,5.97,196.4,0.0121392123191257
2025-11-24 21:00:00,281.8,98800,3.56,198.3,0.0117841787760467
2025-11-24 22:00:00,279.82,98770,3.15,192.3,0.00991350141016922
2025-11-24 23:00:00,279.08,98710,3.4,181.9,0.00924914671355054
2025-11-25,278.7,98670,3.79,177.3,0.00896596463466659
2025-11-25 01:00:00,278.42,98630,3.92,175.8,0.0087390929700948
2025-11-25 02:00:00,278.07,98570,3.79,174.1,0.00837695842701444
2025-11-25 03:00:00,277.94,98520,3.41,175.3,0.00816194119432665
2025-11-25 04:00:00,277.61,98510,3.11,177.1,0.00776713910686865
2025-11-25 05:00:00,277.39,98500,2.87,178.6,0.00752843595856879
2025-11-25 06:00:00,277.08,98420,2.43,168.6,0.00732392605601995
2025-11-25 07:00:00,277.2,98400,2.42,158.4,0.00747951023774683
2025-11-25 08:00:00,277.98,98380,2.27,155.6,0.00828991066495529
2025-11-25 09:00:00,277.86,98190,2.1,109.2,0.00829658685869964
2025-11-25 10:00:00,277.96,98190,2.19,121.7,0.00842519222724743
2025-11-25 11:00:00,278.12,98190,1.87,136.3,0.00861445441475259
2025-11-25 12:00:00,278.53,98170,1.38,156.6,0.00902391949795932
2025-11-25 13:00:00,279.07,98150,0.92,201.8,0.00954308272113094
2025-11-25 14:00:00,280.13,98140,1.32,263,0.0109886828135597
2025-11-25 15:00:00,281.34,98130,2.01,272,0.012817827032724
2025-11-25 16:00:00,282.59,98130,2.46,271.2,0.015106792576732
2025-11-25 17:00:00,283.46,98060,2.67,271.3,0.0165239487357596
2025-11-25 18:00:00,284.63,97990,3.11,270.2,0.0183616693728022
2025-11-25 19:00:00,285.08,97960,3.81,266.2,0.0189105927672949
2025-11-25 20:00:00,285,97960,4.02,262,0.0187169251629756
2025-11-25 21:00:00,284.25,97980,3.09,254.8,0.0177466259605682
2025-11-25 22:00:00,281.79,98000,2.59,243.4,0.0140323388804653
2025-11-25 23:00:00,280.32,98000,3.03,235.6,0.0119837106482493
2025-11-26,280.85,98000,3.35,228.9,0.012571333479908
2025-11-26 01:00:00,281.35,97960,4.68,221.2,0.0132917330043027
2025-11-26 02:00:00,281.41,97900,5.98,216.1,0.0137609107769654
2025-11-26 03:00:00,281.48,97860,7.12,233.3,0.0142646482051045
2025-11-26 04:00:00,280.48,97890,10.28,261.5,0.0107741815893077
2025-11-26 05:00:00,277.21,97910,8.62,259.7,0.00578823574897762
2025-11-26 06:00:00,275.72,97880,8.73,245.7,0.00459599191921788
2025-11-26 07:00:00,275.47,97880,10.59,243.9,0.00436107555732503
2025-11-26 08:00:00,275,97860,11.64,243.1,0.00400705600622802
2025-11-26 09:00:00,274.5,97810,12.21,241.4,0.00372323594719323
2025-11-26 10:00:00,274.14,97760,12.7,243.6,0.00354085663384328
2025-11-26 11:00:00,273.65,97750,13.35,248.2,0.00324895400489762
2025-11-26 12:00:00,273.32,97760,13.83,252.7,0.00305887885072603
2025-11-26 13:00:00,273.19,97780,14.35,259.6,0.00290349147862223
2025-11-26 14:00:00,273.41,97840,14.87,267.7,0.00284696865198127
2025-11-26 15:00:00,273.76,97930,14.97,275.2,0.00283943829830754
2025-11-26 16:00:00,274.24,98030,14.9,279.7,0.00285702698664056
2025-11-26 17:00:00,274.68,98110,14.92,281.5,0.00286363116117408
2025-11-26 18:00:00,274.75,98180,14.96,283.6,0.00278516118874734
2025-11-26 19:00:00,274.69,98280,14.84,285.6,0.002731002674367
2025-11-26 20:00:00,274.35,98400,14.47,287,0.00261410594074444
2025-11-26 21:00:00,273.74,98510,13.93,287.9,0.00242269653915175
2025-11-26 22:00:00,273.05,98630,13.3,288.4,0.00221033566801647
2025-11-26 23:00:00,272.65,98730,12.7,289.6,0.00209015464473027
2025-11-27,272.2,98810,12.11,291.9,0.00197330240666634
2025-11-27 01:00:00,271.5,98890,11.18,291.5,0.00182422945748899
2025-11-27 02:00:00,271.09,98980,10.68,289.4,0.00174950152686775
2025-11-27 03:00:00,270.82,99050,10.25,289,0.0017073608083075
2025-11-27 04:00:00,270.68,99120,10.1,290.9,0.00166511050203002
2025-11-27 05:00:00,270.65,99180,10.17,293.3,0.00163882254638221
2025-11-27 06:00:00,270.53,99220,10.04,295.6,0.00160177105608198
2025-11-27 07:00:00,270.38,99250,9.64,298.4,0.00155386564536126
2025-11-27 08:00:00,270.16,99280,9.06,301.5,0.00149947308080128
2025-11-27 09:00:00,269.63,99300,8.61,304,0.00141729067594891
2025-11-27 10:00:00,268.99,99330,8.02,305.4,0.00132794049704982
2025-11-27 11:00:00,268.71,99360,7.58,306.4,0.00128056481932813
2025-11-27 12:00:00,268.52,99410,7.13,305.6,0.00125038953376776
2025-11-27 13:00:00,268.61,99450,6.95,302.2,0.0012659209805005
2025-11-27 14:00:00,269.97,99490,7.46,299.4,0.0014564302696122
2025-11-27 15:00:00,271.62,99500,8.55,302.9,0.00166003569289151
2025-11-27 16:00:00,272.98,99530,9.06,303,0.00179643210222635
2025-11-27 17:00:00,273.85,99510,9.45,300.2,0.001897429379061
2025-11-27 18:00:00,274.31,99480,9.71,297.4,0.00202916852392529
2025-11-27 19:00:00,274.36,99470,9.84,297.1,0.00211728267746118
2025-11-27 20:00:00,273.76,99490,9.64,299.9,0.00203573314315497
2025-11-27 21:00:00,272.76,99540,8.98,304,0.00185563135969876
2025-11-27 22:00:00,271.48,99580,7.63,306.7,0.00165074862241863
2025-11-27 23:00:00,270.48,99630,6.73,306.2,0.00151734468379012
2025-11-28,269.68,99650,6.37,304.2,0.00141257367444671
2025-11-28 01:00:00,269.1,99660,6.26,301.7,0.00134099924608367
2025-11-28 02:00:00,268.7,99670,6.4,302.4,0.00129236541792738
2025-11-28 03:00:00,268.44,99690,6.5,302.9,0.00126247658874171
2025-11-28 04:00:00,268.16,99720,6.05,300,0.00124318636574474
2025-11-28 05:00:00,267.92,99730,5.83,298.8,0.00122631870330432
2025-11-28 06:00:00,267.86,99740,6.19,302.9,0.00122369853951645
2025-11-28 07:00:00,267.62,99750,5.88,301.4,0.00120232555509152
2025-11-28 08:00:00,267.48,99780,5.96,300,0.00118725216766364
2025-11-28 09:00:00,267.31,99810,6,299.4,0.00116433126969364
2025-11-28 10:00:00,267.12,99830,5.88,299.8,0.00114055694337504
2025-11-28 11:00:00,267.01,99860,5.63,299.8,0.00112605450974909
2025-11-28 12:00:00,266.97,99910,5.39,298.1,0.00111927736443166
2025-11-28 13:00:00,267.16,99970,5.51,297.3,0.00113729173005978
2025-11-28 14:00:00,268.56,100040,6.28,304.2,0.00127995004005526
2025-11-28 15:00:00,270.34,100080,6.24,310.2,0.00144428762254408
2025-11-28 16:00:00,271.77,100090,5.61,311.2,0.00155487106040821
2025-11-28 17:00:00,272.69,100050,4.82,306.7,0.00165166905390577
2025-11-28 18:00:00,273.23,100010,4.42,299.1,0.00172668305598229
2025-11-28 19:00:00,273.41,99980,4.14,294.8,0.00175959551630979
2025-11-28 20:00:00,273.17,99990,3.89,290.8,0.0017281759480654
2025-11-28 21:00:00,272.31,100010,3.18,288.5,0.00167233686472088
2025-11-28 22:00:00,269.52,100020,2.29,289.9,0.00145523910303304
2025-11-28 23:00:00,268.96,100020,2.14,295.5,0.00134916533923395
2025-11-29,269.07,100030,1.8,302.5,0.00136469184515913
2025-11-29 01:00:00,269.24,100030,1.42,310.4,0.00137894406344231
2025-11-29 02:00:00,269.46,100010,0.85,339.4,0.00138303463848012
2025-11-29 03:00:00,269.81,99980,0.7,54.9,0.00158332089627942
2025-11-29 04:00:00,269.97,99980,0.72,94.8,0.0016751010027661
2025-11-29 05:00:00,270.09,100050,0.41,128,0.00159595701611969
2025-11-29 06:00:00,270.28,100070,0.62,168.9,0.00154901591200935
2025-11-29 07:00:00,270.44,100050,1.32,161.4,0.00156009707384232
2025-11-29 08:00:00,270.49,1e+05,1.9,148.3,0.00160169914323849
2025-11-29 09:00:00,270.46,99960,2.47,149.4,0.00165310637109036
2025-11-29 10:00:00,270.33,99960,3.4,151.7,0.00172695605640239
2025-11-29 11:00:00,270.25,99880,4,140.2,0.00175495492677283
2025-11-29 12:00:00,270.25,99870,4.75,140,0.00181939380794205
2025-11-29 13:00:00,270.35,99870,5.71,142.2,0.00189109281411115
2025-11-29 14:00:00,270.52,99850,6.72,142.9,0.00196717967558235
2025-11-29 15:00:00,270.76,99790,7.33,141.1,0.00205461899099792
2025-11-29 16:00:00,271.05,99690,7.42,138.3,0.00218484607122744
2025-11-29 17:00:00,271.36,99550,7.63,136,0.00234058664940993
2025-11-29 18:00:00,271.6,99380,7.91,133,0.00248712676562978
2025-11-29 19:00:00,271.78,99220,8.11,131.5,0.00261328768089361
2025-11-29 20:00:00,271.89,99090,8.15,130.6,0.00271827736121374
2025-11-29 21:00:00,271.91,98980,8.08,130.9,0.0027983080282671
2025-11-29 22:00:00,271.76,98900,8.18,134.8,0.00278124301213941
2025-11-29 23:00:00,271.62,98770,8.73,137.5,0.00274376788887942
2025-11-30,271.54,98670,8.87,142.9,0.00271348441342269
2025-11-30 01:00:00,271.37,98530,8.55,143.3,0.00265364293462512
2025-11-30 02:00:00,271.38,98370,8.03,143.8,0.0026664398144158
2025-11-30 03:00:00,271.53,98220,7.23,146.1,0.00275170655325711
2025-11-30 04:00:00,271.76,98080,6.1,153,0.0029015501009082
2025-11-30 05:00:00,271.91,97970,4.97,171.1,0.00301488160314122
2025-11-30 06:00:00,271.87,97920,4.73,204.5,0.00300934230457822
2025-11-30 07:00:00,271.73,97910,6.09,233.1,0.00293699647134493
2025-11-30 08:00:00,271.34,97960,7.32,249.4,0.00274755212462593
2025-11-30 09:00:00,270.81,98040,8.48,260.6,0.0024935010663445
2025-11-30 10:00:00,270.59,98140,9.55,272.1,0.00236355919866454
2025-11-30 11:00:00,270.29,98270,9.43,274,0.00223878847025194
2025-11-30 12:00:00,270.19,98420,8.86,280.5,0.0021956830705437
2025-11-30 13:00:00,270.45,98610,8.18,292.3,0.00228800285349767
2025-11-30 14:00:00,270.79,98810,7.02,299.5,0.00241298897373816
2025-11-30 15:00:00,271.56,98990,7.05,315.1,0.00269586761088855
2025-11-30 16:00:00,272.3,99180,7.41,328.5,0.0029330789169867
2025-11-30 17:00:00,272.69,99330,7.39,330.1,0.00298567741285075
2025-11-30 18:00:00,272.79,99440,7.44,328.4,0.00294443312400157
2025-11-30 19:00:00,272.58,99560,7.34,326.5,0.00280444652458118
2025-11-30 20:00:00,272.18,99680,6.89,324.7,0.00260138166614753
2025-11-30 21:00:00,271.28,99810,5.56,322.6,0.00229063981267754
2025-11-30 22:00:00,268.88,99910,4.24,321.5,0.00158660382350066
2025-11-30 23:00:00,266.46,1e+05,4.3,321.9,0.00106279567326944
2025-12-01,265.14,100100,4.44,322.9,0.000849884379508948
2025-12-01 01:00:00,264.24,100180,4.44,324.4,0.000731192694226659
2025-12-01 02:00:00,263.45,100230,4.22,327.5,0.000643859658980522
2025-12-01 03:00:00,262.81,100250,3.95,331.9,0.000582453626884221
2025-12-01 04:00:00,262.51,100270,3.64,335.7,0.000556081692814529
2025-12-01 05:00:00,262.47,100300,3.35,333.6,0.000553178720291589
2025-12-01 06:00:00,262.4,100310,3.17,327.8,0.000546943868226435
2025-12-01 07:00:00,262.69,100320,2.95,326.6,0.000568048315959821
2025-12-01 08:00:00,263.34,100300,2.64,331.7,0.000621193111697297
2025-12-01 09:00:00,264.02,100250,2.33,339.4,0.00068510519143663
2025-12-01 10:00:00,264.73,100200,1.89,348.7,0.000761735005669242
2025-12-01 11:00:00,265.26,100150,1.31,0.4,0.000824050976380146
2025-12-01 12:00:00,265.98,100100,0.76,27.2,0.0009213116370043
2025-12-01 13:00:00,266.2,100060,0.44,112.5,0.000966191947596612
2025-12-01 14:00:00,266.58,100040,0.92,176.3,0.00104302338377905
2025-12-01 15:00:00,268.1,100010,1.58,185.5,0.00136069013863719
2025-12-01 16:00:00,269.45,99940,2.09,180.5,0.00169243144871546
2025-12-01 17:00:00,270.66,99820,2.79,185.3,0.0020021433267187
2025-12-01 18:00:00,270.76,99680,2.66,189.7,0.00208984128585157
2025-12-01 19:00:00,270.63,99600,2.62,194.1,0.00212236125021161
2025-12-01 20:00:00,270.35,99510,2.18,186,0.00210210481172567
2025-12-01 21:00:00,269.64,99410,2.12,172.7,0.0019086343583399
2025-12-01 22:00:00,268.63,99310,2.45,163.1,0.00163162503137745
2025-12-01 23:00:00,268.02,99230,2.58,161,0.00148825962310867
2025-12-02,267.81,99180,2.58,165.4,0.00144957096197861
2025-12-02 01:00:00,267.8,99120,2.54,171.6,0.00145677495246558
2025-12-02 02:00:00,267.84,99060,2.37,179.3,0.00147575629029686
2025-12-02 03:00:00,267.75,98990,2.18,194.1,0.00145703920464788
2025-12-02 04:00:00,267.44,98930,1.94,218.9,0.00138394839601303
2025-12-02 05:00:00,266.72,98860,2,257,0.00122469174509352
2025-12-02 06:00:00,265.86,98820,2.44,285.9,0.00105439874689859
2025-12-02 07:00:00,265.15,98790,2.79,302.3,0.000930669861401602
2025-12-02 08:00:00,264.66,98770,3.14,312.7,0.000853889284536463
2025-12-02 09:00:00,264.35,98750,3.28,317.2,0.000808363304810149
2025-12-02 10:00:00,264.03,98730,3.34,317.4,0.00076377385731052
2025-12-02 11:00:00,263.45,98730,3.15,314.6,0.000686537251627071
2025-12-02 12:00:00,262.46,98750,2.79,308,0.000573496853421006
2025-12-02 13:00:00,261.68,98800,2.91,299.9,0.000497081383349405
2025-12-02 14:00:00,261.99,98870,3.98,291.9,0.000524638575173372
2025-12-02 15:00:00,262.53,98920,3.76,280.4,0.000578050030449361
2025-12-02 16:00:00,263.63,98920,3.74,268.5,0.000701845433450472
2025-12-02 17:00:00,265.18,98900,4.39,262.9,0.000910903640488794
2025-12-02 18:00:00,266.27,98850,4.79,258.4,0.00108144955289651
2025-12-02 19:00:00,266.8,98820,4.88,252.3,0.00118011540245261
2025-12-02 20:00:00,266.79,98800,4.89,241.9,0.00118282645928225
2025-12-02 21:00:00,266.49,98780,4.4,231.2,0.0011358078490289
2025-12-02 22:00:00,265.46,98780,3.46,220.8,0.000967106114823823
2025-12-02 23:00:00,264.61,98790,3.79,214.4,0.000836860862825327
2025-12-03,264.74,98790,4.79,207,0.000857988079859038
2025-12-03 01:00:00,264.73,98790,5.69,202.4,0.000857118086055567
2025-12-03 02:00:00,264.77,98790,6.37,201.5,0.000861949785677279
2025-12-03 03:00:00,264.9,98760,6.41,199.3,0.000878441520233977
2025-12-03 04:00:00,265.08,98740,6.51,197.6,0.000901791942538759
2025-12-03 05:00:00,265.21,98750,6.67,199.9,0.000918634742778778
2025-12-03 06:00:00,265.35,98750,6.89,202.5,0.000939009080460617
2025-12-03 07:00:00,265.52,98720,7.23,200.5,0.000966768934494026
2025-12-03 08:00:00,265.59,98680,7.68,197.1,0.000977803884249317
2025-12-03 09:00:00,265.58,98600,7.89,195.3,0.000978373138139542
2025-12-03 10:00:00,265.71,98550,7.84,197,0.00100418126210775
2025-12-03 11:00:00,265.97,98550,7.56,200.8,0.00104852481035433
2025-12-03 12:00:00,266.2,98570,7.13,204.9,0.00109037735173363
2025-12-03 13:00:00,266.4,98600,6.66,210.2,0.00112768711301951
2025-12-03 14:00:00,266.81,98640,6.32,214.4,0.00121395900392465
2025-12-03 15:00:00,267.55,98680,6.01,218.5,0.00137925601501025
2025-12-03 16:00:00,268.6,98710,5.58,224.9,0.00164919423456172
2025-12-03 17:00:00,269.81,98710,5.46,237.6,0.00201858448485053
2025-12-03 18:00:00,270.83,98720,4.97,251.3,0.00239755434983834
2025-12-03 19:00:00,271.54,98770,4.51,265.8,0.00271073726718277
2025-12-03 20:00:00,272.02,98840,3.84,281.9,0.00295384407700661
2025-12-03 21:00:00,272,98900,3.1,298.1,0.00297700963985465
2025-12-03 22:00:00,271.08,98970,3.42,315.7,0.00252197767592188
2025-12-03 23:00:00,270.01,99070,4.47,326.5,0.00204607894625392
2025-12-04,268.6,99170,5.64,331.2,0.001576654833512
2025-12-04 01:00:00,266.53,99280,6.32,332.8,0.0010940482080241
2025-12-04 02:00:00,264.35,99370,6.39,334.9,0.000743691284010503
2025-12-04 03:00:00,262.5,99470,6.32,337.4,0.000525213182428456
2025-12-04 04:00:00,260.78,99550,5.96,338.7,0.000381343890500663
2025-12-04 05:00:00,259.35,99630,5.59,338,0.000293504937583756
2025-12-04 06:00:00,258.63,99710,5.55,335.8,0.000256518531562663
2025-12-04 07:00:00,258.32,99800,5.52,333.7,0.00024120652551252
2025-12-04 08:00:00,257.89,99880,5.4,332.3,0.000221649535680091
2025-12-04 09:00:00,256.84,99920,5.2,332.6,0.000183077236621271
2025-12-04 10:00:00,255.18,99970,4.96,334.9,0.000135965113280369
2025-12-04 11:00:00,253.59,100010,4.84,339.7,0.000101014138854251
2025-12-04 12:00:00,252.55,100020,4.82,346.6,8.26120071102231e-05
2025-12-04 13:00:00,251.77,100070,4.5,348.2,7.09148460933269e-05
2025-12-04 14:00:00,253.17,100170,3.85,345.7,9.19003781068079e-05
2025-12-04 15:00:00,256.87,100220,4.58,344.9,0.000175845191283022
2025-12-04 16:00:00,259.08,100230,3.97,343.3,0.00025532880535156
2025-12-04 17:00:00,261.02,100160,3.32,348.9,0.000340508399149796
2025-12-04 18:00:00,262.2,100060,2.72,354.7,0.000423382534381174
2025-12-04 19:00:00,263.11,99960,2.09,6.3,0.000476356183784414
2025-12-04 20:00:00,263.51,99920,0.88,16.6,0.000488071072995897
2025-12-04 21:00:00,262.9,99890,0.59,222.3,0.000454805998264985
2025-12-04 22:00:00,260.65,99840,1.52,225.8,0.000298617817251112
2025-12-04 23:00:00,258.44,99770,1.97,229.7,0.000211362326408851
2025-12-05,257.09,99680,2.19,227.8,0.000174877660615689
2025-12-05 01:00:00,256.04,99600,2.5,220.8,0.000150112837407998
2025-12-05 02:00:00,254.8,99520,2.98,214.8,0.000122399082201446
2025-12-05 03:00:00,253.43,99460,3.59,211.9,9.67932747477635e-05
2025-12-05 04:00:00,252.41,99440,4.1,210.8,8.15059812474415e-05
2025-12-05 05:00:00,252.05,99390,4.49,209.4,7.76116660279121e-05
2025-12-05 06:00:00,252.26,99310,4.66,209,8.20787157127785e-05
2025-12-05 07:00:00,252.9,99230,4.64,211.4,9.39029833480996e-05
2025-12-05 08:00:00,253.93,99150,4.71,213.4,0.000114454808425688
2025-12-05 09:00:00,254.84,99030,4.81,210.5,0.000135855267417488
2025-12-05 10:00:00,256.01,98930,5.52,208,0.000167918721363606
2025-12-05 11:00:00,257.06,98890,5.95,206.6,0.000204159081898434
2025-12-05 12:00:00,257.67,98860,6.11,205.5,0.000229343467731285
2025-12-05 13:00:00,258.47,98820,6.35,210.8,0.000260199662063193
2025-12-05 14:00:00,259.8,98790,6.89,216.6,0.000327268044110632
2025-12-05 15:00:00,261.52,98750,6.93,216.8,0.000446179952530539
2025-12-05 16:00:00,263.9,98680,7.17,215.2,0.000672398466993238
2025-12-05 17:00:00,266.16,98570,7.28,211.7,0.000972291442666292
2025-12-05 18:00:00,267.68,98450,7.18,206.9,0.00125724013675099
2025-12-05 19:00:00,268.73,98340,7.11,204.3,0.00153345661846901
2025-12-05 20:00:00,269.53,98250,7.16,204.2,0.00179142332690753
2025-12-05 21:00:00,269.58,98180,6.6,202.9,0.00185417924578897
2025-12-05 22:00:00,268.65,98170,5.93,201.9,0.00163505904073678
2025-12-05 23:00:00,267.99,98170,6.36,203.5,0.00147602924737311
2025-12-06,267.85,98150,6.75,204.2,0.00144939707477843
2025-12-06 01:00:00,267.66,98130,6.66,207.4,0.00140325018439438
2025-12-06 02:00:00,267.32,98120,6.47,213.3,0.00132603946387393
2025-12-06 03:00:00,267.2,98110,6.23,219.1,0.00130143976795281
2025-12-06 04:00:00,267.38,98100,5.68,225.5,0.00134244514255117
2025-12-06 05:00:00,267.38,98090,5.14,231.6,0.00135084280375938
2025-12-06 06:00:00,267.3,98080,4.74,247,0.00133824391325133
2025-12-06 07:00:00,267.67,98080,4.53,269.1,0.00143796531438533
2025-12-06 08:00:00,267.93,98110,4.26,289.2,0.00151024031566446
2025-12-06 09:00:00,267.51,98140,3.87,302.3,0.00140051414044509
2025-12-06 10:00:00,267.31,98200,4.19,314.9,0.00133179450495498
2025-12-06 11:00:00,266.5,98290,4.19,322.5,0.00113644295778191
2025-12-06 12:00:00,264.51,98400,4.02,322.8,0.000794045670902926
2025-12-06 13:00:00,262.65,98500,4.12,318.5,0.000568390014907956
2025-12-06 14:00:00,263.55,98580,3.78,315.7,0.000655627796051209
2025-12-06 15:00:00,267.1,98630,3.42,315.7,0.00117928305543863
2025-12-06 16:00:00,269.18,98670,3.27,315,0.00159227633697514
2025-12-06 17:00:00,270.38,98690,3.3,311.2,0.00187588350823067
2025-12-06 18:00:00,271.04,98680,2.96,308,0.00210241209105314
2025-12-06 19:00:00,271.39,98630,1.66,307.4,0.00220364410396972
2025-12-06 20:00:00,271.58,98600,0.5,287.4,0.00226190208415863
2025-12-06 21:00:00,271.45,98610,0.43,256.6,0.00221513342303911
2025-12-06 22:00:00,270.8,98640,0.62,284,0.00187114608608402
2025-12-06 23:00:00,270.15,98680,0.5,323.1,0.00165800804382372
2025-12-07,269.6,98710,0.51,20.6,0.00152459923970547
2025-12-07 01:00:00,269.1,98740,0.69,68.7,0.00142591147351823
2025-12-07 02:00:00,268.58,98750,1,114.8,0.00134341182456981
2025-12-07 03:00:00,268.33,98750,1.65,138.2,0.00134268531599771
2025-12-07 04:00:00,267.87,98740,2.2,142.4,0.00131542482072911
2025-12-07 05:00:00,268.26,98750,2.11,150.5,0.00144589929428164
2025-12-07 06:00:00,269.04,98790,1.27,151.8,0.00167402091168769
2025-12-07 07:00:00,268.99,98790,1.15,96.5,0.00171208417167985
2025-12-07 08:00:00,268.57,98760,1.96,74.6,0.00164350989367245
2025-12-07 09:00:00,269.05,98730,2.41,56.8,0.00180741702418492
2025-12-07 10:00:00,269.88,98770,3.72,31.9,0.00208210901086491
2025-12-07 11:00:00,270.35,98850,5.32,20.7,0.00224868196478333
2025-12-07 12:00:00,270.05,98930,5.48,19.4,0.00214364818238791
2025-12-07 13:00:00,269.18,98990,5.76,13.9,0.0018465180827987
2025-12-07 14:00:00,268.26,99090,6.8,4.6,0.00156250464057778
2025-12-07 15:00:00,267.66,99230,7.61,1.4,0.00137921887475115
2025-12-07 16:00:00,267.1,99360,8.21,359.8,0.00121866256321858
2025-12-07 17:00:00,266.76,99410,8.22,358.5,0.00112059960174575
2025-12-07 18:00:00,266.57,99420,7.78,358.7,0.00106412206739443
2025-12-07 19:00:00,266.39,99430,7.37,1.5,0.00101451932381554
2025-12-07 20:00:00,265.93,99490,6.74,3.2,0.000931048219419443
2025-12-07 21:00:00,264.74,99560,5.43,2,0.000780249737914513
2025-12-07 22:00:00,261.84,99630,4.36,0.1,0.000478384171776286
2025-12-07 23:00:00,259.2,99710,4.52,357.5,0.000298794992937958
2025-12-08,258.34,99790,4.79,356.1,0.000254317216037362
2025-12-08 01:00:00,258.23,99870,4.85,356.2,0.000247001846676763
2025-12-08 02:00:00,258.19,99920,4.62,358.5,0.00024338286694791
2025-12-08 03:00:00,258.15,99940,4.39,3.1,0.000241487281884505
2025-12-08 04:00:00,258.39,99950,4.16,14.9,0.000252956931195323
2025-12-08 05:00:00,258.61,99950,3.93,24,0.000263749621375097
2025-12-08 06:00:00,259.36,99930,3.58,38,0.000299530862996804
2025-12-08 07:00:00,261.02,99920,3.08,54.7,0.00039698706237834
2025-12-08 08:00:00,262.66,99920,2.75,70.7,0.000518464017723446
2025-12-08 09:00:00,263.53,99910,2.53,75.4,0.000591758150942182
2025-12-08 10:00:00,263.68,99920,2.5,77.3,0.000599415751205778
2025-12-08 11:00:00,263.38,99920,2.61,87.4,0.000565595579893986
2025-12-08 12:00:00,262.92,99940,2.75,104.3,0.000522238434640255
2025-12-08 13:00:00,262.92,99960,2.63,125.3,0.000525517563278315
2025-12-08 14:00:00,263.65,100020,2.3,149.1,0.000610041636703531
2025-12-08 15:00:00,265.23,100070,2.03,163.7,0.000845859068454175
2025-12-08 16:00:00,266.97,100060,2.91,167.5,0.00108163290960056
2025-12-08 17:00:00,267.63,99970,3.45,164,0.00116496605815235
2025-12-08 18:00:00,268.11,99870,3.48,165.2,0.00124293207498403
2025-12-08 19:00:00,268.38,99780,3.39,166.7,0.00129256961963062
2025-12-08 20:00:00,268.26,99720,2.97,172.9,0.00132972554854679
2025-12-08 21:00:00,266.81,99700,2.25,180.3,0.00112118276977661
2025-12-08 22:00:00,263.52,99640,3.03,171.8,0.000620917450309723
2025-12-08 23:00:00,261.02,99590,3.61,164.7,0.000405826049641294
2025-12-09,260.64,99530,4.15,160.7,0.000383279933657751
2025-12-09 01:00:00,262.53,99440,4.43,159.5,0.000533821027951236
2025-12-09 02:00:00,264.2,99360,5.07,165.4,0.000714172318058599
2025-12-09 03:00:00,264.74,99300,5.74,173,0.000787868441735321
2025-12-09 04:00:00,264.57,99220,6.03,180.1,0.000773790310724886
2025-12-09 05:00:00,264.53,99100,6.37,183.9,0.000779534914056066
2025-12-09 06:00:00,264.59,98980,6.41,188.2,0.000801490081173677
2025-12-09 07:00:00,264.83,98870,6.67,192.1,0.000846394933249065
2025-12-09 08:00:00,265.33,98720,7.01,193.1,0.000926495643235493
2025-12-09 09:00:00,266.04,98520,7.69,196.6,0.00102391642948055
2025-12-09 10:00:00,266.91,98360,7.82,201.5,0.00116036992889618
2025-12-09 11:00:00,267.09,98250,7.49,202.5,0.00121233100741951
2025-12-09 12:00:00,266.93,98170,7.55,206.8,0.00120155847763479
2025-12-09 13:00:00,266.94,98070,7.64,213.5,0.00121894660559362
2025-12-09 14:00:00,267.76,98020,7.64,222.9,0.00141879221719969
2025-12-09 15:00:00,269.08,98000,7.31,231.3,0.0018029163489573
2025-12-09 16:00:00,270.48,97960,6.52,236.6,0.00231505585699311
2025-12-09 17:00:00,271.82,97890,6.26,248.1,0.00291098492261214
2025-12-09 18:00:00,272.54,97830,5.21,253,0.00330165236906234
2025-12-09 19:00:00,272.96,97770,4.33,245.7,0.00355578823625727
2025-12-09 20:00:00,273.21,97740,3.9,234.6,0.0037253879159815
2025-12-09 21:00:00,273.18,97690,3.47,224.3,0.00374393005782197
2025-12-09 22:00:00,272.76,97600,2.75,206.8,0.00351815483064663
2025-12-09 23:00:00,272.72,97470,3.24,181.9,0.00349670390523337
2025-12-10,273.75,97310,5.18,170.7,0.00414893696208247
2025-12-10 01:00:00,273.92,97160,6.33,170.7,0.00429321882265773
2025-12-10 02:00:00,273.8,96930,7.56,174,0.00423362700171981
2025-12-10 03:00:00,273.75,96760,8.4,188.3,0.00419677782466247
2025-12-10 04:00:00,273.8,96610,8.89,199.8,0.00423843277415756
2025-12-10 05:00:00,273.99,96500,9.5,212.1,0.00436370598622418
2025-12-10 06:00:00,274.18,96430,9.31,223.9,0.00448740386235573
2025-12-10 07:00:00,274.17,96350,8.47,226.3,0.00451292149157187
2025-12-10 08:00:00,274.21,96320,8.86,239.8,0.00453783667019194
2025-12-10 09:00:00,274.35,96350,9.92,259.3,0.00457975334413396
2025-12-10 10:00:00,274.14,96420,9.87,268.2,0.00441325255839056
2025-12-10 11:00:00,274,96490,9.77,275.1,0.00429301146955056
2025-12-10 12:00:00,273.79,96590,8.86,286.9,0.00416832799356957
2025-12-10 13:00:00,273.56,96740,8.34,316.8,0.0040110802060304
2025-12-10 14:00:00,273.37,96970,11.27,345.6,0.00378719981684742
2025-12-10 15:00:00,273.06,97220,12.49,350.7,0.00351343324950655
2025-12-10 16:00:00,272.42,97450,12.12,344.8,0.00310548663595273
2025-12-10 17:00:00,271.69,97640,11.63,340.3,0.00269232536041269
2025-12-10 18:00:00,271.25,97780,10.91,336.4,0.00242794908536425
2025-12-10 19:00:00,270.96,97930,9.96,331.5,0.00227924867117447
2025-12-10 20:00:00,270.65,98080,8.7,326,0.00217575228814302
2025-12-10 21:00:00,270.13,98210,7.58,324.1,0.00199274179857974
2025-12-10 22:00:00,269.27,98310,6.74,324.8,0.00171651286503082
2025-12-10 23:00:00,268.64,98400,6.09,324.9,0.00154960257711182
2025-12-11,268.24,98470,5.4,323,0.00146054103178898
2025-12-11 01:00:00,267.79,98500,4.81,319.1,0.00136277999061829
2025-12-11 02:00:00,267.21,98540,4.74,314,0.00124327140125534
2025-12-11 03:00:00,266.85,98600,5.12,312.4,0.0011713259856971
2025-12-11 04:00:00,266.41,98650,4.99,315,0.00108706109921041
2025-12-11 05:00:00,265.24,98690,4.4,317,0.000888024298878872
2025-12-11 06:00:00,263.6,98710,4.17,317.1,0.000662850145143363
2025-12-11 07:00:00,262.04,98750,4.17,318.9,0.000497167685566538
2025-12-11 08:00:00,260.56,98750,4.1,323.5,0.000377493959358434
2025-12-11 09:00:00,259.37,98730,4.04,328.5,0.000302495204222963
2025-12-11 10:00:00,258.35,98730,3.91,329.8,0.000251623223941724
2025-12-11 11:00:00,257.47,98750,3.84,328.1,0.000215338131385432
2025-12-11 12:00:00,256.9,98780,3.66,327.8,0.000194573227631639
2025-12-11 13:00:00,256.75,98800,3.42,328.6,0.00018899321178817
2025-12-11 14:00:00,257.94,98860,3.13,331,0.000227034669430766
2025-12-11 15:00:00,261.37,98920,2.62,330.2,0.000412573708003659
2025-12-11 16:00:00,264.33,98950,2.78,325.1,0.000669485856866429
2025-12-11 17:00:00,266.04,98930,2.28,314.3,0.00091596937600688
2025-12-11 18:00:00,267.65,98870,2.02,301.3,0.00117383619036782
2025-12-11 19:00:00,268.84,98830,2.28,298,0.00126178999689691
2025-12-11 20:00:00,268.76,98800,1.81,307.4,0.00129617744750658
2025-12-11 21:00:00,268.18,98780,1.14,333.4,0.00129318743158239
2025-12-11 22:00:00,267.36,98790,1.23,357.7,0.0010090962602594
2025-12-11 23:00:00,266.69,98830,1.37,15.3,0.000862611794167593
2025-12-12,266.19,98870,1.49,29.8,0.000784894678007263
2025-12-12 01:00:00,265.86,98900,1.5,36.3,0.000735680232200029
2025-12-12 02:00:00,265.63,98910,1.47,50.8,0.000697660604963938
2025-12-12 03:00:00,265.46,98920,1.43,62.9,0.000676935003237355
2025-12-12 04:00:00,265.33,98960,1.44,61.3,0.000669466688746735
2025-12-12 05:00:00,265.17,98990,1.49,52.9,0.000663341048329435
2025-12-12 06:00:00,264.7,98990,1.73,44.8,0.00063557705119835
2025-12-12 07:00:00,264.27,99020,1.87,38,0.000599909931905108
2025-12-12 08:00:00,263.92,99050,1.91,34.8,0.000569865862950971
2025-12-12 09:00:00,263.69,99070,1.89,28.7,0.000553808916701855
2025-12-12 10:00:00,263.9,99070,1.47,29.4,0.00056262997118962
2025-12-12 11:00:00,263.76,99070,0.98,52.1,0.000538655847176478
2025-12-12 12:00:00,263.27,99110,0.54,46.5,0.000500517758553246
2025-12-12 13:00:00,261.76,99180,1.01,348,0.000402408263500182
2025-12-12 14:00:00,261.25,99240,1.62,341.7,0.000373888100236604
2025-12-12 15:00:00,263.1,99310,1.55,325.5,0.000534949312195608
2025-12-12 16:00:00,265.91,99330,1.84,296.1,0.00084395252219908
2025-12-12 17:00:00,267.47,99270,2.21,268.7,0.00117012552203926
2025-12-12 18:00:00,269.16,99180,3.03,257.2,0.00160173241972831
2025-12-12 19:00:00,270.7,99140,4.23,260.1,0.00204527528614949
2025-12-12 20:00:00,270.86,99130,4.45,265.1,0.00217697559713072
2025-12-12 21:00:00,270.4,99120,3.69,264.4,0.00209995326688242
2025-12-12 22:00:00,268.99,99080,2.91,257.1,0.00170189553167679
2025-12-12 23:00:00,267.82,99050,3.33,250.4,0.00138984640874679
2025-12-13,267.84,99070,4.33,251.6,0.00138485819830922
2025-12-13 01:00:00,268.41,99060,5.44,253.9,0.00151759483304655
2025-12-13 02:00:00,268.6,99010,6.03,254.6,0.0015804074799556
2025-12-13 03:00:00,268.59,98950,6.56,256.9,0.00160163289092613
2025-12-13 04:00:00,268.39,98960,7.02,268.9,0.00156671378483394
2025-12-13 05:00:00,267.66,99000,7.8,288.4,0.00136871572166575
2025-12-13 06:00:00,265.81,99050,8.49,296.7,0.000966133482385073
2025-12-13 07:00:00,263.27,99150,8.58,301,0.000592820799417368
2025-12-13 08:00:00,260.98,99230,7.67,304.2,0.000394202613257153
2025-12-13 09:00:00,259.7,99260,7.11,306.2,0.000312886173325464
2025-12-13 10:00:00,259.07,99290,6.73,308,0.000277021781277436
2025-12-13 11:00:00,258.61,99350,6.36,308.6,0.000252451247123326
2025-12-13 12:00:00,258.26,99420,6.04,309.1,0.000234433369333297
2025-12-13 13:00:00,258.01,99480,5.71,307.7,0.000222432845647346
2025-12-13 14:00:00,258.02,99530,5.57,307.2,0.000221444204241076
2025-12-13 15:00:00,258.1,99580,5.78,309.8,0.0002210088939476
2025-12-13 16:00:00,258.21,99630,5.93,311.2,0.000224650113403954
2025-12-13 17:00:00,258.33,99610,6.15,311.2,0.000230099281357779
2025-12-13 18:00:00,258.45,99580,6.48,311.4,0.000236290389155497
2025-12-13 19:00:00,258.53,99590,6.79,311.5,0.000241506916125342
2025-12-13 20:00:00,258.5,99630,6.85,311.1,0.000241642795101029
2025-12-13 21:00:00,258.28,99680,6.66,309.8,0.000233737419198781
2025-12-13 22:00:00,257.87,99730,6.38,307.9,0.000218558828327196
2025-12-13 23:00:00,257.49,99790,6.22,307.3,0.00020513733965154
2025-12-14,257.05,99850,6.46,307,0.000189333708942283
2025-12-14 01:00:00,255.64,99890,6.11,306.3,0.000147972550848684
2025-12-14 02:00:00,253.92,99920,5.95,304.9,0.000108022359396548
2025-12-14 03:00:00,252.83,99950,5.87,305.4,8.80359913776916e-05
2025-12-14 04:00:00,251.87,99970,5.61,307,7.34518153037995e-05
2025-12-14 05:00:00,251.63,100010,6.08,308.5,7.008245775388e-05
2025-12-14 06:00:00,252.05,100070,6.79,311.1,7.58151284336843e-05
2025-12-14 07:00:00,252.53,100150,7.14,316.1,8.26783607596819e-05
2025-12-14 08:00:00,252.76,100230,7.27,319.9,8.57478715534529e-05
2025-12-14 09:00:00,252.58,100310,7.19,319.8,8.23646205494336e-05
2025-12-14 10:00:00,251.82,100390,6.56,316.4,7.1969811365028e-05
2025-12-14 11:00:00,250.67,100480,5.98,313.7,5.79480813157769e-05
2025-12-14 12:00:00,249.71,100580,5.87,311.5,4.80175422675601e-05
2025-12-14 13:00:00,249.25,100670,6.02,309.6,4.37294534387082e-05
2025-12-14 14:00:00,250.04,100780,6.67,310.1,5.08153301776134e-05
2025-12-14 15:00:00,251.86,100870,6.79,314,7.1827364651644e-05
2025-12-14 16:00:00,253.67,100920,6.06,314,0.000101439535117033
2025-12-14 17:00:00,255.32,100890,5.1,305.7,0.000139054011763867
2025-12-14 18:00:00,256.81,100850,4.67,295.9,0.000182329231732579
2025-12-14 19:00:00,258.11,100840,4.51,288.8,0.000225547447466278
2025-12-14 20:00:00,258.72,100840,4.44,278.5,0.000249992271787831
2025-12-14 21:00:00,258.42,100880,4.12,275.6,0.000242201895723202
2025-12-14 22:00:00,256.35,100910,3.24,276,0.000170997972076604
2025-12-14 23:00:00,254.15,100910,3.39,275.6,0.000114655752506344
2025-12-15,254.04,100830,3.1,258.3,0.000112285639113315
2025-12-15 01:00:00,255.42,100690,2.97,229.5,0.000144391637901736
2025-12-15 02:00:00,255.34,100670,3.35,226,0.000141219845851331
2025-12-15 03:00:00,254.42,100540,4,216.5,0.000118175621846689
2025-12-15 04:00:00,254.78,100540,4.27,222.7,0.000125647772976039
2025-12-15 05:00:00,256,100430,5.09,217.3,0.000155856480119071
2025-12-15 06:00:00,256.64,100330,5.5,213.7,0.000175866364487404
2025-12-15 07:00:00,256.64,100270,5.49,208.5,0.000177463417501184
2025-12-15 08:00:00,256.95,100160,6.15,203.1,0.000188448888815954
2025-12-15 09:00:00,257.37,100040,6.29,198.6,0.000203861691365278
2025-12-15 10:00:00,257.7,99970,6.29,196.7,0.000216420319121106
2025-12-15 11:00:00,257.8,99920,6.46,193.8,0.00022015959246744
2025-12-15 12:00:00,257.99,99840,7.44,192.6,0.000226774980997711
2025-12-15 13:00:00,258.34,99760,7.87,195.5,0.000242022722096587
2025-12-15 14:00:00,258.91,99660,8.43,197.3,0.00026886375627132
2025-12-15 15:00:00,260.02,99530,9.06,201.7,0.000323846359110197
2025-12-15 16:00:00,261.62,99390,9.02,207.8,0.000424572955506262
2025-12-15 17:00:00,263.43,99250,8.5,217.9,0.00057511255027034
2025-12-15 18:00:00,265.15,99160,7.63,229.1,0.000775035947316119
2025-12-15 19:00:00,266.36,99100,6.65,238.5,0.000957660611918584
2025-12-15 20:00:00,266.83,99050,5.39,240.4,0.0010542175948897
2025-12-15 21:00:00,266.71,99030,4.07,237.3,0.00107242960272974
2025-12-15 22:00:00,265.91,99060,2.7,238,0.000966687223496425
2025-12-15 23:00:00,265.34,99130,2.37,244,0.000868863919863609
2025-12-16,265.14,99170,2.09,242.7,0.000819573468864412
2025-12-16 01:00:00,264.14,99130,2.28,218.9,0.000689227081451384
2025-12-16 02:00:00,262.43,99060,2.93,206.7,0.00052653582686431
2025-12-16 03:00:00,262.25,99090,2.75,216.3,0.000515412500366603
2025-12-16 04:00:00,262.69,99110,2.21,221.3,0.000561363455416398
2025-12-16 05:00:00,262.23,99060,2.28,209.2,0.000529578709651891
2025-12-16 06:00:00,261.55,99010,2.59,205.4,0.000480402452844061
2025-12-16 07:00:00,261.2,98960,2.91,196.1,0.000454172687191826
2025-12-16 08:00:00,261.21,98940,3.04,188.9,0.000455472572414377
2025-12-16 09:00:00,260.82,98920,3.35,186,0.000427226719294706
2025-12-16 10:00:00,260.81,98880,3.63,184.1,0.000426262693503123
2025-12-16 11:00:00,261.26,98860,3.72,183.7,0.000460077812209416
2025-12-16 12:00:00,261.77,98830,3.76,185,0.000502815897339648
2025-12-16 13:00:00,262.33,98750,4.14,185.1,0.000555993822518441
2025-12-16 14:00:00,264.87,98680,5.62,185.9,0.000864234900308979
2025-12-16 15:00:00,267.57,98630,6.53,189.7,0.00136270678918628
2025-12-16 16:00:00,270.04,98570,6.51,196.2,0.00206245268728498
2025-12-16 17:00:00,272.52,98470,7.34,204.4,0.00310726915279102
2025-12-16 18:00:00,273.71,98340,7.31,207.2,0.00378628112769376
2025-12-16 19:00:00,274.2,98240,6.95,205,0.00409521809826656
2025-12-16 20:00:00,274.52,98180,6.94,203.4,0.00429364144010325
2025-12-16 21:00:00,274.5,98160,7.12,201.1,0.00433033422491018
2025-12-16 22:00:00,273.82,98170,7.43,201.6,0.00398339941276609
2025-12-16 23:00:00,273.17,98180,7.64,203.5,0.00365447910701681
2025-12-17,272.73,98150,7.76,204.5,0.0034504563546667
2025-12-17 01:00:00,272.6,98100,7.98,208.6,0.0033999054349727
2025-12-17 02:00:00,272.87,98070,8.05,217,0.00357435565049096
2025-12-17 03:00:00,273.9,98060,8.78,231.7,0.00415154162528343
2025-12-17 04:00:00,274.15,98070,9.07,241.9,0.00431800174309576
2025-12-17 05:00:00,274.27,98060,8.24,248.6,0.00442454409589703
2025-12-17 06:00:00,274.01,98060,7.43,243,0.00430547584646528
2025-12-17 07:00:00,273.85,98140,7.19,252.8,0.00421942343140081
2025-12-17 08:00:00,273.86,98220,6.93,268.2,0.00422606339883839
2025-12-17 09:00:00,273.95,98300,6.64,277.5,0.00424925697383373
2025-12-17 10:00:00,273.98,98390,7.11,296.7,0.00405827024644809
2025-12-17 11:00:00,273.02,98480,6.35,304.3,0.00342508891308672
2025-12-17 12:00:00,271.4,98570,5.18,304.9,0.00262683795980634
2025-12-17 13:00:00,269.46,98650,4.39,301,0.00190709517896486
2025-12-17 14:00:00,269.83,98720,4.08,300,0.00196226442913656
2025-12-17 15:00:00,271.9,98820,3.65,311.3,0.0026940041014103
2025-12-17 16:00:00,273.6,98870,3.32,333.5,0.00334758719767534
2025-12-17 17:00:00,274.34,98840,1.84,355.3,0.00367012934767784
2025-12-17 18:00:00,275.23,98810,0.55,33.1,0.00366017753787813
2025-12-17 19:00:00,275.44,98790,1.49,162.4,0.00395578331275927
2025-12-17 20:00:00,275.27,98760,2.77,164.9,0.00420857686479081
2025-12-17 21:00:00,273.91,98730,2.9,164.8,0.00369653248140355
2025-12-17 22:00:00,271.16,98670,3.77,165.7,0.00245044511865715
2025-12-17 23:00:00,270.39,98590,4.41,168.8,0.00222307395955782
2025-12-18,270.89,98500,5.11,169.4,0.002442205214624
2025-12-18 01:00:00,271.23,98420,5.46,170.7,0.00263673975438493
2025-12-18 02:00:00,271.46,98290,5.89,169.6,0.00282374946147595
2025-12-18 03:00:00,272.49,98200,6.69,170.9,0.00340316166679883
2025-12-18 04:00:00,273.4,98080,7.33,170.8,0.00399148797565214
2025-12-18 05:00:00,273.75,97980,7.4,172.3,0.00423546816867244
2025-12-18 06:00:00,273.92,97880,7.74,172.4,0.00435503679374227
2025-12-18 07:00:00,274.23,97760,8.19,174.3,0.00458393488233622
2025-12-18 08:00:00,274.79,97660,8.54,179.6,0.00504464605736086
2025-12-18 09:00:00,275.92,97550,10.12,188.4,0.00609291001657149
2025-12-18 10:00:00,276.72,97440,10.12,192.4,0.00699302479607442
2025-12-18 11:00:00,277.27,97330,10.74,194.5,0.00768002770844564
2025-12-18 12:00:00,277.76,97240,11.29,194.9,0.00831331665155632
2025-12-18 13:00:00,278.04,97170,11.37,195.6,0.00870837213069823
2025-12-18 14:00:00,278.38,97100,11.63,195.1,0.00915824449356148
2025-12-18 15:00:00,278.67,97000,10.89,189.8,0.00956974980331753
2025-12-18 16:00:00,278.94,96820,10.75,178.5,0.00991318379822418
2025-12-18 17:00:00,279.35,96600,11.4,180.9,0.0104750606417047
2025-12-18 18:00:00,279.94,96590,10.44,203.6,0.0114572728026497
2025-12-18 19:00:00,279.26,96650,8.07,231.2,0.0105225840431704
2025-12-18 20:00:00,277.96,96730,7.1,256.9,0.00841009629652047
2025-12-18 21:00:00,276.32,96820,7.38,267.6,0.00634713836349473
2025-12-18 22:00:00,275.09,96860,7.52,268.7,0.00523425354377492
2025-12-18 23:00:00,273.66,96970,9.06,273.4,0.00376620556475618
2025-12-19,271.57,97060,9.35,273.3,0.00227309274981833
2025-12-19 01:00:00,270.44,97090,9.37,270.9,0.00181366815352382
2025-12-19 02:00:00,269.02,97120,10.72,271.7,0.00140308137138351
2025-12-19 03:00:00,267.14,97200,11.86,273.3,0.000951522707879128
2025-12-19 04:00:00,265.64,97250,11.77,275.8,0.000696638088015067
2025-12-19 05:00:00,265.07,97260,11.57,278,0.000630985655933842
2025-12-19 06:00:00,264.79,97300,11.43,279.7,0.000613589078566874
2025-12-19 07:00:00,264.44,97410,11.43,281.5,0.000588616242717562
2025-12-19 08:00:00,264.06,97580,11.49,285.3,0.000547159582236461
2025-12-19 09:00:00,263.45,97690,11.1,289.4,0.000489285964478471
2025-12-19 10:00:00,262.73,97770,10.89,292.5,0.000434267181722684
2025-12-19 11:00:00,261.91,97880,10.87,294.4,0.000378877020242471
2025-12-19 12:00:00,261.14,98010,10.92,296.8,0.000333313749748807
2025-12-19 13:00:00,260.58,98160,10.93,300,0.000302765060319713
2025-12-19 14:00:00,260.63,98320,10.43,304.5,0.000301335141782277
2025-12-19 15:00:00,261.43,98450,9.46,307.7,0.000336380210543973
2025-12-19 16:00:00,262.81,98570,8.65,306.5,0.000407862171395589
2025-12-19 17:00:00,264.26,98620,7.84,302.6,0.0005011615173412
2025-12-19 18:00:00,265.61,98650,6.89,298.1,0.000608432743536891
2025-12-19 19:00:00,266.62,98680,5.72,288.2,0.000705175668715681
2025-12-19 20:00:00,267.11,98720,5.09,271.2,0.000766518378538339
2025-12-19 21:00:00,266.72,98790,4.63,260.8,0.00074885012443353
2025-12-19 22:00:00,265.89,98810,3.14,249.7,0.000727942240976457
2025-12-19 23:00:00,265.63,98840,2.32,229.4,0.000765733389484961
2025-12-20,266.06,98840,2.99,200,0.000781830600843616
2025-12-20 01:00:00,266.03,98830,3.67,183.6,0.000795317878424708
2025-12-20 02:00:00,265.72,98810,4.11,176.8,0.000792935657325651
2025-12-20 03:00:00,265.52,98780,4.64,171.6,0.000794889155330214
2025-12-20 04:00:00,265.38,98680,6.25,172.3,0.000797108389615278
2025-12-20 05:00:00,265.81,98580,7.27,171.7,0.00086143207129458
2025-12-20 06:00:00,266.52,98470,7.79,169.9,0.00097472116312295
2025-12-20 07:00:00,267.24,98340,8.64,169.9,0.00111210998084974
2025-12-20 08:00:00,267.9,98210,9.02,175.8,0.00125546481759997
2025-12-20 09:00:00,268.49,98080,8.8,181.2,0.0014011989966142
2025-12-20 10:00:00,269.21,97910,9.16,183.1,0.00159214545193895
2025-12-20 11:00:00,269.86,97820,9.46,188,0.00179265594207816
2025-12-20 12:00:00,270.88,97830,9.96,202.9,0.00210894876306213
2025-12-20 13:00:00,272.93,97860,10.44,218.7,0.00286045856242473
2025-12-20 14:00:00,273.9,97870,9.06,220.2,0.00343508783747317
2025-12-20 15:00:00,274.96,97950,8.42,223.8,0.00405063758429755
2025-12-20 16:00:00,275.91,98030,8.03,236.6,0.00470116565373555
2025-12-20 17:00:00,276.38,98040,7.82,255,0.00515086902148149
2025-12-20 18:00:00,276.79,98060,7.07,276.1,0.00544953924703616
2025-12-20 19:00:00,276.79,98150,6.42,290,0.0053195087449839
2025-12-20 20:00:00,275.99,98260,5.58,294.2,0.00453179919145124
2025-12-20 21:00:00,274.83,98360,4.73,284.7,0.00373722295141828
2025-12-20 22:00:00,272.52,98470,4.86,275.3,0.00267947368480991
2025-12-20 23:00:00,272.35,98590,6.13,281.8,0.00244951365001891
2025-12-21,272.65,98740,7.96,287.4,0.00235207732324548
2025-12-21 01:00:00,271.88,98850,8.79,291.1,0.00203175228236524
2025-12-21 02:00:00,271.23,98970,9.35,292.3,0.00173125637071172
2025-12-21 03:00:00,269.79,99120,9.27,297,0.00133031528781954
2025-12-21 04:00:00,268.21,99240,8.6,303,0.00103441671493957
2025-12-21 05:00:00,266.91,99320,8.09,307.6,0.000849767987307516
2025-12-21 06:00:00,265.87,99400,7.43,312.1,0.000729184862669956
2025-12-21 07:00:00,264.95,99490,6.64,315.3,0.000633074476463696
2025-12-21 08:00:00,264.17,99580,5.79,317.4,0.000565664935171444
2025-12-21 09:00:00,263.37,99670,4.51,320,0.000514857375907236
2025-12-21 10:00:00,262.63,99750,3.33,323.9,0.000478256308916063
2025-12-21 11:00:00,262.16,99850,2.63,328.5,0.000455832794273018
2025-12-21 12:00:00,261.91,99960,2.08,332,0.000442944501509026
2025-12-21 13:00:00,262.1,100070,1.54,326.9,0.000450907603935866
2025-12-21 14:00:00,263.7,100180,1.1,315.4,0.000503736480008739
2025-12-21 15:00:00,265.27,100280,0.55,272.1,0.000585516417485482
2025-12-21 16:00:00,267.28,100330,0.97,219.6,0.000754080911293958
2025-12-21 17:00:00,269.18,100310,1.8,211.1,0.000994206693996678
2025-12-21 18:00:00,270.91,100250,2.48,212.2,0.001284129229822
2025-12-21 19:00:00,272.25,100230,3.01,215.8,0.00155999228615758
2025-12-21 20:00:00,272.96,100230,3.39,217.4,0.00174715375308096
2025-12-21 21:00:00,272.31,100210,2.77,213.5,0.00187538422253968
2025-12-21 22:00:00,269.99,100180,2.68,206.1,0.00158706046159112
2025-12-21 23:00:00,269.16,100180,3.1,203.6,0.00139298421737946
2025-12-22,268.68,100170,3.39,201.3,0.00128439499223864
2025-12-22 01:00:00,268.43,100160,3.65,199.2,0.00123009585348545
2025-12-22 02:00:00,268.59,100140,3.97,197.6,0.00124788751506497
2025-12-22 03:00:00,268.37,100100,4.13,193.2,0.00121786503358884
2025-12-22 04:00:00,268.72,100080,4.4,189.3,0.00128157456223306
2025-12-22 05:00:00,268.85,100050,4.8,188.8,0.00130857256643356
2025-12-22 06:00:00,268.26,100030,4.72,189.5,0.00123513248024974
2025-12-22 07:00:00,268.47,100010,4.73,186.4,0.00129500727444831
2025-12-22 08:00:00,268.67,100010,4.51,186.4,0.0013750711059371
2025-12-22 09:00:00,269.2,99990,4.28,185.2,0.00152198513504809
2025-12-22 10:00:00,269.74,99950,4.23,178.2,0.00168186658363011
2025-12-22 11:00:00,270.09,99900,4.72,170.6,0.00180320472235729
2025-12-22 12:00:00,270.21,99860,5.38,167.7,0.00187578080828737
2025-12-22 13:00:00,270.25,99770,5.89,164.5,0.00191799543304979
2025-12-22 14:00:00,270.87,99700,6.14,161.5,0.00207997215758238
2025-12-22 15:00:00,271.83,99640,5.79,157.2,0.00231865553432857
2025-12-22 16:00:00,273.5,99550,5.58,154.4,0.00279863321336225
2025-12-22 17:00:00,275.79,99440,5.55,157.9,0.00362738575620657
2025-12-22 18:00:00,277.85,99300,6.1,167.5,0.00423612757181983
2025-12-22 19:00:00,278.27,99210,5.44,174.9,0.00453935175281061
2025-12-22 20:00:00,277.36,99150,4.85,183.4,0.00432109353300908
2025-12-22 21:00:00,276.74,99070,4.96,185.4,0.00420026234561123
2025-12-22 22:00:00,276.17,99020,4.8,188.1,0.00411723949704992
2025-12-22 23:00:00,276.1,98980,4.86,191.3,0.00420622921179849
2025-12-23,275.94,98930,5.01,194.3,0.0042521855667035
2025-12-23 01:00:00,275.72,98870,5.3,198.3,0.00428748913135396
2025-12-23 02:00:00,275.54,98820,5.63,206.6,0.00437331491901032
2025-12-23 03:00:00,275.52,98790,5.8,217.4,0.004562384755973
2025-12-23 04:00:00,275.55,98770,5.62,227.2,0.00478370019559233
2025-12-23 05:00:00,275.42,98730,5.3,235.4,0.0048673165838625
2025-12-23 06:00:00,275.16,98720,4.87,244.1,0.00482428897670315
2025-12-23 07:00:00,274.6,98730,4.25,247.6,0.00459497251918932
2025-12-23 08:00:00,273.62,98740,3.77,243.2,0.00418788478905084
2025-12-23 09:00:00,273.71,98720,4.02,240.8,0.00432608967819245
2025-12-23 10:00:00,273.74,98700,3.79,234.9,0.00435484597417958
2025-12-23 11:00:00,273.78,98730,4.32,233.3,0.00423348781245647
2025-12-23 12:00:00,273.33,98810,4.19,242,0.00386797573416514
2025-12-23 13:00:00,273.33,98900,4,258.5,0.00383091198058479
2025-12-23 14:00:00,273.9,98960,3.97,268.7,0.00414672818083026
2025-12-23 15:00:00,274.87,99010,3.71,270.3,0.0047466229066713
2025-12-23 16:00:00,276.49,99050,3.84,280.2,0.00589791719039854
2025-12-23 17:00:00,278.16,99030,3.96,289.8,0.00734803343719863
2025-12-23 18:00:00,279.72,99030,4.14,292.4,0.00891332826340662
2025-12-23 19:00:00,280.73,99080,4.15,296,0.0101274381991947
2025-12-23 20:00:00,280.16,99160,3.18,300.6,0.00984336179267284
2025-12-23 21:00:00,277.62,99260,3.56,305.4,0.0072671412911962
2025-12-23 22:00:00,275.72,99340,4.04,313.1,0.00577413574493905
2025-12-23 23:00:00,275.25,99380,4.04,321.4,0.00528283462628567
2025-12-24,274.69,99430,3.99,327.1,0.00471870325664162
2025-12-24 01:00:00,273.97,99490,4.17,328.9,0.00410693917787619
2025-12-24 02:00:00,273.19,99550,4.37,331.6,0.00354044630161325
2025-12-24 03:00:00,272.74,99590,4.48,337.8,0.00319791865278412
2025-12-24 04:00:00,272.49,99640,4.62,346.9,0.00300821512306828
2025-12-24 05:00:00,272.25,99700,4.56,357,0.00286968742975108
2025-12-24 06:00:00,271.97,99720,4.26,8.9,0.00275643445795756
2025-12-24 07:00:00,271.81,99750,3.93,22.1,0.00272389371777609
2025-12-24 08:00:00,271.94,99770,3.64,36.8,0.00284457249236736
2025-12-24 09:00:00,272.76,99770,3.62,49,0.00326478164648872
2025-12-24 10:00:00,273.51,99780,3.65,59.7,0.00372948371558967
2025-12-24 11:00:00,274.05,99790,3.87,73,0.00411350819706452
2025-12-24 12:00:00,274.42,99790,4.11,86,0.00441253348924205
2025-12-24 13:00:00,274.67,99770,4.4,97.4,0.00459345613854268
2025-12-24 14:00:00,275.56,99770,5.06,105.9,0.00509179323200692
2025-12-24 15:00:00,276.22,99750,5.19,111.6,0.00549963745050675
2025-12-24 16:00:00,276.79,99690,4.89,117.2,0.00584944014350799
2025-12-24 17:00:00,277.28,99570,4.47,124.9,0.00619164870654123
2025-12-24 18:00:00,277.62,99420,4.27,131.7,0.00651674266232753
2025-12-24 19:00:00,277.69,99280,4.19,133.1,0.00669089413337859
2025-12-24 20:00:00,277.12,99180,3.9,133.3,0.00636695477777632
2025-12-24 21:00:00,276.01,99110,3.81,134.7,0.0055749544776374
2025-12-24 22:00:00,275.2,99100,3.84,139.3,0.00499709371656318
2025-12-24 23:00:00,275.9,99080,4.02,155.2,0.00536789188204612
2025-12-25,276.08,99110,3.23,171.3,0.00561915555049494
2025-12-25 01:00:00,276.2,99130,2.29,189.8,0.00587051232947327
2025-12-25 02:00:00,276.93,99100,1.59,225.3,0.00650769105568897
2025-12-25 03:00:00,277.25,98980,1.22,255.7,0.00686346337606967
2025-12-25 04:00:00,276.1,98970,1.93,319.6,0.00611486505934185
2025-12-25 05:00:00,274.8,98960,2.78,343.5,0.00524232925020583
2025-12-25 06:00:00,274.51,98990,3.33,355.9,0.00495716060294357
2025-12-25 07:00:00,274.34,99080,3.96,7.8,0.00473009554330264
2025-12-25 08:00:00,273.72,99150,4.34,18,0.00432070650520019
2025-12-25 09:00:00,273.42,99150,4.34,26.3,0.00412826040019728
2025-12-25 10:00:00,273.6,99150,5.18,29.1,0.00418984229846788
2025-12-25 11:00:00,273.83,99220,5.93,29.9,0.00428778312247277
2025-12-25 12:00:00,274.02,99270,6.03,32.5,0.00437542327067555
2025-12-25 13:00:00,274.2,99290,5.9,37.6,0.00446510857924597
2025-12-25 14:00:00,275.22,99340,6.32,43.5,0.00506660422745631
2025-12-25 15:00:00,276.66,99380,6.65,49.7,0.00594110757632342
2025-12-25 16:00:00,277.92,99380,7.67,59.7,0.00648725998137535
2025-12-25 17:00:00,278.09,99300,7.66,65.7,0.00631940215288722
2025-12-25 18:00:00,277.81,99220,7.35,68.7,0.00588224161240468
2025-12-25 19:00:00,277.34,99160,6.91,71.4,0.00546134091845175
2025-12-25 20:00:00,276.72,99110,6.21,74,0.00521145116406208
2025-12-25 21:00:00,275.65,99060,5.1,75.3,0.00490571851982939
2025-12-25 22:00:00,274.44,99010,4.75,80.7,0.00443312646887116
2025-12-25 23:00:00,274.64,98970,5.13,89.2,0.00459435499264113
2025-12-26,275.39,98940,5.48,97.4,0.00499983791075255
2025-12-26 01:00:00,276.33,98910,6.73,104.7,0.00550300244002068
2025-12-26 02:00:00,276.52,98840,7.7,112.8,0.00542506773814962
2025-12-26 03:00:00,276.07,98760,7.77,121.4,0.00510072291276303
2025-12-26 04:00:00,275.7,98650,7.27,128.4,0.00493823073018772
2025-12-26 05:00:00,275.46,98510,6.51,135.3,0.00489987141895232
2025-12-26 06:00:00,275.35,98400,5.84,146.3,0.00491554592514824
2025-12-26 07:00:00,275.31,98310,5.49,154.4,0.00500904643984277
2025-12-26 08:00:00,275.29,98100,6.27,153.4,0.00515301697475415
2025-12-26 09:00:00,275.11,97920,5.79,155.2,0.00522078807389771
2025-12-26 10:00:00,275.24,97870,4.29,165,0.005538172253992
2025-12-26 11:00:00,275.68,97760,3.39,170.8,0.00622190928178655
2025-12-26 12:00:00,276.46,97650,3.1,191.3,0.00741649540583117
2025-12-26 13:00:00,277.22,97560,3.03,228.5,0.00873526002779385
2025-12-26 14:00:00,279.32,97570,4.68,280.2,0.0110052280825258
2025-12-26 15:00:00,279.13,97620,6.82,305.6,0.00987080589390552
2025-12-26 16:00:00,279.24,97710,7.28,313.1,0.00944634116358331
2025-12-26 17:00:00,280.52,97750,7.26,314.7,0.0106557991530574
2025-12-26 18:00:00,281.43,97830,7.58,317.3,0.0116966469471557
2025-12-26 19:00:00,281.19,97950,7.68,319.5,0.0112940652250235
2025-12-26 20:00:00,279.99,98100,7.15,321.3,0.009690303718614
2025-12-26 21:00:00,278.74,98210,5.87,320.5,0.008316492843999
2025-12-26 22:00:00,277.56,98290,4.33,318.2,0.00728849101040847
2025-12-26 23:00:00,276.84,98380,3.66,319.2,0.00666021780927644
2025-12-27,276.32,98470,3.19,321.1,0.00621425533600071
2025-12-27 01:00:00,275.88,98540,2.74,325.1,0.00586177465310638
2025-12-27 02:00:00,275.84,98590,2.44,331.3,0.00579574722710608
2025-12-27 03:00:00,275.39,98610,2.26,345.4,0.00547528876311568
2025-12-27 04:00:00,274.53,98650,2.3,0,0.00494451005604705
2025-12-27 05:00:00,274.36,98670,1.97,13.2,0.00480664581121596
2025-12-27 06:00:00,274.29,98700,1.61,36.7,0.00473629876231723
2025-12-27 07:00:00,274.14,98730,1.53,74.1,0.00464203637583797
2025-12-27 08:00:00,273.72,98750,1.85,104.4,0.00442007073430438
2025-12-27 09:00:00,273.5,98740,2.08,120.3,0.00430812409320359
2025-12-27 10:00:00,273.58,98750,2.18,128.3,0.0043465362813521
2025-12-27 11:00:00,273.81,98780,2.26,130.3,0.00445950554178619
2025-12-27 12:00:00,273.94,98790,2.37,131.8,0.00451387851768991
2025-12-27 13:00:00,274.18,98800,2.46,133.4,0.00460961822415845
2025-12-27 14:00:00,275.82,98830,3.25,136.7,0.00552496887301661
2025-12-27 15:00:00,277.01,98840,4.4,141.6,0.00625740560307534
2025-12-27 16:00:00,277.78,98810,5.12,144.9,0.00679258951986446
2025-12-27 17:00:00,278.3,98710,5.46,147.3,0.0072773888406813
2025-12-27 18:00:00,278.7,98580,5.6,145.5,0.00770221889099954
2025-12-27 19:00:00,278.96,98500,5.5,142.5,0.00804997239781213
2025-12-27 20:00:00,279.02,98450,5.3,135.4,0.00822492733261547
2025-12-27 21:00:00,278.37,98420,4.6,126.4,0.00784071318409305
2025-12-27 22:00:00,276.95,98420,4.39,124.4,0.00675366858277407
2025-12-27 23:00:00,276.6,98400,5.4,124,0.00651830886651904
2025-12-28,276.39,98350,6.15,123.5,0.00641043030864016
2025-12-28 01:00:00,276.08,98310,5.98,125.5,0.00622349569889197
2025-12-28 02:00:00,276.1,98260,5.57,128,0.00623374995774157
2025-12-28 03:00:00,276.48,98180,5.94,124.2,0.00653946408848622
2025-12-28 04:00:00,277.51,98060,6.48,133.5,0.00771565784867252
2025-12-28 05:00:00,278.14,97990,6.17,146.4,0.00856363846065841
2025-12-28 06:00:00,278.32,97920,5.43,152.1,0.00895721140172354
2025-12-28 07:00:00,278.08,97900,3.89,166.3,0.00890736095436952
2025-12-28 08:00:00,278.6,97900,3.66,209.9,0.0100132035350102
2025-12-28 09:00:00,278.83,97840,3.32,234.9,0.0108151266664575
2025-12-28 10:00:00,278.97,97830,3.18,251.7,0.0111502914027935
2025-12-28 11:00:00,278.82,97800,2.77,245.5,0.010921313567089
2025-12-28 12:00:00,279.61,97690,1.94,210.7,0.0119906214618709
2025-12-28 13:00:00,279.49,97560,2.32,172.1,0.0120082299260683
2025-12-28 14:00:00,279.44,97600,2.74,193.3,0.0120804116940866
2025-12-28 15:00:00,280.87,97490,1.99,162.5,0.0144203018425377
2025-12-28 16:00:00,281.77,97340,2.14,107.7,0.0161334986241521
2025-12-28 17:00:00,283.62,97070,4.8,96.7,0.0201674417950701
2025-12-28 18:00:00,284.14,96820,6.27,103.8,0.0217543275095564
2025-12-28 19:00:00,284.53,96700,3.76,127.9,0.0233991693306997
2025-12-28 20:00:00,285.08,96610,2.85,164.1,0.0267069574397045
2025-12-28 21:00:00,285.38,96480,3.45,178.5,0.0295090927745159
2025-12-28 22:00:00,285.32,96390,5,224.1,0.0301016388341236
2025-12-28 23:00:00,283.31,96580,11.04,271.8,0.0196775741768016
2025-12-29,277.13,96890,14.65,282.7,0.00683722901971444
2025-12-29 01:00:00,273.41,97080,15,279.8,0.00353931767186807
2025-12-29 02:00:00,271.04,97200,15.37,276.8,0.00227954186941586
2025-12-29 03:00:00,268.27,97320,15.76,274.9,0.00132633350662322
2025-12-29 04:00:00,266.81,97390,15.24,272.6,0.000985324094508671
2025-12-29 05:00:00,266.34,97440,15.2,272.5,0.000872210040955471
2025-12-29 06:00:00,265.71,97490,15.11,271.8,0.000752486615307806
2025-12-29 07:00:00,265.36,97540,14.63,270.6,0.000690691910062984
2025-12-29 08:00:00,265.33,97610,14.34,271,0.00068699995925794
2025-12-29 09:00:00,265.29,97660,14.49,271.5,0.00071485458115403
2025-12-29 10:00:00,265.64,97730,14.64,275.1,0.000791473418304683
2025-12-29 11:00:00,266.56,97850,14.54,282,0.000952761316936569
2025-12-29 12:00:00,267.56,98000,14.48,291.2,0.00112875853795989
2025-12-29 13:00:00,267.91,98180,14.31,300,0.0011446310399211
2025-12-29 14:00:00,268.01,98380,13.82,305.9,0.00109956046056766
2025-12-29 15:00:00,268.51,98560,13.51,310.6,0.00113398206303758
2025-12-29 16:00:00,269.39,98680,13.03,313.6,0.00124529450556346
2025-12-29 17:00:00,269.86,98750,12.65,313.7,0.00130783182816594
2025-12-29 18:00:00,269.97,98840,12.39,312.4,0.00131028649539592
2025-12-29 19:00:00,269.7,98950,12.05,312.1,0.00124305677566846
2025-12-29 20:00:00,268.97,99080,11.41,312.7,0.00111017661754541
2025-12-29 21:00:00,268.01,99180,10.6,313.4,0.000972850109857546
2025-12-29 22:00:00,267.18,99260,9.74,314.1,0.000875532486815327
2025-12-29 23:00:00,266.51,99330,9.46,314.5,0.000804744058153512
2025-12-30,265.96,99420,9.5,315.9,0.000748192957812225
2025-12-30 01:00:00,265.54,99460,9.33,315.9,0.000708358086177896
2025-12-30 02:00:00,265.13,99480,9.1,314.7,0.000670264702833838
2025-12-30 03:00:00,264.64,99490,8.82,313.9,0.000625505221390999
2025-12-30 04:00:00,264.17,99480,8.2,311.4,0.000584898868274121
2025-12-30 05:00:00,263.7,99470,7.82,309.2,0.000544587997625664
2025-12-30 06:00:00,263.2,99480,7.76,309.5,0.000504854324945742
2025-12-30 07:00:00,262.67,99560,7.53,310.8,0.000467253937041801
2025-12-30 08:00:00,262.06,99550,6.75,305.5,0.000429138057315974
2025-12-30 09:00:00,261.49,99500,6.42,299.1,0.000396435731108542
2025-12-30 10:00:00,261.06,99480,6.21,296.4,0.000371094289437264
2025-12-30 11:00:00,260.81,99500,5.9,295,0.000356411046544287
2025-12-30 12:00:00,260.65,99530,5.43,292.5,0.000349217348748246
2025-12-30 13:00:00,260.59,99520,5.1,285.6,0.000349922433131674
2025-12-30 14:00:00,261.67,99510,5.7,284.7,0.000391181224677585
2025-12-30 15:00:00,263.3,99490,5.8,284,0.000464244968803309
2025-12-30 16:00:00,264.36,99430,5.66,278.6,0.000537598436952044
2025-12-30 17:00:00,265.09,99310,5.75,274.9,0.000621228122080382
2025-12-30 18:00:00,266.15,99190,6,271.1,0.000749136643691277
2025-12-30 19:00:00,267.02,99090,6.31,265.4,0.000892665345465728
2025-12-30 20:00:00,267.59,99020,6.5,260.3,0.00102752930186694
2025-12-30 21:00:00,267.55,98960,6.48,255.3,0.00108560213845772
2025-12-30 22:00:00,267.17,98910,6.03,248.8,0.00108948519687315
2025-12-30 23:00:00,267.02,98860,5.78,240.6,0.00111490337453287
2025-12-31,267.12,98810,5.81,237.4,0.00116312202081685
2025-12-31 01:00:00,267.34,98760,5.45,238.6,0.00122877430599722
2025-12-31 02:00:00,267.57,98700,4.77,239.4,0.00129834630913508
2025-12-31 03:00:00,267.98,98630,4.64,245.4,0.00140069271055751
2025-12-31 04:00:00,268.3,98560,5.08,264.2,0.00149165941630273
2025-12-31 05:00:00,268.73,98510,5.51,284.7,0.00161866712142609
2025-12-31 06:00:00,268.47,98480,4.19,292.3,0.00160134626788399
2025-12-31 07:00:00,268.65,98470,4.36,298.8,0.00166261089396831
2025-12-31 08:00:00,269.02,98500,5.08,301.8,0.00175514136402908
2025-12-31 09:00:00,269.05,98530,5.48,301.1,0.00175310915324517
2025-12-31 10:00:00,269.11,98530,5.4,300.5,0.00173292027525001
2025-12-31 11:00:00,269.23,98530,5.13,297.6,0.0017255960713441
2025-12-31 12:00:00,269.47,98490,4.46,285.8,0.00176720433611263
2025-12-31 13:00:00,269.86,98400,4.34,273.4,0.00186115244034677
2025-12-31 14:00:00,271.3,98340,5.39,274.9,0.00224314412899397
2025-12-31 15:00:00,273.44,98330,6.78,276.2,0.00302112509506613
2025-12-31 16:00:00,275.45,98310,8.27,278.7,0.0036116657229776
2025-12-31 17:00:00,275.7,98210,8.58,276.2,0.00361510937104531
2025-12-31 18:00:00,275.7,98090,8.71,269.6,0.00383992113598674
2025-12-31 19:00:00,275.43,98030,8.69,268.7,0.00413573834280641
2025-12-31 20:00:00,274.69,98050,8.27,271,0.00421494277620408
2025-12-31 21:00:00,273.86,98080,7.52,281.4,0.00398462961134745
2025-12-31 22:00:00,273.44,98150,8.06,306,0.00358625803735004
2025-12-31 23:00:00,272.1,98240,8.44,327.2,0.00254963556770579
