2017 01 01 01     0   -72 10126   270    36     0     0 -9999
2017 01 01 02   -11   -72 10132   250    31     0     0 -9999
2017 01 01 03   -11   -72 10139   260    26     0     0 -9999
2017 01 01 04   -22   -67 10151   230    36     0     0 -9999
2017 01 01 05   -22   -72 10160   280    31     0     0 -9999
2017 01 01 06   -33   -72 10164   260    26     0     0 -9999
2017 01 01 07   -39   -78 10169   270    15     0     0 -9999
2017 01 01 08   -39   -78 10173     0     0     0     0 -9999
2017 01 01 09   -39   -72 10182   200    21     0     0 -9999
2017 01 01 10   -44   -78 10186   210    31     2     0 -9999
2017 01 01 11   -56   -83 10192   210    26     0     0 -9999
2017 01 01 12   -56   -83 10200   210    31     0     0 -9999
2017 01 01 13   -56   -83 10207   210    36     0     0 -9999
2017 01 01 14   -56   -83 10212   250    21     0     0 -9999
2017 01 01 15   -33   -67 10214   200    15     0     0 -9999
2017 01 01 16   -11   -61 10212   340    21     2     0 -9999
2017 01 01 17     6   -61 10216   190    31     2     0 -9999
2017 01 01 18    22   -67 10218   210    46     2     0 -9999
2017 01 01 19    28   -61 10213   190    46     2     0 -9999
2017 01 01 20    39   -72 10211   200    36     2     0 -9999
2017 01 01 21    39   -72 10210   190    31     4     0 -9999
2017 01 01 22    44   -78 10206     0     0 -9999     0 -9999
2017 01 01 23    33   -78 10216     0     0 -9999     0 -9999
2017 01 02 00    33   -72 10226     0     0 -9999     0 -9999
2017 01 02 01    22   -67 10228    80    21 -9999     0 -9999
2017 01 02 02    17   -61 10221   100    36 -9999     0 -9999
2017 01 02 03    17   -50 10219   100    41     6     0 -9999
2017 01 02 04    11   -50 10221    90    31 -9999     0 -9999
2017 01 02 05    17   -44 10219    70    31     4     0 -9999
2017 01 02 06     6   -44 10211    60    36     4     0 -9999
2017 01 02 07     6   -39 10209    80    36     0     0 -9999
2017 01 02 08     0   -44 10216    80    26     0     0 -9999
2017 01 02 09     0   -39 10215    90    26     0     0 -9999
2017 01 02 10     0   -39 10208    60    36     0     0 -9999
2017 01 02 11    11   -28 10204    70    36     0     0 -9999
2017 01 02 12    22   -17 10209    80    31 -9999     0 -9999
2017 01 02 13    17   -22 10208   100    26 -9999     0 -9999
2017 01 02 14    22   -22 10204    80    26 -9999     0 -9999
2017 01 02 15    28   -17 10207   110    15     8     0 -9999
2017 01 02 16    33    -6 10204   110    31 -9999     0 -9999
2017 01 02 17    39    11 10189   100    41 -9999     0 -9999
2017 01 02 18    44     6 10171    80    41 -9999     0 -9999
2017 01 02 19    39    11 10171    60    21 -9999    -1 -9999
2017 01 02 20    39    17 10168    30    26 -9999     5 -9999
2017 01 02 21    39    22 10166   110    21     8     3 -9999
2017 01 02 22    39    17 10166    70    31 -9999     3 -9999
2017 01 02 23    39    22 10153    40    31 -9999     8 -9999
2017 01 03 00    44    28 10153    60    36 -9999     3    20
2017 01 03 01    44    28 10147    90    41 -9999     3 -9999
2017 01 03 02    50    33 10135    90    36 -9999    -1 -9999
2017 01 03 03    50    33 10134    90    31     8     0 -9999
2017 01 03 04    44    28 10127    90    36 -9999     0 -9999
2017 01 03 05    44    33 10123   110    26 -9999     0 -9999
2017 01 03 06    44    33 10119    90    21 -9999     0     3
2017 01 03 07    44    33 10113    30    21 -9999     0 -9999
2017 01 03 08    44    33 10106   100    15 -9999    -1 -9999
2017 01 03 09    50    33 10104    50    15     8     0 -9999
2017 01 03 10    50    39 10097     0     0 -9999     0 -9999
2017 01 03 11    50    33 10093     0     0 -9999     0 -9999
2017 01 03 12    50    33 -9999   360    26 -9999     0    -1
2017 01 03 13    50    39 10091   350    31     9     0 -9999
2017 01 03 14    50    33 10090   350    36 -9999     0 -9999
2017 01 03 15    50    39 10091   350    26     8     0 -9999
2017 01 03 16    56    39 10092   360    31 -9999     0 -9999
2017 01 03 17    56    33 10089   350    36 -9999    -1 -9999
2017 01 03 18    50    33 10090   320    46 -9999     0    -1
2017 01 03 19    50    28 10082   340    57 -9999     3 -9999
2017 01 03 20    44    22 10084   330    62 -9999    -1 -9999
2017 01 03 21    39    17 10091   330    51     8    -1 -9999
2017 01 03 22    39    11 10089   310    41 -9999     0 -9999
2017 01 03 23    33     6 10101   300    72 -9999     0 -9999
2017 01 04 00    28     0 10110   310    82 -9999     0     3
2017 01 04 01    22    -6 10108   290    67 -9999     0 -9999
2017 01 04 02    17   -22 10107   290    41 -9999     0 -9999
2017 01 04 03   -11   -44 10120   270    77     8     0 -9999
2017 01 04 04   -28   -72 10122   280    62     4     0 -9999
2017 01 04 05   -44   -94 10133   280    88     2     0 -9999
2017 01 04 06   -61  -111 10142   270    62     2     0 -9999
2017 01 04 07   -72  -128 10147   280    72     2     0 -9999
2017 01 04 08   -89  -139 10158   270    93     2     0 -9999
2017 01 04 09  -100  -150 10164   270    67     2     0 -9999
2017 01 04 10  -106  -161 10165   290    77     2     0 -9999
2017 01 04 11  -106  -167 10171   290    82     0     0 -9999
2017 01 04 12  -111  -172 10180   290    67     0     0 -9999
2017 01 04 13  -111  -172 10183   280    62     2     0 -9999
2017 01 04 14  -111  -167 10188   290    57     2     0 -9999
2017 01 04 15  -111  -167 10192   290    77     2     0 -9999
2017 01 04 16  -100  -167 10198   270    72     2     0 -9999
2017 01 04 17   -89  -161 10195   290    82     2     0 -9999
2017 01 04 18   -83  -167 10188   240    57     2     0 -9999
2017 01 04 19   -72  -161 10182   270    77     2     0 -9999
2017 01 04 20   -67  -167 10181   280    77     2     0 -9999
2017 01 04 21   -67  -172 10183   260    98     2     0 -9999
2017 01 04 22   -72  -183 10185   270    82     2     0 -9999
2017 01 04 23   -83  -183 10190   270    57     4     0 -9999
2017 01 05 00   -89  -178 10196   270    57 -9999     0 -9999
2017 01 05 01  -100  -183 10195   280    62 -9999     0 -9999
2017 01 05 02  -106  -183 10195   280    62 -9999     0 -9999
2017 01 05 03  -106  -183 10192   280    67     8     0 -9999
2017 01 05 04  -111  -178 10196   260    62 -9999     0 -9999
2017 01 05 05  -117  -178 10199   260    62 -9999     0 -9999
2017 01 05 06  -122  -183 10195   280    51 -9999     0 -9999
2017 01 05 07  -128  -189 10193   300    62 -9999     0 -9999
2017 01 05 08  -128  -194 10199   280    62 -9999     0 -9999
2017 01 05 09  -133  -194 10197   290    57     8     0 -9999
2017 01 05 10  -133  -194 10200   280    51 -9999     0 -9999
2017 01 05 11  -133  -200 10200   290    41 -9999     0 -9999
2017 01 05 12  -133  -194 10204   290    46 -9999    -1    -1
2017 01 05 13  -133  -200 10202   300    36 -9999    -1 -9999
2017 01 05 14  -133  -194 10203   290    41 -9999     0 -9999
2017 01 05 15  -133  -194 10208   290    46     6     0 -9999
2017 01 05 16  -117  -189 10209   290    41     4     0 -9999
2017 01 05 17  -111  -189 10205   270    51 -9999     0 -9999
2017 01 05 18  -106  -189 10197   270    72 -9999     0    -1
2017 01 05 19  -111  -189 10187   300    77 -9999     0 -9999
2017 01 05 20  -100  -194 10181   280    82 -9999     0 -9999
2017 01 05 21   -94  -183 10182   290    46     6     0 -9999
2017 01 05 22  -100  -183 10188   280    51 -9999     0 -9999
2017 01 05 23  -111  -183 10192   280    57 -9999    -1 -9999
2017 01 06 00  -117  -183 10198   280    67 -9999    -1    -1
2017 01 06 01  -117  -194 10203   290    51     2    -1 -9999
2017 01 06 02  -128  -206 10207   290    46     0     0 -9999
2017 01 06 03  -133  -211 10214   300    51     0     0 -9999
2017 01 06 04  -139  -206 10217   290    46     2     0 -9999
2017 01 06 05  -144  -211 10218   300    57     2     0 -9999
2017 01 06 06  -144  -217 10219   310    51     4     0    -1
2017 01 06 07  -150  -222 10224   300    36     2     0 -9999
2017 01 06 08  -156  -222 10232   300    36     2     0 -9999
2017 01 06 09  -156  -217 10233   300    46     4     0 -9999
2017 01 06 10  -167  -222 10235   280    57     2     0 -9999
2017 01 06 11  -167  -222 10241   300    41     2     0 -9999
2017 01 06 12  -167  -233 10243   300    41     0     0 -9999
2017 01 06 13  -172  -233 10258   280    36     2     0 -9999
2017 01 06 14  -167  -222 10266   260    46     2     0 -9999
2017 01 06 15  -161  -222 10268   290    51     2     0 -9999
2017 01 06 16  -150  -222 10278   260    51     2     0 -9999
2017 01 06 17  -139  -217 10277   280    51     4     0 -9999
2017 01 06 18  -133  -217 10275   270    51     4     0 -9999
2017 01 06 19  -122  -206 10272   250    46 -9999     0 -9999
2017 01 06 20  -128  -211 10272   280    31 -9999     0 -9999
2017 01 06 21  -133  -222 10278   280    46     6     0 -9999
2017 01 06 22  -133  -217 10283   290    31     4     0 -9999
2017 01 06 23  -139  -222 10293   270    31     4     0 -9999
2017 01 07 00  -139  -228 10297   280    46     2     0 -9999
2017 01 07 01  -144  -222 10307   290    36     0     0 -9999
2017 01 07 02  -150  -222 10308   310    36     0     0 -9999
2017 01 07 03  -156  -228 10320   290    26     0     0 -9999
2017 01 07 04  -156  -228 10324   290    46     0     0 -9999
2017 01 07 05  -161  -228 10327   290    36     0     0 -9999
2017 01 07 06  -161  -228 10331   290    26     0     0 -9999
2017 01 07 07  -161  -228 10331   270    21     0     0 -9999
2017 01 07 08  -161  -222 10337   280    21     0     0 -9999
2017 01 07 09  -161  -222 10342   280    26     0     0 -9999
2017 01 07 10  -161  -222 10341   290    31     0     0 -9999
2017 01 07 11  -161  -222 10338   290    31     0     0 -9999
2017 01 07 12  -161  -222 10341   300    26     2     0 -9999
2017 01 07 13  -161  -217 10348   280    31     2     0 -9999
2017 01 07 14  -156  -211 10353   260    31     4     0 -9999
2017 01 07 15  -144  -200 10357   210    21     2     0 -9999
2017 01 07 16  -122  -189 10361   260    31     2     0 -9999
2017 01 07 17  -106  -183 10359   230    51     2     0 -9999
2017 01 07 18   -89  -178 10351   290    57     2     0 -9999
2017 01 07 19   -83  -172 10344   280    51     4     0 -9999
2017 01 07 20   -72  -183 10343   280    67     4     0 -9999
2017 01 07 21   -72  -189 10344   280    51     2     0 -9999
2017 01 07 22   -78  -194 10350   280    62     2     0 -9999
2017 01 07 23   -83  -194 10356   290    72     2     0 -9999
2017 01 08 00   -94  -189 10365   290    77     2     0 -9999
2017 01 08 01  -100  -189 10373   290    62     0     0 -9999
2017 01 08 02  -106  -183 10374   300    51     0     0 -9999
2017 01 08 03  -111  -189 10378   320    51     0     0 -9999
2017 01 08 04  -117  -206 10386   320    82     0     0 -9999
2017 01 08 05  -122  -217 10394   320    72     0     0 -9999
2017 01 08 06  -133  -217 10399   330    72     0     0 -9999
2017 01 08 07  -133  -217 10398   320    57     0     0 -9999
2017 01 08 08  -139  -217 10399   320    57     0     0 -9999
2017 01 08 09  -139  -217 10403   320    41     0     0 -9999
2017 01 08 10  -144  -217 10407   300    31     0     0 -9999
2017 01 08 11  -150  -217 10413   290    46     0     0 -9999
2017 01 08 12  -150  -217 10417   310    36     0     0 -9999
2017 01 08 13  -156  -217 10418   310    26     2     0 -9999
2017 01 08 14  -150  -211 10422   290    26     2     0 -9999
2017 01 08 15  -139  -206 10428   280    36     2     0 -9999
2017 01 08 16  -128  -211 10429 -9999 -9999     2     0 -9999
2017 01 08 17  -111  -211 10419   170    36     2     0 -9999
2017 01 08 18  -100  -211 10409 -9999 -9999     4     0 -9999
2017 01 08 19   -89  -211 10401   190    31     4    -1 -9999
2017 01 08 20   -72  -206 10396   190    51 -9999     0 -9999
2017 01 08 21   -72  -200 10387 -9999    26     6     0 -9999
2017 01 08 22   -78  -189 10384   190    46 -9999     0 -9999
2017 01 08 23   -83  -183 10377   190    41 -9999     0 -9999
2017 01 09 00   -89  -178 10372   170    41 -9999     0    -1
2017 01 09 01   -89  -172 10368   170    51 -9999     0 -9999
2017 01 09 02   -89  -172 10360   190    51 -9999     0 -9999
2017 01 09 03   -83  -172 10348   170    46     8     0 -9999
2017 01 09 04   -83  -172 10334   180    62 -9999     0 -9999
2017 01 09 05   -78  -172 10316   170    72 -9999     0 -9999
2017 01 09 06   -67  -172 10315   200    57 -9999     0 -9999
2017 01 09 07   -67  -150 10291   190    77 -9999     0 -9999
2017 01 09 08   -61  -139 10296   200    51 -9999     0 -9999
2017 01 09 09   -56  -128 10284   200    77     8     0 -9999
2017 01 09 10   -50  -117 10273   200    88 -9999     0 -9999
2017 01 09 11   -50  -111 10275   210    62 -9999     0 -9999
2017 01 09 12   -56  -106 10275   200    46     2     0 -9999
2017 01 09 13   -56  -106 10271   200    46     2     0 -9999
2017 01 09 14   -56  -100 10279   200    36 -9999     0 -9999
2017 01 09 15   -50  -100 10277   190    46     8     0 -9999
2017 01 09 16   -33   -94 10273   210    62 -9999     0 -9999
2017 01 09 17   -28   -94 10273   220    41 -9999     0 -9999
2017 01 09 18   -22   -94 10265   210    51 -9999     0 -9999
2017 01 09 19   -22   -94 10255   200    26 -9999     0 -9999
2017 01 09 20   -17   -94 10242   160    41 -9999     0 -9999
2017 01 09 21   -17   -89 10251   200    36     8     0 -9999
2017 01 09 22   -11   -83 10244   170    57 -9999     0 -9999
2017 01 09 23   -22   -56 10229   170    41 -9999    -1 -9999
2017 01 10 00   -22   -50 10224   160    46 -9999    -1    -1
2017 01 10 01   -17   -56 10207   150    51 -9999     0 -9999
2017 01 10 02   -11   -61 10199   160    46 -9999     0 -9999
2017 01 10 03    -6   -61 10190   150    57     8     0 -9999
2017 01 10 04     6   -61 10178   170    72 -9999     0 -9999
2017 01 10 05    11   -56 10167   170    51 -9999    -1 -9999
2017 01 10 06    17   -56 10149   170    67 -9999    -1    -1
2017 01 10 07    22   -50 10136   180    72 -9999    -1 -9999
2017 01 10 08    28   -44 10124   170    72 -9999     0 -9999
2017 01 10 09    33   -33 10111   200    93     8     0 -9999
2017 01 10 10    33   -28 10100   190    77 -9999    -1 -9999
2017 01 10 11    33   -11 10086   180    67 -9999    -1 -9999
2017 01 10 12    39   -11 10069   190   103 -9999    -1    -1
2017 01 10 13    50     6 10055   180    72 -9999    -1 -9999
2017 01 10 14    56    17 10042   180    82 -9999    -1 -9999
2017 01 10 15    56    28 10026   180    93     8     3 -9999
2017 01 10 16    61    39 10000   180    98 -9999    13 -9999
2017 01 10 17    78    50  9978   190   103 -9999     3 -9999
2017 01 10 18    89    56  9947   190   139 -9999    -1    18
2017 01 10 19    89    61  9929   200   129 -9999     0 -9999
2017 01 10 20   100    72 -9999   190   118 -9999     5 -9999
2017 01 10 21   111    83  9915   220   139     8    25 -9999
2017 01 10 22    78    39  9956   250   139 -9999    13 -9999
2017 01 10 23    50     0  9990   260   175 -9999    -1 -9999
2017 01 11 00    28   -22 10019   250   144 -9999     0    43
2017 01 11 01     6   -39 10051   260   129 -9999     0 -9999
2017 01 11 02    -6   -56 10081   270   129 -9999     0 -9999
2017 01 11 03   -11   -61 10104   250    93     6     0 -9999
2017 01 11 04   -22   -78 10137   260   118     2     0 -9999
2017 01 11 05   -22   -72 10150   260   103     2     0 -9999
2017 01 11 06   -22   -72 10155   250    57     2     0 -9999
2017 01 11 07   -28   -67 10164   260    72 -9999     0 -9999
2017 01 11 08   -28   -67 10170   250    62     4     0 -9999
2017 01 11 09   -28   -67 10160   220    31     8     0 -9999
2017 01 11 10   -28   -67 10158   210    31 -9999     0 -9999
2017 01 11 11   -22   -61 10165   210    26 -9999     0 -9999
2017 01 11 12   -22   -61 10150   180    36 -9999     0 -9999
2017 01 11 13   -17   -50 10145   180    51 -9999     0 -9999
2017 01 11 14    -6   -39 10137   170    41 -9999     0 -9999
2017 01 11 15     6   -39 10131   170    41     8     0 -9999
2017 01 11 16    22   -28 10123   190    36 -9999     0 -9999
2017 01 11 17    44   -22 10109   200    57 -9999     0 -9999
2017 01 11 18    56     6 10093   190    67 -9999     0 -9999
2017 01 11 19    56    28 10074   180    36 -9999     0 -9999
2017 01 11 20    61    44 10062   200    51 -9999    -1 -9999
2017 01 11 21    61    50 10048   180    41     8    -1 -9999
2017 01 11 22    72    61 10039   160    36 -9999    -1 -9999
2017 01 11 23    67    61 10053    10    26     9    -1 -9999
2017 01 12 00    50    39 10040    20    77 -9999    33    30
2017 01 12 01    28    17 10050    20    46 -9999    23 -9999
2017 01 12 02    22     6 10060   360    88 -9999    46 -9999
2017 01 12 03    11    -6 10072    10    72     8    -1 -9999
2017 01 12 04    11   -11 10080    20    57 -9999     0 -9999
2017 01 12 05    -6   -22 10096   360    88 -9999     0 -9999
2017 01 12 06    -6   -22 10107    10    46 -9999     0    71
2017 01 12 07   -22   -39 10115   360    57 -9999     0 -9999
2017 01 12 08   -22   -39 10128   360    82 -9999    -1 -9999
2017 01 12 09   -28   -44 10142   350    82     8    -1 -9999
2017 01 12 10   -33   -50 10132    10    51 -9999    -1 -9999
2017 01 12 11   -33   -50 10136   350    93 -9999    -1 -9999
2017 01 12 12   -33   -50 10128    10    67 -9999    15    13
2017 01 12 13   -33   -56 10143   350    77 -9999     5 -9999
2017 01 12 14   -44   -67 10164   320    72 -9999    -1 -9999
2017 01 12 15   -44   -67 10176   330    41     8     0 -9999
2017 01 12 16   -44   -67 10195   310    41 -9999     0 -9999
2017 01 12 17   -44   -72 10208   310    41 -9999     0 -9999
2017 01 12 18   -39   -67 10211   300    31 -9999     0     8
2017 01 12 19   -33   -61 10221   280    31 -9999     0 -9999
2017 01 12 20   -33   -61 10238   300    57 -9999     0 -9999
2017 01 12 21   -33   -67 10250   290    51     8     0 -9999
2017 01 12 22   -28   -72 10263   280    46 -9999     0 -9999
2017 01 12 23   -39   -83 10282   290    57 -9999     0 -9999
2017 01 13 00   -39   -83 10295   290    41 -9999     0 -9999
2017 01 13 01   -39   -89 10308   270    36 -9999     0 -9999
2017 01 13 02   -39  -117 10326   270    51 -9999     0 -9999
2017 01 13 03   -44  -128 10331   290    46     8     0 -9999
2017 01 13 04   -44  -139 10336   300    57 -9999     0 -9999
2017 01 13 05   -50  -144 10344   300    57 -9999     0 -9999
2017 01 13 06   -56  -139 10349   320    67 -9999     0 -9999
2017 01 13 07   -61  -144 10356   330    41 -9999     0 -9999
2017 01 13 08   -67  -139 10370   360    21 -9999     0 -9999
2017 01 13 09   -67  -144 10384    30    26     6     0 -9999
2017 01 13 10   -72  -150 10390    40    36 -9999     0 -9999
2017 01 13 11   -72  -150 10394    30    36 -9999     0 -9999
2017 01 13 12   -72  -144 10406    20    41 -9999     0 -9999
2017 01 13 13   -72  -144 10421   360    21 -9999     0 -9999
2017 01 13 14   -72  -144 10422    20    26 -9999     0 -9999
2017 01 13 15   -67  -128 10428    40    36     8     0 -9999
2017 01 13 16   -56  -111 10439    20    26 -9999     0 -9999
2017 01 13 17   -44   -94 10436   360    72 -9999     0 -9999
2017 01 13 18   -44   -89 10431    20    57 -9999     0 -9999
2017 01 13 19   -39   -83 10423    10    62 -9999     0 -9999
2017 01 13 20   -33   -78 10420    40    41 -9999     0 -9999
2017 01 13 21   -33   -72 10420    20    51     8     0 -9999
2017 01 13 22   -28   -78 10415    40    72 -9999     0 -9999
2017 01 13 23   -28   -78 10410    50    67 -9999     0 -9999
2017 01 14 00   -17   -67 10405    60    57 -9999     0 -9999
2017 01 14 01   -22   -72 10406    70    57 -9999     0 -9999
2017 01 14 02   -22   -78 10406    70    41 -9999     0 -9999
2017 01 14 03   -22   -83 10397    30    36     8     0 -9999
2017 01 14 04   -22   -78 10399   100    31 -9999     0 -9999
2017 01 14 05   -22   -83 10388   100    41 -9999     0 -9999
2017 01 14 06   -22   -83 10379 -9999    31 -9999     0 -9999
2017 01 14 07   -17   -78 10372    50    36 -9999     0 -9999
2017 01 14 08   -17   -78 10366    60    41 -9999     0 -9999
2017 01 14 09   -17   -78 10358    80    36     8     0 -9999
2017 01 14 10   -17   -83 10354   100    31 -9999     0 -9999
2017 01 14 11   -17   -78 10348    90    31 -9999     0 -9999
2017 01 14 12   -17   -78 10347 -9999    26 -9999     0 -9999
2017 01 14 13   -17   -78 10339 -9999    26 -9999     0 -9999
2017 01 14 14   -17   -72 10341   120    15 -9999     0 -9999
2017 01 14 15   -11   -72 10342   180    21     8     0 -9999
2017 01 14 16    -6   -72 10341     0     0 -9999     0 -9999
2017 01 14 17    -6   -67 10338   300    26 -9999     0 -9999
2017 01 14 18     0   -67 10328   290    26 -9999     0 -9999
2017 01 14 19     6   -67 10322   330    26 -9999     0 -9999
2017 01 14 20    11   -67 10318   330    26 -9999     0 -9999
2017 01 14 21    11   -72 10316 -9999    31     8     0 -9999
2017 01 14 22    11   -78 10316   320    26 -9999     0 -9999
2017 01 14 23     0   -78 10319   280    15 -9999     0 -9999
2017 01 15 00    -6   -72 10324     0     0 -9999     0 -9999
2017 01 15 01   -11   -72 10325   280    26 -9999     0 -9999
2017 01 15 02   -22   -72 10328   300    15     2     0 -9999
2017 01 15 03   -22   -78 10327   310    21     0     0 -9999
2017 01 15 04   -22   -78 10322     0     0     2     0 -9999
2017 01 15 05   -33   -78 10325   290    15     2     0 -9999
2017 01 15 06   -33   -78 10325   290    21     2     0 -9999
2017 01 15 07   -39   -78 10325   290    15     4     0 -9999
2017 01 15 08   -44   -83 10327   300    15     4     0 -9999
2017 01 15 09   -39   -78 10326     0     0     4     0 -9999
2017 01 15 10   -44   -78 10323   310    21     4     0 -9999
2017 01 15 11   -50   -83 10320   290    21     4     0 -9999
2017 01 15 12   -50   -83 10317   310    15     4     0 -9999
2017 01 15 13   -44   -78 10317   250    15 -9999     0 -9999
2017 01 15 14   -39   -78 10315     0     0 -9999     0 -9999
2017 01 15 15   -33   -78 10319     0     0     6     0 -9999
2017 01 15 16   -22   -72 10322     0     0 -9999     0 -9999
2017 01 15 17   -17   -67 10315     0     0 -9999     0 -9999
2017 01 15 18    -6   -67 10305     0     0 -9999     0 -9999
2017 01 15 19     6   -72 10297     0     0 -9999     0 -9999
2017 01 15 20    11   -89 10293   220    26 -9999     0 -9999
2017 01 15 21    11   -83 10291   210    15     6     0 -9999
2017 01 15 22    11   -56 10288   160    36 -9999     0 -9999
2017 01 15 23     6   -61 10286   180    15 -9999     0 -9999
2017 01 16 00     6   -61 10285   180    15 -9999     0 -9999
2017 01 16 01     6   -50 10283   170    15 -9999     0 -9999
2017 01 16 02     6   -44 10283   160    15 -9999     0 -9999
2017 01 16 03    11   -39 10283   130    15     8     0 -9999
2017 01 16 04     0   -39 10278   100    21 -9999     0 -9999
2017 01 16 05     6   -39 10276    90    15 -9999     0 -9999
2017 01 16 06     6   -33 10272   130    21 -9999     0 -9999
2017 01 16 07     6   -39 10267   130    26 -9999     0 -9999
2017 01 16 08    11   -39 10265   120    21 -9999     0 -9999
2017 01 16 09    11   -33 10264   120    21     8    -1 -9999
2017 01 16 10    11   -33 10264     0     0 -9999    -1 -9999
2017 01 16 11    11   -28 10258   110    15 -9999     0 -9999
2017 01 16 12    11   -28 10258    90    26 -9999     0    -1
2017 01 16 13    11   -22 10256    50    36 -9999     8 -9999
2017 01 16 14     6   -17 10259    70    26 -9999    13 -9999
2017 01 16 15    11   -11 10256    90    36     8    -1 -9999
2017 01 16 16    11    -6 10252   100    31 -9999     8 -9999
2017 01 16 17    17     6 10243   120    26 -9999     8 -9999
2017 01 16 18    17    11 10226   110    31 -9999     3    38
2017 01 16 19    22    11 10215   100    31 -9999     5 -9999
2017 01 16 20    22    17 10197    90    36 -9999    25 -9999
2017 01 16 21    22    17 10195    80    31     8    20 -9999
2017 01 16 22    22    17 10191    90    31 -9999     8 -9999
2017 01 16 23    22    17 10184    90    31 -9999     3 -9999
2017 01 17 00    22    11 -9999    60    31 -9999    -1    61
2017 01 17 01    22    11 10170    80    36 -9999    10 -9999
2017 01 17 02    22    17 10158    90    26 -9999     5 -9999
2017 01 17 03    22    22 10149    60    21     8    18 -9999
2017 01 17 04    28    22 10133    90    21 -9999     3 -9999
2017 01 17 05    28    28 10120    40    26 -9999     0 -9999
2017 01 17 06    28    22 10108    10    26 -9999    -1    36
2017 01 17 07    33    28 10086    50    26 -9999    -1 -9999
2017 01 17 08    33    33 10088   300    57 -9999    86 -9999
2017 01 17 09    33    28 10077     0     0     8    23 -9999
2017 01 17 10    33    33 10075   240    21 -9999    -1 -9999
2017 01 17 11    39    39 10078   240    31     9    -1 -9999
2017 01 17 12    33    33 10091   250    57 -9999    -1   109
2017 01 17 13    28    28 10097   270    41 -9999     0 -9999
2017 01 17 14    17    17 10109   250    57 -9999     0 -9999
2017 01 17 15    17    17 10114   250    41     8     0 -9999
2017 01 17 16    17    17 10122   260    51 -9999     0 -9999
2017 01 17 17    28    22 10124   250    51 -9999     0 -9999
2017 01 17 18    28    22 10120   260    62 -9999     0 -9999
2017 01 17 19    28    22 10121   250    46 -9999     0 -9999
2017 01 17 20    28    17 10125   240    51 -9999     0 -9999
2017 01 17 21    28    17 10132   250    46     8     0 -9999
2017 01 17 22    22    17 10138   250    51 -9999    -1 -9999
2017 01 17 23    17    11 10148   250    62 -9999     0 -9999
2017 01 18 00    17    11 10156   260    46 -9999    -1    -1
2017 01 18 01    11    11 10161   250    31 -9999    -1 -9999
2017 01 18 02    11     6 10165   260    57 -9999    -1 -9999
2017 01 18 03    11     6 10167   250    36     8     0 -9999
2017 01 18 04    11    11 10170   270    51 -9999    -1 -9999
2017 01 18 05    11    11 10170   270    46 -9999    -1 -9999
2017 01 18 06     6     6 10176   270    36 -9999     0    -1
2017 01 18 07    11     0 10179   270    31 -9999     0 -9999
2017 01 18 08     6     0 10187   270    41 -9999     0 -9999
2017 01 18 09     6     0 10192   260    51     8     0 -9999
2017 01 18 10     6     0 10198   260    41 -9999     0 -9999
2017 01 18 11     6     0 10203   280    51 -9999     0 -9999
2017 01 18 12     6     0 10204   270    46 -9999     0 -9999
2017 01 18 13     6     0 10209   260    46 -9999    -1 -9999
2017 01 18 14     6    -6 10217   270    36 -9999     0 -9999
2017 01 18 15     0    -6 10220   260    46     8     0 -9999
2017 01 18 16     0     0 10219   260    36 -9999     0 -9999
2017 01 18 17     0     0 10214   230    62 -9999     0 -9999
2017 01 18 18     6     0 10205   240    62 -9999     0    -1
2017 01 18 19     6     0 10197   230    62 -9999     0 -9999
2017 01 18 20    11    -6 10193   230    51 -9999     0 -9999
2017 01 18 21    22    -6 10190   210    41     6     0 -9999
2017 01 18 22    22    -6 10191   220    31 -9999     0 -9999
2017 01 18 23    17    -6 10198   200    62 -9999     0 -9999
2017 01 19 00    17    -6 10202   230    46 -9999     0 -9999
2017 01 19 01    17    -6 10200   210    62 -9999     0 -9999
2017 01 19 02    17    -6 10195   230    62 -9999     0 -9999
2017 01 19 03    17    -6 10190   220    31     8     0 -9999
2017 01 19 04    11    -6 10191   210    36 -9999     0 -9999
2017 01 19 05     6   -11 10191   200    26     2     0 -9999
2017 01 19 06     6   -11 10188   200    36     0     0 -9999
2017 01 19 07     6    -6 10187   210    31     4     0 -9999
2017 01 19 08     0    -6 10190   200    26     2     0 -9999
2017 01 19 09     0    -6 10187   200    26     2     0 -9999
2017 01 19 10     0    -6 10179   140    15 -9999     0 -9999
2017 01 19 11     0    -6 10178   190    26 -9999     0 -9999
2017 01 19 12     6    -6 10176   180    31 -9999     0 -9999
2017 01 19 13     6     0 10171   170    21 -9999     0 -9999
2017 01 19 14    11     0 10173   170    26 -9999     0 -9999
2017 01 19 15    17     6 10171   140    26     8     0 -9999
2017 01 19 16    22     6 10164   120    31 -9999     0 -9999
2017 01 19 17    33    11 10156   110    21 -9999     0 -9999
2017 01 19 18    39    17 10150   100    15 -9999     0 -9999
2017 01 19 19    44    17 10143   120    31 -9999     0 -9999
2017 01 19 20    56    17 10137   140    31 -9999     0 -9999
2017 01 19 21    50    17 10126   110    41     8     0 -9999
2017 01 19 22    44    17 10125    80    31 -9999     0 -9999
2017 01 19 23    39    17 10123   100    36 -9999     3 -9999
2017 01 20 00    33    17 10112    90    46 -9999     8    10
2017 01 20 01    33    22 10113   120    31 -9999    13 -9999
2017 01 20 02    33    22 10100    90    41 -9999    18 -9999
2017 01 20 03    33    33 10098   100    31     8    23 -9999
2017 01 20 04    33    28 10088    80    41 -9999    38 -9999
2017 01 20 05    33    22 10074    80    46 -9999    58 -9999
2017 01 20 06    33    22 10062    70    51 -9999    15   163
2017 01 20 07    28    28 10053    70    36 -9999    18 -9999
2017 01 20 08    28    28 10047    70    67 -9999    18 -9999
2017 01 20 09    33    33 10046    60    36     8     3 -9999
2017 01 20 10    28    28 10043    60    51 -9999    -1 -9999
2017 01 20 11    28    28 10040    60    57 -9999     3 -9999
2017 01 20 12    28    28 10039    50    46 -9999     3    46
2017 01 20 13    33    28 10039    70    36 -9999    -1 -9999
2017 01 20 14    33    28 10039    90    36 -9999     3 -9999
2017 01 20 15    33    28 10047    80    21     8     0 -9999
2017 01 20 16    33    28 10043    50    46 -9999     0 -9999
2017 01 20 17    39    33 10050   190    21 -9999     0 -9999
2017 01 20 18    44    33 10048     0     0 -9999     0     3
2017 01 20 19    44    39 10041     0     0 -9999     0 -9999
2017 01 20 20    50    39 10033   100    21 -9999     0 -9999
2017 01 20 21    56    39 10039   130    21     8     0 -9999
2017 01 20 22    56    44 10043   120    26 -9999     0 -9999
2017 01 20 23    50    39 10050   110    26 -9999     0 -9999
2017 01 21 00    50    39 10051    80    21 -9999     0 -9999
2017 01 21 01    50    39 10049   100    26 -9999     0 -9999
2017 01 21 02    56    50 10048    80    21 -9999     0 -9999
2017 01 21 03    56    44 10047   120    15     8     0 -9999
2017 01 21 04    67    61 10042   130    31 -9999    -1 -9999
2017 01 21 05    72    67 10038     0     0 -9999    -1 -9999
2017 01 21 06    83    72 10032   170    26 -9999    -1    -1
2017 01 21 07    78    72 10030   180    15 -9999     0 -9999
2017 01 21 08    83    72 10028   140    26 -9999    -1 -9999
2017 01 21 09    83    78 10020   150    21     8    -1 -9999
2017 01 21 10    83    78 10013   150    26 -9999     0 -9999
2017 01 21 11    89    83 10010   190    26 -9999     0 -9999
2017 01 21 12    89    78 10007   150    31 -9999     0    -1
2017 01 21 13    89    83 10008   170    46 -9999     0 -9999
2017 01 21 14    89    83 10005   180    31 -9999     0 -9999
2017 01 21 15    94    78 10002   160    36     2     0 -9999
2017 01 21 16   111    83 10002   170    67     2     0 -9999
2017 01 21 17   128    83  9996   190    62     2     0 -9999
2017 01 21 18   144    78  9986   200    67     2     0 -9999
2017 01 21 19   150    83  9978   200    62     2     0 -9999
2017 01 21 20   156    83  9975   200    51     4     0 -9999
2017 01 21 21   156    78  9977   200    72     4     0 -9999
2017 01 21 22   150    72  9985   220    62     4     0 -9999
2017 01 21 23   133    56  9992   230    41     2     0 -9999
2017 01 22 00   117    56 10000   230    21     2     0 -9999
2017 01 22 01    89    44 10009   240    21     2     0 -9999
2017 01 22 02   106    56 10013   210    21     2     0 -9999
2017 01 22 03    89    50 10020   240    15     2     0 -9999
2017 01 22 04    78    44 10022   260    15 -9999     0 -9999
2017 01 22 05    61    44 10021     0     0 -9999     0 -9999
2017 01 22 06    44    33 -9999   310    31     9     0 -9999
2017 01 22 07    56    44 10024   310    26     9     0 -9999
2017 01 22 08    56    56 10021     0     0     9     0 -9999
2017 01 22 09    56    44 10018   320    15     8     0 -9999
2017 01 22 10    56    44 10017     0     0 -9999     0 -9999
2017 01 22 11    61    44 10016   340    21 -9999     0 -9999
2017 01 22 12    56    44 -9999   120    21 -9999     0 -9999
2017 01 22 13    50    44 10032    90    21     9     0 -9999
2017 01 22 14    56    44 10034    30    21 -9999     0 -9999
2017 01 22 15    56    50 10040    50    15     8     0 -9999
2017 01 22 16    56    44 10045    60    26 -9999     0 -9999
2017 01 22 17    56    44 10042    90    36 -9999     0 -9999
2017 01 22 18    61    44 10036    50    21 -9999     0 -9999
2017 01 22 19    67    44 10031    20    31 -9999     0 -9999
2017 01 22 20    78    39 10027    30    41 -9999    -1 -9999
2017 01 22 21    78    33 10030    10    31     8     0 -9999
2017 01 22 22    67    33 10037    30    46 -9999     0 -9999
2017 01 22 23    67    28 10040    20    41 -9999     0 -9999
2017 01 23 00    61    22 10044    20    46 -9999     0    -1
2017 01 23 01    61    22 10039    10    72 -9999     0 -9999
2017 01 23 02    56    22 10047    20    41 -9999     0 -9999
2017 01 23 03    56    22 10049    30    51     8     0 -9999
2017 01 23 04    56    17 10055    10    41 -9999     0 -9999
2017 01 23 05    50    17 10058   350    36 -9999     0 -9999
2017 01 23 06    44    22 10059   350    41 -9999     0 -9999
2017 01 23 07    39    17 10059   360    41 -9999     0 -9999
2017 01 23 08    39    17 10060   330    51 -9999     0 -9999
2017 01 23 09    39    17 10062   340    67     8     0 -9999
2017 01 23 10    39    11 10064   340    88 -9999     0 -9999
2017 01 23 11    39    11 10071    10    36 -9999     0 -9999
2017 01 23 12    39     6 10073   350    57 -9999     0 -9999
2017 01 23 13    39    11 10076   360    57 -9999     0 -9999
2017 01 23 14    39    11 10077   360    51 -9999     0 -9999
2017 01 23 15    39    11 10084   350    72     8     0 -9999
2017 01 23 16    44    11 10089   360    62 -9999     0 -9999
2017 01 23 17    44    11 10087    10    57 -9999     0 -9999
2017 01 23 18    50    11 10083   340    36 -9999     0 -9999
2017 01 23 19    56     6 10078    20    51 -9999     0 -9999
2017 01 23 20    56    11 10076   360    57 -9999     0 -9999
2017 01 23 21    61    11 10079   330    31     8     0 -9999
2017 01 23 22    61    11 10080   330    51 -9999     0 -9999
2017 01 23 23    56    11 10086   300    36 -9999     0 -9999
2017 01 24 00    56    11 10088   320    31 -9999     0 -9999
2017 01 24 01    56    11 10090   310    41 -9999     0 -9999
2017 01 24 02    50    11 10097   310    36 -9999     0 -9999
2017 01 24 03    50     6 10099   320    51     8     0 -9999
2017 01 24 04    44    11 10099   350    36 -9999     0 -9999
2017 01 24 05    44    11 10100   340    31 -9999     0 -9999
2017 01 24 06    39     6 10100   320    36 -9999     0 -9999
2017 01 24 07    39     6 10100   320    51 -9999     0 -9999
2017 01 24 08    39     6 10105   310    36 -9999     0 -9999
2017 01 24 09    39     6 10109   320    41     8     0 -9999
2017 01 24 10    33     0 10109   320    46 -9999     0 -9999
2017 01 24 11    33     0 10112   320    41 -9999     0 -9999
2017 01 24 12    33     0 10119   300    31 -9999     0 -9999
2017 01 24 13    28    -6 10122   290    31 -9999     0 -9999
2017 01 24 14    28   -11 10128   270    36 -9999     0 -9999
2017 01 24 15    28   -11 10129   340    36     8     0 -9999
2017 01 24 16    28   -11 10131   330    41 -9999     0 -9999
2017 01 24 17    28    -6 10132   300    21 -9999     0 -9999
2017 01 24 18    28    -6 10125   280    26 -9999     0 -9999
2017 01 24 19    28    -6 10118   270    21 -9999     0 -9999
2017 01 24 20    33   -11 10112   340    26 -9999     0 -9999
2017 01 24 21    33    -6 10117     0     0     8     0 -9999
2017 01 24 22    33    -6 10107    50    15 -9999     0 -9999
2017 01 24 23    33    -6 10108    90    41 -9999     0 -9999
2017 01 25 00    28   -11 10105    90    41 -9999     0 -9999
2017 01 25 01    22   -11 10105    90    36 -9999     0 -9999
2017 01 25 02    28   -11 10095   100    46 -9999    -1 -9999
2017 01 25 03    28    -6 10094   110    41     8    -1 -9999
2017 01 25 04    28    -6 10100    90    36 -9999     0 -9999
2017 01 25 05    28    -6 10100    90    36 -9999     0 -9999
2017 01 25 06    28    -6 10090    80    36 -9999     0    -1
2017 01 25 07    28    -6 10077    90    46 -9999    -1 -9999
2017 01 25 08    22     0 10061    90    77 -9999    -1 -9999
2017 01 25 09    28     0 10051    90    57     8     5 -9999
2017 01 25 10    28     6 10037   100    51 -9999     3 -9999
2017 01 25 11    28    11 10018    90    31 -9999     0 -9999
2017 01 25 12    39    11 10008   100    36 -9999     0     8
2017 01 25 13    39    11  9999   120    36 -9999     0 -9999
2017 01 25 14    44    17  9990   130    31 -9999     0 -9999
2017 01 25 15    50    17  9984   160    31     8     0 -9999
2017 01 25 16    61    22  9980   200    26 -9999     0 -9999
2017 01 25 17    67    33  9976   220    51 -9999     0 -9999
2017 01 25 18    61    28  9976   250    46 -9999    -1    -1
2017 01 25 19    44    22  9977   240    77 -9999    -1 -9999
2017 01 25 20    44    22  9977   240    72 -9999    -1 -9999
2017 01 25 21    44    22  9987   240    67     8    -1 -9999
2017 01 25 22    44    17  9995   250    88 -9999    -1 -9999
2017 01 25 23    39    11 10003   250    72 -9999    -1 -9999
2017 01 26 00    39     6 10009   250    62 -9999    -1    -1
2017 01 26 01    28     6 10009   250    62 -9999     3 -9999
2017 01 26 02    28     0 10009   250    82 -9999    -1 -9999
2017 01 26 03    22     0 10006   240    72     8    -1 -9999
2017 01 26 04    17     0 10007   250    62 -9999    -1 -9999
2017 01 26 05    17     0 10010   280    57 -9999    -1 -9999
2017 01 26 06    17     0 10018   300    36 -9999     3     5
2017 01 26 07    17     0 10024   310    46 -9999    -1 -9999
2017 01 26 08    17    -6 10033   310    51 -9999    -1 -9999
2017 01 26 09    11   -11 10043   300    57     8    -1 -9999
2017 01 26 10     6   -17 10052   300    51 -9999    -1 -9999
2017 01 26 11     6   -17 10061   300    46 -9999    -1 -9999
2017 01 26 12     6   -22 10071   300    82 -9999    -1    -1
2017 01 26 13     6   -33 10081   300    57 -9999    -1 -9999
2017 01 26 14     0   -33 10090   290    62 -9999    -1 -9999
2017 01 26 15     0   -33 10100   290    67     8    -1 -9999
2017 01 26 16     0   -39 10107   290    57 -9999    -1 -9999
2017 01 26 17     0   -39 10115   280    82 -9999     0 -9999
2017 01 26 18     6   -39 10113   280    67 -9999     0    -1
2017 01 26 19     6   -33 10113   280    67 -9999    -1 -9999
2017 01 26 20    11   -33 10115   280    72 -9999    -1 -9999
2017 01 26 21    11   -33 10123   270    51     8    -1 -9999
2017 01 26 22    11   -28 10129   280    41 -9999    -1 -9999
2017 01 26 23    11   -28 10136   270    41 -9999    -1 -9999
2017 01 27 00    11   -33 10140   280    46 -9999    -1    -1
2017 01 27 01     6   -39 10144   270    51 -9999    -1 -9999
2017 01 27 02     6   -44 10145   270    46 -9999     0 -9999
2017 01 27 03     0   -50 10146   270    57     8     0 -9999
2017 01 27 04     0   -50 10146   280    67 -9999     0 -9999
2017 01 27 05     0   -61 10146   270    36 -9999    -1 -9999
2017 01 27 06     0   -67 10144   290    57 -9999    -1    -1
2017 01 27 07    -6   -61 10142   260    51 -9999    -1 -9999
2017 01 27 08   -11   -56 10143   270    82 -9999    -1 -9999
2017 01 27 09   -17   -67 10143   280    62     8     0 -9999
2017 01 27 10   -22   -67 10141   270    46 -9999    -1 -9999
2017 01 27 11   -17   -61 10138   270    46 -9999    -1 -9999
2017 01 27 12   -11   -50 10135   270    41 -9999    -1    -1
2017 01 27 13   -17   -67 10137   260    62 -9999    -1 -9999
2017 01 27 14   -22   -67 10139   270    62 -9999     0 -9999
2017 01 27 15   -28   -78 10139   270    72     8     0 -9999
2017 01 27 16   -22   -72 10140   270    57 -9999    -1 -9999
2017 01 27 17   -28   -78 10140   270    57 -9999    -1 -9999
2017 01 27 18   -33   -83 10135   270    77 -9999    -1    -1
2017 01 27 19   -33   -89 10128   260    72 -9999    -1 -9999
2017 01 27 20   -28   -94 10122   250    62 -9999    -1 -9999
2017 01 27 21   -28   -94 10123   260    77     8    -1 -9999
2017 01 27 22   -28   -89 10126   270    67 -9999    -1 -9999
2017 01 27 23   -28   -89 10125   250    72 -9999    -1 -9999
2017 01 28 00   -33   -83 10128   260    77 -9999    -1    -1
2017 01 28 01   -28   -83 10124   250    62 -9999    -1 -9999
2017 01 28 02   -28   -83 -9999   250    77 -9999    -1 -9999
2017 01 28 03   -28   -78 10111   240    77     6     0 -9999
2017 01 28 04   -28   -72 10107   250    77 -9999     0 -9999
2017 01 28 05   -28   -72 10104   250    67 -9999     0 -9999
2017 01 28 06   -28   -72 10099   270    62     4     0    -1
2017 01 28 07   -33   -78 10096   270    67 -9999     0 -9999
2017 01 28 08   -33   -78 10098   290    62 -9999     0 -9999
2017 01 28 09   -33   -78 10097   280    51     8     0 -9999
2017 01 28 10   -33   -72 10096   280    62 -9999     0 -9999
2017 01 28 11   -33   -72 10096   270    62 -9999     0 -9999
2017 01 28 12   -28   -67 10093   260    57 -9999     0 -9999
2017 01 28 13   -28   -67 10090   270    72 -9999     0 -9999
2017 01 28 14   -22   -67 10090   260    67 -9999     0 -9999
2017 01 28 15   -17   -61 10090   280    62     8     0 -9999
2017 01 28 16   -11   -61 10094   270    67 -9999     0 -9999
2017 01 28 17   -11   -56 10093   250    62 -9999     0 -9999
2017 01 28 18   -11   -61 10088   300    67 -9999     0 -9999
2017 01 28 19   -11   -61 10085   300    46 -9999     0 -9999
2017 01 28 20   -17   -56 10084   280    62 -9999     0 -9999
2017 01 28 21   -17   -61 10089   300    46     8     0 -9999
2017 01 28 22   -17   -61 10094   270    62 -9999     0 -9999
2017 01 28 23   -17   -72 10098   290    46 -9999     0 -9999
2017 01 29 00   -17   -78 10103   290    41 -9999     0 -9999
2017 01 29 01   -17   -89 10111   290    67 -9999     0 -9999
2017 01 29 02   -22   -83 10112   300    51 -9999     0 -9999
2017 01 29 03   -22   -83 10111   310    46     8    -1 -9999
2017 01 29 04   -22   -83 10111   300    41 -9999    -1 -9999
2017 01 29 05   -22   -89 10110   300    46 -9999    -1 -9999
2017 01 29 06   -22   -89 10109   290    46 -9999     0    -1
2017 01 29 07   -22   -89 10106   280    46 -9999     0 -9999
2017 01 29 08   -22   -89 10106   290    36 -9999    -1 -9999
2017 01 29 09   -22   -94 10106   290    46     8     0 -9999
2017 01 29 10   -28   -94 10102   280    31 -9999     0 -9999
2017 01 29 11   -28   -94 10102   290    41 -9999     0 -9999
2017 01 29 12   -28   -94 10103   300    36 -9999     0    -1
2017 01 29 13   -28  -100 10107   310    36 -9999     0 -9999
2017 01 29 14   -28  -100 10112   310    41 -9999     0 -9999
2017 01 29 15   -28  -100 10113   290    41     8    -1 -9999
2017 01 29 16   -22   -94 10115   290    41 -9999    -1 -9999
2017 01 29 17   -22   -89 10116   280    46 -9999    -1 -9999
2017 01 29 18   -22   -94 10112   300    46 -9999    -1    -1
2017 01 29 19   -22   -83 10108   280    41 -9999    -1 -9999
2017 01 29 20   -22   -94 10105   270    46 -9999    -1 -9999
2017 01 29 21   -22  -100 10111   320    62     8    -1 -9999
2017 01 29 22   -28   -83 10119   290    51 -9999    -1 -9999
2017 01 29 23   -33   -83 10129   300    62 -9999    -1 -9999
2017 01 30 00   -33  -111 10136   320    72 -9999    -1    -1
2017 01 30 01   -39  -117 10141   330    51 -9999     0 -9999
2017 01 30 02   -39  -111 10144   320    72 -9999     0 -9999
2017 01 30 03   -39  -122 10146   320    57     6     0 -9999
2017 01 30 04   -39  -122 10152   320    57 -9999     0 -9999
2017 01 30 05   -39  -117 10156   320    46 -9999     0 -9999
2017 01 30 06   -44  -139 10154   320    62 -9999     0 -9999
2017 01 30 07   -56  -139 10154   320    57     2     0 -9999
2017 01 30 08   -61  -144 10159   330    36     0     0 -9999
2017 01 30 09   -67  -144 10165   310    36     0     0 -9999
2017 01 30 10   -72  -150 10165   330    31     0     0 -9999
2017 01 30 11   -72  -150 10167   330    41     0     0 -9999
2017 01 30 12   -83  -150 10168   280    26     0     0 -9999
2017 01 30 13   -83  -150 10172   280    31     2     0 -9999
2017 01 30 14   -78  -150 10178   290    46     2     0 -9999
2017 01 30 15   -67  -150 10175   290    31     2     0 -9999
2017 01 30 16   -56  -144 10175   250    31     4     0 -9999
2017 01 30 17   -39  -144 10166   240    41 -9999     0 -9999
2017 01 30 18   -22  -139 10154   240    51 -9999     0 -9999
2017 01 30 19   -22  -133 10134   210    67 -9999     0 -9999
2017 01 30 20   -17  -117 10134   210    62 -9999     0 -9999
2017 01 30 21   -11  -100 10120   190    62     6    -1 -9999
2017 01 30 22    -6   -94 10092   170    72 -9999     0 -9999
2017 01 30 23    -6   -89 10072   170    82 -9999     0 -9999
2017 01 31 00     0   -78 10082   180    51 -9999     0    -1
2017 01 31 01     0   -67 10070   210    51 -9999     0 -9999
2017 01 31 02     6   -61 10050   190    57 -9999     0 -9999
2017 01 31 03     6   -50 10026   200    51     8     0 -9999
2017 01 31 04    17   -33 10010   200    67 -9999     0 -9999
2017 01 31 05    22   -22 10000   210    57 -9999     0 -9999
2017 01 31 06    39   -17  9994   240    67 -9999     0 -9999
2017 01 31 07    39     0  9997   270    72 -9999    -1 -9999
2017 01 31 08    33     0 10002   260    72 -9999    -1 -9999
2017 01 31 09    33     0 10009   280    72     8     3 -9999
2017 01 31 10    39     0 10016   280   103 -9999    -1 -9999
2017 01 31 11    39    -6 10024   280    77 -9999    -1 -9999
2017 01 31 12    33     0 10034   280    77 -9999    -1     3
2017 01 31 13    39    -6 10042   270    62 -9999    -1 -9999
2017 01 31 14    39    -6 10050   260    62 -9999     0 -9999
2017 01 31 15    39   -11 10058   270    77     8     0 -9999
2017 01 31 16    39   -17 10067   270    67 -9999     0 -9999
2017 01 31 17    39   -17 10072   270    77 -9999     0 -9999
2017 01 31 18    44   -17 10073   280    67 -9999     0    -1
2017 01 31 19    44   -22 10081   280    98 -9999     0 -9999
2017 01 31 20    56   -28 10083   290    88 -9999     0 -9999
2017 01 31 21    50   -33 10095   290    82     6     0 -9999
2017 01 31 22    50   -28 10107   280    67 -9999     0 -9999
2017 01 31 23    44   -39 10113   260    51 -9999     0 -9999
2017 02 01 00    39   -28 10121   260    57 -9999     0 -9999
2017 02 01 01    33   -28 10124   260    62 -9999     0 -9999
2017 02 01 02    28   -28 10127   230    41 -9999     0 -9999
2017 02 01 03    28   -22 10129   240    62     8     0 -9999
2017 02 01 04    28   -22 10130   270    57 -9999     0 -9999
2017 02 01 05    28   -22 10138   260    51 -9999     0 -9999
2017 02 01 06    22   -22 10144   250    46 -9999     0 -9999
2017 02 01 07    22   -17 10145   240    46 -9999     0 -9999
2017 02 01 08    22   -22 10152   260    46 -9999     0 -9999
2017 02 01 09    17   -22 10154   270    36     8     0 -9999
2017 02 01 10    17   -22 10151   270    46 -9999     0 -9999
2017 02 01 11    17   -22 10154   280    41 -9999     0 -9999
2017 02 01 12    11   -28 10162   290    41 -9999     0 -9999
2017 02 01 13     6   -33 10170   300    31 -9999     0 -9999
2017 02 01 14     6   -28 10178   290    31 -9999     0 -9999
2017 02 01 15    11   -33 10185   310    51     6     0 -9999
2017 02 01 16    17   -44 10188   320    46 -9999     0 -9999
2017 02 01 17    22   -56 10193 -9999    31 -9999     0 -9999
2017 02 01 18    28   -67 10192   300    72 -9999     0 -9999
2017 02 01 19    33   -72 10189   290    51 -9999     0 -9999
2017 02 01 20    33   -83 10190   270    77 -9999     0 -9999
2017 02 01 21    28   -61 10194   270    57     6    -1 -9999
2017 02 01 22    28   -67 10200   270    57 -9999     0 -9999
2017 02 01 23    17  -106 10208   290    82 -9999     0 -9999
2017 02 02 00     6  -122 10213   290    77 -9999     0    -1
2017 02 02 01     0  -117 10223   290    57     4     0 -9999
2017 02 02 02   -11  -117 10231   290    77     4     0 -9999
2017 02 02 03   -22  -100 10240   290    67     6     0 -9999
2017 02 02 04   -28  -106 10247   300    57 -9999     0 -9999
2017 02 02 05   -39  -111 10253   290    51 -9999     0 -9999
2017 02 02 06   -50  -122 10257   300    67     2     0 -9999
2017 02 02 07   -56  -144 10266   290    88     2     0 -9999
2017 02 02 08   -67  -144 10273   320    46     2     0 -9999
2017 02 02 09   -78  -150 10279   310    57     2     0 -9999
2017 02 02 10   -83  -167 10284   310    57     0     0 -9999
2017 02 02 11   -89  -172 10290   300    41     0     0 -9999
2017 02 02 12   -89  -167 10299   290    57     0     0 -9999
2017 02 02 13   -94  -161 10304   290    36     2     0 -9999
2017 02 02 14   -89  -156 10309   280    51     2     0 -9999
2017 02 02 15   -78  -156 10312   300    51     2     0 -9999
2017 02 02 16   -72  -161 10315   300    57     4     0 -9999
2017 02 02 17   -61  -156 10312   290    57     4     0 -9999
2017 02 02 18   -50  -156 10306   290    57     4     0 -9999
2017 02 02 19   -44  -161 10300   280    41     4     0 -9999
2017 02 02 20   -39  -161 10297   270    51 -9999     0 -9999
2017 02 02 21   -39  -156 10300   270    57     6     0 -9999
2017 02 02 22   -44  -156 10301   280    67 -9999     0 -9999
2017 02 02 23   -50  -156 10300   270    51 -9999     0 -9999
2017 02 03 00   -56  -144 10301   270    57     4     0 -9999
2017 02 03 01   -61  -150 10305   280    51     2     0 -9999
2017 02 03 02   -67  -150 10299   270    51     0     0 -9999
2017 02 03 03   -72  -150 10303   290    72     0     0 -9999
2017 02 03 04   -72  -156 10303   280    67     2     0 -9999
2017 02 03 05   -78  -156 10303   300    46     2     0 -9999
2017 02 03 06   -83  -156 10300   300    57 -9999     0 -9999
2017 02 03 07   -89  -156 10300   310    46 -9999     0 -9999
2017 02 03 08   -89  -156 10304   300    26 -9999     0 -9999
2017 02 03 09   -89  -150 10310   290    36     6     0 -9999
2017 02 03 10   -94  -150 10310   310    31 -9999     0 -9999
2017 02 03 11   -89  -156 10311   330    46 -9999     0 -9999
2017 02 03 12   -89  -161 10317   320    41 -9999     0 -9999
2017 02 03 13   -89  -167 10320   300    36 -9999     0 -9999
2017 02 03 14   -89  -167 10328   300    41 -9999     0 -9999
2017 02 03 15   -78  -172 10333   300    41     4     0 -9999
2017 02 03 16   -61  -183 10336   300    67     2     0 -9999
2017 02 03 17   -50  -189 10337   320    62     2     0 -9999
2017 02 03 18   -33  -183 10333   310    62     2     0 -9999
2017 02 03 19   -28  -178 10326   280    46     0     0 -9999
2017 02 03 20   -17  -172 10322   270    46     0     0 -9999
2017 02 03 21   -17  -172 10323   290    51     0     0 -9999
2017 02 03 22   -17  -178 10328   270    57     0     0 -9999
2017 02 03 23   -28  -183 10331   290    46     0     0 -9999
2017 02 04 00   -33  -172 10336   280    57     0     0 -9999
2017 02 04 01   -39  -167 10337   270    41     0     0 -9999
2017 02 04 02   -44  -161 10333   260    51     0     0 -9999
2017 02 04 03   -44  -161 10331   260    51     0     0 -9999
2017 02 04 04   -61  -156 10329   270    51     0     0 -9999
2017 02 04 05   -67  -156 10328   260    51     0     0 -9999
2017 02 04 06   -72  -156 10330   260    57     0     0 -9999
2017 02 04 07   -72  -156 10327   260    46     0     0 -9999
2017 02 04 08   -78  -150 10327   170    21     0     0 -9999
2017 02 04 09   -78  -150 10324   250    46     0     0 -9999
2017 02 04 10   -83  -150 10320   190    26     0     0 -9999
2017 02 04 11   -83  -150 10320   210    21     0     0 -9999
2017 02 04 12   -89  -144 10316   200    36     0     0 -9999
2017 02 04 13   -89  -144 10310   180    41     2     0 -9999
2017 02 04 14   -72  -139 10299   160    51 -9999     0 -9999
2017 02 04 15   -50  -144 10291   180    46     6     0 -9999
2017 02 04 16   -28  -144 10290   190    72 -9999     0 -9999
2017 02 04 17   -22  -139 10281   200    72 -9999     0 -9999
2017 02 04 18   -11  -156 10263   200    93 -9999     0 -9999
2017 02 04 19    -6  -144 10241   200    82 -9999     0 -9999
2017 02 04 20     0  -144 10221   200    72 -9999     0 -9999
2017 02 04 21    11  -144 10201   200    88     8     0 -9999
2017 02 04 22     6  -139 10192   190    82 -9999     0 -9999
2017 02 04 23     6  -133 10183   200    51 -9999     0 -9999
2017 02 05 00     6  -128 10178   190    77 -9999     0 -9999
2017 02 05 01     6  -128 10170   200    67 -9999     0 -9999
2017 02 05 02     6  -117 10160   200    62 -9999     0 -9999
2017 02 05 03    11  -117 10157   210    88     8     0 -9999
2017 02 05 04    11  -117 10151   210    67 -9999     0 -9999
2017 02 05 05     6  -111 10144   220    57 -9999     0 -9999
2017 02 05 06     6  -106 10136   210    46 -9999     0 -9999
2017 02 05 07     0  -106 10129   200    46     4     0 -9999
2017 02 05 08    -6  -100 10127   210    51     4     0 -9999
2017 02 05 09    -6  -100 10123   210    46     4     0 -9999
2017 02 05 10    -6   -94 10121   220    51 -9999     0 -9999
2017 02 05 11    -6   -89 10124   230    51     2     0 -9999
2017 02 05 12    -6   -83 10131   250    41     2     0 -9999
2017 02 05 13   -11   -83 10135   260    46     2     0 -9999
2017 02 05 14   -11   -78 10146   260    36     0     0 -9999
2017 02 05 15     6   -72 10155   310    51     0     0 -9999
2017 02 05 16    22   -67 10165   300    62     0     0 -9999
2017 02 05 17    33   -61 10170   310    46     0     0 -9999
2017 02 05 18    44   -56 10176   300    67     2     0 -9999
2017 02 05 19    44   -56 10176   290    62     2     0 -9999
2017 02 05 20    39   -56 10178   320    57     2     0 -9999
2017 02 05 21    33   -61 10185   300    46     2     0 -9999
2017 02 05 22    33   -61 10191   300    31     4     0 -9999
2017 02 05 23    17   -67 10194   270    41 -9999     0 -9999
2017 02 06 00     6   -67 10203   260    46 -9999     0 -9999
2017 02 06 01     6   -67 10211   260    41     4     0 -9999
2017 02 06 02    11   -61 10209     0     0     2     0 -9999
2017 02 06 03     0   -61 10205 -9999    15     2     0 -9999
2017 02 06 04    -6   -56 10201   160    31     2     0 -9999
2017 02 06 05    -6   -56 10200   170    26     2     0 -9999
2017 02 06 06   -11   -56 10194   160    21     0     0 -9999
2017 02 06 07   -17   -56 10191   170    21     0     0 -9999
2017 02 06 08   -22   -67 10189   180    21     0     0 -9999
2017 02 06 09   -17   -56 10184   170    31     0     0 -9999
2017 02 06 10   -17   -56 10183   170    26     2     0 -9999
2017 02 06 11   -17   -56 10177   160    26     0     0 -9999
2017 02 06 12   -17   -50 10173   170    15 -9999     0 -9999
2017 02 06 13   -11   -50 10170   160    21 -9999     0 -9999
2017 02 06 14    -6   -44 10166   150    21     4     0 -9999
2017 02 06 15    17   -39 10157   150    31     4     0 -9999
2017 02 06 16    44   -22 10148   160    26 -9999     0 -9999
2017 02 06 17    78     0 10138   180    41 -9999     0 -9999
2017 02 06 18   100    22 10121   190    41 -9999     0 -9999
2017 02 06 19   117    39 10106   190    46 -9999     0 -9999
2017 02 06 20   122    39 10091   200    46 -9999     0 -9999
2017 02 06 21   106    44 10087   160    67     8     0 -9999
2017 02 06 22    94    56 10088   190    57 -9999     0 -9999
2017 02 06 23    83    56 10088   180    41 -9999     0 -9999
2017 02 07 00    78    61 10085   180    46 -9999    -1    -1
2017 02 07 01    72    56 -9999   190    36 -9999    -1 -9999
2017 02 07 02    67    56 10072   180    31 -9999    -1 -9999
2017 02 07 03    67    56 10065   180    36     8    -1 -9999
2017 02 07 04    67    56 10055   180    21     9    -1 -9999
2017 02 07 05    67    61 10046     0     0 -9999    -1 -9999
2017 02 07 06    67    61 10041     0     0 -9999     0    -1
2017 02 07 07    67    56 10023   110    31     9     3 -9999
2017 02 07 08    67    56 10010 -9999    31 -9999     8 -9999
2017 02 07 09    56    50 -9999    70    31     9     0 -9999
2017 02 07 10    56    50  9987    50    41 -9999    15 -9999
2017 02 07 11    67    61  9983 -9999    31 -9999    15 -9999
2017 02 07 12    78    67 -9999   110    36 -9999    -1    81
2017 02 07 13    78    67  9965   120    31 -9999    33 -9999
2017 02 07 14    78    72  9957   110    15 -9999    -1 -9999
2017 02 07 15    83    72  9949   160    21     8     0 -9999
2017 02 07 16    94    83  9942   170    31 -9999    13 -9999
2017 02 07 17   100    89  9936   180    31 -9999    13 -9999
2017 02 07 18   111   100  9925   210    36 -9999     0    58
2017 02 07 19   117   100  9923   250    62 -9999     0 -9999
2017 02 07 20   106    83  9935   270    82 -9999     0 -9999
2017 02 07 21    89    56  9950   280    72     8     0 -9999
2017 02 07 22    67    39  9974   270    88 -9999     0 -9999
2017 02 07 23    67    39  9976   260    57 -9999     0 -9999
2017 02 08 00    67    39  9991   260    67 -9999     0 -9999
2017 02 08 01    56    33 10007   280    57 -9999    -1 -9999
2017 02 08 02    33    11 10026   260   103 -9999    -1 -9999
2017 02 08 03    22     0 10044   280    77     8    -1 -9999
2017 02 08 04    11   -17 10051   290    82 -9999    -1 -9999
2017 02 08 05    11   -22 10056   300    51 -9999     0 -9999
2017 02 08 06    11   -28 10069   290    51 -9999     0    -1
2017 02 08 07     6   -39 10075   310    57 -9999     0 -9999
2017 02 08 08     0   -56 10094   330    41 -9999     0 -9999
2017 02 08 09    -6   -61 10101   310    51     8     0 -9999
2017 02 08 10    -6   -61 10100   350    46 -9999     0 -9999
2017 02 08 11    -6   -61 10112   320    36 -9999     0 -9999
2017 02 08 12    -6   -67 10115    20    46 -9999    -1    -1
2017 02 08 13   -11   -72 10119    30    41 -9999    -1 -9999
2017 02 08 14   -11   -72 10132   340    41 -9999     0 -9999
2017 02 08 15   -11   -67 10138    10    57     8     0 -9999
2017 02 08 16   -11   -72 10144    10    72 -9999     0 -9999
2017 02 08 17   -11   -72 10158    10    67 -9999    -1 -9999
2017 02 08 18   -17   -67 10157   360    77 -9999    -1    -1
2017 02 08 19   -22   -67 10161   360    77 -9999    -1 -9999
2017 02 08 20   -17   -72 10154    10    41 -9999    -1 -9999
2017 02 08 21   -17   -78 10161    20    46     8    -1 -9999
2017 02 08 22   -17   -83 10163    20    41 -9999     0 -9999
2017 02 08 23   -17   -94 10167    20    46 -9999     0 -9999
2017 02 09 00   -22  -100 10176   310    51 -9999     0    -1
2017 02 09 01   -33  -100 10180   310    67 -9999     0 -9999
2017 02 09 02   -39  -106 10188   320    51 -9999     0 -9999
2017 02 09 03   -56  -111 10193   310    57     2     0 -9999
2017 02 09 04   -61  -117 10197   310    36     2     0 -9999
2017 02 09 05   -61  -133 10201   320    57     2     0 -9999
2017 02 09 06   -67  -139 10210   320    62 -9999     0 -9999
2017 02 09 07   -67  -144 10213   300    72 -9999     0 -9999
2017 02 09 08   -78  -167 10221   320    82 -9999     0 -9999
2017 02 09 09   -78  -172 10228   330    72     8     0 -9999
2017 02 09 10   -89  -178 10237   290    77     4    -1 -9999
2017 02 09 11   -94  -189 10244   310    88     0     0 -9999
2017 02 09 12   -94  -189 10248   300    67     2     0    -1
2017 02 09 13  -100  -189 10257   290    67     2     0 -9999
2017 02 09 14   -94  -183 10265   310    62     2     0 -9999
2017 02 09 15   -89  -200 10276   310    67     2     0 -9999
2017 02 09 16   -78  -189 10284   280    72     2     0 -9999
2017 02 09 17   -67  -183 10287   270    67     2     0 -9999
2017 02 09 18   -61  -183 10286   280    67     2     0 -9999
2017 02 09 19   -50  -178 10282   290    62     2     0 -9999
2017 02 09 20   -44  -172 10283   290    57     2     0 -9999
2017 02 09 21   -39  -167 10278   270    62     2     0 -9999
2017 02 09 22   -39  -161 10277   250    62     2     0 -9999
2017 02 09 23   -44  -161 10278   280    51     2     0 -9999
2017 02 10 00   -50  -150 10281   230    41     2     0 -9999
2017 02 10 01   -72  -133 10286   220    51     2     0 -9999
2017 02 10 02   -72  -139 10285   230    46     2     0 -9999
2017 02 10 03   -72  -144 10282   230    46     4     0 -9999
2017 02 10 04   -78  -144 10282   220    46 -9999     0 -9999
2017 02 10 05   -78  -144 10280   220    51 -9999     0 -9999
2017 02 10 06   -78  -144 10277   230    57 -9999     0 -9999
2017 02 10 07   -78  -150 10269   230    46 -9999     0 -9999
2017 02 10 08   -72  -150 10264   220    51 -9999     0 -9999
2017 02 10 09   -67  -150 10254   180    36     8     0 -9999
2017 02 10 10   -67  -144 10243   190    46 -9999     0 -9999
2017 02 10 11   -61  -133 10228   190    51 -9999     0 -9999
2017 02 10 12   -56  -133 10213   170    62 -9999     0 -9999
2017 02 10 13   -44  -117 10200   170    46 -9999     0 -9999
2017 02 10 14   -39  -111 10185   180    57 -9999     0 -9999
2017 02 10 15   -22  -106 10167   190    77     8     0 -9999
2017 02 10 16   -11   -89 10150   190    77 -9999     0 -9999
2017 02 10 17     0   -78 10136   200   103 -9999     0 -9999
2017 02 10 18    11   -61 10113   210   118 -9999     0 -9999
2017 02 10 19    28   -50 10095   200    88 -9999     0 -9999
2017 02 10 20    39   -39 10086   200    82 -9999     0 -9999
2017 02 10 21    39   -33 10075   210    77     8     0 -9999
2017 02 10 22    50   -22 10075   210    72 -9999     0 -9999
2017 02 10 23    50   -22 10076   210    62 -9999     0 -9999
2017 02 11 00    44   -11 10076   210    51 -9999     0 -9999
2017 02 11 01    39   -11 10077   210    41 -9999     0 -9999
2017 02 11 02    39    -6 10078   220    41 -9999     0 -9999
2017 02 11 03    33    -6 10081   210    31     4     0 -9999
2017 02 11 04    39     0 10081   210    46 -9999     0 -9999
2017 02 11 05    50    11 10079   260    51 -9999     0 -9999
2017 02 11 06    56    11 10081   250    57 -9999     0 -9999
2017 02 11 07    50     6 10089   250    57 -9999     0 -9999
2017 02 11 08    50     6 10089   270    51 -9999     0 -9999
2017 02 11 09    44     6 10083   230    36     6     0 -9999
2017 02 11 10    44     6 10093   270    26 -9999     0 -9999
2017 02 11 11    50    11 10101     0     0 -9999     0 -9999
2017 02 11 12    44     6 10108   180    26 -9999     0 -9999
2017 02 11 13    39     6 10108   180    31 -9999     0 -9999
2017 02 11 14    44    11 10128   290    15 -9999     0 -9999
2017 02 11 15    61    17 10135    10    31     8     0 -9999
2017 02 11 16    83    22 10129     0     0 -9999     0 -9999
2017 02 11 17   100     6 10128 -9999    26 -9999     0 -9999
2017 02 11 18   100     6 10123   100    26 -9999     0 -9999
2017 02 11 19   106     6 10116    90    21 -9999     0 -9999
2017 02 11 20   100     6 10118    20    41 -9999     0 -9999
2017 02 11 21    83     6 10124    30    51     8     0 -9999
2017 02 11 22    72     0 10124    30    51 -9999     0 -9999
2017 02 11 23    56     0 10130   100    41 -9999     0 -9999
2017 02 12 00    50     6 10143    20    41 -9999     0 -9999
2017 02 12 01    56     0 10145    20    41 -9999     0 -9999
2017 02 12 02    50     0 10137    10    62 -9999     0 -9999
2017 02 12 03    50    -6 10140    20    57     8     0 -9999
2017 02 12 04    50    -6 10136    40    41 -9999     0 -9999
2017 02 12 05    44     0 10127    10    67 -9999     0 -9999
2017 02 12 06    39     0 10135    20    57 -9999     0 -9999
2017 02 12 07    39     0 10138   360    77 -9999     0 -9999
2017 02 12 08    33     0 10143    20    51 -9999     0 -9999
2017 02 12 09    28    -6 10145   360    31     6     0 -9999
2017 02 12 10    28   -11 10139    40    51 -9999     0 -9999
2017 02 12 11    28   -11 10152   340    21 -9999     0 -9999
2017 02 12 12    28   -11 10165   300    41 -9999     0 -9999
2017 02 12 13    28   -11 10174   280    41 -9999     0 -9999
2017 02 12 14    28   -11 10183   270    57 -9999     0 -9999
2017 02 12 15    39    -6 10179   240    51     6     0 -9999
2017 02 12 16    72    11 10173   260    72     2     0 -9999
2017 02 12 17    83     6 10178   280   108     4     0 -9999
2017 02 12 18    83   -33 10183   290   113     2     0 -9999
2017 02 12 19    89   -67 10186   290   144     2     0 -9999
2017 02 12 20    89   -83 10195   300   129     2     0 -9999
2017 02 12 21    83   -89 10209   290   134     2     0 -9999
2017 02 12 22    67  -122 10228   310   113     2     0 -9999
2017 02 12 23    56  -111 10237   300   103     2     0 -9999
2017 02 13 00    44  -111 10253   300   108     2     0 -9999
2017 02 13 01    39  -100 10260   300    46     0     0 -9999
2017 02 13 02    28   -89 10270   290    51     0     0 -9999
2017 02 13 03    22   -78 10277   290    57     0     0 -9999
2017 02 13 04    17   -78 10281   290    62     0     0 -9999
2017 02 13 05    11   -72 10283   290    46     0     0 -9999
2017 02 13 06     6   -67 10283   280    41     0     0 -9999
2017 02 13 07     0   -67 10281   300    41     0     0 -9999
2017 02 13 08    -6   -72 10276   300    26     0     0 -9999
2017 02 13 09   -11   -78 10273   300    21     0     0 -9999
2017 02 13 10   -17   -72 10279   260    15     0     0 -9999
2017 02 13 11   -11   -67 10282   260    36     0     0 -9999
2017 02 13 12   -22   -72 10280   260    36     0     0 -9999
2017 02 13 13   -22   -67 10285   270    31     2     0 -9999
2017 02 13 14   -11   -61 10286   260    31     2     0 -9999
2017 02 13 15     6   -61 10279   260    46     2     0 -9999
2017 02 13 16    28   -50 10275   220    26     2     0 -9999
2017 02 13 17    50   -83 10267   220    36     2     0 -9999
2017 02 13 18    61   -83 10260   250    51     2     0 -9999
2017 02 13 19    61   -78 10247   240    67     2     0 -9999
2017 02 13 20    67   -78 10232   230    57     2     0 -9999
2017 02 13 21    72   -78 10220   240    77     2     0 -9999
2017 02 13 22    67   -67 10214   230    77     4     0 -9999
2017 02 13 23    61   -61 10208   240    46 -9999     0 -9999
2017 02 14 00    50   -61 10201   230    36 -9999     0 -9999
2017 02 14 01    39   -56 10192   200    41 -9999     0 -9999
2017 02 14 02    39   -44 10185   210    51 -9999     0 -9999
2017 02 14 03    33   -44 10174   210    46     6     0 -9999
2017 02 14 04    33   -44 10166   230    36 -9999     0 -9999
2017 02 14 05    39   -50 10155   230    46 -9999     0 -9999
2017 02 14 06    39   -50 10144   230    67 -9999     0 -9999
2017 02 14 07    39   -50 10134   240    67 -9999     0 -9999
2017 02 14 08    39   -50 10126   240    57 -9999     0 -9999
2017 02 14 09    33   -50 10122   250    57     4     0 -9999
2017 02 14 10    28   -44 10116   250    57 -9999     0 -9999
2017 02 14 11    22   -44 10113   250    46     0     0 -9999
2017 02 14 12    17   -44 10114   250    41     0     0 -9999
2017 02 14 13    11   -39 10122   270    36 -9999     0 -9999
2017 02 14 14    22   -33 10124   270    46 -9999     0 -9999
2017 02 14 15    39   -28 10125   270    51     4     0 -9999
2017 02 14 16    56   -22 10120   270    51 -9999     0 -9999
2017 02 14 17    67   -22 10112   260    41 -9999     0 -9999
2017 02 14 18    89   -22 10101   270    51 -9999     0 -9999
2017 02 14 19   100   -22 10086   260    67 -9999     0 -9999
2017 02 14 20   100   -17 -9999   260    77 -9999     0 -9999
2017 02 14 21   106   -28 10077   260    77     6     0 -9999
2017 02 14 22   100   -17 10074   260    98 -9999     0 -9999
2017 02 14 23    89   -17 10072   270    88 -9999     0 -9999
2017 02 15 00    72   -17 10067   260    57 -9999     0 -9999
2017 02 15 01    67   -22 10072   270    77 -9999     0 -9999
2017 02 15 02    56   -28 10072   290    77 -9999     0 -9999
2017 02 15 03    50   -33 10071   290    62     2     0 -9999
2017 02 15 04    44   -39 10073   330    93 -9999     0 -9999
2017 02 15 05    39   -61 10077   330    72 -9999     0 -9999
2017 02 15 06    17   -61 10087   360    82 -9999     0 -9999
2017 02 15 07    11   -83 10098   360    46 -9999     0 -9999
2017 02 15 08    11  -117 10102   340    72 -9999     0 -9999
2017 02 15 09     0  -128 10102   340    62     0     0 -9999
2017 02 15 10    -6  -122 10109   340    46     0     0 -9999
2017 02 15 11   -11  -117 10116   330    51     0     0 -9999
2017 02 15 12   -17  -117 10121   330    51 -9999     0 -9999
2017 02 15 13   -22  -117 10131   330    57 -9999     0 -9999
2017 02 15 14   -17  -117 10137   310    67 -9999     0 -9999
2017 02 15 15   -11  -117 10136   310    77     4     0 -9999
2017 02 15 16    -6  -111 10140   350    67 -9999     0 -9999
2017 02 15 17     6  -106 10140   330    51 -9999     0 -9999
2017 02 15 18    11  -106 10138   320    62 -9999     0 -9999
2017 02 15 19    11  -106 10139   320    57 -9999     0 -9999
2017 02 15 20    17  -100 10133   340    41 -9999     0 -9999
2017 02 15 21    17  -100 10131   320    72     6     0 -9999
2017 02 15 22    17  -106 10133   320    46 -9999     0 -9999
2017 02 15 23    17  -106 10135   320    67 -9999     0 -9999
2017 02 16 00    17  -122 10139   330    36 -9999     0 -9999
2017 02 16 01    11  -122 10142   340    26 -9999     0 -9999
2017 02 16 02    11  -117 10141   360    31 -9999     0 -9999
2017 02 16 03    11  -111 10147    10    31     8     0 -9999
2017 02 16 04     6  -111 10146   360    21 -9999     0 -9999
2017 02 16 05     6  -111 10145 -9999    26 -9999     0 -9999
2017 02 16 06     6  -111 10145    30    57 -9999     0 -9999
2017 02 16 07     6  -122 10144    20    41 -9999     0 -9999
2017 02 16 08     0  -128 10146    20    41 -9999     0 -9999
2017 02 16 09     0  -133 10145    20    41     8     0 -9999
2017 02 16 10     0  -128 10149    10    31 -9999     0 -9999
2017 02 16 11     0  -133 10151   360    15 -9999     0 -9999
2017 02 16 12    -6  -139 10150 -9999    31 -9999     0 -9999
2017 02 16 13    -6  -139 10150   110    15 -9999     0 -9999
2017 02 16 14     0  -117 10151   140    26 -9999     0 -9999
2017 02 16 15     0  -106 10158   160    36     8     0 -9999
2017 02 16 16    11  -106 10157   170    41 -9999     0 -9999
2017 02 16 17    22   -94 10146   180    36 -9999     0 -9999
2017 02 16 18    28  -100 10141   140    36 -9999     0 -9999
2017 02 16 19    39  -106 10128   170    36 -9999     0 -9999
2017 02 16 20    50   -94 10113 -9999    31 -9999     0 -9999
2017 02 16 21    50   -89 10102   140    46     6     0 -9999
2017 02 16 22    56   -72 10097   140    51 -9999     0 -9999
2017 02 16 23    56   -61 10099   160    36 -9999     0 -9999
2017 02 17 00    56   -56 10097   110    41 -9999     0 -9999
2017 02 17 01    50   -56 10091   120    51 -9999     0 -9999
2017 02 17 02    50   -56 10095   110    51 -9999     0 -9999
2017 02 17 03    39   -50 10085   110    62     8     0 -9999
2017 02 17 04    39   -44 10071   130    31 -9999     0 -9999
2017 02 17 05    39   -50 10064   140    31     4     0 -9999
2017 02 17 06    22   -50 10063   100    26     4     0 -9999
2017 02 17 07    22   -44 10056   120    21 -9999     0 -9999
2017 02 17 08    22   -44 10058   140    15 -9999     0 -9999
2017 02 17 09    22   -44 10054     0     0     6     0 -9999
2017 02 17 10     6   -44 10060     0     0     4     0 -9999
2017 02 17 11    11   -39 10064   210    15     4     0 -9999
2017 02 17 12    11   -33 10064     0     0     2     0 -9999
2017 02 17 13    11   -33 10064     0     0     2     0 -9999
2017 02 17 14    33   -17 10065   170    21     2     0 -9999
2017 02 17 15    61    -6 10065   190    31     2     0 -9999
2017 02 17 16   111     6 10063   210    41     2     0 -9999
2017 02 17 17   133     6 10060   210    46     2     0 -9999
2017 02 17 18   150    11 10052   220    46     2     0 -9999
2017 02 17 19   172    17 10042   240    36     2     0 -9999
2017 02 17 20   183    17 10037   210    72     2     0 -9999
2017 02 17 21   189    28 10037   210    82     2     0 -9999
2017 02 17 22   189    33 10036   210    62     2     0 -9999
2017 02 17 23   183    39 10038   220    67     2     0 -9999
2017 02 18 00   167    39 10039   200    41     4     0 -9999
2017 02 18 01   161    39 10040   200    51     2     0 -9999
2017 02 18 02   150    39 10041   200    62     2     0 -9999
2017 02 18 03   139    28 10045   220    57     2     0 -9999
2017 02 18 04   133    17 10048   220    51     2     0 -9999
2017 02 18 05   128    11 10046   210    57     2     0 -9999
2017 02 18 06   117    11 10048   210    57     2     0 -9999
2017 02 18 07   111    11 10042   210    62     0     0 -9999
2017 02 18 08   100    11 10043   210    46     2     0 -9999
2017 02 18 09   100    11 10041   210    41     2     0 -9999
2017 02 18 10    89    11 10041   200    36     4     0 -9999
2017 02 18 11    83    11 10046   210    26 -9999     0 -9999
2017 02 18 12    89    11 10051   230    46 -9999     0 -9999
2017 02 18 13    78    11 10059   240    36     4     0 -9999
2017 02 18 14    89    17 10067   250    41     2     0 -9999
2017 02 18 15   111    17 10069   270    41     2     0 -9999
2017 02 18 16   133    22 10069   240    31     2     0 -9999
2017 02 18 17   156    28 10068   290    46     2     0 -9999
2017 02 18 18   178    22 10064   310    31     2     0 -9999
2017 02 18 19   194    17 10060   280    31     2     0 -9999
2017 02 18 20   206    17 10055   300    36     2     0 -9999
2017 02 18 21   211     0 10057   290    31     2     0 -9999
2017 02 18 22   206    11 10061   240    41     2     0 -9999
2017 02 18 23   194    -6 10068   270    26     2     0 -9999
2017 02 19 00   167     0 10074   270    21     2     0 -9999
2017 02 19 01   133    17 10085    80    21     0     0 -9999
2017 02 19 02   111    11 10091     0     0     0     0 -9999
2017 02 19 03   100     6 10094     0     0     0     0 -9999
2017 02 19 04    89     6 10099     0     0     0     0 -9999
2017 02 19 05    83    11 10103     0     0     0     0 -9999
2017 02 19 06    78    11 10109     0     0     0     0 -9999
2017 02 19 07    72    11 10113   240    15     0     0 -9999
2017 02 19 08    72    11 10120     0     0     0     0 -9999
2017 02 19 09    50     6 10124     0     0     2     0 -9999
2017 02 19 10    61    17 10134   220    31     2     0 -9999
2017 02 19 11    50    11 10140     0     0     0     0 -9999
2017 02 19 12    39     6 10153     0     0     0     0 -9999
2017 02 19 13    39     6 10164     0     0     2     0 -9999
2017 02 19 14    61    28 10172     0     0 -9999     0 -9999
2017 02 19 15   110    40 10175     0     0     2     0 -9999
2017 02 19 16   133    11 10178     0     0     2     0 -9999
2017 02 19 17   161   -11 10178     0     0     2     0 -9999
2017 02 19 18   172   -22 10181   180    15     2     0 -9999
2017 02 19 19   178   -22 10176   200    15     2     0 -9999
2017 02 19 20   183    -6 10173    80    31 -9999     0 -9999
2017 02 19 21   183    -6 10177   100    41     6     0 -9999
2017 02 19 22   172    -6 10178   110    36 -9999     0 -9999
2017 02 19 23   144    -6 10181   100    36 -9999     0 -9999
2017 02 20 00   117    -6 10187    90    31 -9999     0 -9999
2017 02 20 01   106   -11 10190   100    31 -9999     0 -9999
2017 02 20 02    94   -11 10190    90    15 -9999     0 -9999
2017 02 20 03   100   -11 10193   100    15     6     0 -9999
2017 02 20 04    94    -6 10192   100    26 -9999     0 -9999
2017 02 20 05    94     6 10198   120    21 -9999     0 -9999
2017 02 20 06    94    22 10197   130    21 -9999     0 -9999
2017 02 20 07   100    39 10202   180    21 -9999     0 -9999
2017 02 20 08    94    44 10201   150    21 -9999     0 -9999
2017 02 20 09    89    50 10198   120    21     6     0 -9999
2017 02 20 10    83    50 10198   120    26 -9999     0 -9999
2017 02 20 11    83    56 10199   130    31 -9999     0 -9999
2017 02 20 12    89    61 10206   140    15 -9999     0 -9999
2017 02 20 13    94    61 10208   140    36 -9999     0 -9999
2017 02 20 14    94    67 10211   150    36 -9999     0 -9999
2017 02 20 15   117    78 10206   170    31     6     0 -9999
2017 02 20 16   144    78 10202   160    41 -9999     0 -9999
2017 02 20 17   167    72 10192   150    51 -9999     0 -9999
2017 02 20 18   183    83 10182   160    51 -9999     0 -9999
2017 02 20 19   194    78 10170   150    72 -9999     0 -9999
2017 02 20 20   200    78 10163   160    67 -9999     0 -9999
2017 02 20 21   206    78 10155   150    67     8     0 -9999
2017 02 20 22   194    72 10152   140    77 -9999     0 -9999
2017 02 20 23   189    72 10152   150    62 -9999     0 -9999
2017 02 21 00   178    67 10151   140    57 -9999     0 -9999
2017 02 21 01   172    61 10148   140    67 -9999     0 -9999
2017 02 21 02   167    61 10141   160    46 -9999     0 -9999
2017 02 21 03   161    67 10139   160    57     8     0 -9999
2017 02 21 04   161    67 10131   160    62 -9999     0 -9999
2017 02 21 05   156    67 10127   170    57 -9999     0 -9999
2017 02 21 06   156    72 10128   170    57 -9999     0 -9999
2017 02 21 07   156    72 10123   170    67 -9999     0 -9999
2017 02 21 08   144    78 10128   200    57 -9999     0 -9999
2017 02 21 09   144    78 10127   210    41     8     0 -9999
2017 02 21 10   133    83 10126   200    41 -9999    -1 -9999
2017 02 21 11   122   100 10126   200    31 -9999    20 -9999
2017 02 21 12   128   106 10123   180    31 -9999    -1    20
2017 02 21 13   122   106 10132   180    31 -9999    10 -9999
2017 02 21 14   128   111 10134   180    36 -9999     3 -9999
2017 02 21 15   133   117 10135   230    26     8     0 -9999
2017 02 21 16   144   122 10141   210    31 -9999     0 -9999
2017 02 21 17   156   128 10142   230    31 -9999     0 -9999
2017 02 21 18   161   128 10135   250    46 -9999     0    13
2017 02 21 19   178   128 10127   250    36 -9999     0 -9999
2017 02 21 20   178   117 10122   240    36 -9999     0 -9999
2017 02 21 21   178   117 10123   250    36     8     0 -9999
2017 02 21 22   183   117 10123   270    31 -9999     0 -9999
2017 02 21 23   178   111 10124   270    21 -9999     0 -9999
2017 02 22 00   156   106 10123     0     0 -9999     0 -9999
2017 02 22 01   156   111 10125   220    15 -9999     0 -9999
2017 02 22 02   150   111 10123   150    26 -9999     0 -9999
2017 02 22 03   156   117 10119   180    36     6     0 -9999
2017 02 22 04   150   111 10112   180    26 -9999     0 -9999
2017 02 22 05   139   106 10109   200    21     2     0 -9999
2017 02 22 06   122   106 10108   230    15     2     0 -9999
2017 02 22 07   122   100 10105   230    21     2     0 -9999
2017 02 22 08   117   100 10103   180    26     2     0 -9999
2017 02 22 09   117   100 10099   200    26     6     0 -9999
2017 02 22 10   122   111 10096   200    31 -9999     0 -9999
2017 02 22 11   133   117 10100   190    36 -9999     0 -9999
2017 02 22 12   128   111 10097   210    41 -9999     0 -9999
2017 02 22 13   122   111 10093   200    41     9     0 -9999
2017 02 22 14   122   111 10085   200    46 -9999     0 -9999
2017 02 22 15   117   111 10090   250    57     8     0 -9999
2017 02 22 16   122   122 10086   200    36 -9999     0 -9999
2017 02 22 17   128   111 10082   210    51 -9999     0 -9999
2017 02 22 18   150   111 10073   220    57 -9999     0 -9999
2017 02 22 19   161   117 10061   180    62     4     0 -9999
2017 02 22 20   167   122 10052   200    72 -9999     0 -9999
2017 02 22 21   183   122 10046   200    77     2     0 -9999
2017 02 22 22   194   122 10038   200    67     2     0 -9999
2017 02 22 23   194   117 10031   190    77     2     0 -9999
2017 02 23 00   183   122 10027   190    57     0     0 -9999
2017 02 23 01   178   122 10025   190    57     0     0 -9999
2017 02 23 02   172   117 10029   200    72     0     0 -9999
2017 02 23 03   167   117 10031   210    77     0     0 -9999
2017 02 23 04   161   117 10029   200    67     0     0 -9999
2017 02 23 05   156   117 10029   240    72     0     0 -9999
2017 02 23 06   150   111 10030   230    62     0     0 -9999
2017 02 23 07   144   106 10037   240    72     0     0 -9999
2017 02 23 08   139   100 10044   250    51     0     0 -9999
2017 02 23 09   122    89 10046   250    41     0     0 -9999
2017 02 23 10   111    78 10051   250    31     0     0 -9999
2017 02 23 11   106    72 10057   270    31     0     0 -9999
2017 02 23 12    94    67 10061   310    31     0     0 -9999
2017 02 23 13    94    61 10069   360    36     2     0 -9999
2017 02 23 14   106    56 10079    10    36     2     0 -9999
2017 02 23 15   117    50 10081    30    46     4     0 -9999
2017 02 23 16   106    44 10090    50    77 -9999     0 -9999
2017 02 23 17    89    39 10103    20    51 -9999     0 -9999
2017 02 23 18    78    33 10099    40    62 -9999     0 -9999
2017 02 23 19    72    28 10094    30    67 -9999     0 -9999
2017 02 23 20    61    17 10099    30    62 -9999     0 -9999
2017 02 23 21    56    17 10098    40    82     8     0 -9999
2017 02 23 22    50     6 10094    30    82 -9999     0 -9999
2017 02 23 23    39    11 10100    40    77 -9999     8 -9999
2017 02 24 00    33    11 10090    30    62 -9999     3    10
2017 02 24 01    39    11 10082    30    72 -9999    -1 -9999
2017 02 24 02    39    17 -9999    30    57 -9999     2 -9999
2017 02 24 03    44    22 10073    30    57     8     5 -9999
2017 02 24 04    44    28 10070    20    51 -9999    -1 -9999
2017 02 24 05    50    33 10056    30    41 -9999    -1 -9999
2017 02 24 06    50    33 10043    30    67 -9999     0    30
2017 02 24 07    50    33 10033    30    72 -9999    -1 -9999
2017 02 24 08    50    33 10025    30    41 -9999    10 -9999
2017 02 24 09    50    33 10011    10    36     8     0 -9999
2017 02 24 10    50    39 10004    30    36 -9999     0 -9999
2017 02 24 11    56    39  9994    20    31 -9999     0 -9999
2017 02 24 12    56    39  9992    20    31 -9999     8    15
2017 02 24 13    50    39  9992   320    46 -9999    -1 -9999
2017 02 24 14    56    39  9991   360    46 -9999     0 -9999
2017 02 24 15    50    39  9988    10    51     8     0 -9999
2017 02 24 16    50    33  9986    10    51 -9999     0 -9999
2017 02 24 17    44    28  9986   360    36 -9999     0 -9999
2017 02 24 18    44    28  9981    10    46 -9999    -1     3
2017 02 24 19    44    28  9975   360    41 -9999    -1 -9999
2017 02 24 20    50    33  9977   340    41 -9999     0 -9999
2017 02 24 21    50    33  9981   350    31     8     0 -9999
2017 02 24 22    50    28  9989   330    41 -9999     0 -9999
2017 02 24 23    50    33  9996   300    31 -9999     0 -9999
2017 02 25 00    67    39 10005   260    51 -9999     0    -1
2017 02 25 01    56    22 10010   270    62 -9999     0 -9999
2017 02 25 02    44    11 10015   290    46 -9999    -1 -9999
2017 02 25 03    39     6 10023   270    41     8     0 -9999
2017 02 25 04    28     0 10025   290    41 -9999     0 -9999
2017 02 25 05    11   -11 10032   280    41 -9999     0 -9999
2017 02 25 06    11   -17 10035   290    62 -9999    -1    -1
2017 02 25 07     6   -28 10033   290    57 -9999    -1 -9999
2017 02 25 08     0   -39 10037   280    72 -9999    -1 -9999
2017 02 25 09    -6   -56 10039   280    51     6    -1 -9999
2017 02 25 10    -6   -50 10043   280    72 -9999    -1 -9999
2017 02 25 11   -22   -72 10057   300    82 -9999    -1 -9999
2017 02 25 12   -33   -89 10072   280    88 -9999    -1    -1
2017 02 25 13   -39   -94 10082   290    67 -9999    -1 -9999
2017 02 25 14   -50  -111 10095   280   103 -9999    -1 -9999
2017 02 25 15   -50  -111 10105   290    82     8    -1 -9999
2017 02 25 16   -44  -106 10115   270    82 -9999    -1 -9999
2017 02 25 17   -44  -111 10121   290    72 -9999    -1 -9999
2017 02 25 18   -39   -94 10125   270    62 -9999    -1    -1
2017 02 25 19   -33  -111 10129   280    98 -9999    -1 -9999
2017 02 25 20   -28  -106 10135   280    72 -9999    -1 -9999
2017 02 25 21   -22  -111 10143   280    98     6    -1 -9999
2017 02 25 22   -28  -106 10154   290    77 -9999    -1 -9999
2017 02 25 23   -22  -111 10158   290    82 -9999    -1 -9999
2017 02 26 00   -33  -106 10165   290    62 -9999     0    -1
2017 02 26 01   -33  -106 10171   290    36 -9999     0 -9999
2017 02 26 02   -39  -106 10177   280    41 -9999     0 -9999
2017 02 26 03   -33  -106 10184   280    46     6     0 -9999
2017 02 26 04   -33  -106 10188   290    41 -9999     0 -9999
2017 02 26 05   -33  -111 10190   280    36 -9999     0 -9999
2017 02 26 06   -33  -106 10192   270    51 -9999     0 -9999
2017 02 26 07   -39  -100 10191   260    51 -9999     0 -9999
2017 02 26 08   -44  -100 10194   220    31 -9999     0 -9999
2017 02 26 09   -44   -89 10192   200    26     8     0 -9999
2017 02 26 10   -39   -83 10184   150    41 -9999     0 -9999
2017 02 26 11   -33   -83 10182   160    41 -9999     0 -9999
2017 02 26 12   -39   -83 10184   180    36 -9999     0 -9999
2017 02 26 13   -33   -83 10179   170    46 -9999     0 -9999
2017 02 26 14   -17   -89 10179   190    62 -9999     0 -9999
2017 02 26 15     0   -94 10178   190    88     8     0 -9999
2017 02 26 16    11   -94 10170   200    82 -9999     0 -9999
2017 02 26 17    44   -83 10165   210    93 -9999     0 -9999
2017 02 26 18    72   -78 10159   220    93 -9999     0 -9999
2017 02 26 19    83   -78 10151   220    93     4     0 -9999
2017 02 26 20    89   -72 10148   230    98     4     0 -9999
2017 02 26 21    94   -72 10148   240    77     4     0 -9999
2017 02 26 22    89   -67 10151   240    88     4     0 -9999
2017 02 26 23    83   -72 10155   220    82     4     0 -9999
2017 02 27 00    78   -67 10156   220    41 -9999     0 -9999
2017 02 27 01    78   -56 10166   240    36 -9999     0 -9999
2017 02 27 02    72   -56 10173   230    82 -9999     0 -9999
2017 02 27 03    56   -50 10180   210    46     6     0 -9999
2017 02 27 04    44   -44 10186   210    46     4     0 -9999
2017 02 27 05    39   -44 10189   220    46     2     0 -9999
2017 02 27 06    33   -44 10190   210    36     4     0 -9999
2017 02 27 07    28   -44 10194   220    31     2     0 -9999
2017 02 27 08    17   -50 10200   240    26     4     0 -9999
2017 02 27 09    22   -44 10201   200    15     2     0 -9999
2017 02 27 10    11   -44 10204   200    26 -9999     0 -9999
2017 02 27 11    11   -39 10206   200    21 -9999     0 -9999
2017 02 27 12    17   -33 10211   200    21 -9999     0 -9999
2017 02 27 13    17   -33 10214   200    26 -9999     0 -9999
2017 02 27 14    22   -22 10221   200    21     2     0 -9999
2017 02 27 15    44   -11 10225   200    26     0     0 -9999
2017 02 27 16    56    -6 10224   170    21     0     0 -9999
2017 02 27 17    78     0 10220   170    41     2     0 -9999
2017 02 27 18    89     6 10218   200    51 -9999     0 -9999
2017 02 27 19   100    11 10210   200    36 -9999     0 -9999
2017 02 27 20   117     6 10200   220    41     4     0 -9999
2017 02 27 21   122    -6 10192   210    51     6     0 -9999
2017 02 27 22   122    -6 10190   170    46 -9999     0 -9999
2017 02 27 23   122    -6 10189   170    26 -9999     0 -9999
2017 02 28 00   117    -6 10187   150    26 -9999     0 -9999
2017 02 28 01    83     6 10189   110    31 -9999     0 -9999
2017 02 28 02   100     6 10189   150    41 -9999     0 -9999
2017 02 28 03    94    11 10183   150    51     8     0 -9999
2017 02 28 04    94    22 10177   150    41 -9999     0 -9999
2017 02 28 05    89    33 10173   150    51 -9999     0 -9999
2017 02 28 06    89    39 10168   160    51 -9999     0 -9999
2017 02 28 07    89    44 10155   140    46 -9999    -1 -9999
2017 02 28 08    89    50 10142   140    62 -9999     3 -9999
2017 02 28 09    89    56 10128   150    51     8    -1 -9999
2017 02 28 10    89    61 10121   160    67 -9999    -1 -9999
2017 02 28 11   100    67 10116   170    72 -9999     0 -9999
2017 02 28 12   100    67 10116   190    51 -9999     0     3
2017 02 28 13   100    67 10100   170    77 -9999     0 -9999
2017 02 28 14   106    78 10105   180    77 -9999     0 -9999
2017 02 28 15   111    83 10099   180    62     8     0 -9999
2017 02 28 16   117    89 10088   180    51 -9999     0 -9999
2017 02 28 17   122    94 10083   180    77 -9999     0 -9999
2017 02 28 18   133   106 10074   190    77 -9999     0 -9999
2017 02 28 19   144   111 10060   190    67 -9999     0 -9999
2017 02 28 20   144   117 10054   200    67 -9999     0 -9999
2017 02 28 21   150   117 10036   170    67     8     0 -9999
2017 02 28 22   144   122 10036   170    62 -9999    -1 -9999
2017 02 28 23   144   128 10021   170    67 -9999     0 -9999
2017 03 01 00   150   133 10013   170    57 -9999     5     5
2017 03 01 01   144   122 10003   230    62 -9999    51 -9999
2017 03 01 02   144   110 10003   240    36 -9999    20 -9999
2017 03 01 03   139   117 10001   220    31     8    28 -9999
2017 03 01 04   133   111  9997   270    46 -9999    89 -9999
2017 03 01 05   133   106 -9999   270    77 -9999    48 -9999
2017 03 01 06   128   111  9981   150    26 -9999   117   366
2017 03 01 07   117   106  9976   200    21 -9999     5 -9999
2017 03 01 08   117   100  9974   220    31 -9999     0 -9999
2017 03 01 09   111   100  9961   190    31     8     0 -9999
2017 03 01 10   111    94  9962   210    26 -9999     0 -9999
2017 03 01 11    61    44  9978    10    41 -9999     0 -9999
2017 03 01 12    50    33  9979    10    46 -9999     0    10
2017 03 01 13    44    33  9977    10    36 -9999     0 -9999
2017 03 01 14    50    39  9978    10    26 -9999     0 -9999
2017 03 01 15    56    39  9986 -9999    15     8     3 -9999
2017 03 01 16    61    44 -9999   280    93 -9999     2 -9999
2017 03 01 17    56    28 10017   300    82 -9999    -1 -9999
2017 03 01 18    56    22 10027   300    72 -9999     0     5
2017 03 01 19    50    17 10031   280    82 -9999     0 -9999
2017 03 01 20    44    11 10041   260    82 -9999    -1 -9999
2017 03 01 21    39     6 10054   280    72     8     5 -9999
2017 03 01 22    28    -6 10072   280    88 -9999     3 -9999
2017 03 01 23    11   -22 10097   300    77 -9999    -1 -9999
2017 03 02 00     0   -39 10123   310   113 -9999    -1     8
2017 03 02 01     6   -39 10141   310   129 -9999    -1 -9999
2017 03 02 02    11   -39 10153   300    77 -9999    -1 -9999
2017 03 02 03    11   -39 10169   310    82     8     0 -9999
2017 03 02 04    11   -33 10180   310    57 -9999     0 -9999
2017 03 02 05    11   -39 10185   330    51 -9999    -1 -9999
2017 03 02 06     6   -56 10191   300    46 -9999    -1    -1
2017 03 02 07    -6   -56 10198   290    36     4     0 -9999
2017 03 02 08   -11   -61 10205   290    46     4     0 -9999
2017 03 02 09   -17   -61 10204   280    21     2     0 -9999
2017 03 02 10    -6   -56 10210   290    36 -9999     0 -9999
2017 03 02 11    -6   -61 10216   300    31 -9999    -1 -9999
2017 03 02 12    -6   -78 10221   320    36 -9999    -1    -1
2017 03 02 13   -11   -83 10227   320    41 -9999    -1 -9999
2017 03 02 14   -11   -78 10242   320    51 -9999    -1 -9999
2017 03 02 15     0   -83 10251 -9999    21     6    -1 -9999
2017 03 02 16     0   -78 10259   310    36 -9999    -1 -9999
2017 03 02 17    17   -83 10259    10    31     4     0 -9999
2017 03 02 18    11   -94 10262   270    41 -9999     0    -1
2017 03 02 19    22   -83 10261   300    36 -9999    -1 -9999
2017 03 02 20    11   -83 10265   310    72 -9999     0 -9999
2017 03 02 21     6   -78 10268   290    72     8    -1 -9999
2017 03 02 22     0   -83 10269   310    62 -9999     0 -9999
2017 03 02 23     0   -83 10275   300    57 -9999    -1 -9999
2017 03 03 00     0   -89 10280   290    51 -9999    -1    -1
2017 03 03 01    -6  -100 10288   280    51 -9999    -1 -9999
2017 03 03 02   -11   -94 10289   290    41     2     0 -9999
2017 03 03 03   -11   -89 10291   290    41     2     0 -9999
2017 03 03 04   -11   -89 10295   320    77     4     0 -9999
2017 03 03 05   -22  -106 10298   310    57     2     0 -9999
2017 03 03 06   -28  -106 10303   310    46     0     0    -1
2017 03 03 07   -28  -117 10309   310    77     0     0 -9999
2017 03 03 08   -33  -144 10315   320    82     2     0 -9999
2017 03 03 09   -39  -156 10320   330    67     0     0 -9999
2017 03 03 10   -44  -161 10329   320    46     0     0 -9999
2017 03 03 11   -50  -172 10339   330    41     0     0 -9999
2017 03 03 12   -56  -189 10351   310    67     2     0 -9999
2017 03 03 13   -56  -183 10360   310    51     2     0 -9999
2017 03 03 14   -50  -189 10369   330    57     2     0 -9999
2017 03 03 15   -44  -183 10375   320    72     2     0 -9999
2017 03 03 16   -33  -183 10376   340    62     4     0 -9999
2017 03 03 17   -22  -167 10378   330    36     4     0 -9999
2017 03 03 18   -17  -172 10379   310    36     4     0 -9999
2017 03 03 19     0  -161 10373   290    51     4     0 -9999
2017 03 03 20     0  -150 10368   230    51     4     0 -9999
2017 03 03 21     0  -150 10368   300    31     4     0 -9999
2017 03 03 22     6  -139 10361   300    36     4     0 -9999
2017 03 03 23     0  -133 10362   330    21 -9999     0 -9999
2017 03 04 00   -11  -122 10362    90    36 -9999     0 -9999
2017 03 04 01   -17  -117 10361   110    31 -9999     0 -9999
2017 03 04 02   -11  -106 10364   110    21 -9999     0 -9999
2017 03 04 03   -11  -100 10366   120    21     8     0 -9999
2017 03 04 04    -6  -100 10366   130    15 -9999     0 -9999
2017 03 04 05    -6  -106 10368   160    15 -9999     0 -9999
2017 03 04 06    -6   -94 10364     0     0 -9999     0 -9999
2017 03 04 07   -11   -72 10366   150    36 -9999    -1 -9999
2017 03 04 08   -17   -56 10364   170    41 -9999    -1 -9999
2017 03 04 09   -17   -50 10355   130    26     8    -1 -9999
2017 03 04 10   -17   -44 10352   110    36 -9999    -1 -9999
2017 03 04 11   -11   -44 10348    70    67 -9999    -1 -9999
2017 03 04 12   -11   -44 10350   130    36 -9999     0    -1
2017 03 04 13   -11   -44 10349   110    36 -9999     0 -9999
2017 03 04 14    -6   -44 10355   130    51 -9999     0 -9999
2017 03 04 15     0   -44 10356   130    46     6     0 -9999
2017 03 04 16    17   -39 10351   140    57 -9999     0 -9999
2017 03 04 17    33   -33 10344   120    72     4     0 -9999
2017 03 04 18    44   -39 10336   120    72     4     0 -9999
2017 03 04 19    50   -44 10326   110    82     4     0 -9999
2017 03 04 20    56   -33 10318   120    62 -9999     0 -9999
2017 03 04 21    56   -33 10316   120    77     6     0 -9999
2017 03 04 22    50   -33 10316   130    67 -9999     0 -9999
2017 03 04 23    44   -33 10315   120    67     2     0 -9999
2017 03 05 00    33   -39 10313   110    77     2     0 -9999
2017 03 05 01    17   -44 10312   120    93     0     0 -9999
2017 03 05 02    11   -44 10311   120    88     0     0 -9999
2017 03 05 03     6   -44 10307   120    72     2     0 -9999
2017 03 05 04     6   -44 10305   120    67     2     0 -9999
2017 03 05 05     6   -44 10297   120    51     2     0 -9999
2017 03 05 06     6   -44 10291   130    46     2     0 -9999
2017 03 05 07    11   -50 10285   130    57     2     0 -9999
2017 03 05 08    11   -50 10277   140    51     0     0 -9999
2017 03 05 09     6   -50 10270   140    46     0     0 -9999
2017 03 05 10     6   -50 10262   150    57     2     0 -9999
2017 03 05 11     6   -50 10259   150    41     2     0 -9999
2017 03 05 12    11   -50 10259   150    46     2     0 -9999
2017 03 05 13    11   -44 10258   150    46     2     0 -9999
2017 03 05 14    28   -39 10252   160    51     4     0 -9999
2017 03 05 15    50   -33 10245   160    57     6     0 -9999
2017 03 05 16    83   -22 10236   190    62 -9999     0 -9999
2017 03 05 17   111   -11 10224   190    51 -9999     0 -9999
2017 03 05 18   133     0 10214   180    77 -9999     0 -9999
2017 03 05 19   150     0 10204   180    67 -9999     0 -9999
2017 03 05 20   156     6 10190   190    51 -9999     0 -9999
2017 03 05 21   156    33 10184   190    82     8     0 -9999
2017 03 05 22   144    56 10181   200    93 -9999     0 -9999
2017 03 05 23   128    89 10184   200    62 -9999    -1 -9999
2017 03 06 00   133    78 10185   200    72 -9999    -1    -1
2017 03 06 01   122    78 10185   200    98 -9999     0 -9999
2017 03 06 02   122    72 10182   200    72 -9999     0 -9999
2017 03 06 03   122    67 10182   200    93     8     0 -9999
2017 03 06 04   122    67 10186   200   103 -9999     0 -9999
2017 03 06 05   117    67 10182   200    93 -9999     0 -9999
2017 03 06 06   111    67 10180   200    67 -9999     0 -9999
2017 03 06 07   111    61 10177   200    72 -9999     0 -9999
2017 03 06 08   111    56 10173   210    62 -9999     0 -9999
2017 03 06 09   111    56 10165   190    67     8     0 -9999
2017 03 06 10   111    56 10157   190    72 -9999     0 -9999
2017 03 06 11   111    56 10157   200    82 -9999     0 -9999
2017 03 06 12   111    61 10148   190    72 -9999     0 -9999
2017 03 06 13   117    67 10147   190    72 -9999     0 -9999
2017 03 06 14   117    72 10146   190    72 -9999     0 -9999
2017 03 06 15   122    78 10142   190    77     8     0 -9999
2017 03 06 16   128    83 10137   190    67 -9999     0 -9999
2017 03 06 17   133    89 10128   190    98 -9999     0 -9999
2017 03 06 18   139    94 10118   180    88 -9999     0 -9999
2017 03 06 19   139   106 10105   180    82 -9999     0 -9999
2017 03 06 20   139   106 10094   180    77 -9999     0 -9999
2017 03 06 21   144   111 10089   180    72     8     0 -9999
2017 03 06 22   144   117 10081   170    67 -9999    -1 -9999
2017 03 06 23   150   122 10074   170    88 -9999    -1 -9999
2017 03 07 00   156   122 10062   170    93 -9999     0    -1
2017 03 07 01   161   128 10055   170   103 -9999     0 -9999
2017 03 07 02   167   128 10047   190    98 -9999     0 -9999
2017 03 07 03   167   133 10035   180    93     8     0 -9999
2017 03 07 04   172   133 10025   180   113 -9999     0 -9999
2017 03 07 05   178   133 10027   200   113 -9999     0 -9999
2017 03 07 06   178   128 10017   190    93 -9999     0 -9999
2017 03 07 07   178   128 10008   190   134 -9999     0 -9999
2017 03 07 08   160   120 10023   220    77 -9999    46 -9999
2017 03 07 09   133   106 10010   200    62     8    30 -9999
2017 03 07 10   128   100 10025   230    72 -9999     3 -9999
2017 03 07 11   122    83 10042   240    98 -9999     0 -9999
2017 03 07 12   106    33 10056   250    77 -9999     0    79
2017 03 07 13    89    28 10077   270    93 -9999     0 -9999
2017 03 07 14    72    -6 10096   260    77 -9999     0 -9999
2017 03 07 15    72   -22 10111   250   113     6     0 -9999
2017 03 07 16    83   -22 10123   270   103 -9999     0 -9999
2017 03 07 17    89   -28 10130   270   118     4     0 -9999
2017 03 07 18   100   -22 10130   270   113     2     0 -9999
2017 03 07 19   106   -28 10125   260    98     2     0 -9999
2017 03 07 20   111   -56 10126   250    88     2     0 -9999
2017 03 07 21   111   -50 10127   250    98     2     0 -9999
2017 03 07 22   111   -61 10133   260    88     2     0 -9999
2017 03 07 23   100   -56 10142   250    67     2     0 -9999
2017 03 08 00    94   -56 10146   240    62     2     0 -9999
2017 03 08 01    89   -50 10145   210    57     4     0 -9999
2017 03 08 02    83   -33 10154   250    88 -9999     0 -9999
2017 03 08 03    78   -28 10146   210    62     6     0 -9999
2017 03 08 04    72   -28 10145   200    67     4     0 -9999
2017 03 08 05    72   -33 10136   200    51     4     0 -9999
2017 03 08 06    67   -33 10143   240    72 -9999     0 -9999
2017 03 08 07    67   -39 10150   250    62 -9999     0 -9999
2017 03 08 08    61   -44 10151   240    57     2     0 -9999
2017 03 08 09    56   -50 10150   240    62     0     0 -9999
2017 03 08 10    56   -56 10146   240    72     0     0 -9999
2017 03 08 11    50   -61 10145   230    82     0     0 -9999
2017 03 08 12    56   -67 10145   240   108     2     0 -9999
2017 03 08 13    56   -67 10151   240   113     0     0 -9999
2017 03 08 14    67   -78 10153   260   124     0     0 -9999
2017 03 08 15    72  -100 10154   260   103     2     0 -9999
2017 03 08 16    83  -106 10156   250   134     2     0 -9999
2017 03 08 17    89  -117 10159   250   144     2     0 -9999
2017 03 08 18    94  -117 10159   250   160     2     0 -9999
2017 03 08 19   106  -100 10157   260   149     2     0 -9999
2017 03 08 20   106   -94 10163   270   144     2     0 -9999
2017 03 08 21   111  -100 10171   260   149     2     0 -9999
2017 03 08 22   111  -106 10175   250   124     2     0 -9999
2017 03 08 23   106  -117 10180   270   124     2     0 -9999
2017 03 09 00   100  -111 10188   270    88     2     0 -9999
2017 03 09 01    94   -94 10196   270    82     2     0 -9999
2017 03 09 02    83   -89 10206   280    77     0     0 -9999
2017 03 09 03    72   -89 10214   280    57     4     0 -9999
2017 03 09 04    67   -78 10218   280    72     2     0 -9999
2017 03 09 05    56   -78 10220   290    46     2     0 -9999
2017 03 09 06    44   -78 10214   340    57     2     0 -9999
2017 03 09 07    33   -89 10215   310    15     0     0 -9999
2017 03 09 08    28   -83 10218   350    21     0     0 -9999
2017 03 09 09    28   -94 10216 -9999    31     0     0 -9999
2017 03 09 10    22  -100 10221    20    21     2     0 -9999
2017 03 09 11    22  -106 10217    20    26     2     0 -9999
2017 03 09 12    17   -94 10225    20    46     4     0 -9999
2017 03 09 13    22   -83 10223    20    26     4     0 -9999
2017 03 09 14    28   -72 10228    30    36 -9999     0 -9999
2017 03 09 15    39   -72 10225 -9999    31     6     0 -9999
2017 03 09 16    39   -78 10220    70    41 -9999     0 -9999
2017 03 09 17    39   -67 10225    50    51 -9999     0 -9999
2017 03 09 18    39   -44 10226    60    36 -9999     0 -9999
2017 03 09 19    39   -67 10218    50    41 -9999     0 -9999
2017 03 09 20    44   -44 10214    30    46 -9999     0 -9999
2017 03 09 21    39   -39 10213    40    51     8     0 -9999
2017 03 09 22    33   -56 10212    40    51 -9999     0 -9999
2017 03 09 23    28   -50 10221    20    57 -9999     0 -9999
2017 03 10 00    22   -61 10221    40    31 -9999     0 -9999
2017 03 10 01    22   -50 10221 -9999    21 -9999     0 -9999
2017 03 10 02    22   -44 10227    30    26 -9999     0 -9999
2017 03 10 03    28   -44 10221    20    36     8     0 -9999
2017 03 10 04    28   -50 10227    20    41 -9999     0 -9999
2017 03 10 05    28   -67 10224    10    41 -9999     0 -9999
2017 03 10 06    28   -83 10223    20    26 -9999     0 -9999
2017 03 10 07    22  -133 10231   340    98 -9999     0 -9999
2017 03 10 08    11  -139 10245   330    77     4     0 -9999
2017 03 10 09     0  -139 10251   330    72     2     0 -9999
2017 03 10 10   -11  -144 10258   340    72     0     0 -9999
2017 03 10 11   -17  -144 10270   330    82     0     0 -9999
2017 03 10 12   -22  -144 10281   340    62     2     0 -9999
2017 03 10 13   -28  -144 10290   330    77     2     0 -9999
2017 03 10 14   -22  -150 10298   330    82     2     0 -9999
2017 03 10 15   -17  -161 10309   320    77     2     0 -9999
2017 03 10 16   -17  -194 10312   340    77     2     0 -9999
2017 03 10 17   -11  -206 10314   330    62     2     0 -9999
2017 03 10 18    -6  -183 10316   310    82     2     0 -9999
2017 03 10 19    -6  -200 10313   320    67     2     0 -9999
2017 03 10 20     0  -194 10311   340    67     4     0 -9999
2017 03 10 21    -6  -200 10313   330    77     6     0 -9999
2017 03 10 22   -11  -211 10313   340    72 -9999     0 -9999
2017 03 10 23   -17  -189 10313   320    46 -9999     0 -9999
2017 03 11 00   -28  -200 10313   320    57 -9999     0 -9999
2017 03 11 01   -28  -194 10313   320    51 -9999     0 -9999
2017 03 11 02   -33  -206 10316   320    57     4     0 -9999
2017 03 11 03   -39  -200 10314   320    46     4     0 -9999
2017 03 11 04   -39  -206 10319   360    41     4     0 -9999
2017 03 11 05   -44  -206 10318   340    36 -9999     0 -9999
2017 03 11 06   -50  -211 10322   330    77 -9999     0 -9999
2017 03 11 07   -56  -217 10322   350    62 -9999     0 -9999
2017 03 11 08   -56  -217 10320   350    36 -9999     0 -9999
2017 03 11 09   -61  -200 10324 -9999    31     6     0 -9999
2017 03 11 10   -67  -206 10332   360    41     4     0 -9999
2017 03 11 11   -72  -211 10338   360    36     2     0 -9999
2017 03 11 12   -72  -217 10342   360    41     4     0 -9999
2017 03 11 13   -72  -217 10346   360    77 -9999     0 -9999
2017 03 11 14   -67  -222 10346    20    62     4     0 -9999
2017 03 11 15   -61  -222 10350   340    26     4     0 -9999
2017 03 11 16   -50  -222 10348    10    41 -9999     0 -9999
2017 03 11 17   -39  -222 10347   360    31 -9999     0 -9999
2017 03 11 18   -22  -222 10345   340    36 -9999     0 -9999
2017 03 11 19   -22  -233 10337   290    26 -9999     0 -9999
2017 03 11 20   -11  -211 10333   130    15 -9999     0 -9999
2017 03 11 21   -22  -167 10332 -9999    31     6     0 -9999
2017 03 11 22   -22  -161 10329    20    41 -9999     0 -9999
2017 03 11 23   -28  -161 10329    80    36 -9999     0 -9999
2017 03 12 00   -39  -161 10331    30    31 -9999     0 -9999
2017 03 12 01   -39  -156 10335 -9999    26 -9999     0 -9999
2017 03 12 02   -33  -150 10339 -9999    26 -9999     0 -9999
2017 03 12 03   -33  -156 10340 -9999    31     8     0 -9999
2017 03 12 04   -33  -161 10341    40    41 -9999     0 -9999
2017 03 12 05   -33  -167 10338    10    26 -9999     0 -9999
2017 03 12 06   -39  -178 10336 -9999    31 -9999     0 -9999
2017 03 12 07   -44  -189 10332   350    26     2     0 -9999
2017 03 12 08   -50  -183 10332   320    31     0     0 -9999
2017 03 12 09   -56  -172 10326   290    15     0     0 -9999
2017 03 12 10   -61  -172 10326   310    26     0     0 -9999
2017 03 12 11   -67  -172 10328   320    26     0     0 -9999
2017 03 12 12   -67  -167 10331   320    26     2     0 -9999
2017 03 12 13   -50  -172 10331 -9999    31     2     0 -9999
2017 03 12 14   -39  -161 10336   310    21     2     0 -9999
2017 03 12 15   -30  -180 10338     0     0     2     0 -9999
2017 03 12 16   -22  -206 10332   250    26 -9999     0 -9999
2017 03 12 17   -11  -200 10326 -9999    21 -9999     0 -9999
2017 03 12 18    -6  -206 10326   170    31 -9999     0 -9999
2017 03 12 19     6  -206 10315   120    31 -9999     0 -9999
2017 03 12 20    22  -183 10304    40    21 -9999     0 -9999
2017 03 12 21    17  -183 10294   220    15     6     0 -9999
2017 03 12 22    11  -156 10286   100    51 -9999     0 -9999
2017 03 12 23     0  -139 10284    80    36 -9999     0 -9999
2017 03 13 00     0  -122 10278    90    67 -9999     0 -9999
2017 03 13 01     0   -94 10281   100    46 -9999     0 -9999
2017 03 13 02     0   -89 10280   100    57 -9999     0 -9999
2017 03 13 03   -11   -72 10281   120    26     8    -1 -9999
2017 03 13 04   -17   -56 10281   110    31 -9999    -1 -9999
2017 03 13 05   -22   -50 10272   100    41 -9999    -1 -9999
2017 03 13 06   -17   -44 10259    90    41 -9999    -1    -1
2017 03 13 07   -17   -44 -9999    70    26 -9999    -1 -9999
2017 03 13 08   -17   -50 10259    90    46 -9999    -1 -9999
2017 03 13 09   -22   -50 10249   120    57     8     3 -9999
2017 03 13 10   -22   -50 10251   110    46 -9999    -1 -9999
2017 03 13 11   -28   -56 10249   110    57 -9999    -1 -9999
2017 03 13 12   -28   -50 10245   100    36 -9999     3     3
2017 03 13 13   -28   -56 10244   120    62 -9999    -1 -9999
2017 03 13 14   -22   -56 10243   100    46 -9999    -1 -9999
2017 03 13 15   -22   -56 10241   100    41     8    -1 -9999
2017 03 13 16   -22   -56 10239    90    46 -9999    -1 -9999
2017 03 13 17   -22   -56 10240    30    36 -9999    -1 -9999
2017 03 13 18   -17   -56 10238    40    31 -9999    -1     3
2017 03 13 19   -17   -56 10232    40    46 -9999    84 -9999
2017 03 13 20    -6   -50 10226    60    62 -9999    25 -9999
2017 03 13 21   -11   -50 10228    50    77     8    -1 -9999
2017 03 13 22   -11   -39 10227    40    77 -9999    -1 -9999
2017 03 13 23   -11   -50 10230    50    67 -9999    -1 -9999
2017 03 14 00    -6   -56 10234    60    93 -9999    -1 -9999
2017 03 14 01   -11   -39 10237    60    88 -9999    -1 -9999
2017 03 14 02   -11   -44 10240    60    72 -9999    -1 -9999
2017 03 14 03   -11   -44 10242    60    93     8    -1 -9999
2017 03 14 04   -17   -39 10246    50    51 -9999    -1 -9999
2017 03 14 05   -17   -67 10245 -9999    21 -9999    -1 -9999
2017 03 14 06   -17   -78 10248    20    36 -9999     0    -1
2017 03 14 07   -22   -72 10249   100    26 -9999    -1 -9999
2017 03 14 08   -28   -44 10249 -9999    21 -9999     3 -9999
2017 03 14 09   -28   -50 10244   280    26     8     3 -9999
2017 03 14 10   -44   -61 10248   330    62 -9999    -1 -9999
2017 03 14 11   -50   -67 10254   350    72     9    -1 -9999
2017 03 14 12   -56   -72 10260   350    57     9    -1 -9999
2017 03 14 13   -56   -72 10265   330    82     9    -1 -9999
2017 03 14 14   -56   -78 10271   350    51 -9999     3 -9999
2017 03 14 15   -33   -94 10272    30    93     8    -1 -9999
2017 03 14 16   -33   -89 -9999    30    98 -9999    -1 -9999
2017 03 14 17   -33   -89 -9999    50    82 -9999    -1 -9999
2017 03 14 18   -44   -78 10282    10    72 -9999    -1     3
2017 03 14 19   -39   -72 10281    20    67 -9999    -1 -9999
2017 03 14 20   -44   -72 10280   360    62 -9999    -1 -9999
2017 03 14 21   -39   -67 10279   350    77     6    -1 -9999
2017 03 14 22   -33  -117 10279   350    88 -9999    -1 -9999
2017 03 14 23   -33  -133 10283   350    77 -9999     0 -9999
2017 03 15 00   -39  -150 10286   350    77     4     0     3
2017 03 15 01   -50  -144 10294   350    72     4     0 -9999
2017 03 15 02   -50  -156 10294   330    67     4     0 -9999
2017 03 15 03   -56  -139 10291   300    46     2     0 -9999
2017 03 15 04   -61  -133 10289   300    51     2     0 -9999
2017 03 15 05   -61  -133 -9999   290    57     0     0 -9999
2017 03 15 06   -67  -139 10284   300    46     0     0 -9999
2017 03 15 07   -67  -139 10286   300    51     0     0 -9999
2017 03 15 08   -72  -139 10287   300    36     0     0 -9999
2017 03 15 09   -72  -133 10285   300    41     0     0 -9999
2017 03 15 10   -78  -133 10288   310    46     0     0 -9999
2017 03 15 11   -72  -133 10294   320    46     0     0 -9999
2017 03 15 12   -83  -133 10299   300    36     2     0 -9999
2017 03 15 13   -72  -139 10303   320    62     2     0 -9999
2017 03 15 14   -61  -133 10305   320    62     2     0 -9999
2017 03 15 15   -44  -128 10307   320    57     2     0 -9999
2017 03 15 16   -33  -122 10304   340    82     2     0 -9999
2017 03 15 17   -22  -128 10303   310    67     2     0 -9999
2017 03 15 18   -17  -128 10299   310    67     2     0 -9999
2017 03 15 19   -11  -133 10293   290    77     2     0 -9999
2017 03 15 20     0  -128 10288   300    72     2     0 -9999
2017 03 15 21     0  -139 10284   310    77     2     0 -9999
2017 03 15 22     0  -144 10284   300    46     2     0 -9999
2017 03 15 23     0  -133 10283   310    46     2     0 -9999
2017 03 16 00    -6  -133 10282   300    46     2     0 -9999
2017 03 16 01   -11  -128 10284   300    36     0     0 -9999
2017 03 16 02   -17  -128 10288   280    31     0     0 -9999
2017 03 16 03   -22  -128 10285   280    21     0     0 -9999
2017 03 16 04   -33  -122 10285   260    46     0     0 -9999
2017 03 16 05   -33  -111 10286   260    46     0     0 -9999
2017 03 16 06   -33  -106 10281   260    41     0     0 -9999
2017 03 16 07   -39  -111 10281   280    36     0     0 -9999
2017 03 16 08   -44  -117 10280   280    26     0     0 -9999
2017 03 16 09   -50  -117 10280   280    26     0     0 -9999
2017 03 16 10   -61  -122 10280   290    15     0     0 -9999
2017 03 16 11   -61  -122 10283   260    31     0     0 -9999
2017 03 16 12   -67  -117 10286   250    31     0     0 -9999
2017 03 16 13   -61  -117 10290   260    57     0     0 -9999
2017 03 16 14   -39  -117 10297   250    31     0     0 -9999
2017 03 16 15   -17  -111 10295   260    46     2     0 -9999
2017 03 16 16    -6  -128 10292   280    31     2     0 -9999
2017 03 16 17     6  -122 10287     0     0     0     0 -9999
2017 03 16 18    17  -117 10283 -9999    21     0     0 -9999
2017 03 16 19    28  -111 10273   210    26     2     0 -9999
2017 03 16 20    39  -100 10263   170    31     4     0 -9999
2017 03 16 21    50   -94 10258   210    31     4     0 -9999
2017 03 16 22    56   -89 10252   190    36     4     0 -9999
2017 03 16 23    56   -78 10246   170    46 -9999     0 -9999
2017 03 17 00    50   -72 10247   200    41 -9999     0 -9999
2017 03 17 01    44   -78 10243   160    36 -9999     0 -9999
2017 03 17 02    39   -67 10240   120    31 -9999     0 -9999
2017 03 17 03    28   -39 10238   110    26     6     0 -9999
2017 03 17 04    33   -56 10233   150    26 -9999     0 -9999
2017 03 17 05    28   -56 10231   140    31 -9999     0 -9999
2017 03 17 06    28   -56 10223   140    41 -9999     0 -9999
2017 03 17 07    33   -56 10224   160    46 -9999    -1 -9999
2017 03 17 08    22   -33 10219   130    31 -9999    -1 -9999
2017 03 17 09    22   -28 10206   120    36     8    -1 -9999
2017 03 17 10    22   -22 10191   140    51 -9999     8 -9999
2017 03 17 11    22   -17 10192   180    51 -9999    -1 -9999
2017 03 17 12    17    -6 10184   150    57 -9999    -1     8
2017 03 17 13    22     0 10182 -9999    31 -9999     0 -9999
2017 03 17 14    22     6 10176   140    31 -9999    -1 -9999
2017 03 17 15    22    11 10177   170    46     8    -1 -9999
2017 03 17 16    28    17 10171   170    51 -9999    -1 -9999
2017 03 17 17    33    28 10164   170    46 -9999    -1 -9999
2017 03 17 18    39    28 10163   230    46 -9999    -1    -1
2017 03 17 19    50    39 10155   220    36 -9999     0 -9999
2017 03 17 20    61    50 10150   240    46 -9999     0 -9999
2017 03 17 21    72    56 10147   280    31     8     0 -9999
2017 03 17 22    83    56 10147   250    51 -9999     0 -9999
2017 03 17 23    89    61 10144   240    51 -9999     0 -9999
2017 03 18 00    89    61 10147   250    36     2     0 -9999
2017 03 18 01    89    61 10149   170    36     4     0 -9999
2017 03 18 02    94    33 10155   280    77     2     0 -9999
2017 03 18 03    78    17 10167   300    77     2     0 -9999
2017 03 18 04    72     0 10165   290    98     4     0 -9999
2017 03 18 05    72     6 10164   290    72 -9999     0 -9999
2017 03 18 06    67     6 10161   280    41 -9999     0 -9999
2017 03 18 07    61     6 10164   290    72 -9999     0 -9999
2017 03 18 08    50     0 10168   290    67 -9999     0 -9999
2017 03 18 09    44     0 10168   300    77     8     0 -9999
2017 03 18 10    39     0 10172   290    72 -9999     0 -9999
2017 03 18 11    39    -6 10178   300    57 -9999     0 -9999
2017 03 18 12    39    -6 10186   290    51 -9999     0 -9999
2017 03 18 13    39   -11 10194   300    62 -9999     0 -9999
2017 03 18 14    39   -17 10202   320    67 -9999     0 -9999
2017 03 18 15    44   -17 10211   310    88     8     0 -9999
2017 03 18 16    44   -11 10219   310    67 -9999     0 -9999
2017 03 18 17    44   -11 10224   310    51 -9999     0 -9999
2017 03 18 18    56   -11 10227   310    51 -9999     0 -9999
2017 03 18 19    61    -6 10226   320    72 -9999     0 -9999
2017 03 18 20    72   -11 10229   340    31 -9999     0 -9999
2017 03 18 21    67   -11 10239   330    67     8     0 -9999
2017 03 18 22    61   -11 10246   300    51 -9999     0 -9999
2017 03 18 23    56   -11 10251   320    51 -9999     0 -9999
2017 03 19 00    56   -11 10259   320    46 -9999     0 -9999
2017 03 19 01    56   -11 10263   320    46 -9999     0 -9999
2017 03 19 02    50   -11 10264   320    26 -9999     0 -9999
2017 03 19 03    50   -11 10270   300    31     8     0 -9999
2017 03 19 04    44   -11 10273   340    26 -9999     0 -9999
2017 03 19 05    44   -17 10273    30    41     2     0 -9999
2017 03 19 06    22   -17 10273   340    15     2     0 -9999
2017 03 19 07    22   -17 10277   350    26     2     0 -9999
2017 03 19 08    11   -22 10279   310    15     4     0 -9999
2017 03 19 09    17   -22 10279    20    21     2     0 -9999
2017 03 19 10     6   -22 10284   330    21     4     0 -9999
2017 03 19 11    11   -22 10290     0     0 -9999     0 -9999
2017 03 19 12     6   -17 10292     0     0 -9999     0 -9999
2017 03 19 13    11   -11 10297     0     0 -9999     0 -9999
2017 03 19 14    44     0 10296    10    46 -9999     0 -9999
2017 03 19 15    56    -6 10297 -9999    31     6     0 -9999
2017 03 19 16    56     0 10298   140    31 -9999     0 -9999
2017 03 19 17    67     0 10292 -9999    15 -9999     0 -9999
2017 03 19 18    78     0 10285   170    36 -9999     0 -9999
2017 03 19 19    83     0 10270 -9999    21 -9999     0 -9999
2017 03 19 20   100     0 10258   160    36 -9999     0 -9999
2017 03 19 21   106     6 10247    80    41     6     0 -9999
2017 03 19 22   111     6 10234   170    36 -9999     0 -9999
2017 03 19 23   111    11 10230   200    46 -9999     0 -9999
2017 03 20 00   106     6 10219   180    51 -9999     0 -9999
2017 03 20 01    94    11 10215   160    51 -9999     0 -9999
2017 03 20 02    94    11 10219   160    41 -9999     0 -9999
2017 03 20 03    94    11 10208   160    62     8     0 -9999
2017 03 20 04    94     6 10191   170    62 -9999     0 -9999
2017 03 20 05    94     6 10186   190    67 -9999     0 -9999
2017 03 20 06    94    11 10171   200    72 -9999     0 -9999
2017 03 20 07   100    11 10167   210    62 -9999     0 -9999
2017 03 20 08    83    39 10184 -9999    26 -9999    25 -9999
2017 03 20 09    72    56 10188   150    31     8    76 -9999
2017 03 20 10    61    50 10175 -9999    31 -9999     8 -9999
2017 03 20 11    61    50 10161   140    41 -9999    -1 -9999
2017 03 20 12    67    56 10157   140    31 -9999     0   109
2017 03 20 13    67    50 10164   140    41 -9999     0 -9999
2017 03 20 14    72    50 10161   150    36 -9999     0 -9999
2017 03 20 15    83    56 10159   180    36     8     0 -9999
2017 03 20 16    94    61 10158   180    41 -9999     0 -9999
2017 03 20 17   106    67 10158   210    26 -9999     0 -9999
2017 03 20 18   111    67 10156   240    26 -9999     0 -9999
2017 03 20 19   122    72 10150   360    41 -9999     0 -9999
2017 03 20 20   117    67 10149    30    51 -9999     0 -9999
2017 03 20 21   100    50 10157    20    82     8     0 -9999
2017 03 20 22    83    44 10165    20    51 -9999     0 -9999
2017 03 20 23    83    44 10176    10    93 -9999     0 -9999
2017 03 21 00    78    44 10184    20    57 -9999     0 -9999
2017 03 21 01    67    33 10187    20    36 -9999     0 -9999
2017 03 21 02    67    33 10189   360    36 -9999     0 -9999
2017 03 21 03    56    22 10193    20    41     6     0 -9999
2017 03 21 04    56    17 10199    10    41     2     0 -9999
2017 03 21 05    50    17 10201    30    36 -9999     0 -9999
2017 03 21 06    56    11 10199    20    41 -9999     0 -9999
2017 03 21 07    56    11 10200   360    36 -9999     0 -9999
2017 03 21 08    50     6 10203    20    36 -9999     0 -9999
2017 03 21 09    44     0 10202 -9999    31     4     0 -9999
2017 03 21 10    28    -6 10206   320    21 -9999     0 -9999
2017 03 21 11    33    -6 10213   310    21 -9999     0 -9999
2017 03 21 12    22   -11 10216   310    15     2     0 -9999
2017 03 21 13    44     6 10221   320    26     2     0 -9999
2017 03 21 14    89   -33 10223   360    57 -9999     0 -9999
2017 03 21 15   106   -50 10230   350    77     6     0 -9999
2017 03 21 16   122   -67 10231    10    67 -9999     0 -9999
2017 03 21 17   117   -78 10226   330    51 -9999     0 -9999
2017 03 21 18    94   -39 10234    50    57 -9999     0 -9999
2017 03 21 19    78   -39 10236    30    57 -9999     0 -9999
2017 03 21 20    72   -33 10240    40    72 -9999     0 -9999
2017 03 21 21    67   -22 10242    20    82     6     0 -9999
2017 03 21 22    56   -17 10247    60    88     4     0 -9999
2017 03 21 23    44   -28 10253    30    72     4     0 -9999
2017 03 22 00    33   -22 10261    70    62     2     0 -9999
2017 03 22 01    22   -28 10268    30    51     2     0 -9999
2017 03 22 02    22   -33 10274    30    93     4     0 -9999
2017 03 22 03    17   -33 10286    30    93     8     0 -9999
2017 03 22 04    11   -44 10293    30   118 -9999     0 -9999
2017 03 22 05     6   -50 10305    20   108 -9999     0 -9999
2017 03 22 06     6   -56 10312    30    82 -9999     0 -9999
2017 03 22 07     0   -61 10321    20   103 -9999     0 -9999
2017 03 22 08    -6   -78 10325    30   108 -9999     0 -9999
2017 03 22 09   -11   -89 10330    30    88     6     0 -9999
2017 03 22 10   -11   -89 10333    20    98 -9999     0 -9999
2017 03 22 11   -11   -89 10339    20    98 -9999     0 -9999
2017 03 22 12   -17   -89 10344    60    88 -9999     0 -9999
2017 03 22 13   -11   -83 10352    50    77 -9999     0 -9999
2017 03 22 14    -6   -78 10358    60    67 -9999     0 -9999
2017 03 22 15    -6   -83 10369    60    67     6     0 -9999
2017 03 22 16    -6   -83 10371    40    46 -9999     0 -9999
2017 03 22 17     0   -83 10371    60    72     4     0 -9999
2017 03 22 18     6   -83 10369    60    67     4     0 -9999
2017 03 22 19     6   -78 10367   100    51     2     0 -9999
2017 03 22 20    11   -78 10361    20    36     2     0 -9999
2017 03 22 21     6   -89 10356 -9999    21     4     0 -9999
2017 03 22 22     6   -83 10346 -9999    31 -9999     0 -9999
2017 03 22 23     0   -83 10347    30    36 -9999     0 -9999
2017 03 23 00    -6   -78 10344    20    36 -9999     0 -9999
2017 03 23 01    -6   -72 10342    20    46 -9999     0 -9999
2017 03 23 02    -6   -67 10341 -9999    31 -9999     0 -9999
2017 03 23 03     0   -61 10338 -9999    26     4     0 -9999
2017 03 23 04     0   -50 10333   100    26     2     0 -9999
2017 03 23 05     0   -44 10334 -9999    26     4     0 -9999
2017 03 23 06     0   -39 10328    90    26     4     0 -9999
2017 03 23 07     6   -72 10327   140    41     2     0 -9999
2017 03 23 08     0   -72 10321   130    46     4     0 -9999
2017 03 23 09     0   -72 10315   130    41     6     0 -9999
2017 03 23 10     0   -67 10315   130    36 -9999     0 -9999
2017 03 23 11     0   -67 10312   130    41 -9999     0 -9999
2017 03 23 12     6   -72 10317   120    41 -9999     0 -9999
2017 03 23 13     6   -72 10312   130    51 -9999     0 -9999
2017 03 23 14    11   -72 10310   150    51 -9999     0 -9999
2017 03 23 15    17   -72 10305   140    46     8     0 -9999
2017 03 23 16    33   -67 10302   140    57 -9999     0 -9999
2017 03 23 17    56   -61 10290   140    51     4     0 -9999
2017 03 23 18    83   -56 10272   160    62 -9999     0 -9999
2017 03 23 19    83   -56 10251   140    82 -9999     0 -9999
2017 03 23 20    89   -50 10241   160    62 -9999     0 -9999
2017 03 23 21    89   -33 10231   170    67     8     0 -9999
2017 03 23 22   100   -33 10218   170    57 -9999     0 -9999
2017 03 23 23   100   -39 10208   160    67 -9999     0 -9999
2017 03 24 00   100   -33 10195   170    72 -9999     0 -9999
2017 03 24 01    94     0 10192   160    62 -9999    -1 -9999
2017 03 24 02    94     0 10178   150    62 -9999     0 -9999
2017 03 24 03   100   -11 10175   170    46     8     0 -9999
2017 03 24 04   106     0 10172   170    41 -9999     0 -9999
2017 03 24 05   100     0 10170   200    31 -9999     0 -9999
2017 03 24 06    89     6 10162   160    41 -9999     0    -1
2017 03 24 07    89    11 10153   160    51     4     0 -9999
2017 03 24 08    89    22 10154 -9999    21 -9999     0 -9999
2017 03 24 09    89    33 10141   170    36     8     0 -9999
2017 03 24 10    94    44 10133   200    46 -9999     0 -9999
2017 03 24 11   111    56 10136   210    51 -9999     0 -9999
2017 03 24 12   111    67 10139   200    72 -9999     0 -9999
2017 03 24 13   128    78 10139   200    62 -9999     0 -9999
2017 03 24 14   150    89 10138   210    82 -9999     0 -9999
2017 03 24 15   178    94 10138   210    82     6     0 -9999
2017 03 24 16   211   100 10133   210    77 -9999     0 -9999
2017 03 24 17   233    94 10131   220   118     2     0 -9999
2017 03 24 18   256    89 10125   220    77     4     0 -9999
2017 03 24 19   267    72 10121   240   113     2     0 -9999
2017 03 24 20   272    83 10116   250   103 -9999     0 -9999
2017 03 24 21   267    72 10117   230    88     6     0 -9999
2017 03 24 22   256    94 10122   220    77 -9999     0 -9999
2017 03 24 23   244    72 10127   280    62 -9999     0 -9999
2017 03 25 00    89    39 10157    10    98 -9999    -1    -1
2017 03 25 01    67    50 -9999    10    57 -9999    12 -9999
2017 03 25 02    67    44 10182    20    51 -9999    36 -9999
2017 03 25 03    61    44 10181    20    62     8    -1 -9999
2017 03 25 04    56    39 10184   360    88 -9999     0 -9999
2017 03 25 05    56    33 10175    30    41 -9999     0 -9999
2017 03 25 06    50    33 10176    30    57 -9999     0   122
2017 03 25 07    44    28 10184    10    77 -9999    -1 -9999
2017 03 25 08    50    33 10178    20    46 -9999    -1 -9999
2017 03 25 09    56    39 10165    20    57     8     5 -9999
2017 03 25 10    56    44 10167    20    46 -9999    -1 -9999
2017 03 25 11    56    44 10172    20    46 -9999    -1 -9999
2017 03 25 12    56    44 10180    30    41 -9999    -1     5
2017 03 25 13    56    50 10178    40    51 -9999    10 -9999
2017 03 25 14    56    50 10181    30    46 -9999     5 -9999
2017 03 25 15    56    50 10176    40    82     8    20 -9999
2017 03 25 16    61    56 10179    20    51 -9999    28 -9999
2017 03 25 17    67    61 10174    20    46 -9999    -1 -9999
2017 03 25 18    78    72 10171    20    41 -9999     0    64
2017 03 25 19    89    78 10163    20    36 -9999     0 -9999
2017 03 25 20    89    78 10160    30    46 -9999     0 -9999
2017 03 25 21    89    78 10158    30    51     8    -1 -9999
2017 03 25 22    78    72 10159    30    46 -9999    25 -9999
2017 03 25 23    72    67 10155    10    57 -9999    13 -9999
2017 03 26 00    78    67 10156    20    46 -9999    -1    38
2017 03 26 01    78    72 10155    20    31 -9999    -1 -9999
2017 03 26 02    78    72 10155    30    41 -9999     3 -9999
2017 03 26 03    83    78 10155     0     0     8    -1 -9999
2017 03 26 04    94    89 10149    50    26 -9999    -1 -9999
2017 03 26 05    94    83 10141    10    46 -9999     5 -9999
2017 03 26 06    94    83 10135 -9999    31 -9999    -1     8
2017 03 26 07    94    89 10131 -9999    26 -9999     0 -9999
2017 03 26 08    89    83 10127 -9999    31 -9999     0 -9999
2017 03 26 09    89    89 10122 -9999    26     8    -1 -9999
2017 03 26 10    94    89 10118    80    26 -9999     5 -9999
2017 03 26 11   100    94 10113    90    41 -9999    -1 -9999
2017 03 26 12   111   111 10113   130    46 -9999     8    13
2017 03 26 13   111   111 10114   140    41 -9999    23 -9999
2017 03 26 14   117   117 10111   140    41 -9999     0 -9999
2017 03 26 15   128   122 10108   160    36     8    -1 -9999
2017 03 26 16   144   133 10105   180    41 -9999    -1 -9999
2017 03 26 17   150   128 10102   210    31 -9999     0 -9999
2017 03 26 18   161   133 10097   210    31 -9999     3    25
2017 03 26 19   161   117 10095   230    46 -9999     0 -9999
2017 03 26 20   161   100 10095   220    62 -9999     0 -9999
2017 03 26 21   156   106 10094   230    57     8     0 -9999
2017 03 26 22   150   106 10096   230    46 -9999     0 -9999
2017 03 26 23   139   106 10101   240    36 -9999     0 -9999
2017 03 27 00   133   111 10106   230    46 -9999     0 -9999
2017 03 27 01   128   111 10113   230    41 -9999     0 -9999
2017 03 27 02   122   117 10117   220    36 -9999    -1 -9999
2017 03 27 03   117   106 10121   240    41     8    -1 -9999
2017 03 27 04   111   100 10122   240    62 -9999     0 -9999
2017 03 27 05   111   100 10119   250    46 -9999     0 -9999
2017 03 27 06   106   100 10119   240    57 -9999     0    -1
2017 03 27 07   106   100 10117   230    51 -9999     0 -9999
2017 03 27 08   106   100 10124   230    41 -9999     0 -9999
2017 03 27 09   106   100 10121   220    36     8     0 -9999
2017 03 27 10   100    94 10125   220    41 -9999     0 -9999
2017 03 27 11   100    94 10127   230    31 -9999     0 -9999
2017 03 27 12   100    89 10136   230    31 -9999    -1    -1
2017 03 27 13   100    89 10137   210    31 -9999    -1 -9999
2017 03 27 14   100    89 10137     0     0 -9999     0 -9999
2017 03 27 15    83    72 10143    60    41     8     0 -9999
2017 03 27 16    83    72 10146    60    31 -9999     0 -9999
2017 03 27 17    78    67 10146    80    36 -9999     0 -9999
2017 03 27 18    83    67 10144   100    36 -9999     0    -1
2017 03 27 19    89    67 10136    50    36 -9999     0 -9999
2017 03 27 20    89    67 10130    50    26 -9999     0 -9999
2017 03 27 21    89    67 10131    90    26     8     0 -9999
2017 03 27 22    83    61 10130    60    36 -9999     0 -9999
2017 03 27 23    67    50 10133    30    41 -9999     0 -9999
2017 03 28 00    67    44 10138    30    57 -9999     0 -9999
2017 03 28 01    67    39 10143    30    46 -9999     0 -9999
2017 03 28 02    61    39 10149    30    36 -9999     0 -9999
2017 03 28 03    67    28 10153    40    41     8     0 -9999
2017 03 28 04    56    28 10157    20    41 -9999     0 -9999
2017 03 28 05    56    28 10158    20    31 -9999     0 -9999
2017 03 28 06    56    22 10161    10    36 -9999     0 -9999
2017 03 28 07    56    22 10157    30    36 -9999     0 -9999
2017 03 28 08    56    22 10160   360    57 -9999     0 -9999
2017 03 28 09    50    17 10161    10    77     8     0 -9999
2017 03 28 10    50    22 10167   360    77 -9999     0 -9999
2017 03 28 11    50    17 10178    20    51 -9999     0 -9999
2017 03 28 12    44    22 10188   360    82 -9999     0 -9999
2017 03 28 13    50    22 10194    20    57 -9999     0 -9999
2017 03 28 14    56    28 10197    10    46 -9999     0 -9999
2017 03 28 15    61    28 10204    10    51     8     0 -9999
2017 03 28 16    61    28 10209   360    57 -9999     0 -9999
2017 03 28 17    67    33 10209    10    41 -9999     0 -9999
2017 03 28 18    72    28 10207    20    57 -9999     0 -9999
2017 03 28 19    78    28 10208    40    57 -9999     0 -9999
2017 03 28 20    78    28 10212    40    51 -9999     0 -9999
2017 03 28 21    72    28 10215    20    57     8     0 -9999
2017 03 28 22    72    33 10216    30    51 -9999     0 -9999
2017 03 28 23    72    28 10219    40    46 -9999     0 -9999
2017 03 29 00    61    28 10224    30    41 -9999     0 -9999
2017 03 29 01    61    28 10227    30    31 -9999     0 -9999
2017 03 29 02    61    33 10231    10    36 -9999     0 -9999
2017 03 29 03    61    33 10239 -9999    31     8     0 -9999
2017 03 29 04    56    28 10240    70    36 -9999     0 -9999
2017 03 29 05    33    22 10245    50    41 -9999     0 -9999
2017 03 29 06    28    22 10245    20    36 -9999     0 -9999
2017 03 29 07    28    22 10242    30    36 -9999     0 -9999
2017 03 29 08    28    17 10236    60    67 -9999     0 -9999
2017 03 29 09    22    17 10243    40    36     8     0 -9999
2017 03 29 10    22    17 10241    40    41 -9999     0 -9999
2017 03 29 11    28    22 10246    40    41 -9999     0 -9999
2017 03 29 12    28    22 10250    40    36 -9999     0 -9999
2017 03 29 13    33    22 10251    50    36 -9999     0 -9999
2017 03 29 14    56    22 10246    60    46 -9999     0 -9999
2017 03 29 15    72    22 10248    30    36     6     0 -9999
2017 03 29 16    78    22 10248    40    46 -9999     0 -9999
2017 03 29 17    83    28 10248    50    62 -9999     0 -9999
2017 03 29 18    83    22 10244    60    77 -9999     0 -9999
2017 03 29 19    83    22 10234    50    77 -9999     0 -9999
2017 03 29 20    78    17 10227    20    67 -9999     0 -9999
2017 03 29 21    94    17 10217    60    88     8    -1 -9999
2017 03 29 22    94    17 10192    60    77 -9999    -1 -9999
2017 03 29 23    89    17 10182    70    88 -9999     0 -9999
2017 03 30 00    78    28 10197    50    51 -9999     3     3
2017 03 30 01    72    44 10189    50    57 -9999    15 -9999
2017 03 30 02    83    39 10191    50    72 -9999     3 -9999
2017 03 30 03    83    33 10187    70    77     8    -1 -9999
2017 03 30 04    78    39 10177    60    82 -9999     8 -9999
2017 03 30 05    72    44 10165    70    88 -9999    10 -9999
2017 03 30 06    67    44 -9999    60    77 -9999     7    38
2017 03 30 07    61    44 10144    70    67 -9999    36 -9999
2017 03 30 08    56    44 10136    60    67 -9999    61 -9999
2017 03 30 09    56    50 10128    80    67     8    66 -9999
2017 03 30 10    61    50 10118    90   108 -9999    76 -9999
2017 03 30 11    61    44 10112    70    82 -9999    13 -9999
2017 03 30 12    50    44 10101    80    88 -9999    38   297
2017 03 30 13    56    50 10093    90    62 -9999    13 -9999
2017 03 30 14    61    50 10080    90    72 -9999     3 -9999
2017 03 30 15    72    56 10076    80    41     8    -1 -9999
2017 03 30 16    67    56 10067   100    57 -9999     3 -9999
2017 03 30 17    67    56 10050    70    67 -9999    48 -9999
2017 03 30 18    67    61 10037    60    67 -9999    25    94
2017 03 30 19    61    56 10050 -9999    31 -9999   107 -9999
2017 03 30 20    67    61 10012    30   103 -9999    15 -9999
2017 03 30 21    67    67 10032    30    51     8     0 -9999
2017 03 30 22    72    61 10029    50    72 -9999     0 -9999
2017 03 30 23    72    67 10029    30    46 -9999     0 -9999
2017 03 31 00    72    61 10037    40    62 -9999     0   124
2017 03 31 01    61    56 10031    20    77 -9999    -1 -9999
2017 03 31 02    56    50 10029    10    93 -9999    -1 -9999
2017 03 31 03    56    50 10042    20    57     8    -1 -9999
2017 03 31 04    50    50 10041    20    51 -9999    -1 -9999
2017 03 31 05    44    39 10038   360    93 -9999     5 -9999
2017 03 31 06    39    39 10040   360    93 -9999    -1     5
2017 03 31 07    39    33 10042    30    67 -9999    -1 -9999
2017 03 31 08    33    33 10042    20    82 -9999    -1 -9999
2017 03 31 09    33    33 10045    30    88     8    -1 -9999
2017 03 31 10    33    28 10052    30    82 -9999    -1 -9999
2017 03 31 11    33    28 10053    20   103 -9999    -1 -9999
2017 03 31 12    28    22 10065    10    88 -9999    -1    -1
2017 03 31 13    33    22 10072    10    67 -9999     0 -9999
2017 03 31 14    33    22 10078    10    88 -9999     0 -9999
2017 03 31 15    33    22 10087   360    88     8     0 -9999
2017 03 31 16    33    28 10098    10    72 -9999     0 -9999
2017 03 31 17    39    22 10104   360    88 -9999     0 -9999
2017 03 31 18    44    22 10111   360    72 -9999     0 -9999
2017 03 31 19    44    11 10120   350    77 -9999     0 -9999
2017 03 31 20    44    11 10128   360    88 -9999     0 -9999
2017 03 31 21    50     6 10133   360    98     8     0 -9999
2017 03 31 22    50    11 10142   360    82 -9999     0 -9999
2017 03 31 23    50     6 10146   360    88 -9999     0 -9999
2017 04 01 00    50     0 10154    20    51 -9999     0 -9999
2017 04 01 01    44     0 10160    10    72 -9999     0 -9999
2017 04 01 02    44     6 10170    20    62 -9999     0 -9999
2017 04 01 03    44     6 10177    30    31     8     0 -9999
2017 04 01 04    44     6 10182    30    41 -9999     0 -9999
2017 04 01 05    39     6 10177    20    46     4     0 -9999
2017 04 01 06    39     6 10194   330    26 -9999     0 -9999
2017 04 01 07    28     6 10196   340    26     2     0 -9999
2017 04 01 08    22     6 10200   330    31     2     0 -9999
2017 04 01 09    22     0 10211   330    26     2     0 -9999
2017 04 01 10    22     0 10213   340    21     4     0 -9999
2017 04 01 11    17    -6 10215     0     0 -9999     0 -9999
2017 04 01 12    17    -6 10229   310    26 -9999     0 -9999
2017 04 01 13    33     0 10236   330    21 -9999     0 -9999
2017 04 01 14    67   -11 10238   330    15     2     0 -9999
2017 04 01 15    89   -22 10243     0     0     2     0 -9999
2017 04 01 16   100   -28 10244     0     0     4     0 -9999
2017 04 01 17   117   -33 10242    20    31 -9999     0 -9999
2017 04 01 18   128   -50 10237   350    21 -9999     0 -9999
2017 04 01 19   128   -33 10234    90    36 -9999     0 -9999
2017 04 01 20   128   -67 10232 -9999    26 -9999     0 -9999
2017 04 01 21   128   -72 10230    40    31     6     0 -9999
2017 04 01 22   122   -83 10230    70    36 -9999     0 -9999
2017 04 01 23   111   -89 10233    30    31 -9999     0 -9999
2017 04 02 00   100   -83 10236    90    36 -9999     0 -9999
2017 04 02 01    94   -83 10233   120    26 -9999     0 -9999
2017 04 02 02    94   -89 10235   150    21 -9999     0 -9999
2017 04 02 03    89   -89 10238 -9999    21     6     0 -9999
2017 04 02 04    83   -72 10238   200    51 -9999     0 -9999
2017 04 02 05    72   -61 10238   200    36 -9999     0 -9999
2017 04 02 06    78   -67 10234   200    36 -9999     0 -9999
2017 04 02 07    72   -61 10228   100    15 -9999     0 -9999
2017 04 02 08    72   -67 10220   160    41 -9999     0 -9999
2017 04 02 09    72   -44 10218   120    21     6     0 -9999
2017 04 02 10    72   -44 10220   170    31 -9999     0 -9999
2017 04 02 11    78   -56 10219     0     0 -9999     0 -9999
2017 04 02 12    72   -39 10222   210    15 -9999     0 -9999
2017 04 02 13    78   -28 10225   190    31 -9999     0 -9999
2017 04 02 14    89   -17 10228   200    41 -9999     0 -9999
2017 04 02 15   111     6 10220   180    31     6     0 -9999
2017 04 02 16   139    17 10215   180    41 -9999     0 -9999
2017 04 02 17   144    22 10205   140    36 -9999     0 -9999
2017 04 02 18   156     6 10194   170    46 -9999     0 -9999
2017 04 02 19   139    11 10186   160    46 -9999     0 -9999
2017 04 02 20   139    44 10174   150    41 -9999 -9999 -9999
2017 04 02 21   139    50 10164   150    36     8 -9999 -9999
2017 04 02 22   122    33 10164    60    36 -9999 -9999 -9999
2017 04 02 23   122    33 10151    90    36 -9999 -9999 -9999
2017 04 03 00   117    28 10150    70    31 -9999 -9999 -9999
2017 04 03 01   111    39 10143    70    31 -9999    -1 -9999
2017 04 03 02   106    44 10143    80    26 -9999    -1 -9999
2017 04 03 03   100    50 10130    70    41     8    -1 -9999
2017 04 03 04   100    44 10121    70    31 -9999 -9999 -9999
2017 04 03 05    89    44 10110    80    31 -9999 -9999 -9999
2017 04 03 06    83    44 10104    20    36 -9999     0    -1
2017 04 03 07    89    44 10088 -9999    31 -9999     0 -9999
2017 04 03 08    83    44 10082    20    26 -9999 -9999 -9999
2017 04 03 09    89    44 10078    30    36     8 -9999 -9999
2017 04 03 10    89    44 10064    10    36 -9999     0 -9999
2017 04 03 11    89    39 10061    80    36 -9999     0 -9999
2017 04 03 12    89    44 10057    20    31 -9999     0 -9999
2017 04 03 13    94    44 10039 -9999    31 -9999    -1 -9999
2017 04 03 14   100    44 10030    40    41 -9999     0 -9999
2017 04 03 15   100    39 10029    40    36     8     0 -9999
2017 04 03 16   100    44 10021    40    36 -9999    -1 -9999
2017 04 03 17   106    50 10012    40    31 -9999    -1 -9999
2017 04 03 18    89    78 10000    70    31 -9999     5     3
2017 04 03 19    94    89  9985    80    36 -9999    18 -9999
2017 04 03 20   106   100  9973    20    36 -9999    -1 -9999
2017 04 03 21   111   100  9961    70    31     8     3 -9999
2017 04 03 22   100    94  9953    80    36 -9999    23 -9999
2017 04 03 23   100    94  9946    60    36 -9999    13 -9999
2017 04 04 00   100    94  9938 -9999    31 -9999    -1    58
2017 04 04 01    89    83  9936   330    31 -9999    -1 -9999
2017 04 04 02    78    72  9939   350    41 -9999     0 -9999
2017 04 04 03    83    78  9947   300    31     8    -1 -9999
2017 04 04 04    78    72  9945   310    46 -9999    -1 -9999
2017 04 04 05    78    72  9947   300    41 -9999    -1 -9999
2017 04 04 06    78    72  9956   290    46 -9999    -1    -1
2017 04 04 07    83    72  9965   280    57 -9999    -1 -9999
2017 04 04 08    83    72  9969   290    51 -9999    -1 -9999
2017 04 04 09    83    67  9978   280    51     8 -9999 -9999
2017 04 04 10    83    67  9989   270    46 -9999 -9999 -9999
2017 04 04 11    83    67 10002   280    51 -9999    -1 -9999
2017 04 04 12    83    67 10011   290    57 -9999     0    -1
2017 04 04 13    83    67 10028   280    41 -9999     0 -9999
2017 04 04 14    89    67 10036   300    51 -9999     0 -9999
2017 04 04 15    89    72 10047   300    51     8     0 -9999
2017 04 04 16    89    78 10064   300    46 -9999    -1 -9999
2017 04 04 17   100    61 10072   340    46 -9999     0 -9999
2017 04 04 18   106    56 10082    30    51 -9999     0    -1
2017 04 04 19   111    61 10088    20    31 -9999     0 -9999
2017 04 04 20   133    56 10089   310    36 -9999     0 -9999
2017 04 04 21   128    50 10097 -9999    15     6     0 -9999
2017 04 04 22   111    56 10109    30    41 -9999     0 -9999
2017 04 04 23   111    50 10115    70    31 -9999     0 -9999
2017 04 05 00   106    44 10130    80    41 -9999     0 -9999
2017 04 05 01   100    44 10136   170    21 -9999     0 -9999
2017 04 05 02    94    39 10136   110    26 -9999     0 -9999
2017 04 05 03    83    39 10134 -9999    15     2     0 -9999
2017 04 05 04    83    39 10133   120    21     4     0 -9999
2017 04 05 05    78    44 10136    60    21 -9999     0 -9999
2017 04 05 06    83    44 10133 -9999    26 -9999     0 -9999
2017 04 05 07    83    44 10135    30    36 -9999     0 -9999
2017 04 05 08    89    44 10136    90    26 -9999     0 -9999
2017 04 05 09    78    44 10141    80    41     8    -1 -9999
2017 04 05 10    67    50 10126    50    41 -9999     8 -9999
2017 04 05 11    72    50 10117    60    67 -9999    10 -9999
2017 04 05 12    72    50 10116    60    62 -9999    13    30
2017 04 05 13    72    50 10117    50    46 -9999    28 -9999
2017 04 05 14    67    50 10108    70    82 -9999    36 -9999
2017 04 05 15    61    56 10103    60    46     8    15 -9999
2017 04 05 16    67    56 10079    60    88 -9999     8 -9999
2017 04 05 17    67    50 10070    40   103 -9999    -1 -9999
2017 04 05 18    67    50 10067    30    88 -9999    -1    86
2017 04 05 19    61    44 10061    30    98 -9999     0 -9999
2017 04 05 20    56    44 10054    30   113 -9999    -1 -9999
2017 04 05 21    50    44 10049    30   113     8     5 -9999
2017 04 05 22    50    39 10052    30   108 -9999    18 -9999
2017 04 05 23    50    39 10050    30   129 -9999    18 -9999
2017 04 06 00    50    39 10048    30   139 -9999     8    48
2017 04 06 01    50    33 10045    20   129 -9999     5 -9999
2017 04 06 02    50    33 10051    20   129 -9999     8 -9999
2017 04 06 03    44    28 10054    30   118     8    15 -9999
2017 04 06 04    44    28 10047    20   113 -9999    25 -9999
2017 04 06 05    39    28 10049    10   118 -9999    25 -9999
2017 04 06 06    39    22 10049    10    88 -9999    38   112
2017 04 06 07    39    28 10049   360   108 -9999    28 -9999
2017 04 06 08    39    28 10048   360   108 -9999    25 -9999
2017 04 06 09    39    22 10052   360   103     8    23 -9999
2017 04 06 10    33    17 10057   360   113 -9999     8 -9999
2017 04 06 11    33    17 10066   350    77 -9999     5 -9999
2017 04 06 12    44     6 10076   340    82 -9999     3    97
2017 04 06 13    44    -6 10084   330    88 -9999    -1 -9999
2017 04 06 14    56    -6 10087   350    88 -9999     0 -9999
2017 04 06 15    67     0 10095   330   103     8     0 -9999
2017 04 06 16    78     6 10102   330   108 -9999     0 -9999
2017 04 06 17    89    11 10107   360    88 -9999     0 -9999
2017 04 06 18   100     6 10109   350    72 -9999     0    -1
2017 04 06 19   100    11 10112   360    72 -9999     0 -9999
2017 04 06 20    89    11 10121   360    88 -9999     0 -9999
2017 04 06 21    94    11 10125    10    93     6     0 -9999
2017 04 06 22    83   -11 10131   360    98 -9999     0 -9999
2017 04 06 23    94    -6 10134   360    57 -9999     0 -9999
2017 04 07 00    61   -11 10143   360    88 -9999     0 -9999
2017 04 07 01    56   -11 10152   360    88 -9999     0 -9999
2017 04 07 02    44    -6 10161    20    67 -9999     0 -9999
2017 04 07 03    39   -11 10170    10    67     2     0 -9999
2017 04 07 04    39   -11 10172    10    41     4     0 -9999
2017 04 07 05    39   -17 10173    10    51     2     0 -9999
2017 04 07 06    44   -28 10174   350    41     4     0 -9999
2017 04 07 07    33   -28 10171   310    57     4     0 -9999
2017 04 07 08    33   -28 10172   310    51     2     0 -9999
2017 04 07 09    33   -44 10173   320    46     2     0 -9999
2017 04 07 10    28   -50 10175   320    46     0     0 -9999
2017 04 07 11    28   -56 10180   330    57     4     0 -9999
2017 04 07 12    28   -56 10188   330    67 -9999     0 -9999
2017 04 07 13    44   -56 10194   330    67     4     0 -9999
2017 04 07 14    56   -67 10196   340    88     2     0 -9999
2017 04 07 15    72   -83 10200   360    82     2     0 -9999
2017 04 07 16    89  -111 10203   350    72     2     0 -9999
2017 04 07 17   100  -106 10201   360    67     0     0 -9999
2017 04 07 18   117   -72 10201    10    72     0     0 -9999
2017 04 07 19   117   -89 10202   360    77     2     0 -9999
2017 04 07 20   122  -100 10196    30    77     4     0 -9999
2017 04 07 21   117   -78 10192    30    46     6     0 -9999
2017 04 07 22   111   -83 10194    10    51 -9999     0 -9999
2017 04 07 23   100   -83 10192    10    46 -9999     0 -9999
2017 04 08 00    89   -78 10192   100    36 -9999     0 -9999
2017 04 08 01    78   -83 10190   120    26     4     0 -9999
2017 04 08 02    72   -83 10190   130    15     4     0 -9999
2017 04 08 03    67   -78 10188   170    36     4     0 -9999
2017 04 08 04    67   -67 10183   170    31 -9999     0 -9999
2017 04 08 05    56   -61 10186   210    26 -9999     0 -9999
2017 04 08 06    56   -67 10183   190    31 -9999     0 -9999
2017 04 08 07    56   -67 10180   190    31 -9999     0 -9999
2017 04 08 08    50   -67 10177   200    26 -9999     0 -9999
2017 04 08 09    50   -56 10181   210    31     6     0 -9999
2017 04 08 10    44   -50 10176   190    26 -9999     0 -9999
2017 04 08 11    44   -44 10180   190    26 -9999     0 -9999
2017 04 08 12    50   -33 10185   170    26     4     0 -9999
2017 04 08 13    67   -22 10186   200    41     2     0 -9999
2017 04 08 14   100   -17 10184   200    41     2     0 -9999
2017 04 08 15   122   -22 10174   190    57     2     0 -9999
2017 04 08 16   139   -11 10169   190    77     2     0 -9999
2017 04 08 17   156     0 10159   190    67     4     0 -9999
2017 04 08 18   167    11 10152   190    62 -9999     0 -9999
2017 04 08 19   178    11 10147   210    82 -9999     0 -9999
2017 04 08 20   189    33 10134   210    77 -9999     0 -9999
2017 04 08 21   194    39 10123   190    72     6     0 -9999
2017 04 08 22   189    33 10119   200    82 -9999     0 -9999
2017 04 08 23   189    39 10111   190    77 -9999     0 -9999
2017 04 09 00   183    33 10108   180    72 -9999     0 -9999
2017 04 09 01   178    33 10109   170    46 -9999     0 -9999
2017 04 09 02   161    33 10109   170    62     4     0 -9999
2017 04 09 03   156    33 10110   180    62     4     0 -9999
2017 04 09 04   156    28 10109   180    57 -9999     0 -9999
2017 04 09 05   150    28 10107   190    72 -9999     0 -9999
2017 04 09 06   144    33 10104   180    62 -9999     0 -9999
2017 04 09 07   144    33 10099   180    57 -9999     0 -9999
2017 04 09 08   150    39 10093   190    67 -9999     0 -9999
2017 04 09 09   150    44 10090   190    67     6     0 -9999
2017 04 09 10   144    44 10090   190    57     4     0 -9999
2017 04 09 11   144    44 10086   180    51 -9999     0 -9999
2017 04 09 12   144    44 10090   190    51 -9999     0 -9999
2017 04 09 13   150    50 10092   190    67 -9999     0 -9999
2017 04 09 14   161    61 10092   200    62 -9999     0 -9999
2017 04 09 15   172    72 10089   200    72     6     0 -9999
2017 04 09 16   194    83 10083   190    67 -9999     0 -9999
2017 04 09 17   206    94 10077   180    72 -9999     0 -9999
2017 04 09 18   222   106 10071   190    72 -9999     0 -9999
2017 04 09 19   239   111 10061   200    72 -9999     0 -9999
2017 04 09 20   244   122 10054   190    77 -9999     0 -9999
2017 04 09 21   244   128 10042   170   103     6     0 -9999
2017 04 09 22   244   128 10038   180    82 -9999     0 -9999
2017 04 09 23   239   128 10036   190    98 -9999     0 -9999
2017 04 10 00   233   128 10041   200   113 -9999     0 -9999
2017 04 10 01   222   117 10049   190    98 -9999     0 -9999
2017 04 10 02   217   111 10054   200    88 -9999     0 -9999
2017 04 10 03   211   111 10052   190    72     8     0 -9999
2017 04 10 04   211   106 10049   200    72 -9999     0 -9999
2017 04 10 05   206   106 10050   190    72 -9999     0 -9999
2017 04 10 06   206   106 10050   190    72 -9999     0 -9999
2017 04 10 07   200   111 10054   200    72 -9999     0 -9999
2017 04 10 08   194   111 10048   190    82 -9999     0 -9999
2017 04 10 09   189   111 10053   200    77     8     0 -9999
2017 04 10 10   189   117 10054   210    77 -9999     0 -9999
2017 04 10 11   189   117 10060   220    51 -9999     0 -9999
2017 04 10 12   194   117 10083   230    88 -9999     0 -9999
2017 04 10 13   172   133 10097   230    62 -9999     3 -9999
2017 04 10 14   172   122 10089   180    51 -9999    -1 -9999
2017 04 10 15   200   122 10073   210    57     8     0 -9999
2017 04 10 16   244   106 10083   220    88 -9999     0 -9999
2017 04 10 17   222   122 10098   210   103 -9999     0 -9999
2017 04 10 18   222   122 10096   190    93 -9999     0     3
2017 04 10 19   167   139 10100   200    41 -9999    66 -9999
2017 04 10 20   194   150 10095   190    67 -9999    53 -9999
2017 04 10 21   206   139 10083   190    67     8    -1 -9999
2017 04 10 22   189   156 10083   200    62 -9999    10 -9999
2017 04 10 23   194   156 10091   210    62 -9999    -1 -9999
2017 04 11 00   144   111 10107    30    72 -9999     0   130
2017 04 11 01   100    78 10124    10    31 -9999     0 -9999
2017 04 11 02    83    67 10138   360    46 -9999     0 -9999
2017 04 11 03    67    56 10150    30    21     8     0 -9999
2017 04 11 04    61    50 10150   360    31 -9999     0 -9999
2017 04 11 05    56    50 10152    20    36 -9999     0 -9999
2017 04 11 06    56    50 10154 -9999    15 -9999     0 -9999
2017 04 11 07    61    56 10159     0     0 -9999     0 -9999
2017 04 11 08    61    56 10164     0     0 -9999     0 -9999
2017 04 11 09    61    56 10167     0     0     8     0 -9999
2017 04 11 10    72    67 10172     0     0 -9999     0 -9999
2017 04 11 11    83    72 10182     0     0 -9999     0 -9999
2017 04 11 12    94    72 10192   270    15 -9999    -1    -1
2017 04 11 13    94    44 10205   280    62 -9999     0 -9999
2017 04 11 14    94    39 10212   300    77 -9999     0 -9999
2017 04 11 15    89    39 10222   280    67     8     0 -9999
2017 04 11 16    83    39 10232   270    67 -9999     0 -9999
2017 04 11 17    89    33 10236   260    51 -9999     0 -9999
2017 04 11 18   100    33 10232   280    51 -9999     0 -9999
2017 04 11 19   111    44 10232   270    46 -9999     0 -9999
2017 04 11 20   117    44 10231   280    57 -9999     0 -9999
2017 04 11 21   122    44 10232   260    51     6     0 -9999
2017 04 11 22   122    44 10233   270    51 -9999     0 -9999
2017 04 11 23   117    44 10237   270    46 -9999     0 -9999
2017 04 12 00   111    44 10240   250    51 -9999     0 -9999
2017 04 12 01   106    39 10244   270    46 -9999     0 -9999
2017 04 12 02    94    39 10255   260    46 -9999     0 -9999
2017 04 12 03    89    33 10260   280    26     2     0 -9999
2017 04 12 04    83    28 10261   280    21     2     0 -9999
2017 04 12 05    72    28 10265   250    21     0     0 -9999
2017 04 12 06    61    28 10266   260    21     0     0 -9999
2017 04 12 07    61    28 10263   280    26     0     0 -9999
2017 04 12 08    61    22 10264     0     0     0     0 -9999
2017 04 12 09    56    22 10268     0     0     0     0 -9999
2017 04 12 10    56    22 10271     0     0     0     0 -9999
2017 04 12 11    44    17 10278     0     0     0     0 -9999
2017 04 12 12    44    17 10284   310    15     2     0 -9999
2017 04 12 13    72    33 10287   340    26     2     0 -9999
2017 04 12 14   100    28 10289    10    26     2     0 -9999
2017 04 12 15   106    17 10295     0     0     2     0 -9999
2017 04 12 16   128    17 10297   350    21     2     0 -9999
2017 04 12 17   128    39 10299    40    26 -9999     0 -9999
2017 04 12 18   122    33 10297    70    41 -9999     0 -9999
2017 04 12 19   128    33 10291    90    57 -9999     0 -9999
2017 04 12 20   117    22 10288    70    57 -9999     0 -9999
2017 04 12 21   122    22 10284    70    51     6     0 -9999
2017 04 12 22   111    11 10287    80    51 -9999     0 -9999
2017 04 12 23   100     0 10295   100    57 -9999     0 -9999
2017 04 13 00    94    -6 10294    80    57 -9999     0 -9999
2017 04 13 01    94   -17 10290    80    57 -9999     0 -9999
2017 04 13 02    94   -61 10291    60    57 -9999     0 -9999
2017 04 13 03   100   -72 10298    70    36     8     0 -9999
2017 04 13 04   100   -89 10287    80    57 -9999     0 -9999
2017 04 13 05    89   -56 10273    80    51 -9999     0 -9999
2017 04 13 06    89   -39 10284    70    51 -9999     0 -9999
2017 04 13 07    94   -22 10282     0     0 -9999     0 -9999
2017 04 13 08    89    -6 10270   110    21 -9999     0 -9999
2017 04 13 09    94     0 10263    80    41     8     0 -9999
2017 04 13 10    89    11 10285   360    26 -9999    -1 -9999
2017 04 13 11    83    33 10282    40    31 -9999     3 -9999
2017 04 13 12    78    44 10284    50    41 -9999    10    10
2017 04 13 13    72    50 10286    60    46 -9999    28 -9999
2017 04 13 14    72    56 10276    80    57 -9999     5 -9999
2017 04 13 15    83    61 10271    90    51     8     3 -9999
2017 04 13 16    94    67 10267   100    46 -9999     0 -9999
2017 04 13 17   100    72 10260   100    41 -9999     0 -9999
2017 04 13 18   117    78 10253    90    41 -9999     0    38
2017 04 13 19   144    83 10249    80    41 -9999     0 -9999
2017 04 13 20   161    89 10242    70    46 -9999     0 -9999
2017 04 13 21   161    83 10238    50    41     4     0 -9999
2017 04 13 22   156    83 10238    60    51     4     0 -9999
2017 04 13 23   144    78 10239    50    51     2     0 -9999
2017 04 14 00   122    72 10243    60    41 -9999     0 -9999
2017 04 14 01   117    67 10246    50    41 -9999     0 -9999
2017 04 14 02   122    67 10251    60    46 -9999     0 -9999
2017 04 14 03   111    61 10253    70    41     6     0 -9999
2017 04 14 04   111    61 10250    60    46     2     0 -9999
2017 04 14 05   100    56 10248    70    41     2     0 -9999
2017 04 14 06   100    50 10247    50    46 -9999     0 -9999
2017 04 14 07    94    39 10242    70    31     4     0 -9999
2017 04 14 08    89    33 10238    60    41     4     0 -9999
2017 04 14 09    89    28 10240    70    41     8     0 -9999
2017 04 14 10    83    22 10238    80    36     4     0 -9999
2017 04 14 11    78    28 10243    40    36     4     0 -9999
2017 04 14 12    89    28 10247    70    41 -9999     0 -9999
2017 04 14 13    94    33 10246    80    46 -9999     0 -9999
2017 04 14 14   111    39 10243   100    51 -9999     0 -9999
2017 04 14 15   117    50 10244    90    31     6     0 -9999
2017 04 14 16   139    61 10235    70    41 -9999     0 -9999
2017 04 14 17   161    78 10228 -9999    31 -9999     0 -9999
2017 04 14 18   172    83 10219    90    31 -9999     0 -9999
2017 04 14 19   183    89 10211    80    31 -9999     0 -9999
2017 04 14 20   189    94 10206    40    46 -9999     0 -9999
2017 04 14 21   200   106 10195    80    36     6     0 -9999
2017 04 14 22   194   106 10188    60    31 -9999     0 -9999
2017 04 14 23   183   100 10187   100    21 -9999     0 -9999
2017 04 15 00   194   106 10180    90    31 -9999     0 -9999
2017 04 15 01   178   150 10202   250    62 -9999     3 -9999
2017 04 15 02   172   161 10195   120    41 -9999    36 -9999
2017 04 15 03   172   156 10188   130    46     8    -1 -9999
2017 04 15 04   172   150 10182   150    41 -9999     0 -9999
2017 04 15 05   172   144 10169   150    57 -9999     0 -9999
2017 04 15 06   172   144 10160   150    57 -9999     0    38
2017 04 15 07   178   139 10154   160    57 -9999     0 -9999
2017 04 15 08   172   139 10154   170    57     4     0 -9999
2017 04 15 09   172   139 10154   180    41     8     0 -9999
2017 04 15 10   172   139 10151   200    31     4     0 -9999
2017 04 15 11   172   139 10152   190    51     2     0 -9999
2017 04 15 12   178   139 10154   200    41 -9999     0 -9999
2017 04 15 13   189   139 10153   210    62     4     0 -9999
2017 04 15 14   222   133 10152   220    82 -9999     0 -9999
2017 04 15 15   233   128 10150   240   103     6     0 -9999
2017 04 15 16   250   133 10144   230    93 -9999     0 -9999
2017 04 15 17   256   128 10136   220   103 -9999     0 -9999
2017 04 15 18   267   122 10130   230   108 -9999     0 -9999
2017 04 15 19   272   133 10121   200   108     4     0 -9999
2017 04 15 20   272   122 10116   210   113 -9999     0 -9999
2017 04 15 21   267   111 10110   220   108     6     0 -9999
2017 04 15 22   272   117 10108   220    88 -9999     0 -9999
2017 04 15 23   267   111 10107   220    82 -9999     0 -9999
2017 04 16 00   261   111 10108   210    72 -9999     0 -9999
2017 04 16 01   250   117 10110   210    57 -9999     0 -9999
2017 04 16 02   244   122 10105   200    67 -9999     0 -9999
2017 04 16 03   233   117 10100   200    82     6     0 -9999
2017 04 16 04   228   111 10099   200    77 -9999     0 -9999
2017 04 16 05   222   106 10088   200    88 -9999     0 -9999
2017 04 16 06   217   111 10076   200    93 -9999     0 -9999
2017 04 16 07   170   140 10102   280    36 -9999    18 -9999
2017 04 16 08   161   144 10109   250    41 -9999    10 -9999
2017 04 16 09   156   150 10102   260    41     8    36 -9999
2017 04 16 10   156   150 10099   190    51 -9999    20 -9999
2017 04 16 11   156   144 10098   200    46 -9999     3 -9999
2017 04 16 12   156   144 10106   230    41 -9999     0    86
2017 04 16 13   161   144 10115   250    67 -9999     0 -9999
2017 04 16 14   167   150 10121   250    67 -9999     0 -9999
2017 04 16 15   172   150 10129   260    77     8     0 -9999
2017 04 16 16   189   156 10133   250    51 -9999     0 -9999
2017 04 16 17   200   156 10136   250    77 -9999     0 -9999
2017 04 16 18   206   139 10136   300    62 -9999     0 -9999
2017 04 16 19   222   122 10139   290    77 -9999     0 -9999
2017 04 16 20   228    61 10141   300    72 -9999     0 -9999
2017 04 16 21   228    56 10143   280    67     6     0 -9999
2017 04 16 22   222    44 10148   310    72 -9999     0 -9999
2017 04 16 23   217    33 10151   300    62 -9999     0 -9999
2017 04 17 00   206    28 10154   310    41 -9999     0 -9999
2017 04 17 01   194    17 10165   280    41 -9999     0 -9999
2017 04 17 02   183     6 10175   300    31 -9999     0 -9999
2017 04 17 03   161    11 10182   290    26     6     0 -9999
2017 04 17 04   156    17 10188   310    21 -9999     0 -9999
2017 04 17 05   156     6 10191   340    31 -9999     0 -9999
2017 04 17 06   139     6 10194   310    26 -9999     0 -9999
2017 04 17 07   128    17 10193   310    21     4     0 -9999
2017 04 17 08   122    22 10194     0     0     4     0 -9999
2017 04 17 09   111    28 10200     0     0     2     0 -9999
2017 04 17 10   117    28 10198     0     0     0     0 -9999
2017 04 17 11   100    33 10204   230    15     2     0 -9999
2017 04 17 12   106    44 10210   210    21     2     0 -9999
2017 04 17 13   133    33 10214   250    15     4     0 -9999
2017 04 17 14   167    22 10213     0     0 -9999     0 -9999
2017 04 17 15   183     6 10214     0     0     4     0 -9999
2017 04 17 16   194     6 10216 -9999    15     4     0 -9999
2017 04 17 17   206     0 10213 -9999    21     4     0 -9999
2017 04 17 18   183    22 10214    80    57     2     0 -9999
2017 04 17 19   183    17 10214    90    46     4     0 -9999
2017 04 17 20   183    33 10208    90    41     4     0 -9999
2017 04 17 21   183    28 10204    80    51     6     0 -9999
2017 04 17 22   144    44 10205    60    57 -9999     0 -9999
2017 04 17 23   133    28 10212    50    41 -9999     0 -9999
2017 04 18 00   111    50 10212    20    46     4     0 -9999
2017 04 18 01    89    39 10217    10    46     2     0 -9999
2017 04 18 02    83    39 10220    20    36     2     0 -9999
2017 04 18 03    83    39 10223    20    31     2     0 -9999
2017 04 18 04    78    39 10224    10    31     2     0 -9999
2017 04 18 05    72    39 10224    10    26     0     0 -9999
2017 04 18 06    72    39 10226   360    31     0     0 -9999
2017 04 18 07    72    39 10223   340    21     2     0 -9999
2017 04 18 08    72    39 10220     0     0     2     0 -9999
2017 04 18 09    72    39 10222    90    15     6     0 -9999
2017 04 18 10    78    50 10223     0     0     4     0 -9999
2017 04 18 11    78    50 10226   130    21     4     0 -9999
2017 04 18 12    89    50 10228   130    31 -9999     0 -9999
2017 04 18 13   122    50 10224   150    41 -9999     0 -9999
2017 04 18 14   144    44 10217   150    21 -9999     0 -9999
2017 04 18 15   172    44 10210   160    57     6     0 -9999
2017 04 18 16   183    33 10214   170    77     4     0 -9999
2017 04 18 17   222    28 10204   170    72     4     0 -9999
2017 04 18 18   233    22 10190   160    82 -9999     0 -9999
2017 04 18 19   244    17 10179   180    93 -9999     0 -9999
2017 04 18 20   244    33 10167   200    82 -9999     0 -9999
2017 04 18 21   244    44 10150   170    77     8     0 -9999
2017 04 18 22   244    72 10140   180    77 -9999     0 -9999
2017 04 18 23   250    94 10140   190    82 -9999     0 -9999
2017 04 19 00   244   111 10140   190    62 -9999     0 -9999
2017 04 19 01   233   111 10144   200    36     4     0 -9999
2017 04 19 02   228   117 10146   190    41     4     0 -9999
2017 04 19 03   222   122 10146   190    41     6     0 -9999
2017 04 19 04   217   128 10146   200    36 -9999     0 -9999
2017 04 19 05   211   133 10144   190    36 -9999     0 -9999
2017 04 19 06   206   139 10142   210    41 -9999     0 -9999
2017 04 19 07   200   139 10138   210    46 -9999     0 -9999
2017 04 19 08   200   139 10133   210    41 -9999     0 -9999
2017 04 19 09   200   144 10135   210    41     8     0 -9999
2017 04 19 10   194   150 10139   230    41 -9999     0 -9999
2017 04 19 11   189   150 10141   230    41 -9999     0 -9999
2017 04 19 12   189   150 10148   250    36 -9999     0 -9999
2017 04 19 13   194   150 10156   280    41 -9999     0 -9999
2017 04 19 14   194   144 10160   260    26 -9999    -1 -9999
2017 04 19 15   194   150 10163   250    15     8    -1 -9999
2017 04 19 16   206   150 10163     0     0 -9999     0 -9999
2017 04 19 17   189   139 10178    10    41 -9999    -1 -9999
2017 04 19 18   133   111 10185    40    57 -9999    13    13
2017 04 19 19   133   106 10181    60    67 -9999     3 -9999
2017 04 19 20   122    89 10180    50    62 -9999     0 -9999
2017 04 19 21   117    83 10182    70    62     8    -1 -9999
2017 04 19 22   122    78 10186    10    51 -9999     0 -9999
2017 04 19 23   117    61 10184    20    51 -9999     0 -9999
2017 04 20 00   106    56 10188    40    62 -9999     0     3
2017 04 20 01    94    50 10191    30    72 -9999     0 -9999
2017 04 20 02    83    44 10187    40    46 -9999     0 -9999
2017 04 20 03    78    44 10171    70    46     4     0 -9999
2017 04 20 04    83    44 10160    60    31 -9999     0 -9999
2017 04 20 05    83    50 10151    80    26 -9999     0 -9999
2017 04 20 06    94    56 10146   130    21 -9999     0 -9999
2017 04 20 07   117    83 10128   140    31 -9999     0 -9999
2017 04 20 08   133   111 10118   180    36 -9999     0 -9999
2017 04 20 09   156   133 10121   320    82     8     0 -9999
2017 04 20 10   139   117 10118     0     0 -9999     0 -9999
2017 04 20 11   122    94 10112    20    41 -9999     0 -9999
2017 04 20 12   111    83 10106    90    36 -9999     0 -9999
2017 04 20 13   128    94 10104 -9999    15 -9999     0 -9999
2017 04 20 14   161   111 10101     0     0 -9999     0 -9999
2017 04 20 15   233   167 10095   250    82     6     0 -9999
2017 04 20 16   228   161 10092   240    88 -9999     0 -9999
2017 04 20 17   211   167 10096   240    82 -9999    -1 -9999
2017 04 20 18   194   150 10094   260    77 -9999    -1    -1
2017 04 20 19   194   117 10098   260    98     4     0 -9999
2017 04 20 20   194   111 10099   250    93     4     0 -9999
2017 04 20 21   189   100 10092   270    67     4     0 -9999
2017 04 20 22   172    89 10104   290    93     4     0 -9999
2017 04 20 23   167    78 10112   280    88     4     0 -9999
2017 04 21 00   144    67 10118   300    88 -9999     0 -9999
2017 04 21 01   144    67 10125   290    88 -9999     0 -9999
2017 04 21 02   133    50 10132   300    67 -9999     0 -9999
2017 04 21 03   128    44 10137   280    77     8     0 -9999
2017 04 21 04   122    44 10140   280    51 -9999     0 -9999
2017 04 21 05   111    39 10146   290    77 -9999     0 -9999
2017 04 21 06   106    39 10149   290    88 -9999     0 -9999
2017 04 21 07   106    39 10145   280    46 -9999     0 -9999
2017 04 21 08   106    33 10144   290    67 -9999     0 -9999
2017 04 21 09   100    28 10146   300    62     8     0 -9999
2017 04 21 10    89    17 10149   300    51     4     0 -9999
2017 04 21 11    83    22 10159   300    51 -9999     0 -9999
2017 04 21 12    78    17 10171   330    72 -9999     0 -9999
2017 04 21 13    78    11 10179   330    67 -9999     0 -9999
2017 04 21 14    83    11 10181   340    51 -9999     0 -9999
2017 04 21 15    94    11 10191 -9999    26     6     0 -9999
2017 04 21 16   100     6 10194   350    31 -9999     0 -9999
2017 04 21 17   100     6 10194    60    62 -9999     0 -9999
2017 04 21 18   106    11 10193    50    67 -9999     0 -9999
2017 04 21 19    94    11 10202    40    67 -9999     0 -9999
2017 04 21 20   100    17 10207    40    72 -9999     0 -9999
2017 04 21 21   106    11 10198    30    93     6     0 -9999
2017 04 21 22   106     6 10199    30    77 -9999     0 -9999
2017 04 21 23   106     6 10199    20    77 -9999     0 -9999
2017 04 22 00   100     6 10201    30    67 -9999     0 -9999
2017 04 22 01    89     0 10207    30    62 -9999     0 -9999
2017 04 22 02    89     0 10213    30    57 -9999     0 -9999
2017 04 22 03    89     6 10211    30    51     8     0 -9999
2017 04 22 04    89     6 10207    50    72 -9999     0 -9999
2017 04 22 05    89    11 10209    40    41 -9999     0 -9999
2017 04 22 06    83    17 10214    20    51 -9999     0 -9999
2017 04 22 07    78    22 10209    20    46 -9999     0 -9999
2017 04 22 08    72    22 10206    30    46 -9999     0 -9999
2017 04 22 09    72    11 10204    50    67     4     0 -9999
2017 04 22 10    67    17 10211    40    51 -9999     0 -9999
2017 04 22 11    72    11 10214    50    51 -9999     0 -9999
2017 04 22 12    78    17 10222    60    46 -9999     0 -9999
2017 04 22 13    83    17 10233    50    57 -9999     0 -9999
2017 04 22 14    94    22 10232    20    51 -9999     0 -9999
2017 04 22 15   106    11 10229    50    62     6     0 -9999
2017 04 22 16   117   -22 10231    60    67 -9999     0 -9999
2017 04 22 17   117   -22 10231    20    57 -9999     0 -9999
2017 04 22 18   133   -17 10228    40    72 -9999     0 -9999
2017 04 22 19   128   -17 10224    40    67 -9999     0 -9999
2017 04 22 20   144   -28 10219    40    67 -9999     0 -9999
2017 04 22 21   144   -44 10212    30    67     6     0 -9999
2017 04 22 22   144   -33 10215    40    51     4     0 -9999
2017 04 22 23   139   -50 10213    10    62     2     0 -9999
2017 04 23 00   128   -50 10213    30    46     2     0 -9999
2017 04 23 01   111   -56 10212    20    26     2     0 -9999
2017 04 23 02   106   -61 10214    20    26     0     0 -9999
2017 04 23 03   106   -56 10216     0     0     0     0 -9999
2017 04 23 04    94   -44 10216    10    15     0     0 -9999
2017 04 23 05    83   -33 10215   130    15     0     0 -9999
2017 04 23 06    83   -17 10212   140    15     0     0 -9999
2017 04 23 07    72   -11 10209     0     0     0     0 -9999
2017 04 23 08    61    -6 10206   330    26     0     0 -9999
2017 04 23 09    50     0 10204     0     0     0     0 -9999
2017 04 23 10    44    -6 10207   320    21     0     0 -9999
2017 04 23 11    50     0 10212     0     0     2     0 -9999
2017 04 23 12    61     6 10211     0     0     2     0 -9999
2017 04 23 13    94    17 10214     0     0     2     0 -9999
2017 04 23 14   128   -11 10211     0     0     2     0 -9999
2017 04 23 15   150   -17 10205     0     0     2     0 -9999
2017 04 23 16   172   -17 10201     0     0     0     0 -9999
2017 04 23 17   194   -11 10196    20    41     0     0 -9999
2017 04 23 18   206   -17 10187    50    26     0     0 -9999
2017 04 23 19   200   -11 10181    50    36     0     0 -9999
2017 04 23 20   206    -6 10177    90    36     0     0 -9999
2017 04 23 21   206     0 10175    80    57     0     0 -9999
2017 04 23 22   194     6 10175    90    46     2     0 -9999
2017 04 23 23   194     0 10175   100    62     2     0 -9999
2017 04 24 00   183   -17 10175   120    46     2     0 -9999
2017 04 24 01   167   -28 10175   110    36     2     0 -9999
2017 04 24 02   156   -33 10177   110    21 -9999     0 -9999
2017 04 24 03   156   -39 10173    70    31     6     0 -9999
2017 04 24 04   117    39 10170   360    36 -9999     0 -9999
2017 04 24 05    94    39 10175    20    21 -9999     0 -9999
2017 04 24 06    83    39 10171    20    26 -9999     0 -9999
2017 04 24 07    72    39 10168    30    31     4     0 -9999
2017 04 24 08    67    39 10162    20    21     4     0 -9999
2017 04 24 09    67    39 10167    20    21     2     0 -9999
2017 04 24 10    61    33 10165    10    26     2     0 -9999
2017 04 24 11    61    39 10167    40    15     2     0 -9999
2017 04 24 12    72    44 10170     0     0     2     0 -9999
2017 04 24 13   100    50 10170    30    15     2     0 -9999
2017 04 24 14   133    56 10168   110    21     4     0 -9999
2017 04 24 15   167    33 10161   110    46     6     0 -9999
2017 04 24 16   189     6 10157    90    46 -9999     0 -9999
2017 04 24 17   206    17 10147   110    62 -9999     0 -9999
2017 04 24 18   211    22 10137   110    31 -9999     0 -9999
2017 04 24 19   217    11 10129   110    57 -9999     0 -9999
2017 04 24 20   217    11 10117    80    57 -9999     0 -9999
2017 04 24 21   217     6 10106    90    51     6     0 -9999
2017 04 24 22   211     0 10099    80    57 -9999     0 -9999
2017 04 24 23   200    -6 10093    60    46 -9999     0 -9999
2017 04 25 00   189    -6 10088    80    41 -9999     0 -9999
2017 04 25 01   161    11 10082    80    46 -9999     0 -9999
2017 04 25 02   150    28 10078   100    41     4     0 -9999
2017 04 25 03   150    39 10077   100    36     2     0 -9999
2017 04 25 04   156    39 10076   120    21     4     0 -9999
2017 04 25 05   161    33 10071   120    46     4     0 -9999
2017 04 25 06   156    39 10068   130    57     0     0 -9999
2017 04 25 07   156    50 10065   130    46     0     0 -9999
2017 04 25 08   156    67 10061   140    41     0     0 -9999
2017 04 25 09   150    78 10060   160    46     2     0 -9999
2017 04 25 10   144    89 10058   150    46     2     0 -9999
2017 04 25 11   139    89 10058   150    36 -9999     0 -9999
2017 04 25 12   144   100 10059   160    46 -9999     0 -9999
2017 04 25 13   161   106 10063   170    51 -9999     0 -9999
2017 04 25 14   178   111 10062   170    51 -9999     0 -9999
2017 04 25 15   194   106 10055   170    51     6     0 -9999
2017 04 25 16   211    94 10052   150    41 -9999     0 -9999
2017 04 25 17   233   100 10044   150    46 -9999     0 -9999
2017 04 25 18   250    89 10034   190    67 -9999     0 -9999
2017 04 25 19   250    89 10032   170    72 -9999     0 -9999
2017 04 25 20   250    89 10021   170    46 -9999     0 -9999
2017 04 25 21   261   100 10003   150    72     6     0 -9999
2017 04 25 22   261    89 10001   140    77 -9999     0 -9999
2017 04 25 23   261    94  9993   140    67 -9999     0 -9999
2017 04 26 00   256   100  9996   150    67 -9999     0 -9999
2017 04 26 01   244   106  9998   140    46 -9999     0 -9999
2017 04 26 02   233   111 10004   150    36 -9999     0 -9999
2017 04 26 03   228   117 10009   160    26     8     0 -9999
2017 04 26 04   217   122 10007   140    31 -9999     0 -9999
2017 04 26 05   211   117 10002   160    46 -9999     0 -9999
2017 04 26 06   206   122  9997   160    46 -9999     0 -9999
2017 04 26 07   206   128  9989   160    57 -9999     0 -9999
2017 04 26 08   200   128  9982   160    57 -9999     0 -9999
2017 04 26 09   194   128  9978   170    51     8     0 -9999
2017 04 26 10   189   133  9975   160    51 -9999     0 -9999
2017 04 26 11   189   133  9972   160    57 -9999     0 -9999
2017 04 26 12   189   133  9976   160    67 -9999     0 -9999
2017 04 26 13   194   133  9967   170    77 -9999     0 -9999
2017 04 26 14   206   133  9956   170    62 -9999     0 -9999
2017 04 26 15   222   139  9950   170    62     4     0 -9999
2017 04 26 16   228   139  9960   220   103 -9999     0 -9999
2017 04 26 17   239   144  9965   230    72 -9999     0 -9999
2017 04 26 18   239   144  9970   250    93 -9999     0 -9999
2017 04 26 19   239   139  9974   230    62 -9999     0 -9999
2017 04 26 20   239   133  9974   210    67 -9999     0 -9999
2017 04 26 21   244   128  9970   220    62     6     0 -9999
2017 04 26 22   239   128  9973   220    72 -9999     0 -9999
2017 04 26 23   228   133  9973   260    51 -9999     0 -9999
2017 04 27 00   211   139  9961   270    26 -9999     0 -9999
2017 04 27 01   200   139  9969   280    41 -9999     0 -9999
2017 04 27 02   194   139  9970   260    26 -9999    -1 -9999
2017 04 27 03   183   156  9968   140    15     8    18 -9999
2017 04 27 04   178   161  9964   140    26 -9999    18 -9999
2017 04 27 05   172   161  9959   130    31 -9999    20 -9999
2017 04 27 06   167   150  9953   150    51 -9999    10    66
2017 04 27 07   161   150  9941   160    41 -9999     3 -9999
2017 04 27 08   161   150  9935   160    57 -9999    -1 -9999
2017 04 27 09   161   144  9923   180    51     8     5 -9999
2017 04 27 10   156   139  9917   170    51 -9999     5 -9999
2017 04 27 11   150   133  9912   180    57 -9999     8 -9999
2017 04 27 12   117   106  9930   240    82 -9999     8    28
2017 04 27 13    89    72  9964   240   108 -9999    -1 -9999
2017 04 27 14    78    61  9982   250   118 -9999     0 -9999
2017 04 27 15    89    50  9993   250    88     8     0 -9999
2017 04 27 16    83    44 10006   240    82 -9999     0 -9999
2017 04 27 17    78    33 10022   250    98 -9999     0 -9999
2017 04 27 18    78    33 10029   250    77 -9999     0    -1
2017 04 27 19    78    39 10038   240    82 -9999     0 -9999
2017 04 27 20    83    39 10049   230    82 -9999     0 -9999
2017 04 27 21    83    39 10056   240    51     8     0 -9999
2017 04 27 22    83    33 10061   240    72 -9999     0 -9999
2017 04 27 23    83    33 10069   240    72 -9999     0 -9999
2017 04 28 00    83    33 10076   250    72 -9999     0 -9999
2017 04 28 01    83    33 10088   250    72 -9999     0 -9999
2017 04 28 02    78    22 10096   250    46 -9999     0 -9999
2017 04 28 03    78    22 10109   240    46     6     0 -9999
2017 04 28 04    72    28 10115   230    31     2     0 -9999
2017 04 28 05    67    28 10118   220    26     2     0 -9999
2017 04 28 06    61    33 10124   220    21     4     0 -9999
2017 04 28 07    61    33 10122     0     0     4     0 -9999
2017 04 28 08    61    33 10123     0     0 -9999     0 -9999
2017 04 28 09    61    39 10116    10    21     8     0 -9999
2017 04 28 10    67    33 10124   320    31 -9999     0 -9999
2017 04 28 11    67    22 10131     0     0 -9999     0 -9999
2017 04 28 12    72    28 10144   170    21 -9999     0 -9999
2017 04 28 13    89    33 10141    20    15     2     0 -9999
2017 04 28 14   100    44 10142     0     0 -9999     0 -9999
2017 04 28 15   117    61 10137     0     0     6     0 -9999
2017 04 28 16   133    72 10144 -9999    26 -9999     0 -9999
2017 04 28 17   144    83 10140 -9999    31 -9999     0 -9999
2017 04 28 18   144    83 10137   140    41 -9999     0 -9999
2017 04 28 19   128    78 10135    60    31 -9999     0 -9999
2017 04 28 20   133    78 10125    80    41 -9999     0 -9999
2017 04 28 21   133    78 10107    50    57     8     0 -9999
2017 04 28 22   139    78 10117    90    36 -9999     0 -9999
2017 04 28 23   139    78 10117    90    46 -9999     0 -9999
2017 04 29 00   117    72 10122    90    36 -9999     0 -9999
2017 04 29 01   106    67 10131    60    36 -9999     0 -9999
2017 04 29 02   111    67 10139    30    26 -9999     0 -9999
2017 04 29 03   106    61 10147    30    51     8     0 -9999
2017 04 29 04   106    56 10152    30    57 -9999     0 -9999
2017 04 29 05    94    39 10164    20    62 -9999     0 -9999
2017 04 29 06    83    39 10157    30    77 -9999     0 -9999
2017 04 29 07    83    50 10176    30    57 -9999     0 -9999
2017 04 29 08    72    61 10173    20    77 -9999    -1 -9999
2017 04 29 09    78    44 10174    20    77     8    -1 -9999
2017 04 29 10    78    39 10181    20    62 -9999     0 -9999
2017 04 29 11    78    39 10206    30    62 -9999     0 -9999
2017 04 29 12    78    33 10213    20    77 -9999     0    -1
2017 04 29 13    78    28 10209    30    82 -9999     0 -9999
2017 04 29 14    78    22 10209    20    88 -9999     0 -9999
2017 04 29 15    78    28 10202    20    93     8     0 -9999
2017 04 29 16    72    22 10214    30   118 -9999     0 -9999
2017 04 29 17    67    39 10230    40    93 -9999    -1 -9999
2017 04 29 18    61    39 10223    30    93 -9999    18    15
2017 04 29 19    50    33 10209    10   103 -9999    13 -9999
2017 04 29 20    50    39 10216    30    72 -9999    20 -9999
2017 04 29 21    50    39 10200    30   103     8    23 -9999
2017 04 29 22    50    44 10207    10    82 -9999    64 -9999
2017 04 29 23    50    44 -9999    30   103 -9999     5 -9999
2017 04 30 00    56    50 10195    30    93 -9999    84   257
2017 04 30 01    61    56 10166    20   134 -9999    66 -9999
2017 04 30 02    78    67 -9999    40   139 -9999     2 -9999
2017 04 30 03    78    67 10161    40   129     8    38 -9999
2017 04 30 04    72    61 10159    40   118 -9999    13 -9999
2017 04 30 05    72    67 10151    60    88 -9999     3 -9999
2017 04 30 06    78    72 10146    60    82 -9999    -1   193
2017 04 30 07    72    67 10147    50    82 -9999    -1 -9999
2017 04 30 08    67    67 10140    40    62 -9999     3 -9999
2017 04 30 09    67    61 10138    60    93     8    -1 -9999
2017 04 30 10    67    61 10135    50    67 -9999    -1 -9999
2017 04 30 11    67    61 10139    40    41 -9999     3 -9999
2017 04 30 12    67    61 10133    30    36 -9999    10    13
2017 04 30 13    72    61 10112    60    88 -9999     5 -9999
2017 04 30 14    72    67 10086    70    88 -9999    15 -9999
2017 04 30 15    78    78 10089    50    57     8    -1 -9999
2017 04 30 16    83    78 10099   360    41 -9999     0 -9999
2017 04 30 17    83    78 10103    10    51 -9999     3 -9999
2017 04 30 18    83    72 -9999   360    72 -9999     8    33
2017 04 30 19    83    72 10096   360    77 -9999     0 -9999
2017 04 30 20    78    67 10105    30    46 -9999     0 -9999
2017 04 30 21    72    67 10088    40    77     8     0 -9999
2017 04 30 22    72    67 10084    20    67 -9999    -1 -9999
2017 04 30 23    67    67 10077    30    51 -9999     3 -9999
2017 05 01 00    72    67 10062    10    72 -9999    15    15
2017 05 01 01    72    72 10053    30    46 -9999    84 -9999
2017 05 01 02    78    78 10041   360    15 -9999     0 -9999
2017 05 01 03    83    78 10028   350    36     8    20 -9999
2017 05 01 04   100   100  9996    60    72 -9999    -1 -9999
2017 05 01 05   111   111 10011   250    67 -9999   102 -9999
2017 05 01 06   100   100  9996   360    36 -9999    10   216
2017 05 01 07   100   100  9983 -9999    31 -9999    15 -9999
2017 05 01 08   122   122  9974   120    36 -9999    -1 -9999
2017 05 01 09   111   111  9964   110    36     2     0 -9999
2017 05 01 10   139   122  9965   190    57 -9999     0 -9999
2017 05 01 11   117    89  9973   240    46 -9999     0 -9999
2017 05 01 12   106    67  9981   230    51 -9999     0    18
2017 05 01 13   111    67  9980   210    36 -9999     0 -9999
2017 05 01 14   122    61  9973   210    62 -9999     0 -9999
2017 05 01 15   128    61  9971   190    82     6     0 -9999
2017 05 01 16   133    61  9969   210    88 -9999     0 -9999
2017 05 01 17   133    61  9965   210    77 -9999     0 -9999
2017 05 01 18   133    50  9960   200    88 -9999     0 -9999
2017 05 01 19   111    61  9970   220    93 -9999    -1 -9999
2017 05 01 20   111    78  9968   200    77 -9999     5 -9999
2017 05 01 21   100    72  9971   220    98     6    28 -9999
2017 05 01 22   117    78  9967   210    72 -9999     0 -9999
2017 05 01 23   111    83  9976   210    82 -9999     8 -9999
2017 05 02 00   100    83 -9999   220    77 -9999     2    61
2017 05 02 01   100    72  9985   220    82 -9999     3 -9999
2017 05 02 02    89    72  9992   230    77 -9999     3 -9999
2017 05 02 03    83    61  9995   230    82     8    -1 -9999
2017 05 02 04    78    50  9995   230    67 -9999     0 -9999
2017 05 02 05    78    44  9994   240    77 -9999     0 -9999
2017 05 02 06    72    39  9995   240    67 -9999    -1     8
2017 05 02 07    67    39  9998   250    77 -9999    -1 -9999
2017 05 02 08    67    33  9995   240    98 -9999    -1 -9999
2017 05 02 09    56    39 10003   260    77     8    18 -9999
2017 05 02 10    56    39 10012   260    62 -9999     3 -9999
2017 05 02 11    56    33 10019   260    93 -9999     3 -9999
2017 05 02 12    56    28 10030   260    88 -9999     3    25
2017 05 02 13    56    33 10037   260    77 -9999    -1 -9999
2017 05 02 14    67    33 10047   270    72 -9999    -1 -9999
2017 05 02 15    78    28 10053   270    67     8     0 -9999
2017 05 02 16    83    17 10062   270    88 -9999     0 -9999
2017 05 02 17    83    22 10075   280    88 -9999     0 -9999
2017 05 02 18    83    22 10085   260    93 -9999     0    -1
2017 05 02 19    94    28 10093   280    72 -9999     0 -9999
2017 05 02 20   100    28 10102   270    93 -9999     0 -9999
2017 05 02 21    89    33 10112   290    67     8    -1 -9999
2017 05 02 22    94    33 10121   260    72 -9999     0 -9999
2017 05 02 23    94    33 10131   270    46 -9999    -1 -9999
2017 05 03 00    89    39 10140   290    41 -9999    -1    -1
2017 05 03 01    89    33 10149   290    51 -9999     0 -9999
2017 05 03 02    89    28 10160   320    51 -9999     0 -9999
2017 05 03 03    89    28 10170   320    46     6     0 -9999
2017 05 03 04    78    28 10176   270    21 -9999     0 -9999
2017 05 03 05    67    33 10178   280    15     2     0 -9999
2017 05 03 06    61    33 10184   280    21     0     0 -9999
2017 05 03 07    56    28 10187   280    26     0     0 -9999
2017 05 03 08    50    28 10190   300    21     0     0 -9999
2017 05 03 09    50    22 10195     0     0     0     0 -9999
2017 05 03 10    33    17 10198     0     0     0     0 -9999
2017 05 03 11    39    22 10208     0     0     2     0 -9999
2017 05 03 12    61    44 10217   120    15     2     0 -9999
2017 05 03 13    83    50 10222   140    31     2     0 -9999
2017 05 03 14   100    33 10226   110    26 -9999     0 -9999
2017 05 03 15   111    11 10226   100    26     6     0 -9999
2017 05 03 16   117   -17 10223    70    41 -9999     0 -9999
2017 05 03 17   117   -17 10226    90    46 -9999     0 -9999
2017 05 03 18   122   -11 10220    80    46 -9999     0 -9999
2017 05 03 19   122   -17 10213    40    41 -9999     0 -9999
2017 05 03 20   128   -28 10208    70    46 -9999     0 -9999
2017 05 03 21   128   -17 10203    60    41     8     0 -9999
2017 05 03 22   122    -6 10205    70    46 -9999     0 -9999
2017 05 03 23   117    -6 10207    60    51 -9999     0 -9999
2017 05 04 00   111   -11 10211    80    36 -9999     0 -9999
2017 05 04 01   106   -17 10212    80    46 -9999     0 -9999
2017 05 04 02    94   -11 10212    80    36 -9999     0 -9999
2017 05 04 03    94     0 10204    80    41     8     0 -9999
2017 05 04 04    89     6 10194    90    46 -9999     0 -9999
2017 05 04 05    83     0 10189    60    36 -9999     0 -9999
2017 05 04 06    83     6 10186    40    26 -9999     0 -9999
2017 05 04 07    83    11 10182    10    26 -9999     0 -9999
2017 05 04 08    83    17 10174    30    26 -9999     0 -9999
2017 05 04 09    89    33 10168    50    31     8     0 -9999
2017 05 04 10    89    44 10165    20    31 -9999     0 -9999
2017 05 04 11    94    50 10167    90    36 -9999     0 -9999
2017 05 04 12    94    61 10169    70    36 -9999    -1    -1
2017 05 04 13    94    50 10163    90    57 -9999    -1 -9999
2017 05 04 14    94    44 10152    70    72 -9999     0 -9999
2017 05 04 15    94    44 10150    80    93     8     0 -9999
2017 05 04 16    89    44 10148    60    93 -9999     0 -9999
2017 05 04 17    94    39 10149    60    88 -9999     0 -9999
2017 05 04 18    94    39 10146    40    98 -9999     0    -1
2017 05 04 19   100    39 10139    20    98 -9999     0 -9999
2017 05 04 20   106    33 10137    60    98 -9999     0 -9999
2017 05 04 21   106    33 10130    50   108     6     0 -9999
2017 05 04 22   106    33 10135    30    57 -9999     0 -9999
2017 05 04 23   100    33 10135    50    93 -9999     0 -9999
2017 05 05 00   100    33 10132    20    93 -9999     0 -9999
2017 05 05 01    94    33 10134    10    82 -9999     0 -9999
2017 05 05 02    94    28 10133    20    57 -9999     0 -9999
2017 05 05 03    94    33 10133    20    46     6     0 -9999
2017 05 05 04    94    28 10127    20    41     4     0 -9999
2017 05 05 05    78    28 10119    20    46     0     0 -9999
2017 05 05 06    78    28 10115    20    46     2     0 -9999
2017 05 05 07    83    33 10113    20    62     0     0 -9999
2017 05 05 08    78    33 10107    10    46     2     0 -9999
2017 05 05 09    72    33 10106    10    51     0     0 -9999
2017 05 05 10    72    33 10102   360    72     2     0 -9999
2017 05 05 11    61    39 -9999   350    93 -9999     0 -9999
2017 05 05 12    61    39 10109   360    98 -9999     0 -9999
2017 05 05 13    61    39 10106   360    98 -9999     0 -9999
2017 05 05 14    78    44 10104   360   108 -9999     0 -9999
2017 05 05 15    78    44 10108    10    98     6     0 -9999
2017 05 05 16    83    44 10108    10    98 -9999     0 -9999
2017 05 05 17    94    44 10108   350    93 -9999     0 -9999
2017 05 05 18   111    50 10106   350    93     4     0 -9999
2017 05 05 19   133    50 10095    10   103     4     0 -9999
2017 05 05 20   133    39 10094   360    98     4     0 -9999
2017 05 05 21   144    22 10091   360   108     4     0 -9999
2017 05 05 22   139    17 10096   360   103     2     0 -9999
2017 05 05 23   133    28 10094    10    93     2     0 -9999
2017 05 06 00   122    33 10093    10    57     2     0 -9999
2017 05 06 01   111    28 10095    10    46     2     0 -9999
2017 05 06 02    94    28 10092    10    31     2     0 -9999
2017 05 06 03    94    17 10092   360    36     6     0 -9999
2017 05 06 04    89    22 10084    10    26 -9999     0 -9999
2017 05 06 05    89    22 10086   320    36 -9999     0 -9999
2017 05 06 06    94    17 10084   310    31 -9999    -1    -1
2017 05 06 07    83    50 10077   280    36 -9999     8 -9999
2017 05 06 08    78    56 10073   280    41 -9999    10 -9999
2017 05 06 09    72    56 10072   310    31     8    -1 -9999
2017 05 06 10    72    56 10074   330    26 -9999    -1 -9999
2017 05 06 11    78    33 10078    10    51     4     0 -9999
2017 05 06 12    78    22 10084   360    77 -9999     0    18
2017 05 06 13    89    22 10088   360    82 -9999     0 -9999
2017 05 06 14    94    17 10094   350    77     2     0 -9999
2017 05 06 15   111    28 10099   360    93     2     0 -9999
2017 05 06 16   117    22 10104   350    93     2     0 -9999
2017 05 06 17   117    22 10108    10    93     2     0 -9999
2017 05 06 18   128    22 10107    10    98     2     0 -9999
2017 05 06 19   133    22 10106    20   103     2     0 -9999
2017 05 06 20   133     6 10110    10    98     2     0 -9999
2017 05 06 21   133     6 10113    20    98     2     0 -9999
2017 05 06 22   133     6 10112    40    88     2     0 -9999
2017 05 06 23   128    -6 10115    30    67     2     0 -9999
2017 05 07 00   117    -6 10118    40    62     2     0 -9999
2017 05 07 01   100   -33 10124    30    31     2     0 -9999
2017 05 07 02    89   -56 10129   360    26     2     0 -9999
2017 05 07 03    89   -67 10135    10    36     2     0 -9999
2017 05 07 04    83   -50 10138    10    46     4     0 -9999
2017 05 07 05    78   -33 10142    30    62     4     0 -9999
2017 05 07 06    67   -28 10143    10    46     2     0 -9999
2017 05 07 07    67   -39 10145    10    36     2     0 -9999
2017 05 07 08    61   -39 10147   360    31     2     0 -9999
2017 05 07 09    56   -44 10150   350    31     0     0 -9999
2017 05 07 10    39   -33 10154   290    21     0     0 -9999
2017 05 07 11    33   -33 10159   310    26     2     0 -9999
2017 05 07 12    61   -33 10168   320    36     2     0 -9999
2017 05 07 13    89   -61 10174   340    51     2     0 -9999
2017 05 07 14   100   -44 10175    30    41     2     0 -9999
2017 05 07 15   111   -56 10176    20    46     2     0 -9999
2017 05 07 16   122   -44 10173   340    62     0     0 -9999
2017 05 07 17   133   -44 10171   340    41     0     0 -9999
2017 05 07 18   133   -11 10169    50    41     0     0 -9999
2017 05 07 19   122     6 10173    70    88     2     0 -9999
2017 05 07 20   111     6 10174    80    77     2     0 -9999
2017 05 07 21   106    -6 10175    60    51     2     0 -9999
2017 05 07 22   100     0 10180    70    36     2     0 -9999
2017 05 07 23    94   -17 10182    60    46     2     0 -9999
2017 05 08 00    83   -22 10181    80    46     2     0 -9999
2017 05 08 01    72   -28 10179    90    41     2     0 -9999
2017 05 08 02    67   -28 10182    90    26     0     0 -9999
2017 05 08 03    67   -33 10183    90    26     0     0 -9999
2017 05 08 04    67   -28 10184    80    15     0     0 -9999
2017 05 08 05    61   -22 10185    50    21     0     0 -9999
2017 05 08 06    61   -22 10190    60    26     0     0 -9999
2017 05 08 07    50   -22 10194    10    21     0     0 -9999
2017 05 08 08    50   -22 10195    10    31     0     0 -9999
2017 05 08 09    44   -17 10201    20    31     0     0 -9999
2017 05 08 10    44     0 10206    30    26     2     0 -9999
2017 05 08 11    44    -6 10212    30    26     2     0 -9999
2017 05 08 12    61     0 10217    50    36     2     0 -9999
2017 05 08 13    72   -22 10218    60    26     2     0 -9999
2017 05 08 14    89   -56 10225    50    26 -9999     0 -9999
2017 05 08 15   100   -67 10224    40    26     4     0 -9999
2017 05 08 16   111   -56 10217    40    36     4     0 -9999
2017 05 08 17   117   -39 10213    70    26     4     0 -9999
2017 05 08 18   117   -33 10206   100    31 -9999     0 -9999
2017 05 08 19   117   -28 10199    70    41     4     0 -9999
2017 05 08 20   117   -28 10192    50    46 -9999     0 -9999
2017 05 08 21   122   -33 10184    50    51     6     0 -9999
2017 05 08 22   111   -39 10178    60    67 -9999     0 -9999
2017 05 08 23    94   -33 10186    70    36 -9999     0 -9999
2017 05 09 00    94   -28 10179    70    46 -9999     0 -9999
2017 05 09 01    83   -28 10176    80    46 -9999     0 -9999
2017 05 09 02    83   -22 10170    80    36 -9999     0 -9999
2017 05 09 03    78   -17 10171    60    46     8    -1 -9999
2017 05 09 04    72     0 10175    50    46 -9999     3 -9999
2017 05 09 05    61   -11 10171    80    31 -9999    -1 -9999
2017 05 09 06    61     6 10164    80    26 -9999    -1     3
2017 05 09 07    72   -11 10156    80    31 -9999     0 -9999
2017 05 09 08    78   -17 10147   100    21 -9999    -1 -9999
2017 05 09 09    78    17 10165   330    36     8     8 -9999
2017 05 09 10    72    39 10148    90    26 -9999    48 -9999
2017 05 09 11    67    33 10144   100    41 -9999    13 -9999
2017 05 09 12    61    39 10152     0     0 -9999     5    74
2017 05 09 13    67    33 10151   110    31 -9999     3 -9999
2017 05 09 14    67    39 10153   110    21 -9999     5 -9999
2017 05 09 15    78    44 10153    90    26     8    -1 -9999
2017 05 09 16    89    44 10159    50    31 -9999     0 -9999
2017 05 09 17    94    50 10156    70    36 -9999     0 -9999
2017 05 09 18   106    50 10153   100    26 -9999     0     8
2017 05 09 19   117    61 10148    60    36 -9999     0 -9999
2017 05 09 20   122    67 10139   110    36 -9999     0 -9999
2017 05 09 21   139    72 10133    90    31     6     0 -9999
2017 05 09 22   150    72 10130    80    26 -9999     0 -9999
2017 05 09 23   150    72 10130     0     0 -9999     0 -9999
2017 05 10 00   133    50 10131    80    36 -9999     0 -9999
2017 05 10 01   122    33 10139    60    36 -9999     0 -9999
2017 05 10 02   111    22 10138    90    51 -9999     0 -9999
2017 05 10 03   106    17 10146    70    36     8     0 -9999
2017 05 10 04   100    22 10149    50    36 -9999     0 -9999
2017 05 10 05   100    22 10148    30    31 -9999     0 -9999
2017 05 10 06   100    11 10146    40    31 -9999     0 -9999
2017 05 10 07   106    11 10148   350    21 -9999     0 -9999
2017 05 10 08   106     6 10143    20    15 -9999     0 -9999
2017 05 10 09   106    11 10140    30    26     8     0 -9999
2017 05 10 10   106    17 10143    90    15 -9999     0 -9999
2017 05 10 11   106     6 10144   110    15 -9999     0 -9999
2017 05 10 12   111    22 10157   360    26 -9999     0 -9999
2017 05 10 13   133    33 10154    20    15 -9999     0 -9999
2017 05 10 14   150    50 10150   110    21 -9999     0 -9999
2017 05 10 15   167    72 10150    50    31     6     0 -9999
2017 05 10 16   172    83 10150    40    36     2     0 -9999
2017 05 10 17   178    89 10146    80    41     4     0 -9999
2017 05 10 18   183    94 10139    80    62 -9999     0 -9999
2017 05 10 19   167    94 10151    50    21 -9999    -1 -9999
2017 05 10 20   144   106 10129    90    36 -9999    15 -9999
2017 05 10 21   139   106 10120    60    31     8     3 -9999
2017 05 10 22   133   111 10120    60    31 -9999    25 -9999
2017 05 10 23   139   111 10117    30    46 -9999     0 -9999
2017 05 11 00   133   100 10102    50    41 -9999    -1    43
2017 05 11 01   128   122 10100    30    67 -9999    15 -9999
2017 05 11 02   122   117 10108    10    82 -9999   107 -9999
2017 05 11 03   122   117 10108    10    67     8    38 -9999
2017 05 11 04   117   117 10112    30    41 -9999     3 -9999
2017 05 11 05   117   111 10109    10    51 -9999     3 -9999
2017 05 11 06   100    94 10109    10    67 -9999    -1   165
2017 05 11 07   106   100 10114    20    46 -9999     0 -9999
2017 05 11 08   106   100 10125    10    46 -9999     0 -9999
2017 05 11 09   106   100 10121    70    46     8     0 -9999
2017 05 11 10   106   100 10130    30    36 -9999     0 -9999
2017 05 11 11    94    89 10137    50    41 -9999     0 -9999
2017 05 11 12   100    89 10139    70    36 -9999     0 -9999
2017 05 11 13   100    83 10144    60    36 -9999     0 -9999
2017 05 11 14   111    89 10147    30    46 -9999     0 -9999
2017 05 11 15   122    83 10146    70    41     6     0 -9999
2017 05 11 16   128    83 10145    40    46 -9999     0 -9999
2017 05 11 17   133    83 10149    60    51 -9999     0 -9999
2017 05 11 18   144    78 10149    10    51 -9999     0 -9999
2017 05 11 19   150    78 10154    30    51 -9999     0 -9999
2017 05 11 20   161    67 10150    30    57     4     0 -9999
2017 05 11 21   167    83 10143    30    46     2     0 -9999
2017 05 11 22   172    78 10147    40    41     2     0 -9999
2017 05 11 23   172    67 10141    40    51     2     0 -9999
2017 05 12 00   167    61 10137    50    41     2     0 -9999
2017 05 12 01   156    44 10140    50    41     2     0 -9999
2017 05 12 02   144    44 10155   130    26     2     0 -9999
2017 05 12 03   133    56 10149    80    36     4     0 -9999
2017 05 12 04   122    44 10159    40    26     4     0 -9999
2017 05 12 05   111    44 10155    40    21     4     0 -9999
2017 05 12 06   117    44 10147   360    26     4     0 -9999
2017 05 12 07   111    56 10145   350    26 -9999     0 -9999
2017 05 12 08   106    56 10145     0     0     2     0 -9999
2017 05 12 09    94    56 10140     0     0     2     0 -9999
2017 05 12 10    89    56 10143     0     0     4     0 -9999
2017 05 12 11   100    61 10144    20    15     2     0 -9999
2017 05 12 12   117    72 10147    20    21     2     0 -9999
2017 05 12 13   133    72 10147    60    26     2     0 -9999
2017 05 12 14   161    83 10150   360    26     2     0 -9999
2017 05 12 15   172    83 10150   360    31     2     0 -9999
2017 05 12 16   189    72 10147   360    31     2     0 -9999
2017 05 12 17   200    61 10143    60    41     2     0 -9999
2017 05 12 18   206    50 10140    80    46     2     0 -9999
2017 05 12 19   217    56 10137    80    46     2     0 -9999
2017 05 12 20   206    50 10138    70    72     2     0 -9999
2017 05 12 21   194    56 10134   100    62     2     0 -9999
2017 05 12 22   183    56 10138    80    57     4     0 -9999
2017 05 12 23   178    44 10136    80    57     2     0 -9999
2017 05 13 00   161    50 10136    70    46     2     0 -9999
2017 05 13 01   150    44 10137    70    41     2     0 -9999
2017 05 13 02   139    56 10140    30    21     2     0 -9999
2017 05 13 03   133    44 10142    40    21     4     0 -9999
2017 05 13 04   133    50 10139   350    21     4     0 -9999
2017 05 13 05   128    56 10137     0     0     2     0 -9999
2017 05 13 06   117    56 10133   320    15     2     0 -9999
2017 05 13 07   106    56 10128     0     0     0     0 -9999
2017 05 13 08   111    61 10127     0     0     0     0 -9999
2017 05 13 09   100    56 10128     0     0     0     0 -9999
2017 05 13 10   111    61 10127     0     0     2     0 -9999
2017 05 13 11   100    67 10132     0     0     4     0 -9999
2017 05 13 12   111    78 10137   280    21 -9999     0 -9999
2017 05 13 13   139    83 10134   230    21 -9999     0 -9999
2017 05 13 14   167    94 10136   240    31 -9999     0 -9999
2017 05 13 15   200    94 10129   240    36     4     0 -9999
2017 05 13 16   211    89 10123   230    51     4     0 -9999
2017 05 13 17   217    78 10113   210    72 -9999     0 -9999
2017 05 13 18   233    83 10106   230    62 -9999     0 -9999
2017 05 13 19   239    89 10102   240    72 -9999     0 -9999
2017 05 13 20   244    94 10094   260    57 -9999     0 -9999
2017 05 13 21   272   100 10086   290    67     6     0 -9999
2017 05 13 22   267   100 10084   290    62     4     0 -9999
2017 05 13 23   272   100 10080   280    67     4     0 -9999
2017 05 14 00   261   100 10081   310    57     2     0 -9999
2017 05 14 01   244    94 10080   290    26     2     0 -9999
2017 05 14 02   233    94 10083   350    21     2     0 -9999
2017 05 14 03   194    67 10092    60    31     0     0 -9999
2017 05 14 04   183    44 10096   120    21     0     0 -9999
2017 05 14 05   178    50 10099    70    36     0     0 -9999
2017 05 14 06   161    61 10102   110    15     0     0 -9999
2017 05 14 07   161    61 10100     0     0     0     0 -9999
2017 05 14 08   133    72 10101     0     0     0     0 -9999
2017 05 14 09   133    78 10101     0     0     0     0 -9999
2017 05 14 10   122    78 10105     0     0     0     0 -9999
2017 05 14 11   128    83 10111     0     0     2     0 -9999
2017 05 14 12   144    94 10118    40    31     2     0 -9999
2017 05 14 13   156    83 10125    30    21     2     0 -9999
2017 05 14 14   167    83 10131 -9999    15     2     0 -9999
2017 05 14 15   194    89 10130 -9999    15     2     0 -9999
2017 05 14 16   211    94 10130    20    21     4     0 -9999
2017 05 14 17   206    89 10127    60    46 -9999     0 -9999
2017 05 14 18   217    89 10124    70    57 -9999     0 -9999
2017 05 14 19   200    83 10128    50    62     2     0 -9999
2017 05 14 20   172    83 10135    50    77     2     0 -9999
2017 05 14 21   172    72 10130    20    67     4     0 -9999
2017 05 14 22   161    44 10130    30    72     4     0 -9999
2017 05 14 23   156    39 10129    50    67     2     0 -9999
2017 05 15 00   150    28 10126    40    62     2     0 -9999
2017 05 15 01   133    22 10130    40    62     2     0 -9999
2017 05 15 02   122    17 10136    20    51     2     0 -9999
2017 05 15 03   122    11 10142    40    36     6     0 -9999
2017 05 15 04   122    11 10144    80    31 -9999     0 -9999
2017 05 15 05   117    22 10148    80    26 -9999     0 -9999
2017 05 15 06   117    22 10151    30    41     4     0 -9999
2017 05 15 07   111    33 10146    70    15     4     0 -9999
2017 05 15 08   111    39 10146    30    31     2     0 -9999
2017 05 15 09   111    44 10144   110    15     0     0 -9999
2017 05 15 10   111    56 10144    70    31     0     0 -9999
2017 05 15 11   106    56 10149    90    21     4     0 -9999
2017 05 15 12   122    72 10150   110    21     4     0 -9999
2017 05 15 13   161    89 10150   130    41     2     0 -9999
2017 05 15 14   189    94 10153 -9999    26     4     0 -9999
2017 05 15 15   211   106 10151   150    36     6     0 -9999
2017 05 15 16   228   117 10143   130    41     4     0 -9999
2017 05 15 17   250   122 10140   150    26     4     0 -9999
2017 05 15 18   267   128 10134   110    41     4     0 -9999
2017 05 15 19   267   122 10130    80    46 -9999     0 -9999
2017 05 15 20   283   128 10123   180    41 -9999     0 -9999
2017 05 15 21   283   128 10114   130    21     6     0 -9999
2017 05 15 22   278   133 10109   120    41 -9999     0 -9999
2017 05 15 23   283   139 10104    90    31 -9999     0 -9999
2017 05 16 00   283   139 10100   150    51 -9999     0 -9999
2017 05 16 01   267   144 10086   120    46 -9999     0 -9999
2017 05 16 02   272   139 10096   170    31 -9999     0 -9999
2017 05 16 03   256   144 10109   120    31     6     0 -9999
2017 05 16 04   194   128 10111    40    15 -9999     0 -9999
2017 05 16 05   217   139 10119   330    31 -9999     0 -9999
2017 05 16 06   206   144 10108    80    31 -9999     0 -9999
2017 05 16 07   206   144 10091   140    31 -9999     0 -9999
2017 05 16 08   206   150 10088   200    31 -9999     0 -9999
2017 05 16 09   206   150 10089   210    51     6     0 -9999
2017 05 16 10   200   150 10096   220    46     4     0 -9999
2017 05 16 11   200   150 10091   200    26 -9999     0 -9999
2017 05 16 12   200   156 10100   200    21 -9999     0 -9999
2017 05 16 13   217   156 10098   160    36 -9999     0 -9999
2017 05 16 14   228   161 10096   180    57 -9999     0 -9999
2017 05 16 15   244   172 10092   200    57     6     0 -9999
2017 05 16 16   267   172 10093   210    62 -9999     0 -9999
2017 05 16 17   278   178 10086   190    57 -9999     0 -9999
2017 05 16 18   294   172 10076   200    67 -9999     0 -9999
2017 05 16 19   306   150 10066   190    98 -9999     0 -9999
2017 05 16 20   311   139 10058   190   103 -9999     0 -9999
2017 05 16 21   317   133 10052   200    88     6     0 -9999
2017 05 16 22   311   111 10052   220   103     2     0 -9999
2017 05 16 23   306   111 10051   220    98     2     0 -9999
2017 05 17 00   294   122 10050   220   113     2     0 -9999
2017 05 17 01   283   133 10048   200    62     2     0 -9999
2017 05 17 02   278   139 10046   190    51     2     0 -9999
2017 05 17 03   267   144 10047   200    88     0     0 -9999
2017 05 17 04   256   144 10048   200    67     2     0 -9999
2017 05 17 05   250   150 10044   200    67     4     0 -9999
2017 05 17 06   244   150 10047   210    82     4     0 -9999
2017 05 17 07   233   156 10045   200    72 -9999     0 -9999
2017 05 17 08   233   161 10048   210    72 -9999     0 -9999
2017 05 17 09   228   161 10056   200    51     8     0 -9999
2017 05 17 10   222   161 10055   180    41 -9999     0 -9999
2017 05 17 11   217   161 10057   180    57 -9999     0 -9999
2017 05 17 12   222   161 10060   190    51 -9999     0 -9999
2017 05 17 13   233   167 10062   190    46 -9999     0 -9999
2017 05 17 14   256   167 10057   200    88 -9999     0 -9999
2017 05 17 15   267   167 10051   200    93     6     0 -9999
2017 05 17 16   278   167 10045   200    77 -9999     0 -9999
2017 05 17 17   278   161 10045   210    77 -9999     0 -9999
2017 05 17 18   278   156 10041   190   103 -9999     0 -9999
2017 05 17 19   294   156 10029   170   108 -9999     0 -9999
2017 05 17 20   294   144 10025   200   118 -9999     0 -9999
2017 05 17 21   289   128 10016   180   113     8     0 -9999
2017 05 17 22   294   133 10020   180   118 -9999     0 -9999
2017 05 17 23   283   133 10014   180    88 -9999     0 -9999
2017 05 18 00   278   133 10014   190   129 -9999     0 -9999
2017 05 18 01   272   144 10011   190   113 -9999     0 -9999
2017 05 18 02   261   144 10016   190    82 -9999     0 -9999
2017 05 18 03   256   156 10020   180    98     4     0 -9999
2017 05 18 04   256   156 10011   190   118 -9999     0 -9999
2017 05 18 05   256   156 10017   210   129 -9999     0 -9999
2017 05 18 06   190   160 10023   220   113 -9999   119   117
2017 05 18 07   217   178 10025   200    57 -9999     3 -9999
2017 05 18 08   211   167 10024   190    46     4     0 -9999
2017 05 18 09   222   178 10025   200    67     0     0 -9999
2017 05 18 10   217   178 10025   200    57     2     0 -9999
2017 05 18 11   217   178 10030   200    72     2     0 -9999
2017 05 18 12   222   172 10036   210    82     2     0     5
2017 05 18 13   228   156 10043   220   103     2     0 -9999
2017 05 18 14   233   139 10053   240   113     2     0 -9999
2017 05 18 15   244   139 10060   230   103     2     0 -9999
2017 05 18 16   244   150 10069   260    88     2     0 -9999
2017 05 18 17   244   144 10075   260   108     2     0 -9999
2017 05 18 18   250   144 10080   260    82     2     0 -9999
2017 05 18 19   256   144 10084   260    93     2     0 -9999
2017 05 18 20   261   144 10089   260    72     2     0 -9999
2017 05 18 21   261   150 10093   270    72     2     0 -9999
2017 05 18 22   261   150 10098   280    62     2     0 -9999
2017 05 18 23   256   144 10102   300    82     2     0 -9999
2017 05 19 00   244   133 10107   330    72     2     0 -9999
2017 05 19 01   172   111 10120    30    98     2     0 -9999
2017 05 19 02   133    83 10138    30   108     2     0 -9999
2017 05 19 03   117    78 10164    30    77     8     0 -9999
2017 05 19 04   117    44 10177    50    62 -9999     0 -9999
2017 05 19 05   106    22 10176    30   103 -9999     0 -9999
2017 05 19 06   106    28 10179    20    88 -9999     0 -9999
2017 05 19 07    89    17 10182    30    93 -9999     0 -9999
2017 05 19 08    83    17 10185    30    93 -9999     0 -9999
2017 05 19 09    83    17 10180    20   103     8     0 -9999
2017 05 19 10    72    11 10187    30   103 -9999     0 -9999
2017 05 19 11    67    -6 10187    20    88 -9999     0 -9999
2017 05 19 12    67    44 10187    30   108 -9999     0 -9999
2017 05 19 13    72    39 10193    30   103 -9999     0 -9999
2017 05 19 14    72    50 10200    40    72 -9999     0 -9999
2017 05 19 15    72    50 10214    40    62     8    13 -9999
2017 05 19 16    78    67 10166    60    93 -9999     5 -9999
2017 05 19 17    83    56 10180    50    77 -9999     0 -9999
2017 05 19 18    89    61 10196    20    67 -9999     0    18
2017 05 19 19    83    56 10188    30    77 -9999     0 -9999
2017 05 19 20    78    61 10195    20    77 -9999    18 -9999
2017 05 19 21    78    67 10195    30   103     8    20 -9999
2017 05 19 22    83    72 10204    30    98 -9999     8 -9999
2017 05 19 23    78    72 10213    10    67 -9999    -1 -9999
2017 05 20 00    83    72 10207    20    67 -9999    -1    46
2017 05 20 01    89    72 10209    20    72 -9999     0 -9999
2017 05 20 02    89    72 10212    40    57 -9999     0 -9999
2017 05 20 03   100    83 10215    70    57     8     0 -9999
2017 05 20 04   100    78 10213    60    46 -9999     0 -9999
2017 05 20 05   100    78 10214    60    46 -9999     0 -9999
2017 05 20 06   100    78 10211    60    62 -9999     0 -9999
2017 05 20 07   100    72 10213    60    41 -9999     0 -9999
2017 05 20 08   100    56 10206    70    51 -9999     0 -9999
2017 05 20 09   100    56 10181    70    72     8     0 -9999
2017 05 20 10   100    61 10189    60    57 -9999     0 -9999
2017 05 20 11   106    72 10194    70    46 -9999     0 -9999
2017 05 20 12   111    83 10186    80    67 -9999     0 -9999
2017 05 20 13   117    83 10184    90    62 -9999     8 -9999
2017 05 20 14   111    89 10183    80    51 -9999     3 -9999
2017 05 20 15   117    94 10178    90    57     8     5 -9999
2017 05 20 16   117   106 10181   120    36 -9999    58 -9999
2017 05 20 17   122   111 10153    90    82 -9999    10 -9999
2017 05 20 18   128   117 10150    90    72 -9999     0    84
2017 05 20 19   150   128 10143    90    46 -9999     0 -9999
2017 05 20 20   156   128 10140    70    26 -9999     0 -9999
2017 05 20 21   167   133 10133   110    36     8     0 -9999
2017 05 20 22   183   150 10131   110    31 -9999     0 -9999
2017 05 20 23   194   156 10122   110    36 -9999     0 -9999
2017 05 21 00   200   167 10122    90    36 -9999     0 -9999
2017 05 21 01   200   172 10119   120    26 -9999     0 -9999
2017 05 21 02   183   167 10125     0     0 -9999     0 -9999
2017 05 21 03   183   167 10122   100    21     6     0 -9999
2017 05 21 04   172   167 10122   110    26 -9999     0 -9999
2017 05 21 05   178   167 10121   160    21 -9999     0 -9999
2017 05 21 06   178   172 10117   170    26 -9999     0 -9999
2017 05 21 07   178   172 10110   160    36 -9999     0 -9999
2017 05 21 08   183   178 10102   160    36 -9999     0 -9999
2017 05 21 09   183   178 10102   250    31     8    -1 -9999
2017 05 21 10   189   178 10102   210    41 -9999     3 -9999
2017 05 21 11   167   122 10112   270    46 -9999     0 -9999
2017 05 21 12   156   117 10120   250    41 -9999    -1    18
2017 05 21 13   161   122 10122   240    51 -9999     0 -9999
2017 05 21 14   161   100 10126   260    67     4     0 -9999
2017 05 21 15   167    83 10129   250    72     4     0 -9999
2017 05 21 16   167    83 10131   250    67 -9999     0 -9999
2017 05 21 17   167    89 10132   240    77 -9999     0 -9999
2017 05 21 18   167    83 10136   250    82 -9999     0 -9999
2017 05 21 19   167    83 10137   250    72 -9999     0 -9999
2017 05 21 20   161    83 10140   260    77 -9999     0 -9999
2017 05 21 21   150    78 10144   250    72     8     0 -9999
2017 05 21 22   144    72 10146   240    77 -9999     0 -9999
2017 05 21 23   133    78 10151   250    72 -9999     0 -9999
2017 05 22 00   117    61 10157   260    88 -9999     0 -9999
2017 05 22 01   117    56 10160   250    72 -9999     0 -9999
2017 05 22 02   111    50 10165   250    57 -9999     0 -9999
2017 05 22 03   111    56 10171   240    51     8     0 -9999
2017 05 22 04   111    56 10171   240    57 -9999     0 -9999
2017 05 22 05   111    56 10166   240    62 -9999     0 -9999
2017 05 22 06   111    56 10163   250    62 -9999     0 -9999
2017 05 22 07   111    61 10161   240    57 -9999     0 -9999
2017 05 22 08   106    56 10161   240    41     4     0 -9999
2017 05 22 09   100    61 10161   250    51     2     0 -9999
2017 05 22 10    94    56 10164   240    46     2     0 -9999
2017 05 22 11    94    61 10169   220    41     2     0 -9999
2017 05 22 12   106    67 10173   220    46     2     0 -9999
2017 05 22 13   122    67 10176   240    51     2     0 -9999
2017 05 22 14   144    67 10171   240    67     2     0 -9999
2017 05 22 15   156    67 10169   230    46     2     0 -9999
2017 05 22 16   172    72 10163   220    67     0     0 -9999
2017 05 22 17   194    72 10156   230    72     2     0 -9999
2017 05 22 18   211    78 10152   220    67     2     0 -9999
2017 05 22 19   222    83 10141   230    82     2     0 -9999
2017 05 22 20   233    78 10133   230    77     4     0 -9999
2017 05 22 21   233    56 10127   230    77     6     0 -9999
2017 05 22 22   233    56 10122   220    98 -9999     0 -9999
2017 05 22 23   222    61 10124   220    88 -9999     0 -9999
2017 05 23 00   200   106 10129   240    57 -9999     0 -9999
2017 05 23 01   183   128 10129   210    62 -9999    -1 -9999
2017 05 23 02   178   111 10129   220    93 -9999     0 -9999
2017 05 23 03   156   128 10133   230    57     8     3 -9999
2017 05 23 04   156   128 10122   200    36 -9999    -1 -9999
2017 05 23 05   161   122 10118   220    46 -9999     0 -9999
2017 05 23 06   161   122 10112   210    51 -9999     0     3
2017 05 23 07   161   122 10105   210    46 -9999     0 -9999
2017 05 23 08   156   122 10099   200    36 -9999     0 -9999
2017 05 23 09   156   122 10095   200    41     8     0 -9999
2017 05 23 10   156   122 10091   210    46 -9999     0 -9999
2017 05 23 11   156   117 10090   210    57 -9999     0 -9999
2017 05 23 12   156   122 10094   220    41 -9999     0 -9999
2017 05 23 13   161   122 10093   220    46 -9999     0 -9999
2017 05 23 14   150   133 10097   240    57 -9999     3 -9999
2017 05 23 15   150   133 10094   250    41     8     5 -9999
2017 05 23 16   156   122 10090   210    31 -9999    -1 -9999
2017 05 23 17   167   122 10085   210    21 -9999    -1 -9999
2017 05 23 18   167   122 10075   210    15 -9999    -1     8
2017 05 23 19   172   122 10070     0     0 -9999    -1 -9999
2017 05 23 20   183   117 10065   140    21 -9999    -1 -9999
2017 05 23 21   167   133 10062    80    31     8     3 -9999
2017 05 23 22   150   122 10065    70    31 -9999    25 -9999
2017 05 23 23   144   128 10055    60    21 -9999    30 -9999
2017 05 24 00   144   133 10055    90    26 -9999     5    64
2017 05 24 01   144   128 10059     0     0 -9999     5 -9999
2017 05 24 02   139   122 10053    40    21 -9999     0 -9999
2017 05 24 03   144   128 10052   100    36     8     0 -9999
2017 05 24 04   139   122 10046    40    15 -9999    -1 -9999
2017 05 24 05   139   128 10045    90    21 -9999     8 -9999
2017 05 24 06   139   128 10038    70    36 -9999     8    20
2017 05 24 07   139   128 10032    50    26 -9999    -1 -9999
2017 05 24 08   133   122 10025    30    41 -9999     5 -9999
2017 05 24 09   128   122 10024    10    41     8    41 -9999
2017 05 24 10   128   122 10020    30    51 -9999    30 -9999
2017 05 24 11   128   122 10014    10    46 -9999    10 -9999
2017 05 24 12   128   117 10015    10    46 -9999    -1    86
2017 05 24 13   128   117 10013    30    51 -9999    -1 -9999
2017 05 24 14   133   111 10012    20    57 -9999    -1 -9999
2017 05 24 15   133   111 10011    20    67     8     0 -9999
2017 05 24 16   139   117 10008    30    62 -9999     0 -9999
2017 05 24 17   144   117 10002    30    88 -9999     0 -9999
2017 05 24 18   150   111 10003    20    62 -9999     0    -1
2017 05 24 19   150   111 10000    20    72 -9999     0 -9999
2017 05 24 20   156   111 10000    20    67 -9999     0 -9999
2017 05 24 21   150   111 10000   360    82     8     0 -9999
2017 05 24 22   150   106 10003    10    67 -9999     0 -9999
2017 05 24 23   133   106 10004   360    82 -9999    -1 -9999
2017 05 25 00   128   106 10007   360    57 -9999     3     3
2017 05 25 01   122   100 10008    10    72 -9999     0 -9999
2017 05 25 02   111    94 10007   360    57 -9999     0 -9999
2017 05 25 03   111    94 10008   360    57     8     0 -9999
2017 05 25 04   111    94 10007   340    67 -9999     0 -9999
2017 05 25 05   117   100 10006   360    46 -9999     0 -9999
2017 05 25 06   122   100 10003   350    62 -9999     0 -9999
2017 05 25 07   128   106 10000   350    36 -9999     0 -9999
2017 05 25 08   128   106  9996   360    46 -9999     0 -9999
2017 05 25 09   128   106 -9999   350    62     8     0 -9999
2017 05 25 10   128   106 10002   350    51 -9999     0 -9999
2017 05 25 11   133   106 10006   350    46 -9999     0 -9999
2017 05 25 12   133   106 10012   340    62 -9999     0 -9999
2017 05 25 13   133   106 10019   330    51 -9999     0 -9999
2017 05 25 14   139   111 10026   340    57 -9999     0 -9999
2017 05 25 15   144   111 10027   340    62     8     0 -9999
2017 05 25 16   150   111 10030   330    62 -9999     0 -9999
2017 05 25 17   167   117 10029   320    62 -9999     0 -9999
2017 05 25 18   178   117 10030   340    46 -9999     0 -9999
2017 05 25 19   189   122 10032    10    26 -9999     0 -9999
2017 05 25 20   200   122 10032   340    41 -9999     0 -9999
2017 05 25 21   200   122 10032   360    41     6     0 -9999
2017 05 25 22   183   117 10040    20    67 -9999     0 -9999
2017 05 25 23   178   111 10045    10    51 -9999     0 -9999
2017 05 26 00   172   106 10049    20    41 -9999     0 -9999
2017 05 26 01   167   100 10054    20    26     2     0 -9999
2017 05 26 02   161   100 10064    40    21     2     0 -9999
2017 05 26 03   150   100 10075    10    26     2     0 -9999
2017 05 26 04   144   106 10079   350    15     2     0 -9999
2017 05 26 05   128   100 10083     0     0     2     0 -9999
2017 05 26 06   128   106 10083     0     0     4     0 -9999
2017 05 26 07   133   106 10085   200    21     2     0 -9999
2017 05 26 08   122   106 10091     0     0     4     0 -9999
2017 05 26 09   122   100 10094     0     0     4     0 -9999
2017 05 26 10   128   106 10100     0     0 -9999     0 -9999
2017 05 26 11   128   106 10105   200    15 -9999     0 -9999
2017 05 26 12   144   117 10104   140    15 -9999     0 -9999
2017 05 26 13   167   122 10108   170    21     4     0 -9999
2017 05 26 14   183   117 10110   120    31 -9999     0 -9999
2017 05 26 15   194   128 10112 -9999    31     6     0 -9999
2017 05 26 16   194   128 10097    90    51 -9999     0 -9999
2017 05 26 17   194   128 10093   100    62 -9999     0 -9999
2017 05 26 18   206   128 10094    80    57 -9999     0 -9999
2017 05 26 19   200   128 10099    90    46 -9999     0 -9999
2017 05 26 20   211   122 10093    90    51 -9999     0 -9999
2017 05 26 21   183   122 10087    70    51     8     3 -9999
2017 05 26 22   156   128 10089    80    62 -9999    30 -9999
2017 05 26 23   156   133 10089   360    46 -9999    10 -9999
2017 05 27 00   144   133 10092    60    46 -9999    23    66
2017 05 27 01   150   133 10093    40    62 -9999    -1 -9999
2017 05 27 02   139   128 10097    30    41 -9999    -1 -9999
2017 05 27 03   144   133 10101    50    41     8    -1 -9999
2017 05 27 04   144   128 10101    50    36 -9999     0 -9999
2017 05 27 05   139   128 10106    60    36 -9999     0 -9999
2017 05 27 06   139   128 10103    40    26 -9999     0    -1
2017 05 27 07   139   122 10106    10    36 -9999     0 -9999
2017 05 27 08   139   122 10105    60    21 -9999     0 -9999
2017 05 27 09   133   122 10107   360    36     6     0 -9999
2017 05 27 10   139   128 10112    10    31 -9999     0 -9999
2017 05 27 11   133   111 10117    20    26 -9999     0 -9999
2017 05 27 12   144   111 10126   350    26 -9999     0 -9999
2017 05 27 13   161   111 10127    30    31 -9999     0 -9999
2017 05 27 14   183   117 10130    60    26 -9999     0 -9999
2017 05 27 15   194   128 10130    80    46     6     0 -9999
2017 05 27 16   194   128 10123    70    36 -9999     0 -9999
2017 05 27 17   206   139 10124    80    31 -9999     0 -9999
2017 05 27 18   217   139 10123   100    15 -9999     0 -9999
2017 05 27 19   228   144 10119 -9999    21 -9999     0 -9999
2017 05 27 20   233   139 10113    80    21 -9999     0 -9999
2017 05 27 21   228   139 10106    90    46     6     0 -9999
2017 05 27 22   222   139 10109    90    36 -9999     0 -9999
2017 05 27 23   222   139 10104    80    41 -9999     0 -9999
2017 05 28 00   211   128 10105    70    41 -9999     0 -9999
2017 05 28 01   189   128 10102   100    31 -9999     0 -9999
2017 05 28 02   167   117 10095   100    41 -9999     0 -9999
2017 05 28 03   167   117 10101   110    26     6     0 -9999
2017 05 28 04   167   111 10101   100    15 -9999     0 -9999
2017 05 28 05   167   117 10094     0     0 -9999     0 -9999
2017 05 28 06   167   117 10091   110    15 -9999     0 -9999
2017 05 28 07   167   117 10086     0     0 -9999     0 -9999
2017 05 28 08   156   122 10077     0     0 -9999     0 -9999
2017 05 28 09   150   117 10072     0     0     8     0 -9999
2017 05 28 10   156   122 10064    40    15     4     0 -9999
2017 05 28 11   150   128 10060   100    15     4     0 -9999
2017 05 28 12   161   133 10061   150    15 -9999     0 -9999
2017 05 28 13   189   156 10064   170    26 -9999     0 -9999
2017 05 28 14   211   167 10065   260    21 -9999     0 -9999
2017 05 28 15   228   178 10061   280    31     6     0 -9999
2017 05 28 16   233   172 10061   290    46 -9999     0 -9999
2017 05 28 17   239   167 10059   330    57 -9999     0 -9999
2017 05 28 18   239   161 10058   330    26 -9999     0 -9999
2017 05 28 19   206   150 10063    40    46 -9999     3 -9999
2017 05 28 20   206   167 10062    80    36 -9999    -1 -9999
2017 05 28 21   217   156 10060    90    26     4     0 -9999
2017 05 28 22   244   111 10062   290    77     4     0 -9999
2017 05 28 23   244   111 10062   280    51     4     0 -9999
2017 05 29 00   239   111 10063   250    41 -9999     0     3
2017 05 29 01   233   117 10065   280    57     4     0 -9999
2017 05 29 02   222   100 10068   270    26     2     0 -9999
2017 05 29 03   206   100 10072   270    26     0     0 -9999
2017 05 29 04   194   100 10071   240    26     0     0 -9999
2017 05 29 05   183   100 10070   240    31     4     0 -9999
2017 05 29 06   183   100 10072   210    26 -9999     0 -9999
2017 05 29 07   178   106 10075   200    26 -9999     0 -9999
2017 05 29 08   178   111 10071   210    31 -9999     0 -9999
2017 05 29 09   178   106 10077   210    36     2     0 -9999
2017 05 29 10   161   106 10075   240    36     2     0 -9999
2017 05 29 11   161   106 10079   240    36     2     0 -9999
2017 05 29 12   178   106 10086   260    36     2     0 -9999
2017 05 29 13   200    94 10083   260    31     2     0 -9999
2017 05 29 14   217    83 10084   270    46     2     0 -9999
2017 05 29 15   228    89 10089   250    77     2     0 -9999
2017 05 29 16   233    78 10090   260    62     4     0 -9999
2017 05 29 17   239    78 10094   260    98     4     0 -9999
2017 05 29 18   244    78 10094   260   108     4     0 -9999
2017 05 29 19   250    72 10095   260    67     4     0 -9999
2017 05 29 20   250    50 10093   270   103     2     0 -9999
2017 05 29 21   250    50 10091   280    98     4     0 -9999
2017 05 29 22   244    61 10096   270    72     4     0 -9999
2017 05 29 23   239    61 10099   280    93     4     0 -9999
2017 05 30 00   233    67 10101   260    62     4     0 -9999
2017 05 30 01   222    67 10105   270    36     4     0 -9999
2017 05 30 02   206    72 10107   270    31     2     0 -9999
2017 05 30 03   194    72 10110   250    21     2     0 -9999
2017 05 30 04   183    78 10112   240    31     4     0 -9999
2017 05 30 05   189    78 10113   240    36 -9999     0 -9999
2017 05 30 06   178    78 10117   220    15     2     0 -9999
2017 05 30 07   161    78 10120   260    31     0     0 -9999
2017 05 30 08   150    83 10120   240    31     0     0 -9999
2017 05 30 09   150    83 10123   270    31     0     0 -9999
2017 05 30 10   139    83 10127   240    31     2     0 -9999
2017 05 30 11   139    89 10135   240    31     2     0 -9999
2017 05 30 12   150    94 10138   270    46     2     0 -9999
2017 05 30 13   167    94 10139   270    36     2     0 -9999
2017 05 30 14   183    89 10142   270    62     2     0 -9999
2017 05 30 15   189    78 10143   270    77     2     0 -9999
2017 05 30 16   200    72 10142   260    82     2     0 -9999
2017 05 30 17   217    72 10138   280    72     4     0 -9999
2017 05 30 18   211    56 10137   260    93 -9999     0 -9999
2017 05 30 19   206    56 10138   260    88 -9999     0 -9999
2017 05 30 20   211    44 10137   270    46 -9999     0 -9999
2017 05 30 21   233    39 10132   250    67     6     0 -9999
2017 05 30 22   228    44 10127   260    67 -9999     0 -9999
2017 05 30 23   222    50 10126   240    77 -9999    -1 -9999
2017 05 31 00   211    61 10125   230    57 -9999    -1    -1
2017 05 31 01   200    72 10125   220    26 -9999     0 -9999
2017 05 31 02   194    78 10126   230    31     4     0 -9999
2017 05 31 03   167    94 10131   280    15     4    -1 -9999
2017 05 31 04   172    94 10130   220    26 -9999     0 -9999
2017 05 31 05   167    94 10132   260    26 -9999     0 -9999
2017 05 31 06   172    72 10133   280    21 -9999     0    -1
2017 05 31 07   161    67 10134   260    21     2     0 -9999
2017 05 31 08   150    61 10137   270    26     4     0 -9999
2017 05 31 09   139    67 10137   260    26     0     0 -9999
2017 05 31 10   128    72 10141   250    26     2     0 -9999
2017 05 31 11   122    72 10144   240    26     2     0 -9999
2017 05 31 12   144    78 10151   280    31     2     0 -9999
2017 05 31 13   161    78 10153   290    46     2     0 -9999
2017 05 31 14   172    83 10155   290    46     2     0 -9999
2017 05 31 15   189    89 10155   280    72     2     0 -9999
2017 05 31 16   189    83 10154   300    77     2     0 -9999
2017 05 31 17   206    78 10155   280    62     2     0 -9999
2017 05 31 18   206    67 10154   280    51     2     0 -9999
2017 05 31 19   211    67 10152   300    72     4     0 -9999
2017 05 31 20   217    67 10148   280    46     4     0 -9999
2017 05 31 21   228    61 10143   290    67     4     0 -9999
2017 05 31 22   233    56 10142   290    72     2 -9999 -9999
2017 05 31 23   222    50 10145   270    67     2 -9999 -9999
2017 06 01 00   222    50 10146   290    51     4 -9999 -9999
2017 06 01 01   217    56 10149   270    41     2 -9999 -9999
2017 06 01 02   194    56 10149   250    26     2 -9999 -9999
2017 06 01 03   183    61 10154   250    26     0 -9999 -9999
2017 06 01 04   178    61 10156   250    26     0 -9999 -9999
2017 06 01 05   161    61 10157   250    21     0 -9999 -9999
2017 06 01 06   161    61 10161   240    31     0 -9999 -9999
2017 06 01 07   150    61 10162   240    31     0     0 -9999
2017 06 01 08   144    61 10163   250    26     0     0 -9999
2017 06 01 09   139    61 10165     0     0     0     0 -9999
2017 06 01 10   133    61 10165     0     0     0     0 -9999
2017 06 01 11   133    67 10171   210    15     0     0 -9999
2017 06 01 12   150    67 10177   330    21     2     0 -9999
2017 06 01 13   178    78 10181     0     0     2     0 -9999
2017 06 01 14   189    78 10186     0     0     2     0 -9999
2017 06 01 15   210    70 10187     0     0     2     0 -9999
2017 06 01 16   228    61 10186   310    46     2     0 -9999
2017 06 01 17   239    44 10182   290    51     2     0 -9999
2017 06 01 18   250    39 10177   300    26     2     0 -9999
2017 06 01 19   256    50 10172 -9999    21     2     0 -9999
2017 06 01 20   250    61 10170    70    51     2     0 -9999
2017 06 01 21   244    50 10164    80    46     2     0 -9999
2017 06 01 22   239    44 10163    90    62     2     0 -9999
2017 06 01 23   228    39 10162    80    51     2     0 -9999
2017 06 02 00   222    44 10161    90    41     2     0 -9999
2017 06 02 01   211    44 10162   100    41     2     0 -9999
2017 06 02 02   200    44 10166    90    31     2     0 -9999
2017 06 02 03   194    44 10169    80    21     0     0 -9999
2017 06 02 04   189    56 10172    90    15     0     0 -9999
2017 06 02 05   183    56 10171   100    15     0     0 -9999
2017 06 02 06   172    67 10171     0     0     0     0 -9999
2017 06 02 07   178    67 10168   180    21     0     0 -9999
2017 06 02 08   156    72 10173   190    26     0     0 -9999
2017 06 02 09   150    61 10176   180    15     0     0 -9999
2017 06 02 10   150    61 10179   190    21     2     0 -9999
2017 06 02 11   156    56 10184   200    26     2     0 -9999
2017 06 02 12   178    56 10186   200    31     2     0 -9999
2017 06 02 13   200    61 10190   200    31     2     0 -9999
2017 06 02 14   228    61 10189   200    36     2     0 -9999
2017 06 02 15   244    67 10185   190    36     2     0 -9999
2017 06 02 16   261    67 10181   230    31     2     0 -9999
2017 06 02 17   272    67 10179   290    15     2     0 -9999
2017 06 02 18   278    56 10174   320    46     2     0 -9999
2017 06 02 19   289    44 10169 -9999    15     2     0 -9999
2017 06 02 20   294    56 10164   330    15     2     0 -9999
2017 06 02 21   294    50 10163 -9999    15     2     0 -9999
2017 06 02 22   283    61 10159    90    57     2     0 -9999
2017 06 02 23   283    61 10155    80    57     2     0 -9999
2017 06 03 00   272    56 10152    80    46     2     0 -9999
2017 06 03 01   256    44 10151   110    41     4     0 -9999
2017 06 03 02   244    44 10154   100    36     2     0 -9999
2017 06 03 03   233    50 10156   100    26     0     0 -9999
2017 06 03 04   228    61 10154    90    21     0     0 -9999
2017 06 03 05   222    72 10154   140    15     0     0 -9999
2017 06 03 06   211    78 10154   200    21     0     0 -9999
2017 06 03 07   200    78 10155     0     0     0     0 -9999
2017 06 03 08   194    78 10158   200    15     0     0 -9999
2017 06 03 09   189    72 10156   200    31     0     0 -9999
2017 06 03 10   183    72 10159   190    26 -9999     0 -9999
2017 06 03 11   172    83 10162   200    31 -9999     0 -9999
2017 06 03 12   194    89 10162   180    21 -9999     0 -9999
2017 06 03 13   222   100 10162   220    21 -9999     0 -9999
2017 06 03 14   256   100 10162 -9999    21 -9999     0 -9999
2017 06 03 15   278   117 10163   230    21     6     0 -9999
2017 06 03 16   278   100 10162   260    26 -9999     0 -9999
2017 06 03 17   289   122 10157   250    36 -9999     0 -9999
2017 06 03 18   256   133 10161    30    77 -9999     0 -9999
2017 06 03 19   261   150 10155    90    57 -9999     0 -9999
2017 06 03 20   267   156 10149    90    46 -9999     0 -9999
2017 06 03 21   272   156 10144   100    51     6     0 -9999
2017 06 03 22   272   133 10134    90    46 -9999     0 -9999
2017 06 03 23   278   128 10122   110    41 -9999     0 -9999
2017 06 04 00   289   111 10113   130    36 -9999     0 -9999
2017 06 04 01   289   117 10115   130    26     4     0 -9999
2017 06 04 02   272   122 10119     0     0 -9999     0 -9999
2017 06 04 03   272   133 10121   200    15     6     0 -9999
2017 06 04 04   267   139 10121   210    21 -9999     0 -9999
2017 06 04 05   256   150 10120   230    26 -9999     0 -9999
2017 06 04 06   250   161 10114   220    31 -9999     0 -9999
2017 06 04 07   239   161 10106   200    31 -9999     0 -9999
2017 06 04 08   233   161 10101   210    36     4     0 -9999
2017 06 04 09   239   156 10100   230    36     4     0 -9999
2017 06 04 10   233   161 10101   220    36 -9999     0 -9999
2017 06 04 11   228   167 10107   250    36 -9999     0 -9999
2017 06 04 12   233   167 10105   240    36 -9999     0 -9999
2017 06 04 13   233   172 10104   240    41 -9999     0 -9999
2017 06 04 14   244   172 10103   250    31 -9999     0 -9999
2017 06 04 15   256   172 10100   260    36     6     0 -9999
2017 06 04 16   278   172 10095   240    62 -9999     0 -9999
2017 06 04 17   300   172 10087   250    41 -9999     0 -9999
2017 06 04 18   306   167 10082   240    46 -9999     0 -9999
2017 06 04 19   317   156 10073   250    51 -9999     0 -9999
2017 06 04 20   322   161 10066   250    72 -9999     0 -9999
2017 06 04 21   317   161 10059   250    57     6     0 -9999
2017 06 04 22   322   128 10056   300    46 -9999     0 -9999
2017 06 04 23   311   133 10054   290    57 -9999     0 -9999
2017 06 05 00   317   117 10055   300    36 -9999     0 -9999
2017 06 05 01   283   144 10063    60    41     4     0 -9999
2017 06 05 02   267   144 10067    80    41     4     0 -9999
2017 06 05 03   244   161 10074    70    26     2     0 -9999
2017 06 05 04   228   161 10074    90    15     2     0 -9999
2017 06 05 05   222   156 10072   100    21     2     0 -9999
2017 06 05 06   217   150 10065     0     0     2     0 -9999
2017 06 05 07   200   150 10062   310    15     2     0 -9999
2017 06 05 08   194   150 10062     0     0     2     0 -9999
2017 06 05 09   183   150 10064   300    21     2     0 -9999
2017 06 05 10   189   150 10061     0     0     2     0 -9999
2017 06 05 11   189   150 10062     0     0     2     0 -9999
2017 06 05 12   211   156 10070    30    41     2     0 -9999
2017 06 05 13   228   133 10075    50    26     2     0 -9999
2017 06 05 14   250   128 10078    30    41     2     0 -9999
2017 06 05 15   217   139 10091   350    77     2     0 -9999
2017 06 05 16   211   139 10100   360    82     2     0 -9999
2017 06 05 17   206   139 10104    20    82     2     0 -9999
2017 06 05 18   206   139 10108   360    88     2     0 -9999
2017 06 05 19   206   133 10108   360    88     2     0 -9999
2017 06 05 20   200   122 10110   360    93     2     0 -9999
2017 06 05 21   200   122 10113    10    93     2     0 -9999
2017 06 05 22   200   122 10113    20    88     2     0 -9999
2017 06 05 23   200   117 10115    10    77     0     0 -9999
2017 06 06 00   194   111 10119    10    72 -9999     0 -9999
2017 06 06 01   189   106 10123    10    62 -9999     0 -9999
2017 06 06 02   172    89 10128    20    67     0     0 -9999
2017 06 06 03   172    83 10137    10    62     0     0 -9999
2017 06 06 04   161    61 10141    10    62     0     0 -9999
2017 06 06 05   156    50 10141   360    62     0     0 -9999
2017 06 06 06   150    72 10147    30    67     0     0 -9999
2017 06 06 07   144    89 10146    10    51     0 -9999 -9999
2017 06 06 08   139    89 10148   350    46     0 -9999 -9999
2017 06 06 09   133    89 10152   340    46     0 -9999 -9999
2017 06 06 10   128    89 10155   350    41     0 -9999 -9999
2017 06 06 11   133    94 10161   360    31     0 -9999 -9999
2017 06 06 12   144    94 10165   360    41     0 -9999 -9999
2017 06 06 13   161    94 10171    10    51     0 -9999 -9999
2017 06 06 14   189    89 10174    20    41     0 -9999 -9999
2017 06 06 15   194    83 10171    10    51     2 -9999 -9999
2017 06 06 16   211    83 10171    20    67 -9999 -9999 -9999
2017 06 06 17   217    78 10169    20    67 -9999 -9999 -9999
2017 06 06 18   228    89 10168   360    72 -9999 -9999 -9999
2017 06 06 19   228    83 10164    20    67 -9999 -9999 -9999
2017 06 06 20   233    72 10161   360    93 -9999 -9999 -9999
2017 06 06 21   233    67 10161    20    98     2 -9999 -9999
2017 06 06 22   228    67 10163    10    98 -9999 -9999 -9999
2017 06 06 23   222    67 10165   360    77     2 -9999 -9999
2017 06 07 00   211    50 10166    20    77     2 -9999 -9999
2017 06 07 01   200    50 10164   360    67     2 -9999 -9999
2017 06 07 02   189    56 10167    10    62     2 -9999 -9999
2017 06 07 03   183    67 10171    10    46     0 -9999 -9999
2017 06 07 04   183    72 10173   360    41     4 -9999 -9999
2017 06 07 05   167    89 10177    40    36     4 -9999 -9999
2017 06 07 06   161   100 10178    30    26     4 -9999 -9999
2017 06 07 07   156   100 10178   360    26     4     0 -9999
2017 06 07 08   161   100 10178    30    36     2     0 -9999
2017 06 07 09   156    94 10181    50    57     0     0 -9999
2017 06 07 10   150    94 10187    60    46     2     0 -9999
2017 06 07 11   150   100 10192    50    36     2     0 -9999
2017 06 07 12   161   100 10197    50    46     2     0 -9999
2017 06 07 13   178    94 10202    60    51     2     0 -9999
2017 06 07 14   189    94 10202    50    57     2     0 -9999
2017 06 07 15   206    94 10201    20    41     2     0 -9999
2017 06 07 16   217    83 10202    20    62     2     0 -9999
2017 06 07 17   222    83 10201    50    67     2     0 -9999
2017 06 07 18   228    72 10197    50    67     2     0 -9999
2017 06 07 19   233    67 10194    50    72     2     0 -9999
2017 06 07 20   239    56 10190    50    67     2     0 -9999
2017 06 07 21   233    39 10186    30    67     2     0 -9999
2017 06 07 22   239    44 10184    50    51     2     0 -9999
2017 06 07 23   233    50 10180    20    57     2     0 -9999
2017 06 08 00   228    56 10178    30    51     4     0 -9999
2017 06 08 01   217    61 10177    20    41     4     0 -9999
2017 06 08 02   206    56 10176    20    31     4     0 -9999
2017 06 08 03   194    56 10180    30    26     2     0 -9999
2017 06 08 04   194    56 10177    40    15     0     0 -9999
2017 06 08 05   189    61 10177   130    15     2     0 -9999
2017 06 08 06   178    72 10174   120    15     2     0 -9999
2017 06 08 07   172    72 10171     0     0     2     0 -9999
2017 06 08 08   161    72 10169     0     0     0     0 -9999
2017 06 08 09   156    78 10166     0     0     2     0 -9999
2017 06 08 10   144    83 10168     0     0     2     0 -9999
2017 06 08 11   139    89 10170     0     0     4     0 -9999
2017 06 08 12   167    94 10169   220    21     4     0 -9999
2017 06 08 13   183    83 10171   230    31     4     0 -9999
2017 06 08 14   206    89 10169   230    21     2     0 -9999
2017 06 08 15   228    78 10164 -9999    21     2     0 -9999
2017 06 08 16   244    83 10157    20    26     2     0 -9999
2017 06 08 17   256    78 10151   340    26     2     0 -9999
2017 06 08 18   256    67 10143   240    26     2     0 -9999
2017 06 08 19   267    72 10133     0     0     2     0 -9999
2017 06 08 20   272    72 10125   280    41     4     0 -9999
2017 06 08 21   272    67 10115   230    31     6     0 -9999
2017 06 08 22   283    50 10109   240    72 -9999     0 -9999
2017 06 08 23   267    72 10102   220    31 -9999     0 -9999
2017 06 09 00   267    67 10099   200    36 -9999     0 -9999
2017 06 09 01   256    83 10097 -9999    15 -9999     0 -9999
2017 06 09 02   250    89 10093     0     0 -9999     0 -9999
2017 06 09 03   233    83 10097   280    21     6     0 -9999
2017 06 09 04   239    78 10091   250    21 -9999     0 -9999
2017 06 09 05   233    89 10095   250    21 -9999     0 -9999
2017 06 09 06   200   128 10092   250    21 -9999    13    13
2017 06 09 07   200   128 10086   230    46 -9999    -1 -9999
2017 06 09 08   200   117 10076   230    51     4    -1 -9999
2017 06 09 09   200   117 10073   230    41     2     0 -9999
2017 06 09 10   194   117 10072   220    36     2     0 -9999
2017 06 09 11   206   106 10075   230    57     4     0 -9999
2017 06 09 12   217   106 10076   240    67 -9999     0    -1
2017 06 09 13   217   111 10082   250    67 -9999     0 -9999
2017 06 09 14   239   122 10082   270    62     4     0 -9999
2017 06 09 15   256   133 10081   270    46     2     0 -9999
2017 06 09 16   267   139 10082   270    51     2     0 -9999
2017 06 09 17   283   150 10080   270    57     2     0 -9999
2017 06 09 18   294   139 10078   290    62     4     0 -9999
2017 06 09 19   306   139 10074   280    72     4     0 -9999
2017 06 09 20   311   133 10069   330    57     4     0 -9999
2017 06 09 21   289   144 10068    80    41     4     0 -9999
2017 06 09 22   256   139 10071    80    67     4     0 -9999
2017 06 09 23   239   133 10075    90    51     4     0 -9999
2017 06 10 00   222   128 10081    90    36 -9999     0 -9999
2017 06 10 01   217   122 10084    50    46 -9999     0 -9999
2017 06 10 02   217   144 10083    70    57 -9999     5 -9999
2017 06 10 03   217   144 10092   110    26     6     0 -9999
2017 06 10 04   211   144 10092   130    31 -9999     0 -9999
2017 06 10 05   200   150 10091   120    26     4     0 -9999
2017 06 10 06   200   150 10091   160    15 -9999     0     5
2017 06 10 07   200   150 10090   180    15 -9999     0 -9999
2017 06 10 08   200   150 10090   200    26     4     0 -9999
2017 06 10 09   211   139 10091   210    36     8     0 -9999
2017 06 10 10   206   133 10095   200    41 -9999     0 -9999
2017 06 10 11   200   128 10101   210    36 -9999     0 -9999
2017 06 10 12   211   128 10108   210    51 -9999     0 -9999
2017 06 10 13   217   133 10113   210    62 -9999     0 -9999
2017 06 10 14   239   139 10114   220    77 -9999     0 -9999
2017 06 10 15   250   144 10112   230    72     6     0 -9999
2017 06 10 16   278   139 10105   210   103 -9999     0 -9999
2017 06 10 17   294   133 10101   200    77     4     0 -9999
2017 06 10 18   300   117 10094   210   103     2     0 -9999
2017 06 10 19   311   111 10088   230   108     2     0 -9999
2017 06 10 20   322   111 10083   220   124     2     0 -9999
2017 06 10 21   322    94 10077   220   129     2     0 -9999
2017 06 10 22   322    94 10073   210    98     2     0 -9999
2017 06 10 23   317    72 10072   200   113     0     0 -9999
2017 06 11 00   311    89 10072   200   103     2     0 -9999
2017 06 11 01   300   100 10074   200    77     2     0 -9999
2017 06 11 02   289   100 10080   200    88     2     0 -9999
2017 06 11 03   272   111 10090   190    88     2     0 -9999
2017 06 11 04   267   122 10095   210    72     0     0 -9999
2017 06 11 05   256   128 10099   210    62     0     0 -9999
2017 06 11 06   250   128 10103   220    72     2     0 -9999
2017 06 11 07   239   128 10108   210    67     2     0 -9999
2017 06 11 08   233   133 10110   210    57     2     0 -9999
2017 06 11 09   228   139 10115   210    51     0     0 -9999
2017 06 11 10   222   139 10120   200    51     2     0 -9999
2017 06 11 11   222   144 10125   200    51     4     0 -9999
2017 06 11 12   228   150 10129   210    67     4     0 -9999
2017 06 11 13   239   156 10132   210    72     2     0 -9999
2017 06 11 14   256   161 10132   210    67     2     0 -9999
2017 06 11 15   272   167 10135   230    72     6     0 -9999
2017 06 11 16   283   172 10134   220    57 -9999     0 -9999
2017 06 11 17   311   178 10128   210    72 -9999     0 -9999
2017 06 11 18   317   172 10127   190    72 -9999     0 -9999
2017 06 11 19   328   167 10123   240    72 -9999     0 -9999
2017 06 11 20   333   161 10119   180    88 -9999     0 -9999
2017 06 11 21   339   139 10115   200    77     6     0 -9999
2017 06 11 22   339   133 10108   200    82 -9999     0 -9999
2017 06 11 23   333   139 10104   180    82 -9999     0 -9999
2017 06 12 00   328   144 10105   200    88 -9999     0 -9999
2017 06 12 01   317   144 10102   190    72     2     0 -9999
2017 06 12 02   306   150 10100   190    51     2     0 -9999
2017 06 12 03   294   150 10103   200    72     0     0 -9999
2017 06 12 04   283   150 10117   200    62     0     0 -9999
2017 06 12 05   272   150 10126   190    51     0     0 -9999
2017 06 12 06   267   150 10123   200    57     0     0 -9999
2017 06 12 07   256   150 10123   200    62     0     0 -9999
2017 06 12 08   256   156 10125   220    57     0     0 -9999
2017 06 12 09   244   161 10125   200    46     0     0 -9999
2017 06 12 10   239   161 10127   210    36     2     0 -9999
2017 06 12 11   233   161 10130   210    46     2     0 -9999
2017 06 12 12   244   167 10131   210    62     0     0 -9999
2017 06 12 13   256   172 10131   210    72     0     0 -9999
2017 06 12 14   272   183 10130   210    62     0     0 -9999
2017 06 12 15   289   189 10131   220    62     0     0 -9999
2017 06 12 16   306   189 10130   210    67     2     0 -9999
2017 06 12 17   317   194 10131   210    62     2     0 -9999
2017 06 12 18   328   183 10127   200    67     2     0 -9999
2017 06 12 19   333   183 10121   200    51     2     0 -9999
2017 06 12 20   344   178 10111   210    77     2     0 -9999
2017 06 12 21   344   178 10107   210    67     2     0 -9999
2017 06 12 22   350   178 10107   210    67     2     0 -9999
2017 06 12 23   344   172 10100   230    67     2     0 -9999
2017 06 13 00   333   167 10098   210    62     2     0 -9999
2017 06 13 01   328   172 10102   210    57 -9999     0 -9999
2017 06 13 02   311   178 10116   250    21 -9999     0 -9999
2017 06 13 03   306   178 10126   310    21     6     0 -9999
2017 06 13 04   267   167 10133    20    67 -9999     0 -9999
2017 06 13 05   256   161 10130    40    41 -9999     0 -9999
2017 06 13 06   244   167 10127    80    41 -9999     0 -9999
2017 06 13 07   233   167 10128   100    21 -9999     0 -9999
2017 06 13 08   228   167 10130     0     0 -9999     0 -9999
2017 06 13 09   228   167 10129   220    15     4     0 -9999
2017 06 13 10   239   167 10132     0     0     2     0 -9999
2017 06 13 11   239   172 10134   190    15 -9999     0 -9999
2017 06 13 12   244   183 10139   200    21 -9999     0 -9999
2017 06 13 13   272   206 10139   220    36 -9999     0 -9999
2017 06 13 14   283   217 10136   240    15     4     0 -9999
2017 06 13 15   261   183 10142    30    51     4     0 -9999
2017 06 13 16   278   189 10142 -9999    26     4     0 -9999
2017 06 13 17   294   194 10138 -9999    26     4     0 -9999
2017 06 13 18   306   194 10133    50    41     4     0 -9999
2017 06 13 19   289   183 10129    70    46     4     0 -9999
2017 06 13 20   294   189 10127    80    62     4     0 -9999
2017 06 13 21   289   178 10125    70    57     6     0 -9999
2017 06 13 22   267   183 10130   340    57 -9999     3 -9999
2017 06 13 23   250   206 10119   100    67 -9999    10 -9999
2017 06 14 00   228   172 10122    80    57 -9999     0    13
2017 06 14 01   217   172 10127    50    36 -9999     0 -9999
2017 06 14 02   222   178 10125   120    31 -9999     0 -9999
2017 06 14 03   239   183 10128   110    15     6     0 -9999
2017 06 14 04   244   189 10120   150    31 -9999     0 -9999
2017 06 14 05   244   167 10116   190    36 -9999     0 -9999
2017 06 14 06   244   161 10121   190    15 -9999     0 -9999
2017 06 14 07   239   167 10124   210    26 -9999     0 -9999
2017 06 14 08   239   161 10117   180    15 -9999     0 -9999
2017 06 14 09   239   156 10116   170    36     6     0 -9999
2017 06 14 10   239   161 10119   160    21     4     0 -9999
2017 06 14 11   233   167 10125   170    21     4     0 -9999
2017 06 14 12   244   178 10128   180    41     4     0 -9999
2017 06 14 13   256   194 10125   190    41     4     0 -9999
2017 06 14 14   267   200 10128   210    51 -9999     0 -9999
2017 06 14 15   289   211 10116   190    41     6     0 -9999
2017 06 14 16   306   217 10111   180    46 -9999     0 -9999
2017 06 14 17   311   217 10112   210    46 -9999     0 -9999
2017 06 14 18   256   200 10110   110   103 -9999     3     3
2017 06 14 19   306   217 10094   100    41 -9999    -1 -9999
2017 06 14 20   272   233 10083    90    31 -9999    61 -9999
2017 06 14 21   267   217 10092   140    26     6    -1 -9999
2017 06 14 22   272   189 -9999     0     0 -9999     0 -9999
2017 06 14 23   211   200 -9999   330   124 -9999    17 -9999
2017 06 15 00   211   194 10108   300    31 -9999    41   257
2017 06 15 01   217   200 10107   170    46 -9999     5 -9999
2017 06 15 02   217   200 10106   140    72 -9999    -1 -9999
2017 06 15 03   217   200 10098   160    46     6    -1 -9999
2017 06 15 04   217   194 10098   170    26 -9999     0 -9999
2017 06 15 05   211   189 10097   190    21 -9999     0 -9999
2017 06 15 06   220   190 10095   190    77 -9999     0     8
2017 06 15 07   217   194 10085   190    57 -9999     0 -9999
2017 06 15 08   211   194 10091   200    21 -9999     0 -9999
2017 06 15 09   217   194 10093   210    31     6     0 -9999
2017 06 15 10   211   194 10095   190    31 -9999     0 -9999
2017 06 15 11   217   189 10093   210    31 -9999     0 -9999
2017 06 15 12   222   178 10097   230    41 -9999     0 -9999
2017 06 15 13   222   183 10101   200    36 -9999    -1 -9999
2017 06 15 14   239   178 10101   210    57 -9999     0 -9999
2017 06 15 15   250   183 10095   230    46     6     0 -9999
2017 06 15 16   261   194 10093   240    41 -9999     0 -9999
2017 06 15 17   272   200 10090   240    41 -9999     0 -9999
2017 06 15 18   289   200 10090   340    36 -9999     0    -1
2017 06 15 19   306   178 10086   300    36 -9999     0 -9999
2017 06 15 20   317   167 10086   280    51 -9999     0 -9999
2017 06 15 21   317   156 10084   290    31     4     0 -9999
2017 06 15 22   322   144 10082   290    41     4     0 -9999
2017 06 15 23   317   150 10080   270    46     4     0 -9999
2017 06 16 00   317   122 10082   310    36     2     0 -9999
2017 06 16 01   306   122 10080   280    31     2     0 -9999
2017 06 16 02   289   167 10081    90    31     2     0 -9999
2017 06 16 03   272   172 10079   120    36     2     0 -9999
2017 06 16 04   272   178 10081   160    36     2     0 -9999
2017 06 16 05   267   161 10081   190    31     4     0 -9999
2017 06 16 06   261   156 10096   290    62 -9999     0 -9999
2017 06 16 07   233   150 10097   270    51 -9999    -1 -9999
2017 06 16 08   206   172 10079   180    93 -9999    13 -9999
2017 06 16 09   217   167 10092   250    41     8     3 -9999
2017 06 16 10   206   167 10089   240    57 -9999     0 -9999
2017 06 16 11   206   161 10096   230    62 -9999     0 -9999
2017 06 16 12   194   167 10109   270    51 -9999    -1    15
2017 06 16 13   194   172 10100   200    36 -9999     5 -9999
2017 06 16 14   217   172 10083   190    41 -9999    -1 -9999
2017 06 16 15   233   178 10080   200    51     8     0 -9999
2017 06 16 16   233   183 10088   230    41 -9999    -1 -9999
2017 06 16 17   250   178 10087   220    57 -9999     0 -9999
2017 06 16 18   267   167 10084   210    51 -9999     0     5
2017 06 16 19   289   167 10081   240    46 -9999     0 -9999
2017 06 16 20   289   167 10080   250    46 -9999     0 -9999
2017 06 16 21   300   172 10073   240    51     6     0 -9999
2017 06 16 22   300   172 10066   220    57     4     0 -9999
2017 06 16 23   300   178 10059   220    46     4     0 -9999
2017 06 17 00   300   172 10053   210    41     4     0 -9999
2017 06 17 01   294   183 10057   190    36 -9999     0 -9999
2017 06 17 02   289   183 10054   170    31 -9999     0 -9999
2017 06 17 03   283   189 10052   150    36     6     0 -9999
2017 06 17 04   267   194 10043   160    36 -9999     0 -9999
2017 06 17 05   256   194 10043   170    41 -9999     0 -9999
2017 06 17 06   256   200 10041   190    51 -9999     0 -9999
2017 06 17 07   256   206 10038   200    31 -9999     0 -9999
2017 06 17 08   250   200 10033   200    36 -9999     0 -9999
2017 06 17 09   250   194 10027   180    36     8     0 -9999
2017 06 17 10   239   194 10031   220    46 -9999    -1 -9999
2017 06 17 11   239   200 10040   290    26 -9999    -1 -9999
2017 06 17 12   233   194 10032    90    41 -9999    -1    -1
2017 06 17 13   233   194 10028   140    41 -9999     0 -9999
2017 06 17 14   244   200 10025   170    36 -9999     0 -9999
2017 06 17 15   267   206 10022   200    72     6     0 -9999
2017 06 17 16   272   200 10025   220    67 -9999     0 -9999
2017 06 17 17   289   206 10024   220    67 -9999     0 -9999
2017 06 17 18   289   200 10023   210    77 -9999     0 -9999
2017 06 17 19   294   206 10023   230    51 -9999     0 -9999
2017 06 17 20   294   200 10022   220    62 -9999     0 -9999
2017 06 17 21   306   206 10016   230    77     6     0 -9999
2017 06 17 22   300   194 10017   250    67 -9999     0 -9999
2017 06 17 23   278   200 10019   310    46 -9999     0 -9999
2017 06 18 00   278   189 10011     0     0 -9999     0 -9999
2017 06 18 01   283   189 10011     0     0 -9999     0 -9999
2017 06 18 02   283   206 10011     0     0 -9999    -1 -9999
2017 06 18 03   244   222 10014   310    15     8     8 -9999
2017 06 18 04   244   222 10007     0     0 -9999    -1 -9999
2017 06 18 05   244   222 10005   200    26 -9999     0 -9999
2017 06 18 06   228   206 10001   200    41 -9999     0     8
2017 06 18 07   217   206  9995   200    46 -9999     0 -9999
2017 06 18 08   217   206  9993   210    62 -9999     0 -9999
2017 06 18 09   222   206 10001   230    51     8     0 -9999
2017 06 18 10   222   200 10007   230    62 -9999     0 -9999
2017 06 18 11   222   200 10008   220    57 -9999     0 -9999
2017 06 18 12   228   200 10009   240    51 -9999     0 -9999
2017 06 18 13   228   172 10017   290    82 -9999     0 -9999
2017 06 18 14   239   172 10017   270    67     4     0 -9999
2017 06 18 15   239   150 10025   260    72     4     0 -9999
2017 06 18 16   250   150 10027   260   103     4     0 -9999
2017 06 18 17   244   144 10032   270    67 -9999     0 -9999
2017 06 18 18   261   139 10034   240    88 -9999     0 -9999
2017 06 18 19   244   144 10036   260    62 -9999     0 -9999
2017 06 18 20   250   139 10040   270    88 -9999     0 -9999
2017 06 18 21   261   144 10040   250    88     6     0 -9999
2017 06 18 22   250   128 10048   250    77 -9999     0 -9999
2017 06 18 23   250   128 10046   270    67     4     0 -9999
2017 06 19 00   244   133 10052   260    62 -9999     0 -9999
2017 06 19 01   239   139 10060   240    51 -9999     0 -9999
2017 06 19 02   233   139 10062   240    46 -9999     0 -9999
2017 06 19 03   233   139 10066   260    41     6     0 -9999
2017 06 19 06   211   128 10075   280    41 -9999     0 -9999
2017 06 19 07   211   128 10073   270    31 -9999     0 -9999
2017 06 19 08   200   128 10071   270    36 -9999     0 -9999
2017 06 19 09   189   133 10072   240    26     4     0 -9999
2017 06 19 10   189   133 10078   260    26     4     0 -9999
2017 06 19 11   183   139 10083   230    26     4     0 -9999
2017 06 19 12   194   139 10089   260    36     4     0 -9999
2017 06 19 13   200   139 10094   260    46 -9999     0 -9999
2017 06 19 14   211   139 10096   260    41 -9999     0 -9999
2017 06 19 15   228   133 10096   280    46     4     0 -9999
2017 06 19 16   239   128 10097   260    62 -9999     0 -9999
2017 06 19 17   239   122 10097   260    57 -9999     0 -9999
2017 06 19 18   256   139 10094   250    72 -9999    -1    -1
2017 06 19 19   261   133 10088   260    72 -9999    -1 -9999
2017 06 19 20   217   133 10089   310    72 -9999    23 -9999
2017 06 19 21   206   139 10095   320    41     6    25 -9999
2017 06 19 22   200   128 10105   330    51 -9999     5 -9999
2017 06 19 23   189   128 10105     0     0 -9999     5 -9999
2017 06 20 00   194   128 10106     0     0 -9999    -1    58
2017 06 20 01   194   122 10109   270    41 -9999     0 -9999
2017 06 20 02   183   128 10114   250    36     4     0 -9999
2017 06 20 03   178   128 10126   260    31     2     0 -9999
2017 06 20 04   167   133 10129   250    36     2     0 -9999
2017 06 20 05   167   128 10130   240    46     2     0 -9999
2017 06 20 06   161   128 10130   260    31     0     0 -9999
2017 06 20 07   167   128 10129   280    31     0     0 -9999
2017 06 20 08   161   122 10133   260    15     0     0 -9999
2017 06 20 09   156   128 10138   240    46     0     0 -9999
2017 06 20 10   150   128 10140   240    31     0     0 -9999
2017 06 20 11   156   128 10140   230    26     2     0 -9999
2017 06 20 12   172   133 10141   230    21 -9999     0 -9999
2017 06 20 13   194   139 10146   240    36 -9999     0 -9999
2017 06 20 14   222   128 10144   260    46     4     0 -9999
2017 06 20 15   239   111 10142   260    67     2     0 -9999
2017 06 20 16   250   111 10141   240    67     2     0 -9999
2017 06 20 17   256   111 10132   240    62     4     0 -9999
2017 06 20 18   267   100 10126   280    46 -9999     0 -9999
2017 06 20 19   244   106 10121   360    57 -9999    -1 -9999
2017 06 20 20   194   133 -9999    40    82 -9999    -1 -9999
2017 06 20 21   183   122 10132    70    88     6    -1 -9999
2017 06 20 22   167   133 10137    90    51 -9999     3 -9999
2017 06 20 23   183   139 10121   100    57 -9999    -1 -9999
2017 06 21 00   194   139 10121   100    31     4     0     3
2017 06 21 01   194   133 10124    70    36     4     0 -9999
2017 06 21 02   178   144 10127    40    31     2     0 -9999
2017 06 21 03   183   144 10133    40    36     2     0 -9999
2017 06 21 04   178   139 10136   100    21     0     0 -9999
2017 06 21 05   178   144 10141    90    21     0     0 -9999
2017 06 21 06   172   144 10142     0     0     0     0 -9999
2017 06 21 07   167   144 10138    30    26     0     0 -9999
2017 06 21 08   161   139 10137    50    15     0     0 -9999
2017 06 21 09   156   139 10138     0     0     0     0 -9999
2017 06 21 10   156   133 10139    40    15     2     0 -9999
2017 06 21 11   150   133 10149     0     0     2     0 -9999
2017 06 21 12   178   144 10145    80    36     2     0 -9999
2017 06 21 13   194   139 10148    80    31     0     0 -9999
2017 06 21 14   211   128 10148    90    51     2     0 -9999
2017 06 21 15   217   117 10150   100    51     2     0 -9999
2017 06 21 16   228   117 10150 -9999    26 -9999     0 -9999
2017 06 21 17   233   106 10147   100    26 -9999     0 -9999
2017 06 21 18   250   128 10144   100    26 -9999     0 -9999
2017 06 21 19   256   144 10140    80    21 -9999     0 -9999
2017 06 21 20   250   133 10139   100    41 -9999     0 -9999
2017 06 21 21   244   133 10131    80    62     8     0 -9999
2017 06 21 22   250   139 10115   110    57 -9999     0 -9999
2017 06 21 23   250   133 10113   100    46 -9999     0 -9999
2017 06 22 00   233   133 10116    70    36 -9999     0 -9999
2017 06 22 01   233   139 10117    90    31 -9999     0 -9999
2017 06 22 02   228   144 10117    90    26 -9999     0 -9999
2017 06 22 03   217   150 10118   100    31     6     0 -9999
2017 06 22 04   217   156 10113   130    31 -9999     0 -9999
2017 06 22 05   222   167 10109   110    15 -9999     0 -9999
2017 06 22 06   228   167 10101   140    21 -9999     0 -9999
2017 06 22 07   239   167 10096   180    31 -9999     0 -9999
2017 06 22 08   239   189 10094   200    31     4     0 -9999
2017 06 22 09   256   200 10093   210    62     6     0 -9999
2017 06 22 10   256   200 10089   210    62 -9999     0 -9999
2017 06 22 11   256   194 10101   220    51 -9999     0 -9999
2017 06 22 12   250   194 10100   200    51 -9999     0 -9999
2017 06 22 13   250   194 10111   210    41 -9999     0 -9999
2017 06 22 14   261   200 10104   210    67 -9999     0 -9999
2017 06 22 15   278   206 10094   200    67     6     0 -9999
2017 06 22 16   289   206 10090   220    77 -9999     0 -9999
2017 06 22 17   300   200 10089   190    62 -9999     0 -9999
2017 06 22 18   294   211 10085   240    67 -9999     0 -9999
2017 06 22 19   306   211 10079   210    57 -9999     0 -9999
2017 06 22 20   311   211 10070   230    67 -9999     0 -9999
2017 06 22 21   294   217 10065   210    88     6    -1 -9999
2017 06 22 22   294   217 10061   200    77 -9999     5 -9999
2017 06 22 23   294   217 10053   200    67 -9999     0 -9999
2017 06 23 00   289   217 10050   190    67     4     0     5
2017 06 23 01   278   217 10046   190    77 -9999     0 -9999
2017 06 23 02   272   217 10053   190    82 -9999     0 -9999
2017 06 23 03   261   217 10058   200    72     8     0 -9999
2017 06 23 04   256   217 10056   190    46 -9999     0 -9999
2017 06 23 05   250   211 10051   200    67 -9999     0 -9999
2017 06 23 06   244   217 10040   200    62 -9999     0 -9999
2017 06 23 07   244   217 10029   200    57 -9999     0 -9999
2017 06 23 08   244   222 10027   210    46 -9999     0 -9999
2017 06 23 09   250   222 10026   240    51     8     0 -9999
2017 06 23 10   250   222 10023   220    31 -9999     0 -9999
2017 06 23 11   200   189 10036   290    41 -9999   135 -9999
2017 06 23 12   206   189 10041   250    21 -9999    15 -9999
2017 06 23 13   206   194 10046   320    36 -9999    -1 -9999
2017 06 23 14   206   183 10048   360    26 -9999     3 -9999
2017 06 23 15   217   178 10046   340    36     8     0 -9999
2017 06 23 16   233   156 10044   330    57 -9999     0 -9999
2017 06 23 17   250   139 10046   360    62 -9999     0 -9999
2017 06 23 18   261   139 10049   340    41     4     0     3
2017 06 23 19   278    94 10049   360    57 -9999     0 -9999
2017 06 23 20   278    72 10048   310    98     4     0 -9999
2017 06 23 21   278    83 10050   290    41     6     0 -9999
2017 06 23 22   278    89 10049   270    77 -9999     0 -9999
2017 06 23 23   272   106 10051   290    72 -9999     0 -9999
2017 06 24 00   261   117 10054   270    51 -9999     0 -9999
2017 06 24 01   261   122 10059   300    88 -9999     0 -9999
2017 06 24 02   239   117 10069   300    51     4     0 -9999
2017 06 24 03   228   133 10085   310    62     2     0 -9999
2017 06 24 04   217   128 10092   300    46     4     0 -9999
2017 06 24 05   206   128 10099   300    51     2     0 -9999
2017 06 24 06   200   122 10104   300    46     0     0 -9999
2017 06 24 07   189   128 10106   280    57     0     0 -9999
2017 06 24 08   183   128 10107   280    46     0     0 -9999
2017 06 24 09   178   133 10109   280    36     0     0 -9999
2017 06 24 10   172   133 10116   280    31     2     0 -9999
2017 06 24 11   172   133 10118   280    31     2     0 -9999
2017 06 24 12   178   133 10121   290    46     2     0 -9999
2017 06 24 13   189   133 10125   300    51     2     0 -9999
2017 06 24 14   194   133 10133   280    46     4     0 -9999
2017 06 24 15   211   133 10136   280    46     6     0 -9999
2017 06 24 16   217   122 10139   280    67 -9999     0 -9999
2017 06 24 17   222   100 10146   280    62 -9999     0 -9999
2017 06 24 18   228    94 10147   290    88 -9999     0 -9999
2017 06 24 19   233    83 10149   270    93 -9999     0 -9999
2017 06 24 20   233    89 10150   290    82 -9999     0 -9999
2017 06 24 21   239    67 10150   270    93     4     0 -9999
2017 06 24 22   228    67 10149   290    57     4     0 -9999
2017 06 24 23   228    56 10152   270    82     4     0 -9999
2017 06 25 00   222    56 10157   290    72     2     0 -9999
2017 06 25 01   211    50 10161   280    62     2     0 -9999
2017 06 25 02   200    56 10166   280    31     4     0 -9999
2017 06 25 03   189    72 10172   320    51     4     0 -9999
2017 06 25 04   178    78 10170   260    15     4     0 -9999
2017 06 25 05   172    94 10172   250    31 -9999    -1 -9999
2017 06 25 06   172    94 10170   260    21 -9999     0    -1
2017 06 25 07   167    94 10171   280    46 -9999     0 -9999
2017 06 25 08   156    83 10172   280    46     0     0 -9999
2017 06 25 09   144    83 10172   270    36     0     0 -9999
2017 06 25 10   139    83 10176   240    31     2     0 -9999
2017 06 25 11   133    89 10182   240    36     0     0 -9999
2017 06 25 12   150    89 10186   260    57     0     0 -9999
2017 06 25 13   161    89 10189   270    67     0     0 -9999
2017 06 25 14   183    89 10190   280    67     2     0 -9999
2017 06 25 15   189    83 10190   300    82     4     0 -9999
2017 06 25 16   200    83 10192   280    82 -9999     0 -9999
2017 06 25 17   206    78 10190   280    77 -9999     0 -9999
2017 06 25 18   211    67 10187   300    62 -9999     0 -9999
2017 06 25 19   211    78 10187   270    67 -9999     0 -9999
2017 06 25 20   217    78 10186   260    77 -9999     0 -9999
2017 06 25 21   217    83 10183   270    72     6     0 -9999
2017 06 25 22   217    83 10181   260    77 -9999     0 -9999
2017 06 25 23   217    83 10178   270    88 -9999     0 -9999
2017 06 26 00   211    89 10181   270    72 -9999     0 -9999
2017 06 26 01   189    83 10188   280    72     4     0 -9999
2017 06 26 02   183    94 10188   290    51     2     0 -9999
2017 06 26 03   172    94 10191   270    36     2     0 -9999
2017 06 26 04   167    94 10192   270    46     2     0 -9999
2017 06 26 05   167    94 10192   310    46     4     0 -9999
2017 06 26 06   156   100 10190   260    15     4     0 -9999
2017 06 26 07   144   100 10187   260    26     2     0 -9999
2017 06 26 08   144   100 10187   290    21     2     0 -9999
2017 06 26 09   139   100 10187   250    21     0     0 -9999
2017 06 26 10   139   100 10190   300    21     2     0 -9999
2017 06 26 11   133   100 10196   250    36     4     0 -9999
2017 06 26 12   150   100 10195   280    31 -9999     0 -9999
2017 06 26 13   167   100 10194   250    36     4     0 -9999
2017 06 26 14   194    89 10190   280    36     4     0 -9999
2017 06 26 15   206    67 10188   270    67     4     0 -9999
2017 06 26 16   194    72 10184   290    67 -9999     0 -9999
2017 06 26 17   211    78 10182   270    88 -9999     0 -9999
2017 06 26 18   206    72 10176   300    57 -9999     0 -9999
2017 06 26 19   222    67 10170   300    93 -9999     0 -9999
2017 06 26 20   222    56 10166   300    88 -9999     0 -9999
2017 06 26 21   228    44 10164   270    82     6     0 -9999
2017 06 26 22   211    56 10163   310    93 -9999     0 -9999
2017 06 26 23   211    56 10163   320    72 -9999     0 -9999
2017 06 27 00   206    61 10167   340    93 -9999     0 -9999
2017 06 27 01   189    67 10171   320    46     4     0 -9999
2017 06 27 02   178    61 10173   310    67     2     0 -9999
2017 06 27 03   167    67 10180   300    41     2     0 -9999
2017 06 27 04   161    72 10185   290    26     2     0 -9999
2017 06 27 05   150    72 10187   280    21     2     0 -9999
2017 06 27 06   144    78 10188   300    31     0     0 -9999
2017 06 27 07   139    78 10186   300    21     0     0 -9999
2017 06 27 08   133    78 10189   270    21     0     0 -9999
2017 06 27 09   128    78 10189   280    21     0     0 -9999
2017 06 27 10   122    78 10193     0     0     0     0 -9999
2017 06 27 11   128    83 10194   230    21     0     0 -9999
2017 06 27 12   139    89 10197   230    21     0     0 -9999
2017 06 27 13   172    89 10200   260    36     0     0 -9999
2017 06 27 14   189    78 10202   290    46     2     0 -9999
2017 06 27 15   200    78 10201   290    21     2     0 -9999
2017 06 27 16   217    78 10199   330    41     2     0 -9999
2017 06 27 17   222    78 10196   330    46     4     0 -9999
2017 06 27 18   228    72 10191 -9999    26     4     0 -9999
2017 06 27 19   228    67 10185   270    26     4     0 -9999
2017 06 27 20   239    78 10181   290    46 -9999     0 -9999
2017 06 27 21   244    83 10175   310    26     6     0 -9999
2017 06 27 22   244    83 10171    10    21     4     0 -9999
2017 06 27 23   239    72 10166   210    46 -9999     0 -9999
2017 06 28 00   239    72 10160   220    26 -9999     0 -9999
2017 06 28 01   228    78 10160   200    46 -9999     0 -9999
2017 06 28 02   222    72 10158   200    36     4     0 -9999
2017 06 28 03   217    78 10165   190    31     4     0 -9999
2017 06 28 04   206    78 10165   190    26     4     0 -9999
2017 06 28 05   194    78 10167   180    26     0     0 -9999
2017 06 28 06   189    83 10170   180    31     2     0 -9999
2017 06 28 07   178    89 10167   170    36     2     0 -9999
2017 06 28 08   178    89 10154   170    46     0     0 -9999
2017 06 28 09   172    89 10156   180    41     2     0 -9999
2017 06 28 10   172    89 10158   180    36     4     0 -9999
2017 06 28 11   178    83 10151   170    51 -9999     0 -9999
2017 06 28 12   189    89 10145   170    57 -9999     0 -9999
2017 06 28 13   194    94 10155   180    57 -9999     0 -9999
2017 06 28 14   206   106 10153   180    67 -9999     0 -9999
2017 06 28 15   211   111 10147   190    67     8     0 -9999
2017 06 28 16   206   128 10155   200    57 -9999    -1 -9999
2017 06 28 17   189   144 10153   190    41 -9999    23 -9999
2017 06 28 18   194   156 10126   160    67 -9999    25    48
2017 06 28 19   222   161 10115   180    67 -9999    -1 -9999
2017 06 28 20   250   161 10101   180    93 -9999    -1 -9999
2017 06 28 21   272   156 10092   180    93     8     0 -9999
2017 06 28 22   272   150 10096   200   103 -9999    -1 -9999
2017 06 28 23   244   172 10077   200    67 -9999     5 -9999
2017 06 29 00   256   167 10077   190    67 -9999    -1     5
2017 06 29 01   267   167 10071   180    67 -9999     0 -9999
2017 06 29 02   261   167 10072   190    88 -9999     0 -9999
2017 06 29 03   261   161 10084   190    93     8     5 -9999
2017 06 29 04   239   178 10084   190    41 -9999     3 -9999
2017 06 29 05   222   183 10092    40    36 -9999    -1 -9999
2017 06 29 06   211   183 10085   120    57 -9999     0     8
2017 06 29 07   211   178 10079   140    46 -9999     0 -9999
2017 06 29 08   228   178 10069   170    41 -9999     0 -9999
2017 06 29 09   228   178 10058   180    36     8     0 -9999
2017 06 29 10   228   183 10058   180    51 -9999     0 -9999
2017 06 29 11   228   178 10070   230    46 -9999     0 -9999
2017 06 29 12   228   178 10074   220    51 -9999     0 -9999
2017 06 29 13   239   172 10074   220    57 -9999     0 -9999
2017 06 29 14   239   161 10076   230    67 -9999     0 -9999
2017 06 29 15   244   167 10078   240    82     6     0 -9999
2017 06 29 16   256   178 10084   250    98 -9999     0 -9999
2017 06 29 17   267   189 10090   220    67 -9999     0 -9999
2017 06 29 18   278   194 10092   220    72 -9999     0 -9999
2017 06 29 19   261   200 10096   240    67 -9999    10 -9999
2017 06 29 20   267   200 10094   260    62 -9999    -1 -9999
2017 06 29 21   278   189 10093   230    77     8     0 -9999
2017 06 29 22   256   200 10095   210    62 -9999     5 -9999
2017 06 29 23   250   200 10093   210    36 -9999    -1 -9999
2017 06 30 00   250   194 10093   240    41 -9999    -1    15
2017 06 30 01   233   200 10099   240    15 -9999    25 -9999
2017 06 30 02   217   189 10090     0     0 -9999     5 -9999
2017 06 30 03   217   206 10095   190    36     6     8 -9999
2017 06 30 04   217   206 10099   200    21 -9999     0 -9999
2017 06 30 05   211   200 10102   200    31 -9999     0 -9999
2017 06 30 06   206   194 10105   240    36 -9999     0    38
2017 06 30 07   200   189 10104   240    26 -9999     0 -9999
2017 06 30 08   200   194 10094   190    21 -9999     0 -9999
2017 06 30 09   194   189 10087   150    15 -9999     0 -9999
2017 06 30 10   200   189 10096   190    46 -9999     0 -9999
2017 06 30 11   200   189 10100   190    31 -9999     0 -9999
2017 06 30 12   206   189 10097   200    26 -9999     0 -9999
2017 06 30 13   228   194 10095   190    26 -9999     0 -9999
2017 06 30 14   239   194 10098   220    46 -9999     0 -9999
2017 06 30 15   256   206 10100   240    26     6     0 -9999
2017 06 30 16   267   206 10097   240    21 -9999     0 -9999
2017 06 30 17   272   206 10088 -9999    15 -9999     0 -9999
2017 06 30 18   278   200 10085   250    26 -9999     0 -9999
2017 06 30 19   261   200 10083    80    51 -9999     0 -9999
2017 06 30 20   244   194 10083    90    46 -9999     0 -9999
2017 06 30 21   250   200 10079   120    46     8     0 -9999
2017 06 30 22   244   206 10078   110    36 -9999     2 -9999
2017 06 30 23   256   200 10078   130    26 -9999    -1 -9999
2017 07 01 00   256   200 10079   130    26 -9999    -1     3
2017 07 01 01   256   206 10080   170    21 -9999    -1 -9999
2017 07 01 02   250   211 10083 -9999    15 -9999 -9999 -9999
2017 07 01 03   250   194 10085   270    36     2 -9999 -9999
2017 07 01 04   239   194 10087   280    15     2 -9999 -9999
2017 07 01 05   233   194 10087   270    31     2 -9999 -9999
2017 07 01 06   222   194 10093   250    36     2 -9999    -1
2017 07 01 07   217   183 10092   270    41 -9999     0 -9999
2017 07 01 08   211   178 10088   270    26 -9999     0 -9999
2017 07 01 09   206   172 10090   270    36     6     0 -9999
2017 07 01 10   200   167 10099   280    36 -9999     0 -9999
2017 07 01 11   200   167 10108   280    31     4     0 -9999
2017 07 01 12   206   172 10112   260    31     4     0 -9999
2017 07 01 13   228   172 10114   260    26 -9999     0 -9999
2017 07 01 14   244   167 10120   260    62     4     0 -9999
2017 07 01 15   256   167 10120   300    51     2     0 -9999
2017 07 01 16   267   144 10123   310    46     2     0 -9999
2017 07 01 17   278   150 10124   240    57     2     0 -9999
2017 07 01 18   283   133 10125   270    62     4     0 -9999
2017 07 01 19   278   139 10124   280    57 -9999     0 -9999
2017 07 01 20   283   117 10125   260    77     4     0 -9999
2017 07 01 21   283   117 10124   270    88     4     0 -9999
2017 07 01 22   283   122 10123   250    72     4     0 -9999
2017 07 01 23   272   117 10126   280    67     4     0 -9999
2017 07 02 00   267   111 10128   270    72     4     0 -9999
2017 07 02 01   256   111 10130   270    46     4     0 -9999
2017 07 02 02   244   117 10134   270    41     2     0 -9999
2017 07 02 03   228   122 10145   270    15     2     0 -9999
2017 07 02 04   222   128 10150   270    26     2     0 -9999
2017 07 02 05   217   133 10153   280    26     2     0 -9999
2017 07 02 06   206   133 10152   260    15     2     0 -9999
2017 07 02 07   200   133 10153   240    21     0     0 -9999
2017 07 02 08   189   133 10151   250    21     0     0 -9999
2017 07 02 09   183   133 10151   230    21     0     0 -9999
2017 07 02 10   167   133 10156   240    26     0     0 -9999
2017 07 02 11   172   139 10160   270    21     0     0 -9999
2017 07 02 12   194   133 10165   250    31     2     0 -9999
2017 07 02 13   217   139 10170   240    36     2     0 -9999
2017 07 02 14   228   139 10171   240    41     2     0 -9999
2017 07 02 15   244   139 10170   230    46     2     0 -9999
2017 07 02 16   256   139 10171   230    41     2     0 -9999
2017 07 02 17   272   139 10167   230    51     2     0 -9999
2017 07 02 18   283   139 10163   230    46     2     0 -9999
2017 07 02 19   294   150 10156   280    46     2     0 -9999
2017 07 02 20   311   161 10147   220    51 -9999     0 -9999
2017 07 02 21   306   161 10148   240    62     6     0 -9999
2017 07 02 22   311   172 10142   260    51 -9999     0 -9999
2017 07 02 23   306   172 10136   250    82 -9999     0 -9999
2017 07 03 00   278   172 10143    40    41 -9999    -1    -1
2017 07 03 01   250   183 10146   170    51 -9999     0 -9999
2017 07 03 02   244   178 10144   160    51 -9999     0 -9999
2017 07 03 03   233   183 10149   190    31     6     0 -9999
2017 07 03 04   228   178 10151   240    26     4     0 -9999
2017 07 03 05   222   178 10153   250    26 -9999     0 -9999
2017 07 03 06   222   178 10152   230    26 -9999     0 -9999
2017 07 03 07   222   178 10150   210    26 -9999     0 -9999
2017 07 03 08   222   183 10150   230    21 -9999     0 -9999
2017 07 03 09   217   189 10152   310    15     6     0 -9999
2017 07 03 10   211   178 10155   360    21 -9999     0 -9999
2017 07 03 11   211   172 10156   350    21 -9999     0 -9999
2017 07 03 12   211   172 10161   340    15 -9999     0 -9999
2017 07 03 13   228   178 10167    20    26 -9999     0 -9999
2017 07 03 14   244   183 10169    30    21 -9999     0 -9999
2017 07 03 15   261   189 10169    50    41     4     0 -9999
2017 07 03 16   250   189 10173    40    41     4     0 -9999
2017 07 03 17   256   189 10172    60    41     4     0 -9999
2017 07 03 18   261   189 10170    60    36     4     0 -9999
2017 07 03 19   272   189 10167    60    46 -9999     0 -9999
2017 07 03 20   261   183 10164    30    57 -9999     0 -9999
2017 07 03 21   261   183 10160    60    62     6     0 -9999
2017 07 03 22   250   172 10163    80    62 -9999     0 -9999
2017 07 03 23   244   161 10165    40    36 -9999     0 -9999
2017 07 04 00   233   150 10162    30    62 -9999     0 -9999
2017 07 04 01   217   156 10168    30    62 -9999     3 -9999
2017 07 04 02   217   139 10170    20    51 -9999     0 -9999
2017 07 04 03   211   128 10173    20    67     6     0 -9999
2017 07 04 04   206   133 10173    30    46 -9999     0 -9999
2017 07 04 05   211   133 10171    60    51 -9999     0 -9999
2017 07 04 06   206   144 10169    50    36 -9999     0     3
2017 07 04 07   206   144 10167   360    26 -9999     0 -9999
2017 07 04 08   200   150 10163   360    26 -9999     0 -9999
2017 07 04 09   200   161 10167    20    21     6     0 -9999
2017 07 04 10   200   161 10169   350    26 -9999     0 -9999
2017 07 04 11   200   167 10174   350    15 -9999     0 -9999
2017 07 04 12   211   172 10177    30    21 -9999     0 -9999
2017 07 04 13   233   183 10176    40    26 -9999     0 -9999
2017 07 04 14   244   194 10177    70    36 -9999     0 -9999
2017 07 04 15   256   200 10176 -9999    26     6     0 -9999
2017 07 04 16   261   200 10177    60    36 -9999     0 -9999
2017 07 04 17   272   194 10178    80    46 -9999     0 -9999
2017 07 04 18   278   194 10178    50    51 -9999     0 -9999
2017 07 04 19   283   194 10176    80    46 -9999     0 -9999
2017 07 04 20   278   194 10176    60    51 -9999     0 -9999
2017 07 04 21   272   194 10173    60    51     6     0 -9999
2017 07 04 22   272   194 10169    50    62 -9999     0 -9999
2017 07 04 23   272   189 10167    60    57 -9999     0 -9999
2017 07 05 00   267   183 10168    60    41 -9999     0 -9999
2017 07 05 01   256   178 10172    30    36 -9999     0 -9999
2017 07 05 02   250   172 10175    60    41 -9999     0 -9999
2017 07 05 03   240   170 10181    60    31     6     0 -9999
2017 07 05 04   233   183 10182    80    31     4     0 -9999
2017 07 05 05   228   189 10182    40    15     4     0 -9999
2017 07 05 06   228   189 10180    40    15     4     0 -9999
2017 07 05 07   228   194 10181    80    21     4     0 -9999
2017 07 05 08   228   189 10179   130    31     2     0 -9999
2017 07 05 09   228   167 10180   140    26     2     0 -9999
2017 07 05 10   222   156 10186   120    21     2     0 -9999
2017 07 05 11   222   133 10191   120    26     4     0 -9999
2017 07 05 12   228   122 10192   130    26     4     0 -9999
2017 07 05 13   239   111 10192   140    36 -9999     0 -9999
2017 07 05 14   256   111 10189   150    46     4     0 -9999
2017 07 05 15   272   133 10188   140    31     6     0 -9999
2017 07 05 16   283   161 10188   120    36 -9999     0 -9999
2017 07 05 17   283   172 10184   140    26 -9999     0 -9999
2017 07 05 18   294   172 10178   150    26 -9999     0 -9999
2017 07 05 19   294   172 10173     0     0 -9999     0 -9999
2017 07 05 20   294   172 10173    80    62 -9999     0 -9999
2017 07 05 21   294   172 10171    70    57     6     0 -9999
2017 07 05 22   294   172 10168   100    57 -9999     0 -9999
2017 07 05 23   294   172 10164    90    57 -9999     0 -9999
2017 07 06 00   283   167 10164    90    41 -9999     0 -9999
2017 07 06 01   272   156 10167    90    41 -9999     0 -9999
2017 07 06 02   267   156 10158   120    36 -9999     0 -9999
2017 07 06 03   261   161 10160   120    21     6     0 -9999
2017 07 06 04   267   167 10159   180    15 -9999     0 -9999
2017 07 06 05   256   178 10158   210    21 -9999     0 -9999
2017 07 06 06   256   183 10155   220    21 -9999     0 -9999
2017 07 06 07   244   183 10152   200    26 -9999     0 -9999
2017 07 06 08   233   178 10150     0     0 -9999     0 -9999
2017 07 06 09   239   178 10149     0     0     4     0 -9999
2017 07 06 10   228   178 10155   250    15 -9999     0 -9999
2017 07 06 11   222   183 10156   310    15 -9999     0 -9999
2017 07 06 12   239   189 10154     0     0     4     0 -9999
2017 07 06 13   261   200 10155   290    26     2     0 -9999
2017 07 06 14   272   194 10153   320    46     2     0 -9999
2017 07 06 15   289   194 10151   290    46     2     0 -9999
2017 07 06 16   306   189 10144   310    41     2     0 -9999
2017 07 06 17   311   183 10136 -9999    21     2     0 -9999
2017 07 06 18   322   183 10134 -9999    26     4     0 -9999
2017 07 06 19   322   167 10132 -9999    15 -9999     0 -9999
2017 07 06 20   322   183 10129    90    36 -9999     0 -9999
2017 07 06 21   317   178 10123    80    41     6     0 -9999
2017 07 06 22   322   183 10116   140    26 -9999     0 -9999
2017 07 06 23   333   183 10111   220    51 -9999     0 -9999
2017 07 07 00   328   189 10109   270    46     2     0 -9999
2017 07 07 01   311   194 10112   270    62     2     0 -9999
2017 07 07 02   300   194 10110   260    46     2     0 -9999
2017 07 07 03   289   200 10113   240    31     2     0 -9999
2017 07 07 04   278   206 10113   240    36     2     0 -9999
2017 07 07 05   278   206 10115   240    46     4     0 -9999
2017 07 07 06   272   206 10108   240    41     4     0 -9999
2017 07 07 07   272   206 10104   250    46 -9999     0 -9999
2017 07 07 08   278   194 10106   320    51 -9999     0 -9999
2017 07 07 09   261   206 10102   270    31     4     0 -9999
2017 07 07 10   256   211 10096   210    31     4     0 -9999
2017 07 07 11   250   211 10096   230    31     4     0 -9999
2017 07 07 12   250   217 10095   230    41 -9999     0 -9999
2017 07 07 13   272   217 10094   280    36 -9999     0 -9999
2017 07 07 14   261   217 10099   320    41 -9999     0 -9999
2017 07 07 15   272   211 10094    20    36     8     0 -9999
2017 07 07 16   278   217 10095   300    41 -9999     0 -9999
2017 07 07 17   283   200 10093    10    21 -9999     0 -9999
2017 07 07 18   294   206 10090   320    62 -9999     0 -9999
2017 07 07 19   300   189 10086    30    67     4    -1 -9999
2017 07 07 20   294   189 10095    40    57     4     0 -9999
2017 07 07 21   272   178 10101    50    62     4     0 -9999
2017 07 07 22   267   167 10104    20    67     2     0 -9999
2017 07 07 23   261   172 10103    10    72     2     0 -9999
2017 07 08 00   250   156 10108    30    46     2     0    -1
2017 07 08 01   244   139 10109    40    31     2     0 -9999
2017 07 08 02   239   144 10114    40    15     2     0 -9999
2017 07 08 03   233   144 10123    10    77     6     0 -9999
2017 07 08 04   206   144 10129    10    41     4     0 -9999
2017 07 08 05   206   144 10126   350    21 -9999    -1 -9999
2017 07 08 06   194   133 10123   270    15     2     0    -1
2017 07 08 07   194   144 10125   300    15     2     0 -9999
2017 07 08 08   194   144 10133   340    46     2     0 -9999
2017 07 08 09   183   150 10138   340    36     0     0 -9999
2017 07 08 10   178   144 10142   350    36     2     0 -9999
2017 07 08 11   178   144 10144   350    36     2     0 -9999
2017 07 08 12   189   150 10150   360    41     2     0 -9999
2017 07 08 13   206   133 10156    20    57     2     0 -9999
2017 07 08 14   217   133 10162    20    26     2     0 -9999
2017 07 08 15   233   128 10166   350    46     4     0 -9999
2017 07 08 16   228   133 10168   310    31 -9999     0 -9999
2017 07 08 17   239   128 10168    30    36 -9999     0 -9999
2017 07 08 18   233   122 10166    30    41 -9999     0 -9999
2017 07 08 19   239   111 10165    90    57     4     0 -9999
2017 07 08 20   256   117 10162    60    46     4     0 -9999
2017 07 08 21   244   106 10162    90    57     4     0 -9999
2017 07 08 22   244    89 10161    70    46     4     0 -9999
2017 07 08 23   244    94 10160    50    41     2     0 -9999
2017 07 09 00   239   100 10159    70    36     2     0 -9999
2017 07 09 01   228    94 10161    90    26     2     0 -9999
2017 07 09 02   222   100 10163   120    15     2     0 -9999
2017 07 09 03   222   100 10170   150    21     0     0 -9999
2017 07 09 04   211   100 10170   190    21     0     0 -9999
2017 07 09 05   206   100 10171   210    21     2     0 -9999
2017 07 09 06   194    94 10169   210    31     2     0 -9999
2017 07 09 07   189    94 10167   210    21     2     0 -9999
2017 07 09 08   183    83 10168   210    36     0     0 -9999
2017 07 09 09   178    72 10168   200    21     0     0 -9999
2017 07 09 10   172    78 10168   240    31     2     0 -9999
2017 07 09 11   178    78 10170   220    31     2     0 -9999
2017 07 09 12   189   100 10168   210    46     2     0 -9999
2017 07 09 13   217   128 10173   200    46     2     0 -9999
2017 07 09 14   239   128 10171   230    41     2     0 -9999
2017 07 09 15   261   128 10169   220    41     2     0 -9999
2017 07 09 16   272   122 10166   190    41     4     0 -9999
2017 07 09 17   283   122 10162   210    36 -9999     0 -9999
2017 07 09 18   283   122 10158   210    36 -9999     0 -9999
2017 07 09 19   294   128 10148   160    41 -9999     0 -9999
2017 07 09 20   289   133 10144   220    36 -9999     0 -9999
2017 07 09 21   300   144 10141   180    67     6     0 -9999
2017 07 09 22   294   156 10135   210    51 -9999     0 -9999
2017 07 09 23   300   161 10125   210    62 -9999     0 -9999
2017 07 10 00   294   167 10119   180    51 -9999     0 -9999
2017 07 10 01   289   172 10116   190    41 -9999     0 -9999
2017 07 10 02   283   178 10114   170    41 -9999     0 -9999
2017 07 10 03   272   189 10117   170    46     6     0 -9999
2017 07 10 04   267   200 10110   180    57 -9999     0 -9999
2017 07 10 05   256   200 10107   190    41     4     0 -9999
2017 07 10 06   250   200 10101   180    36     4     0 -9999
2017 07 10 07   250   206 10093   170    36 -9999     0 -9999
2017 07 10 08   250   200 10096   210    36 -9999     0 -9999
2017 07 10 09   256   206 10090   210    41     8     0 -9999
2017 07 10 10   250   211 10086   190    31 -9999    -1 -9999
2017 07 10 11   233   211 10101   320   108 -9999    13 -9999
2017 07 10 12   200   190 10107   360    51 -9999    33    43
2017 07 10 13   200   194 10088   130    62 -9999    53 -9999
2017 07 10 14   217   194 10088   340    46 -9999    -1 -9999
2017 07 10 15   233   194 10100   290    36     8     0 -9999
2017 07 10 16   244   194 10094   240    36 -9999     0 -9999
2017 07 10 17   256   189 10093   240    51 -9999     0 -9999
2017 07 10 18   261   183 10089   260    26 -9999     0    56
2017 07 10 19   278   194 10085   220    51 -9999     0 -9999
2017 07 10 20   283   206 10083   200    51 -9999     0 -9999
2017 07 10 21   272   217 10082   200    36     8    -1 -9999
2017 07 10 22   283   217 10079   220    41 -9999    -1 -9999
2017 07 10 23   283   217 10077   210    51 -9999     0 -9999
2017 07 11 00   283   222 10078   230    51 -9999     0    -1
2017 07 11 01   261   217 10077    10    46 -9999     0 -9999
2017 07 11 02   250   211 10082    30    15 -9999     0 -9999
2017 07 11 03   244   211 10093    30    21     4     0 -9999
2017 07 11 04   244   211 10088   350    21     4     0 -9999
2017 07 11 05   239   211 10088   240    15     2     0 -9999
2017 07 11 06   244   211 10089     0     0     4     0 -9999
2017 07 11 07   244   211 10087     0     0 -9999     0 -9999
2017 07 11 08   244   211 10088   120    15 -9999     0 -9999
2017 07 11 09   239   211 10088     0     0     2     0 -9999
2017 07 11 10   233   211 10094   330    26     2     0 -9999
2017 07 11 11   222   211 10098   260    15 -9999     0 -9999
2017 07 11 12   233   211 10099   340    31     4     0 -9999
2017 07 11 13   250   211 10103     0     0 -9999     0 -9999
2017 07 11 14   256   211 10105     0     0 -9999     0 -9999
2017 07 11 15   261   217 10105     0     0     8     0 -9999
2017 07 11 16   261   217 10105   110    21 -9999     0 -9999
2017 07 11 17   272   211 10102    80    26 -9999     0 -9999
2017 07 11 18   289   217 10107 -9999    26 -9999     0 -9999
2017 07 11 19   294   222 10109   120    15 -9999     0 -9999
2017 07 11 20   294   211 10108   210    46 -9999     0 -9999
2017 07 11 21   278   228 10106   200    57     6    -1 -9999
2017 07 11 22   267   222 10112   240    57 -9999    -1 -9999
2017 07 11 23   267   222 10119   230    51 -9999     0 -9999
2017 07 12 00   267   222 10113   220    41 -9999     0    -1
2017 07 12 01   267   211 10111   220    46 -9999     0 -9999
2017 07 12 02   261   211 10111   210    41 -9999     0 -9999
2017 07 12 03   267   211 10105   170    36     6     0 -9999
2017 07 12 04   267   217 10110   170    31 -9999     0 -9999
2017 07 12 05   261   228 10114   190    46 -9999    -1 -9999
2017 07 12 06   261   239 10106   140    21 -9999     5     5
2017 07 12 07   261   239 10105   190    21 -9999     8 -9999
2017 07 12 08   267   233 10105   180    46     2    -1 -9999
2017 07 12 09   261   222 10110   210    41     8     0 -9999
2017 07 12 10   256   222 10114   180    31 -9999     0 -9999
2017 07 12 11   228   211 10117    90    57 -9999     0 -9999
2017 07 12 12   233   211 10114   110    41 -9999     0     8
2017 07 12 13   256   194 10118   180    36 -9999     0 -9999
2017 07 12 14   250   194 10116   170    31 -9999     0 -9999
2017 07 12 15   256   206 10127   280    26     8    -1 -9999
2017 07 12 16   210   190 10136   240    36 -9999   145 -9999
2017 07 12 17   228   211 10133   200    57 -9999    -1 -9999
2017 07 12 18   228   206 10135   210    57 -9999     3   152
2017 07 12 19   228   211 10120   180    46 -9999    18 -9999
2017 07 12 20   244   217 10107   180    41 -9999     3 -9999
2017 07 12 21   256   217 10106   200    62     6     0 -9999
2017 07 12 22   261   222 10109   190    67 -9999     0 -9999
2017 07 12 23   261   228 10113   230    41 -9999    -1 -9999
2017 07 13 00   261   228 10117   250    15 -9999     0    20
2017 07 13 01   261   233 10119   180    15 -9999     0 -9999
2017 07 13 02   267   233 10115   160    26 -9999     0 -9999
2017 07 13 03   261   233 10115   180    26     6     0 -9999
2017 07 13 04   256   239 10111   170    31 -9999     0 -9999
2017 07 13 05   256   239 10122   210    51 -9999    -1 -9999
2017 07 13 06   256   228 10125   220    88 -9999     5     5
2017 07 13 07   250   217 10112   240    46 -9999     0 -9999
2017 07 13 08   239   217 10112   220    41 -9999     0 -9999
2017 07 13 09   233   217 10114   230    36     6     0 -9999
2017 07 13 10   239   211 10122   250    26 -9999     0 -9999
2017 07 13 11   233   211 10128   230    31 -9999     0 -9999
2017 07 13 12   233   217 10135   240    36 -9999     0 -9999
2017 07 13 13   239   217 10144   250    51 -9999     0 -9999
2017 07 13 14   244   217 10146   260    46 -9999     0 -9999
2017 07 13 15   250   211 10144   280    46     8     0 -9999
2017 07 13 16   256   200 10143   260    51 -9999     0 -9999
2017 07 13 17   261   194 10146   260    36 -9999     0 -9999
2017 07 13 18   267   194 10146   250    62 -9999     0 -9999
2017 07 13 19   278   183 10145   260    57 -9999     0 -9999
2017 07 13 20   283   178 10146   260    57 -9999     0 -9999
2017 07 13 21   289   183 10147   290    57     6     0 -9999
2017 07 13 22   278   183 10148   290    41 -9999     0 -9999
2017 07 13 23   278   183 10144   300    51 -9999     0 -9999
2017 07 14 00   278   167 10145   280    46     4     0 -9999
2017 07 14 01   272   172 10150   300    51     2     0 -9999
2017 07 14 02   256   172 10148   300    41     2     0 -9999
2017 07 14 03   250   178 10157   280    31     2     0 -9999
2017 07 14 04   239   183 10157   280    36     2     0 -9999
2017 07 14 05   233   183 10158   280    26     0     0 -9999
2017 07 14 06   228   183 10161   270    21     0     0 -9999
2017 07 14 07   217   183 10161   300    26     2     0 -9999
2017 07 14 08   222   189 10164   340    31     2     0 -9999
2017 07 14 09   217   194 10167   360    41     6     0 -9999
2017 07 14 10   211   189 10171   330    26 -9999     0 -9999
2017 07 14 11   206   172 10173   320    41     4     0 -9999
2017 07 14 12   200   172 10180   320    36 -9999     0 -9999
2017 07 14 13   200   150 10184   310    51 -9999     0 -9999
2017 07 14 14   211   144 10186   330    57 -9999     0 -9999
2017 07 14 15   206   139 10186   300    46     6     0 -9999
2017 07 14 16   200   133 10191   320    57 -9999     0 -9999
2017 07 14 17   211   133 10191   320    41 -9999     0 -9999
2017 07 14 18   228   133 10191   330    31 -9999     0 -9999
2017 07 14 19   228   139 10192   310    46 -9999     0 -9999
2017 07 14 20   228   139 10191   350    46 -9999     0 -9999
2017 07 14 21   239   144 10188   340    31     6     0 -9999
2017 07 14 22   222   150 10190    10    51 -9999     0 -9999
2017 07 14 23   222   144 10191   340    46 -9999     0 -9999
2017 07 15 00   217   144 10195   330    31 -9999     0 -9999
2017 07 15 01   211   150 10197    30    36 -9999     0 -9999
2017 07 15 02   211   144 10198   310    26 -9999     0 -9999
2017 07 15 03   200   150 10201    50    26     4     0 -9999
2017 07 15 04   194   144 10202   300    21     4     0 -9999
2017 07 15 05   189   150 10202   280    15     2     0 -9999
2017 07 15 06   178   144 10203   300    21     0     0 -9999
2017 07 15 07   172   144 10202   300    21     0     0 -9999
2017 07 15 08   172   144 10204   310    21     0     0 -9999
2017 07 15 09   167   144 10201   300    15     0     0 -9999
2017 07 15 10   161   139 10203   300    15     0     0 -9999
2017 07 15 11   167   144 10207   280    15     2     0 -9999
2017 07 15 12   178   150 10212   320    21     2     0 -9999
2017 07 15 13   200   156 10212   320    21     2     0 -9999
2017 07 15 14   222   156 10206     0     0     2     0 -9999
2017 07 15 15   228   144 10206 -9999    21     2     0 -9999
2017 07 15 16   244   139 10206     0     0     4     0 -9999
2017 07 15 17   250   139 10197 -9999    21     4     0 -9999
2017 07 15 18   256   144 10192   220    41     4     0 -9999
2017 07 15 19   261   156 10186 -9999    21 -9999     0 -9999
2017 07 15 20   272   161 10181   230    51 -9999     0 -9999
2017 07 15 21   272   161 10171   220    41     6     0 -9999
2017 07 15 22   278   167 10166   230    62 -9999     0 -9999
2017 07 15 23   261   167 10161   210    57 -9999     0 -9999
2017 07 16 00   261   172 10158   230    51 -9999     0 -9999
2017 07 16 01   256   167 10153   230    46     4     0 -9999
2017 07 16 02   244   172 10149   240    31     2     0 -9999
2017 07 16 03   239   172 10155   230    31     2     0 -9999
2017 07 16 04   233   172 10153   220    31     0     0 -9999
2017 07 16 05   222   178 10155   210    31     2     0 -9999
2017 07 16 06   222   178 10160   240    41     4     0 -9999
2017 07 16 07   222   178 10149 -9999    21 -9999     0 -9999
2017 07 16 08   222   178 10143   230    51 -9999     0 -9999
2017 07 16 09   261   139 10106   240   118     8    -1 -9999
2017 07 16 10   228   167 10135   360    93 -9999    -1 -9999
2017 07 16 11   217   178 10152    20    46 -9999     0 -9999
2017 07 16 12   222   183 10152   360    31 -9999     0    -1
2017 07 16 13   228   183 10158   360    41 -9999     0 -9999
2017 07 16 14   228   178 10160    10    31 -9999     0 -9999
2017 07 16 15   228   178 10158   360    57     8     0 -9999
2017 07 16 16   222   178 10159    30    46 -9999     0 -9999
2017 07 16 17   228   178 10159    40    62 -9999     0 -9999
2017 07 16 18   217   172 10164    30    62 -9999     0 -9999
2017 07 16 19   222   167 10163    20    51 -9999     0 -9999
2017 07 16 20   228   167 10164    30    67 -9999     0 -9999
2017 07 16 21   222   161 10162    10    57     6     0 -9999
2017 07 16 22   228   161 10158    20    62 -9999     0 -9999
2017 07 16 23   222   133 10157    10    88 -9999     0 -9999
2017 07 17 00   217   144 10155    20    67 -9999     0 -9999
2017 07 17 01   206   150 10156    10    77     4     0 -9999
2017 07 17 02   194   150 10160    20    51     2     0 -9999
2017 07 17 03   189   144 10166    10    31     2     0 -9999
2017 07 17 04   189   144 10168    20    36     0     0 -9999
2017 07 17 05   189   122 10168    30    41     0     0 -9999
2017 07 17 06   183   122 10165    20    31     0     0 -9999
2017 07 17 07   178   139 10161    10    36     0     0 -9999
2017 07 17 08   172   139 10164   350    26     2     0 -9999
2017 07 17 09   161   139 10159   330    26     2     0 -9999
2017 07 17 10   144   133 10163   300    15     2     0 -9999
2017 07 17 11   150   139 10166   310    21     2     0 -9999
2017 07 17 12   167   150 10168   330    21     4     0 -9999
2017 07 17 13   189   150 10172    10    36     4     0 -9999
2017 07 17 14   206   156 10173   340    31     4     0 -9999
2017 07 17 15   228   150 10174    30    36     2     0 -9999
2017 07 17 16   239   139 10172    10    31     2     0 -9999
2017 07 17 17   250   128 10171    40    36     2     0 -9999
2017 07 17 18   244   156 10170    30    46     2     0 -9999
2017 07 17 19   250   144 10168   360    31     2     0 -9999
2017 07 17 20   244   144 10164    50    36 -9999     0 -9999
2017 07 17 21   256   128 10163 -9999    31     6     0 -9999
2017 07 17 22   261   139 10162    40    26 -9999     0 -9999
2017 07 17 23   244   161 10164    90    41     4     0 -9999
2017 07 18 00   228   156 10161    90    36     4     0 -9999
2017 07 18 01   222   156 10162    90    36     4     0 -9999
2017 07 18 02   206   161 10157   100    36     4     0 -9999
2017 07 18 03   200   161 10158    80    26     4     0 -9999
2017 07 18 04   200   167 10166    50    15     4     0 -9999
2017 07 18 05   200   167 10168    90    26     2     0 -9999
2017 07 18 06   200   172 10172    80    21     0     0 -9999
2017 07 18 07   194   172 10171    30    15     0     0 -9999
2017 07 18 08   194   167 10172   350    15     0     0 -9999
2017 07 18 09   172   161 10169     0     0     0     0 -9999
2017 07 18 11   183   167 10167     0     0     4     0 -9999
2017 07 18 12   194   172 10172     0     0 -9999     0 -9999
2017 07 18 13   217   172 10172     0     0     4     0 -9999
2017 07 18 14   244   144 10174     0     0     4     0 -9999
2017 07 18 15   261   139 10179     0     0     4     0 -9999
2017 07 18 16   272   133 10179   210    15     2     0 -9999
2017 07 18 17   283   122 10178     0     0     2     0 -9999
2017 07 18 18   294   122 10172     0     0     2     0 -9999
2017 07 18 19   311   122 10167   230    36     2     0 -9999
2017 07 18 20   317   150 10162   140    15     2     0 -9999
2017 07 18 21   311   144 10159   100    31     2     0 -9999
2017 07 18 22   317   139 10156    90    31     4     0 -9999
2017 07 18 23   317   139 10154    60    21 -9999     0 -9999
2017 07 19 00   311   156 10151   200    46 -9999     0 -9999
2017 07 19 01   300   161 10153   210    51 -9999     0 -9999
2017 07 19 02   278   167 10162   210    51 -9999     0 -9999
2017 07 19 03   272   167 10165   220    36     6     0 -9999
2017 07 19 04   267   167 10164   220    36 -9999     0 -9999
2017 07 19 05   261   178 10165   220    26     4     0 -9999
2017 07 19 06   256   183 10168   240    36     4     0 -9999
2017 07 19 07   239   189 10167   230    15     4     0 -9999
2017 07 19 08   239   189 10164   250    15     2     0 -9999
2017 07 19 09   239   189 10164   260    26     4     0 -9999
2017 07 19 10   233   189 10165   260    15     4     0 -9999
2017 07 19 11   233   189 10167   230    26     2     0 -9999
2017 07 19 12   239   194 10174   250    26     2     0 -9999
2017 07 19 13   256   200 10179   280    41     4     0 -9999
2017 07 19 14   267   200 10182   300    36 -9999     0 -9999
2017 07 19 15   278   211 10182   320    31     4     0 -9999
2017 07 19 16   294   211 10181   340    41 -9999     0 -9999
2017 07 19 17   306   217 10175   310    26     4     0 -9999
2017 07 19 18   311   217 10171    10    26 -9999     0 -9999
2017 07 19 19   294   211 10172    90    57     2     0 -9999
2017 07 19 20   294   206 10173    70    46     2     0 -9999
2017 07 19 21   289   206 10174    70    51     4     0 -9999
2017 07 19 22   278   206 10169    70    51 -9999     0 -9999
2017 07 19 23   278   206 10166    70    41 -9999     0 -9999
2017 07 20 00   272   206 10162    90    36 -9999     0 -9999
2017 07 20 01   261   206 10163    90    36 -9999     0 -9999
2017 07 20 02   256   200 10161    90    31 -9999     0 -9999
2017 07 20 03   256   206 10173    80    21     6     0 -9999
2017 07 20 04   222   194 10172    10    36 -9999    41 -9999
2017 07 20 05   222   200 10177 -9999    15 -9999     8 -9999
2017 07 20 06   222   200 10144   140    21 -9999     3    51
2017 07 20 07   222   200 10149   200    36 -9999     0 -9999
2017 07 20 08   217   200 10144   200    31 -9999     0 -9999
2017 07 20 09   217   200 10144   230    31     8     0 -9999
2017 07 20 10   217   200 10158   270    15 -9999     0 -9999
2017 07 20 11   222   200 -9999   330    36 -9999    27 -9999
2017 07 20 12   217   206 10168    60    26 -9999    79   112
2017 07 20 13   217   206 10182   360    31 -9999    69 -9999
2017 07 20 14   217   211 10169   200    57 -9999    91 -9999
2017 07 20 15   222   211 10148   200    57     8     0 -9999
2017 07 20 16   256   217 10138   220    67 -9999     0 -9999
2017 07 20 17   289   222 10132   230    67 -9999     0 -9999
2017 07 20 18   306   233 10129   250    77     4     0   165
2017 07 20 19   317   233 10127   240    62     4     0 -9999
2017 07 20 20   311   233 10128   290    62 -9999     0 -9999
2017 07 20 21   306   233 10130   320    51     8     0 -9999
2017 07 20 22   283   217 10133    90    51 -9999     0 -9999
2017 07 20 23   283   222 10132    90    36 -9999     0 -9999
2017 07 21 00   278   217 10134   110    31 -9999     0 -9999
2017 07 21 01   267   211 10135    80    46 -9999     0 -9999
2017 07 21 02   267   211 10138    90    36 -9999     0 -9999
2017 07 21 03   261   211 10137    50    26     6     0 -9999
2017 07 21 04   261   206 10135   100    26     4     0 -9999
2017 07 21 05   261   206 10135    80    26 -9999     0 -9999
2017 07 21 06   256   206 10131    50    26 -9999     0 -9999
2017 07 21 07   256   206 10137     0     0 -9999     0 -9999
2017 07 21 08   256   206 10140   180    26 -9999     0 -9999
2017 07 21 09   244   211 10135     0     0     8     0 -9999
2017 07 21 10   239   217 10144   280    21 -9999     0 -9999
2017 07 21 11   244   217 10144   360    21 -9999     0 -9999
2017 07 21 12   250   217 10134    50    31 -9999     0 -9999
2017 07 21 13   267   211 10135    90    31 -9999     0 -9999
2017 07 21 14   278   211 10143   160    31 -9999     0 -9999
2017 07 21 15   283   211 10143   170    26     6     0 -9999
2017 07 21 16   289   211 10146 -9999    21 -9999     0 -9999
2017 07 21 17   294   217 10146   160    36 -9999     0 -9999
2017 07 21 18   294   217 10137   150    36 -9999     0 -9999
2017 07 21 19   311   217 10132 -9999    31 -9999     0 -9999
2017 07 21 20   317   206 10124   160    41 -9999     0 -9999
2017 07 21 21   317   206 10120   190    36     6     0 -9999
2017 07 21 22   311   211 -9999   180    36 -9999     0 -9999
2017 07 21 23   283   211 10115    30    62 -9999     0 -9999
2017 07 22 00   283   222 10107    80    57 -9999     0 -9999
2017 07 22 01   272   217 10101    90    51 -9999     0 -9999
2017 07 22 02   239   222 -9999   130    36 -9999    -1 -9999
2017 07 22 03   239   228 10109   110    26     8    48 -9999
2017 07 22 04   250   233 10103   150    31 -9999    23 -9999
2017 07 22 05   239   222 10098   190    51 -9999    25 -9999
2017 07 22 06   233   222 10094   190    46 -9999    20   305
2017 07 22 07   233   222 10092   210    31 -9999    10 -9999
2017 07 22 08   230   220 10084    70    26 -9999     8 -9999
2017 07 22 09   228   217 10098   260    41     8    33 -9999
2017 07 22 10   228   217 10084   240    67 -9999    33 -9999
2017 07 22 11   228   217 10069   190    67 -9999    20 -9999
2017 07 22 12   222   211 10083   250    51 -9999    10 -9999
2017 07 22 13   228   194 10044   180    82 -9999     8 -9999
2017 07 22 14   233   206 10075    70    26 -9999     0 -9999
2017 07 22 15   250   206 10091   320    31     6     0 -9999
2017 07 22 16   256   200 10090   330    36 -9999     0 -9999
2017 07 22 17   267   200 10092 -9999    26 -9999     0 -9999
2017 07 22 18   278   200 10088   260    26 -9999     0     8
2017 07 22 19   294   206 10085   310    31 -9999     0 -9999
2017 07 22 20   294   200 10081   330    46 -9999     0 -9999
2017 07 22 21   300   211 10079   310    36     6     0 -9999
2017 07 22 22   289   211 10078 -9999    15 -9999     0 -9999
2017 07 22 23   283   217 10077    90    51 -9999     0 -9999
2017 07 23 00   283   211 10076   100    36 -9999     0 -9999
2017 07 23 01   272   206 10080    90    26 -9999     0 -9999
2017 07 23 02   267   206 10083    60    26     4     0 -9999
2017 07 23 03   256   206 10087   110    26     6     0 -9999
2017 07 23 04   250   206 10085    70    26     4     0 -9999
2017 07 23 05   244   211 10080   100    21     2     0 -9999
2017 07 23 06   239   211 10078   160    21     2     0 -9999
2017 07 23 07   239   211 10074   140    15     4     0 -9999
2017 07 23 08   239   211 10074     0     0 -9999     0 -9999
2017 07 23 09   239   211 10072   330    15     4     0 -9999
2017 07 23 10   233   211 10073   210    21     4     0 -9999
2017 07 23 11   233   211 10079     0     0     2     0 -9999
2017 07 23 12   239   217 10081   250    15 -9999     0 -9999
2017 07 23 13   256   217 10081   250    26 -9999     0 -9999
2017 07 23 14   267   228 10081     0     0 -9999     0 -9999
2017 07 23 15   289   228 10077   300    31     6     0 -9999
2017 07 23 16   300   206 10077   340    41     4     0 -9999
2017 07 23 17   311   189 10079   310    51     4     0 -9999
2017 07 23 18   322   150 10075   360    36     2     0 -9999
2017 07 23 19   322   161 10071   310    41     4     0 -9999
2017 07 23 20   322   161 10069   280    77     4     0 -9999
2017 07 23 21   311   172 10065   290    46     6     0 -9999
2017 07 23 22   311   150 10070   310    57 -9999     0 -9999
2017 07 23 23   230   190 10080   270    21 -9999     8 -9999
2017 07 24 00   244   172 10082     0     0 -9999    -1     8
2017 07 24 01   239   178 10087   330    41 -9999     0 -9999
2017 07 24 02   228   178 10088   310    36     4     0 -9999
2017 07 24 03   222   178 10091   320    26     4     0 -9999
2017 07 24 04   228   183 10097   350    41     4     0 -9999
2017 07 24 05   228   189 10104    10    36     4     0 -9999
2017 07 24 06   217   183 10113    20    57 -9999     0 -9999
2017 07 24 07   211   178 10114    10    41 -9999     0 -9999
2017 07 24 08   211   167 10118   360    51 -9999     0 -9999
2017 07 24 09   211   167 10122    20    51     8     0 -9999
2017 07 24 10   206   161 10128    10    67 -9999     0 -9999
2017 07 24 11   206   156 10136    20    67 -9999     0 -9999
2017 07 24 12   206   156 10139    10    62     2     0 -9999
2017 07 24 13   206   161 10147   350    51 -9999     0 -9999
2017 07 24 14   211   156 10150    10    57 -9999     0 -9999
2017 07 24 15   222   150 10154    20    72     6     0 -9999
2017 07 24 16   217   156 -9999    20    67 -9999     0 -9999
2017 07 24 17   217   150 10163    10    62 -9999     0 -9999
2017 07 24 18   222   139 10168    30    51 -9999     0 -9999
2017 07 24 19   233   144 10165    30    57 -9999     0 -9999
2017 07 24 20   228   144 10166    20    67 -9999     0 -9999
2017 07 24 21   228   144 10168    30    51     4     0 -9999
2017 07 24 22   228   150 10168    60    57     4     0 -9999
2017 07 24 23   222   150 10170    50    62     2     0 -9999
2017 07 25 00   217   150 10175    30    46     4     0 -9999
2017 07 25 01   211   150 10176    30    31 -9999     0 -9999
2017 07 25 02   211   156 10180    40    41 -9999     0 -9999
2017 07 25 03   206   144 10186    50    36     4     0 -9999
2017 07 25 04   206   156 10189    50    36     2     0 -9999
2017 07 25 05   206   161 10190    60    26     2     0 -9999
2017 07 25 06   206   161 10195    40    36     2     0 -9999
2017 07 25 07   200   167 10193   100    26     2     0 -9999
2017 07 25 08   206   167 10196    90    15     2     0 -9999
2017 07 25 09   194   167 10203   130    21     2     0 -9999
2017 07 25 10   189   167 10206   130    15     2     0 -9999
2017 07 25 11   189   161 10209   130    26     2     0 -9999
2017 07 25 12   194   156 10214   150    21     2     0 -9999
2017 07 25 13   211   150 10217   150    41     2     0 -9999
2017 07 25 14   228   139 10220   140    51     2     0 -9999
2017 07 25 15   239   128 10221   170    51     2     0 -9999
2017 07 25 16   250   133 10216   170    46     2     0 -9999
2017 07 25 17   256   139 10221   170    31     2     0 -9999
2017 07 25 18   267   128 10216   140    51     2     0 -9999
2017 07 25 19   267   111 10214   140    26     4     0 -9999
2017 07 25 20   272   128 10211   140    36     4     0 -9999
2017 07 25 21   278   128 10207   120    41     6     0 -9999
2017 07 25 22   272   144 10197   100    67 -9999     0 -9999
2017 07 25 23   261   144 10192   110    62 -9999     0 -9999
2017 07 26 00   261   128 10191   130    62 -9999     0 -9999
2017 07 26 01   256   133 10191   160    41 -9999     0 -9999
2017 07 26 02   250   139 10199   150    36     4     0 -9999
2017 07 26 03   239   144 10202   140    26     4     0 -9999
2017 07 26 04   233   150 10196   140    31 -9999     0 -9999
2017 07 26 05   228   144 10189   160    46 -9999     0 -9999
2017 07 26 06   222   144 10188   160    31 -9999     0 -9999
2017 07 26 07   217   150 10193   170    31 -9999     0 -9999
2017 07 26 08   211   150 10188   160    36 -9999     0 -9999
2017 07 26 09   211   156 10187   160    31     6     0 -9999
2017 07 26 10   206   156 10185   170    26 -9999     0 -9999
2017 07 26 11   206   156 10181   180    31 -9999     0 -9999
2017 07 26 12   206   156 10181   180    31 -9999     0 -9999
2017 07 26 13   217   161 10181   190    31 -9999     0 -9999
2017 07 26 14   233   167 10180   220    36 -9999     0 -9999
2017 07 26 15   261   189 10175   200    31     6     0 -9999
2017 07 26 16   261   189 10172   200    41 -9999     0 -9999
2017 07 26 17   278   200 10168   200    36 -9999     0 -9999
2017 07 26 18   289   211 10161   200    41 -9999     0 -9999
2017 07 26 19   289   211 10157   250    46 -9999     0 -9999
2017 07 26 20   294   211 10153   220    41 -9999     0 -9999
2017 07 26 21   289   206 10151   220    36     8     0 -9999
2017 07 26 22   283   206 10145   200    36 -9999     0 -9999
2017 07 26 23   283   211 10139   170    46 -9999     0 -9999
2017 07 27 00   278   211 10134   160    26 -9999     0 -9999
2017 07 27 01   278   211 10141   180    26 -9999     0 -9999
2017 07 27 02   272   217 10137   130    36 -9999     0 -9999
2017 07 27 03   272   222 10135   150    41     8     0 -9999
2017 07 27 04   267   222 10134   160    36 -9999     0 -9999
2017 07 27 05   256   222 10129   290    15 -9999     3 -9999
2017 07 27 06   250   228 10126   130    15 -9999    15    18
2017 07 27 07   250   222 10117     0     0 -9999    -1 -9999
2017 07 27 08   239   228 10113   190    26 -9999     0 -9999
2017 07 27 09   233   228 10114   240    26     8     0 -9999
2017 07 27 10   233   228 10123   300    15 -9999     0 -9999
2017 07 27 11   233   222 10124   330    31 -9999     0 -9999
2017 07 27 12   244   217 10120    30    21     4     0    -1
2017 07 27 13   244   217 10123   310    26 -9999     0 -9999
2017 07 27 14   267   211 10122   340    41 -9999     0 -9999
2017 07 27 15   261   211 10125    40    62     6     0 -9999
2017 07 27 16   272   211 10126    30    67 -9999     0 -9999
2017 07 27 17   267   211 10128    30    62 -9999     0 -9999
2017 07 27 18   272   211 10127    30    51 -9999     0 -9999
2017 07 27 19   272   211 10125   360    57     4     0 -9999
2017 07 27 20   267   206 10124    20    51     4     0 -9999
2017 07 27 21   272   206 10124    10    67     4     0 -9999
2017 07 27 22   267   189 10123    30    72     2     0 -9999
2017 07 27 23   261   167 10123    10    72     2     0 -9999
2017 07 28 00   250   161 10126    10    82     2     0 -9999
2017 07 28 01   233   167 10129   360    82     4     0 -9999
2017 07 28 02   222   167 10127   360    62     4     0 -9999
2017 07 28 03   222   167 10127    10    62     2     0 -9999
2017 07 28 04   222   167 10124   360    41     2     0 -9999
2017 07 28 05   222   167 10126    10    51     2     0 -9999
2017 07 28 06   222   178 10125    10    51     2     0 -9999
2017 07 28 07   222   183 10125   360    51 -9999     0 -9999
2017 07 28 08   217   183 10125    10    51     2     0 -9999
2017 07 28 09   217   183 10123    10    57     2     0 -9999
2017 07 28 10   211   183 10125    10    57     2     0 -9999
2017 07 28 11   211   189 10127    20    31     4     0 -9999
2017 07 28 12   222   189 10135    30    62 -9999     0 -9999
2017 07 28 13   233   172 10139    20    88 -9999     0 -9999
2017 07 28 14   239   172 10142    20    77 -9999     0 -9999
2017 07 28 15   239   172 10144    10    62     6     0 -9999
2017 07 28 16   244   167 10148    20    57 -9999     0 -9999
2017 07 28 17   250   167 10147    50    67     2     0 -9999
2017 07 28 18   256   172 10149    40    62     2     0 -9999
2017 07 28 19   256   167 10148    30    77     2     0 -9999
2017 07 28 20   256   167 10146    40    77     4     0 -9999
2017 07 28 21   256   156 10148    20    62     2     0 -9999
2017 07 28 22   261   150 10146    20    77     2     0 -9999
2017 07 28 23   250   150 10147    10    82     2     0 -9999
2017 07 29 00   244   150 10150    10    82     2     0 -9999
2017 07 29 01   233   139 10150    20    72     2     0 -9999
2017 07 29 02   228   150 10152    10    72     2     0 -9999
2017 07 29 03   222   161 10154    20    46     2     0 -9999
2017 07 29 04   217   167 10155    10    41     2     0 -9999
2017 07 29 05   217   172 10157    20    46     2     0 -9999
2017 07 29 06   228   139 10159    80    57 -9999     0 -9999
2017 07 29 07   217   133 10165    70    51     4     0 -9999
2017 07 29 08   206    89 10168    60    46     2     0 -9999
2017 07 29 09   200   100 10171    60    36     0     0 -9999
2017 07 29 10   189   111 10175    60    46     0     0 -9999
2017 07 29 11   189   106 10181    60    51     2     0 -9999
2017 07 29 12   194   122 10185    60    67     2     0 -9999
2017 07 29 13   206   122 10192    60    77     2     0 -9999
2017 07 29 14   217   122 10198    50    82     4     0 -9999
2017 07 29 15   228   122 10199    60    82     4     0 -9999
2017 07 29 16   233   106 10200    70    72     4     0 -9999
2017 07 29 17   244   117 10198    60    82     4     0 -9999
2017 07 29 18   250   106 10197    70    77     2     0 -9999
2017 07 29 19   250   100 10196    70    46     2     0 -9999
2017 07 29 20   256   128 10195    30    62     2     0 -9999
2017 07 29 21   256   122 10194    50    51     2     0 -9999
2017 07 29 22   250   117 10194    60    41     2     0 -9999
2017 07 29 23   250   122 10191    30    46     2     0 -9999
2017 07 30 00   244   122 10191    20    62     2     0 -9999
2017 07 30 01   228   133 10190    20    57     0     0 -9999
2017 07 30 02   217   139 10192    30    36     0     0 -9999
2017 07 30 03   217   144 10196    30    31     0     0 -9999
2017 07 30 04   217   150 10197   340    21     0     0 -9999
2017 07 30 05   200   156 10199   330    26     0     0 -9999
2017 07 30 06   200   156 10202   330    26     0     0 -9999
2017 07 30 07   194   156 10204   330    26     0     0 -9999
2017 07 30 08   183   156 10205   320    21     0     0 -9999
2017 07 30 09   183   156 10208   300    15     0     0 -9999
2017 07 30 10   178   156 10213   340    15     2     0 -9999
2017 07 30 11   178   156 10216   330    15     2     0 -9999
2017 07 30 12   194   161 10217   330    21     2     0 -9999
2017 07 30 13   222   172 10218    10    21     2     0 -9999
2017 07 30 14   244   172 10219    20    21     2     0 -9999
2017 07 30 15   261   172 10218     0     0     2     0 -9999
2017 07 30 16   261   150 10217     0     0 -9999     0 -9999
2017 07 30 17   267   122 10219   340    15 -9999     0 -9999
2017 07 30 18   283   150 10218 -9999    21 -9999     0 -9999
2017 07 30 19   272   144 10219 -9999    31 -9999     0 -9999
2017 07 30 20   272   150 10216 -9999    31 -9999     0 -9999
2017 07 30 21   267   133 10211 -9999    15     6     0 -9999
2017 07 30 22   272   139 10209    90    51 -9999     0 -9999
2017 07 30 23   267   139 10209    60    46 -9999 -9999 -9999
2017 07 31 00   256   144 10209    80    41 -9999 -9999 -9999
2017 07 31 01   250   150 10206    90    31 -9999     0 -9999
2017 07 31 02   239   161 10206    90    21     4     0 -9999
2017 07 31 03   239   167 10209   110    21     6     0 -9999
2017 07 31 04   233   172 10209    80    21 -9999     0 -9999
2017 07 31 05   233   178 10211     0     0     4     0 -9999
2017 07 31 06   222   172 10209     0     0     4     0 -9999
2017 07 31 07   217   172 10209   280    15     4     0 -9999
2017 07 31 08   211   167 10209     0     0     4     0 -9999
2017 07 31 09   211   167 10211     0     0     4     0 -9999
2017 07 31 10   211   161 10212     0     0 -9999     0 -9999
2017 07 31 11   206   161 10215     0     0     4     0 -9999
2017 07 31 12   211   167 10219     0     0 -9999     0 -9999
2017 07 31 13   228   161 10221     0     0 -9999     0 -9999
2017 07 31 14   250   150 10221     0     0 -9999     0 -9999
2017 07 31 15   261   144 10220     0     0     4     0 -9999
2017 07 31 16   272   139 10218   170    31 -9999     0 -9999
2017 07 31 17   278   128 10215 -9999    21 -9999     0 -9999
2017 07 31 18   289   139 10212   190    31 -9999     0 -9999
2017 07 31 19   294   150 10203   220    36 -9999     0 -9999
2017 07 31 20   289   139 10200 -9999    21 -9999     0 -9999
2017 07 31 21   294   161 10195   120    36     6 -9999 -9999
2017 07 31 22   294   161 10190    90    41 -9999 -9999 -9999
2017 07 31 23   278   150 10190    70    57 -9999 -9999 -9999
2017 08 01 00   267   156 10190    90    46 -9999 -9999 -9999
2017 08 01 01   261   156 10187    80    26 -9999 -9999 -9999
2017 08 01 02   250   167 10191    80    31 -9999 -9999 -9999
2017 08 01 03   250   167 10190    90    15     6 -9999 -9999
2017 08 01 04   244   167 10188     0     0 -9999 -9999 -9999
2017 08 01 05   239   172 10187     0     0 -9999 -9999 -9999
2017 08 01 06   244   172 10188     0     0 -9999 -9999 -9999
2017 08 01 07   239   172 10187     0     0 -9999     0 -9999
2017 08 01 08   233   172 10184     0     0 -9999     0 -9999
2017 08 01 09   222   178 10183     0     0     6     0 -9999
2017 08 01 10   228   172 10180   190    21 -9999     0 -9999
2017 08 01 11   217   172 10182     0     0 -9999     0 -9999
2017 08 01 12   233   167 10182   160    15 -9999     0 -9999
2017 08 01 13   239   172 10187   200    26 -9999     0 -9999
2017 08 01 14   256   167 10184   190    31 -9999     0 -9999
2017 08 01 15   272   172 10182   230    51     4     0 -9999
2017 08 01 16   278   172 10178   280    26 -9999     0 -9999
2017 08 01 17   283   172 10172   200    31 -9999     0 -9999
2017 08 01 18   278   161 10168   250    36 -9999     0 -9999
2017 08 01 19   294   150 10161   210    31 -9999     0 -9999
2017 08 01 20   289   161 10157   210    51 -9999     0 -9999
2017 08 01 21   244   178 10160    40    31     6    -1 -9999
2017 08 01 22   261   183 10152     0     0 -9999    -1 -9999
2017 08 01 23   283   172 10152   230    26 -9999     0 -9999
2017 08 02 00   278   172 10151   230    46 -9999     0    -1
2017 08 02 01   272   183 10150   200    46 -9999     0 -9999
2017 08 02 02   261   189 10153   220    31     2     0 -9999
2017 08 02 03   244   178 10158   240    36     2     0 -9999
2017 08 02 04   233   183 10158   220    21     2     0 -9999
2017 08 02 05   228   178 10159   210    31     0     0 -9999
2017 08 02 06   222   178 10156   210    26     2     0 -9999
2017 08 02 07   217   183 10150   200    21     0     0 -9999
2017 08 02 08   206   183 10152   240    21     0     0 -9999
2017 08 02 09   211   183 10158   190    31     2     0 -9999
2017 08 02 10   206   183 10159   200    26     2     0 -9999
2017 08 02 11   200   183 10160   260    15     2     0 -9999
2017 08 02 12   211   183 10159   200    21     2     0 -9999
2017 08 02 13   222   189 10159   210    21     2     0 -9999
2017 08 02 14   244   189 10159   290    21     4     0 -9999
2017 08 02 15   261   189 10160   220    15     6     0 -9999
2017 08 02 16   278   183 10162 -9999    26 -9999     0 -9999
2017 08 02 17   272   156 10160     0     0 -9999     0 -9999
2017 08 02 18   294   172 10155   180    31 -9999     0 -9999
2017 08 02 19   294   167 10149   230    26 -9999     0 -9999
2017 08 02 20   294   161 10147   300    26 -9999     0 -9999
2017 08 02 21   300   178 10141    70    41     4     0 -9999
2017 08 02 22   300   161 10139   300    31 -9999     0 -9999
2017 08 02 23   283   183 10140    60    46 -9999     0 -9999
2017 08 03 00   272   183 10143    40    57 -9999    -1    -1
2017 08 03 01   256   194 10149   340    62 -9999     0 -9999
2017 08 03 02   239   211 10152    40    57 -9999    -1 -9999
2017 08 03 03   239   211 10160    50    41     6     0 -9999
2017 08 03 04   233   200 10158    40    26 -9999     0 -9999
2017 08 03 05   233   206 10160    30    41 -9999     0 -9999
2017 08 03 06   228   206 10160    60    31 -9999     0    -1
2017 08 03 07   222   200 10156    40    26 -9999     0 -9999
2017 08 03 08   222   200 10156    40    26 -9999     0 -9999
2017 08 03 09   222   200 10152    50    15     8     0 -9999
2017 08 03 10   222   200 10150    90    21 -9999     0 -9999
2017 08 03 11   222   200 10150    90    21 -9999     0 -9999
2017 08 03 12   228   206 10152    80    26 -9999     0 -9999
2017 08 03 13   233   211 10150   110    21 -9999     0 -9999
2017 08 03 14   250   206 10146   120    31 -9999     0 -9999
2017 08 03 15   272   194 10138   200    31     4     0 -9999
2017 08 03 16   283   189 10135   180    51 -9999     0 -9999
2017 08 03 17   294   183 10127   180    41 -9999     0 -9999
2017 08 03 18   300   189 10115   180    67 -9999     0 -9999
2017 08 03 19   283   183 10108   170    72 -9999     0 -9999
2017 08 03 20   240   210 10103   200    51 -9999     3 -9999
2017 08 03 21   244   206 10101   140    31     6     8 -9999
2017 08 03 22   256   189 10103   180    67 -9999     0 -9999
2017 08 03 23   267   178 10087   170    62 -9999     0 -9999
2017 08 04 00   244   178 10087   190    77 -9999     0 -9999
2017 08 04 01   228   189 10093   210    57 -9999    -1 -9999
2017 08 04 02   228   200 10084   170    46 -9999    43 -9999
2017 08 04 03   206   189 10090   200    51     8   114 -9999
2017 08 04 04   206   194 10086   250    41     2    -1 -9999
2017 08 04 05   206   183 10089   260    46 -9999     0 -9999
2017 08 04 06   172   139 -9999   280    67 -9999     0   157
2017 08 04 07   167   133 10098   260    46 -9999     0 -9999
2017 08 04 08   156   122 10101   250    67 -9999     0 -9999
2017 08 04 09   144   111 10102   240    51     6     0 -9999
2017 08 04 10   133   100 10099   250    72     4     0 -9999
2017 08 04 11   139   100 10099   250    62 -9999     0 -9999
2017 08 04 12   139    94 10101   260    72 -9999     0 -9999
2017 08 04 13   144   100 10101   250    72 -9999     0 -9999
2017 08 04 14   150   106 10106   250    72 -9999     0 -9999
2017 08 04 15   150   106 10108   260    93     8     0 -9999
2017 08 04 16   156   111 10111   260    82 -9999     0 -9999
2017 08 04 17   161   111 10116   270    72 -9999     0 -9999
2017 08 04 18   167   117 10119   280    82 -9999     0 -9999
2017 08 04 19   172   117 10123   300    62 -9999     0 -9999
2017 08 04 20   172   117 10132   290    93 -9999    -1 -9999
2017 08 04 21   178   117 10135   280    72     8    -1 -9999
2017 08 04 22   183   111 10135   270    46 -9999    -1 -9999
2017 08 04 23   178   122 10141   310    57 -9999     3 -9999
2017 08 05 00   194   100 10144   310    62 -9999     0     3
2017 08 05 01   183   100 10147   290    36     4     0 -9999
2017 08 05 02   172   100 10149   230    21     2     0 -9999
2017 08 05 03   167   106 10154   230    31     0     0 -9999
2017 08 05 04   167   117 10152   230    36     0     0 -9999
2017 08 05 05   161   122 10155   240    41     0     0 -9999
2017 08 05 06   156   122 10154   240    46     0     0 -9999
2017 08 05 07   156   122 10155   240    46     2     0 -9999
2017 08 05 08   161   128 10156   250    36     2     0 -9999
2017 08 05 09   156   128 10159   260    36     2     0 -9999
2017 08 05 10   156   128 10159   260    36     2     0 -9999
2017 08 05 11   150   122 10164   250    26     2     0 -9999
2017 08 05 12   156   128 10166   230    26     2     0 -9999
2017 08 05 13   172   133 10169   230    21     2     0 -9999
2017 08 05 14   200   133 10165   260    26     2     0 -9999
2017 08 05 15   217   133 10171   300    26     2     0 -9999
2017 08 05 16   228   133 10172   270    31 -9999     0 -9999
2017 08 05 17   239   144 10174   220    36 -9999     0 -9999
2017 08 05 18   250   133 10169   220    46 -9999     0 -9999
2017 08 05 19   256   139 10165   270    36 -9999     0 -9999
2017 08 05 20   256   128 10163   240    41 -9999     0 -9999
2017 08 05 21   250   128 10163   210    57     6     0 -9999
2017 08 05 22   256   128 10160   250    46 -9999     0 -9999
2017 08 05 23   250   122 10161   230    67 -9999     0 -9999
2017 08 06 00   239   128 10160   240    41 -9999     0 -9999
2017 08 06 01   233   128 10161   230    36 -9999     0 -9999
2017 08 06 02   228   133 10162   220    26 -9999     0 -9999
2017 08 06 03   222   139 10161   190    21     6     0 -9999
2017 08 06 04   222   139 10156   170    26 -9999     0 -9999
2017 08 06 05   211   144 10156   180    15 -9999     0 -9999
2017 08 06 06   200   150 10164   200    21 -9999     0 -9999
2017 08 06 07   200   144 10159   200    21 -9999     0 -9999
2017 08 06 08   194   144 10155   190    26 -9999     0 -9999
2017 08 06 09   194   144 10157   210    21     6     0 -9999
2017 08 06 10   200   144 10156   200    15 -9999     0 -9999
2017 08 06 11   194   150 10161   170    15 -9999     0 -9999
2017 08 06 12   200   150 10163   190    15 -9999     0 -9999
2017 08 06 13   200   150 10166   170    21 -9999     0 -9999
2017 08 06 14   211   150 10165   180    21 -9999     0 -9999
2017 08 06 15   228   144 10161   150    26     6     0 -9999
2017 08 06 16   239   139 10162   180    41 -9999     0 -9999
2017 08 06 17   244   144 10163   170    51 -9999     0 -9999
2017 08 06 18   239   139 10165   200    62 -9999     0 -9999
2017 08 06 19   250   139 10162   220    51 -9999     0 -9999
2017 08 06 20   244   133 10159   180    51 -9999     0 -9999
2017 08 06 21   250   128 10156   190    41     6     0 -9999
2017 08 06 22   244   122 10152   200    46 -9999     0 -9999
2017 08 06 23   239   133 10149   210    46 -9999     0 -9999
2017 08 07 00   233   139 10149   170    41 -9999     0 -9999
2017 08 07 01   228   133 10150   190    36 -9999     0 -9999
2017 08 07 02   222   122 10154 -9999    21 -9999     0 -9999
2017 08 07 03   217   122 10160     0     0     6     0 -9999
2017 08 07 04   211   128 10159   170    15 -9999     0 -9999
2017 08 07 05   194   128 10161     0     0 -9999     0 -9999
2017 08 07 06   194   133 10158     0     0 -9999     0 -9999
2017 08 07 07   183   133 10155     0     0     4     0 -9999
2017 08 07 08   183   139 10154   340    36     4     0 -9999
2017 08 07 09   189   133 10151    10    15     6     0 -9999
2017 08 07 10   194   161 10152    10    21 -9999     0 -9999
2017 08 07 11   189   167 10154   350    26 -9999     0 -9999
2017 08 07 12   194   172 10158   360    26     4     0 -9999
2017 08 07 13   206   178 10163   350    26     4     0 -9999
2017 08 07 14   222   156 10163    30    46 -9999     0 -9999
2017 08 07 15   228   167 10163    20    36     6     0 -9999
2017 08 07 16   217   161 10166    30    57 -9999    -1 -9999
2017 08 07 17   228   161 10170    40    57 -9999     0 -9999
2017 08 07 18   239   144 10171    40    51 -9999     0    -1
2017 08 07 19   239   150 10174    20    31 -9999     0 -9999
2017 08 07 20   239   150 10174    60    67 -9999     0 -9999
2017 08 07 21   239   150 10174    30    62     4     0 -9999
2017 08 07 22   233   144 10174    30    72     4     0 -9999
2017 08 07 23   228   133 10177    30    67     4     0 -9999
2017 08 08 00   222    72 10178    20    51     2     0 -9999
2017 08 08 01   217    83 10182    10    36     2     0 -9999
2017 08 08 02   206   100 10188   360    31 -9999     0 -9999
2017 08 08 03   200   111 10193   350    26 -9999     0 -9999
2017 08 08 04   183   117 10195   330    31 -9999     0 -9999
2017 08 08 05   172   117 10199   320    21     0     0 -9999
2017 08 08 06   167   106 10199     0     0     0     0 -9999
2017 08 08 07   161   100 10201     0     0     0     0 -9999
2017 08 08 08   156    94 10201     0     0     0     0 -9999
2017 08 08 09   156    94 10201     0     0     0     0 -9999
2017 08 08 10   161    94 10203     0     0     0     0 -9999
2017 08 08 11   150   100 10209     0     0     2     0 -9999
2017 08 08 12   161   111 10213   290    15     2     0 -9999
2017 08 08 13   194   100 10214   290    36     2     0 -9999
2017 08 08 14   217   111 10216   280    31     0     0 -9999
2017 08 08 15   233   122 10216   290    26     0     0 -9999
2017 08 08 16   256   128 10216   350    31     0     0 -9999
2017 08 08 17   256   128 10213   260    31     4     0 -9999
2017 08 08 18   267   117 10209   260    15     4     0 -9999
2017 08 08 19   272   111 10206   320    46     4     0 -9999
2017 08 08 20   278   111 10203   290    36     4     0 -9999
2017 08 08 21   267   122 10199    60    36     4     0 -9999
2017 08 08 22   267   122 10196    90    26     4     0 -9999
2017 08 08 23   261   128 10197    90    41 -9999     0 -9999
2017 08 09 00   256   128 10197    90    31     4     0 -9999
2017 08 09 01   256   128 10195   100    26 -9999     0 -9999
2017 08 09 02   250   128 10199   130    15     4     0 -9999
2017 08 09 03   250   122 10200   190    15     2     0 -9999
2017 08 09 04   233   122 10201   220    15     2     0 -9999
2017 08 09 05   217   133 10207   310    15     2     0 -9999
2017 08 09 06   211   139 10207   290    26     2     0 -9999
2017 08 09 07   200   139 10208   260    15     2     0 -9999
2017 08 09 08   189   139 10210   270    21 -9999     0 -9999
2017 08 09 09   189   144 10211     0     0     6     0 -9999
2017 08 09 10   183   144 10211     0     0 -9999     0 -9999
2017 08 09 11   183   139 10213     0     0 -9999     0 -9999
2017 08 09 12   189   139 10216     0     0 -9999     0 -9999
2017 08 09 13   206   144 10218     0     0 -9999     0 -9999
2017 08 09 14   228   144 10220     0     0     4     0 -9999
2017 08 09 15   250   133 10219   270    26     4     0 -9999
2017 08 09 16   256   139 10218   220    21     4     0 -9999
2017 08 09 17   256   139 10213   280    21 -9999     0 -9999
2017 08 09 18   278   133 10207   190    26 -9999     0 -9999
2017 08 09 19   278   133 10204   110    21 -9999     0 -9999
2017 08 09 20   278   128 10201   200    36 -9999     0 -9999
2017 08 09 21   283   128 10194   220    36     6     0 -9999
2017 08 09 22   278   117 10192 -9999    26 -9999     0 -9999
2017 08 09 23   272   133 10190   180    41 -9999     0 -9999
2017 08 10 00   272   128 10187   180    31 -9999     0 -9999
2017 08 10 01   261   133 10187   180    31     4     0 -9999
2017 08 10 02   250   139 10192   210    36     4     0 -9999
2017 08 10 03   239   144 10194   190    31     2     0 -9999
2017 08 10 04   233   139 10192   190    26 -9999     0 -9999
2017 08 10 05   222   139 10192   180    26 -9999     0 -9999
2017 08 10 06   217   139 10189   170    21 -9999     0 -9999
2017 08 10 07   206   139 10187   200    21 -9999     0 -9999
2017 08 10 08   200   133 10188   200    21     4     0 -9999
2017 08 10 09   194   139 10183   170    31     4     0 -9999
2017 08 10 10   194   139 10181   190    15     4     0 -9999
2017 08 10 11   189   139 10184   210    21     4     0 -9999
2017 08 10 12   194   139 10185   200    31 -9999     0 -9999
2017 08 10 13   211   144 10184   180    26     4     0 -9999
2017 08 10 14   239   139 10177   200    36     4     0 -9999
2017 08 10 15   256   144 10175   200    46     4     0 -9999
2017 08 10 16   261   150 10174   190    51     4     0 -9999
2017 08 10 17   272   150 10173   220    51 -9999     0 -9999
2017 08 10 18   278   161 10166   230    51 -9999     0 -9999
2017 08 10 19   283   161 10162   240    51 -9999     0 -9999
2017 08 10 20   289   167 10153   190    67 -9999     0 -9999
2017 08 10 21   289   167 10148   220    82     6     0 -9999
2017 08 10 22   283   172 10141   200    62 -9999     0 -9999
2017 08 10 23   278   172 10142   210    72 -9999     0 -9999
2017 08 11 00   278   178 10140   200    46 -9999     0 -9999
2017 08 11 01   244   172 10143   330    31 -9999     0 -9999
2017 08 11 02   250   178 10137   210    31 -9999     0 -9999
2017 08 11 03   256   183 10136   250    77     6     0 -9999
2017 08 11 04   239   167 10137   260    41 -9999     0 -9999
2017 08 11 05   228   156 10140   260    31 -9999     0 -9999
2017 08 11 06   222   156 10143   240    26 -9999     0 -9999
2017 08 11 07   211   156 10140   240    31 -9999     0 -9999
2017 08 11 08   211   156 10137   240    36 -9999     0 -9999
2017 08 11 09   211   167 10136   260    51     8     0 -9999
2017 08 11 10   206   167 10136   260    36 -9999     0 -9999
2017 08 11 11   200   172 10135   250    26 -9999     0 -9999
2017 08 11 12   206   172 10139   270    21 -9999     0 -9999
2017 08 11 13   211   172 10144   250    31 -9999     0 -9999
2017 08 11 14   222   167 10142   260    41 -9999     0 -9999
2017 08 11 15   239   167 10143   270    41     6     0 -9999
2017 08 11 16   250   161 10144   280    57 -9999     0 -9999
2017 08 11 17   244   156 10146   290    41 -9999     0 -9999
2017 08 11 18   250   150 10143   330    62 -9999     0 -9999
2017 08 11 19   244   150 10144   320    41 -9999     0 -9999
2017 08 11 20   261   133 10142   300    46 -9999     0 -9999
2017 08 11 21   256   144 10143   330    67     6     0 -9999
2017 08 11 22   250   144 10140   340    57 -9999     0 -9999
2017 08 11 23   250   144 10141   340    67 -9999     0 -9999
2017 08 12 00   244   144 10142   340    67 -9999     0 -9999
2017 08 12 01   233   144 10149   330    51 -9999     0 -9999
2017 08 12 02   228   150 10153   360    41 -9999     0 -9999
2017 08 12 03   217   150 10153   350    57     4     0 -9999
2017 08 12 04   206   150 10151   330    41     2     0 -9999
2017 08 12 05   206   150 10153   340    36     2     0 -9999
2017 08 12 06   194   150 10155   330    31     2     0 -9999
2017 08 12 07   183   150 10156   310    15     2     0 -9999
2017 08 12 08   178   144 10157   300    26     0     0 -9999
2017 08 12 09   172   144 10158   310    31     0     0 -9999
2017 08 12 10   167   144 10161   320    26     2     0 -9999
2017 08 12 11   161   139 10163   300    15     2     0 -9999
2017 08 12 12   167   144 10168   320    31     2     0 -9999
2017 08 12 13   189   144 10169   340    51     2     0 -9999
2017 08 12 14   200   133 10172   320    51     2     0 -9999
2017 08 12 15   217   133 10174   360    46     2     0 -9999
2017 08 12 16   222   139 10175   340    57     4     0 -9999
2017 08 12 17   217   139 10179   360    51 -9999     0 -9999
2017 08 12 18   217   133 10179   350    57 -9999     0 -9999
2017 08 12 19   239   133 10179    20    46 -9999     0 -9999
2017 08 12 20   239   128 10176   350    62 -9999     0 -9999
2017 08 12 21   244   128 10172    10    51     4     0 -9999
2017 08 12 22   239   122 10172    40    62     4     0 -9999
2017 08 12 23   233   122 10172    40    57     4     0 -9999
2017 08 13 00   222   133 10170    60    46     2     0 -9999
2017 08 13 01   211   133 10167    30    36     2     0 -9999
2017 08 13 02   211   128 10169    70    31     2     0 -9999
2017 08 13 03   206   133 10172   120    21     2     0 -9999
2017 08 13 04   206   139 10172 -9999    15     2     0 -9999
2017 08 13 05   206   139 10174     0     0     2     0 -9999
2017 08 13 06   183   139 10177     0     0     2     0 -9999
2017 08 13 07   172   133 10175     0     0     2     0 -9999
2017 08 13 08   167   133 10177     0     0     2     0 -9999
2017 08 13 09   167   139 10174     0     0     2     0 -9999
2017 08 13 10   161   133 10173     0     0     2     0 -9999
2017 08 13 11   156   133 10178     0     0     2     0 -9999
2017 08 13 12   161   133 10181     0     0 -9999     0 -9999
2017 08 13 13   178   139 10181   300    15 -9999     0 -9999
2017 08 13 14   211   133 10181     0     0 -9999     0 -9999
2017 08 13 15   233   128 10179    10    15     6     0 -9999
2017 08 13 16   233   117 10176 -9999    15 -9999     0 -9999
2017 08 13 17   233   111 10176   250    15 -9999     0 -9999
2017 08 13 18   244   111 10171    90    26 -9999     0 -9999
2017 08 13 19   250   117 10166   270    15 -9999     0 -9999
2017 08 13 20   239   128 10165    70    41 -9999     0 -9999
2017 08 13 21   244   139 10160    60    41     6     0 -9999
2017 08 13 22   239   133 10159   100    36 -9999     0 -9999
2017 08 13 23   233   128 10153   110    46 -9999     0 -9999
2017 08 14 00   228   128 10151   110    31 -9999     0 -9999
2017 08 14 01   228   128 10144   100    31 -9999     0 -9999
2017 08 14 02   222   122 10141   120    26 -9999     0 -9999
2017 08 14 03   222   133 10143   120    21     6     0 -9999
2017 08 14 04   217   144 10143   110    26 -9999     0 -9999
2017 08 14 05   217   150 10142     0     0 -9999     0 -9999
2017 08 14 06   217   150 10137   140    15 -9999     0 -9999
2017 08 14 07   200   150 10135     0     0 -9999     0 -9999
2017 08 14 08   200   144 10131   140    15     4     0 -9999
2017 08 14 09   194   139 10131   180    15     4     0 -9999
2017 08 14 10   194   139 10125   160    26     4     0 -9999
2017 08 14 11   194   139 10126     0     0 -9999     0 -9999
2017 08 14 12   189   144 10124     0     0     4     0 -9999
2017 08 14 13   211   144 10123   190    15     4     0 -9999
2017 08 14 14   233   150 10117     0     0     4     0 -9999
2017 08 14 15   250   150 10117   190    21     4     0 -9999
2017 08 14 16   256   156 10117   240    46 -9999     0 -9999
2017 08 14 17   256   150 10111   270    46 -9999     0 -9999
2017 08 14 18   261   150 10107   250    26 -9999     0 -9999
2017 08 14 19   267   150 10100   220    41 -9999     0 -9999
2017 08 14 20   272   156 10095   230    51 -9999     0 -9999
2017 08 14 21   278   156 10090   230    46     6     0 -9999
2017 08 14 22   278   167 10087   260    41 -9999     0 -9999
2017 08 14 23   272   167 10086   220    41 -9999     0 -9999
2017 08 15 00   267   167 10088   230    41 -9999     0 -9999
2017 08 15 01   267   172 10086   190    26 -9999     0 -9999
2017 08 15 02   267   172 10085   200    31 -9999     0 -9999
2017 08 15 03   261   178 10088   180    26     6     0 -9999
2017 08 15 04   256   178 10087   200    31 -9999     0 -9999
2017 08 15 05   244   183 10089   210    41 -9999     0 -9999
2017 08 15 06   233   189 10087   210    31     0     0 -9999
2017 08 15 07   228   189 10087   220    26     0     0 -9999
2017 08 15 08   222   194 10091   250    26     2     0 -9999
2017 08 15 09   217   194 10095   250    21     2     0 -9999
2017 08 15 10   211   189 10099   260    26     0     0 -9999
2017 08 15 11   206   189 10103   260    15     2     0 -9999
2017 08 15 12   217   194 10106   280    21     2     0 -9999
2017 08 15 13   228   194 10110   300    26     2     0 -9999
2017 08 15 14   250   183 10114   350    21     4     0 -9999
2017 08 15 15   267   189 10114    40    26     4     0 -9999
2017 08 15 16   272   183 10117    10    26 -9999     0 -9999
2017 08 15 17   272   178 10122    40    36 -9999     0 -9999
2017 08 15 18   283   178 10122   350    31 -9999     0 -9999
2017 08 15 19   267   178 10126    80    46 -9999     0 -9999
2017 08 15 20   267   189 10124    80    57 -9999     0 -9999
2017 08 15 21   267   189 10125    70    62     4     0 -9999
2017 08 15 22   256   194 10126    30    57     4     0 -9999
2017 08 15 23   244   183 10130    30    57 -9999     0 -9999
2017 08 16 00   233   178 10130    50    46 -9999     0 -9999
2017 08 16 01   228   172 10131    20    46 -9999     0 -9999
2017 08 16 02   222   178 10137    60    46 -9999     0 -9999
2017 08 16 03   222   178 10142    70    41     6     0 -9999
2017 08 16 04   217   178 10144    50    36 -9999     0 -9999
2017 08 16 05   222   178 10147    60    36     4     0 -9999
2017 08 16 06   217   178 10148    70    26     4     0 -9999
2017 08 16 07   211   178 10146    60    26     4 -9999 -9999
2017 08 16 08   217   178 10142    80    26     2 -9999 -9999
2017 08 16 09   211   178 10145    90    21     4 -9999 -9999
2017 08 16 10   211   178 10146    80    21     4 -9999 -9999
2017 08 16 11   217   189 10150    60    21     4 -9999 -9999
2017 08 16 12   222   194 10152    70    31     2 -9999 -9999
2017 08 16 13   233   189 10152    90    41     2 -9999 -9999
2017 08 16 14   250   194 10150   100    36     2 -9999 -9999
2017 08 16 15   261   194 10146    80    36     0 -9999 -9999
2017 08 16 16   278   200 10146   100    15     0 -9999 -9999
2017 08 16 17   306   194 10138   130    36     2 -9999 -9999
2017 08 16 18   306   189 10132   160    41     4 -9999 -9999
2017 08 16 19   311   206 10128 -9999    31     4 -9999 -9999
2017 08 16 20   322   189 10115   140    51 -9999 -9999 -9999
2017 08 16 21   317   194 10108   160    46     6 -9999 -9999
2017 08 16 22   289   211 10114   200    62 -9999    -1 -9999
2017 08 16 23   250   228 10111     0     0 -9999    28 -9999
2017 08 17 00   267   233 10106   110    26 -9999 -9999    28
2017 08 17 01   267   233 10106   140    36 -9999 -9999 -9999
2017 08 17 02   272   228 10107   160    36 -9999 -9999 -9999
2017 08 17 03   267   228 10099   160    46     8    -1 -9999
2017 08 17 04   272   222 10090   170    57 -9999 -9999 -9999
2017 08 17 05   267   228 10088   190    46 -9999 -9999 -9999
2017 08 17 11   233   211 10076   190    51 -9999     0 -9999
2017 08 17 12   228   217 10077   190    41 -9999    28    25
2017 08 17 13   228   211 10078   200    51 -9999    15 -9999
2017 08 17 14   228   211 10073   190    51 -9999    -1 -9999
2017 08 17 15   233   211 10067   200    62     8     0 -9999
2017 08 17 16   233   211 10068   220    62 -9999     0 -9999
2017 08 17 17   239   211 10065   220    57 -9999     0 -9999
2017 08 17 18   267   217 10059   240    72 -9999     0    18
2017 08 17 19   278   189 10058   240   103 -9999     0 -9999
2017 08 17 20   278   189 10054   240    98 -9999     0 -9999
2017 08 17 21   283   183 10057   250    88     6     0 -9999
2017 08 17 22   278   178 10057   240    82 -9999     0 -9999
2017 08 17 23   272   183 10057   250    93 -9999     0 -9999
2017 08 18 00   267   183 10059   250    72 -9999     0 -9999
2017 08 18 01   267   183 10062   250    51 -9999     0 -9999
2017 08 18 02   261   178 10071   260    67 -9999     0 -9999
2017 08 18 03   250   178 10076   260    93     8     0 -9999
2017 08 18 04   244   178 10076   270    62     4     0 -9999
2017 08 18 05   233   178 10073   250    51     4     0 -9999
2017 08 18 06   228   183 10071   260    46     4     0 -9999
2017 08 18 07   222   178 10071   280    62     4     0 -9999
2017 08 18 08   217   178 10074   270    46 -9999     0 -9999
2017 08 18 09   211   178 10076   270    46     2     0 -9999
2017 08 18 10   200   178 10081   270    41     2     0 -9999
2017 08 18 11   200   172 10085   270    36     2     0 -9999
2017 08 18 12   200   178 10092   270    36     2     0 -9999
2017 08 18 13   206   178 10096   300    51     4     0 -9999
2017 08 18 14   211   172 10100   310    46 -9999     0 -9999
2017 08 18 15   228   167 10106   290    46     6     0 -9999
2017 08 18 16   233   161 10110   300    46 -9999     0 -9999
2017 08 18 17   239   161 10108   300    36 -9999     0 -9999
2017 08 18 18   256   156 10104   270    51 -9999     0 -9999
2017 08 18 19   267   156 10102   280    67 -9999     0 -9999
2017 08 18 20   278   156 10097   240    51     4     0 -9999
2017 08 18 21   278   156 10096   280    57     4     0 -9999
2017 08 18 22   283   150 10094   260    62     4     0 -9999
2017 08 18 23   278   150 10094   260    62     2     0 -9999
2017 08 19 00   267   150 10099   270    57     4     0 -9999
2017 08 19 01   256   150 10102   290    46 -9999     0 -9999
2017 08 19 02   250   156 10105   290    31 -9999     0 -9999
2017 08 19 03   244   161 10108   290    26     6     0 -9999
2017 08 19 04   239   161 10107   310    26 -9999     0 -9999
2017 08 19 05   233   156 10111   330    51 -9999     0 -9999
2017 08 19 06   228   156 10109   340    46 -9999     0 -9999
2017 08 19 07   222   156 10113   330    46 -9999     0 -9999
2017 08 19 08   211   156 10116   340    36     4     0 -9999
2017 08 19 09   200   156 10117   350    31     2     0 -9999
2017 08 19 10   194   161 10117   330    21     0     0 -9999
2017 08 19 11   183   156 10121   260    15     2     0 -9999
2017 08 19 12   189   161 10129   290    21     4     0 -9999
2017 08 19 13   200   167 10136   330    26     2     0 -9999
2017 08 19 14   222   172 10134    50    21     2     0 -9999
2017 08 19 15   233   161 10137    70    21     2     0 -9999
2017 08 19 16   244   150 10138     0     0     2     0 -9999
2017 08 19 17   267   150 10135    50    31     2     0 -9999
2017 08 19 18   261   150 10136 -9999    21     2     0 -9999
2017 08 19 19   272   144 10135    70    41     2     0 -9999
2017 08 19 20   278   133 10131    90    31     2     0 -9999
2017 08 19 21   272   128 10132   110    36     2     0 -9999
2017 08 19 22   278   122 10131    90    41     2     0 -9999
2017 08 19 23   272   122 10130   100    46     2     0 -9999
2017 08 20 00   261   122 10132    80    36     2     0 -9999
2017 08 20 01   250   122 10134   100    31     2     0 -9999
2017 08 20 02   244   128 10138   130    26     0     0 -9999
2017 08 20 03   239   133 10141   140    26     0     0 -9999
2017 08 20 04   233   122 10144   160    21     0     0 -9999
2017 08 20 05   228   128 10147   180    15     0     0 -9999
2017 08 20 06   222   133 10149   170    21     0     0 -9999
2017 08 20 07   217   139 10152   190    21     0     0 -9999
2017 08 20 08   211   144 10150   170    26     0     0 -9999
2017 08 20 09   206   144 10149   170    26     0     0 -9999
2017 08 20 10   200   150 10154   150    26     2     0 -9999
2017 08 20 11   194   150 10159   170    26     2     0 -9999
2017 08 20 12   200   156 10161   150    26 -9999     0 -9999
2017 08 20 13   217   161 10160   170    21 -9999     0 -9999
2017 08 20 14   239   161 10163   180    26 -9999     0 -9999
2017 08 20 15   261   172 10167   160    41     6     0 -9999
2017 08 20 16   278   183 10165   200    15 -9999     0 -9999
2017 08 20 17   289   178 10159   210    36 -9999     0 -9999
2017 08 20 18   306   183 10155   220    51 -9999     0 -9999
2017 08 20 19   311   189 10150   220    41 -9999     0 -9999
2017 08 20 20   311   189 10151   250    36 -9999     0 -9999
2017 08 20 21   294   206 10150   230    51     8     0 -9999
2017 08 20 22   289   211 10151   200    41 -9999     0 -9999
2017 08 20 23   294   200 10150   180    31 -9999     0 -9999
2017 08 21 00   289   211 10153   190    31 -9999    -1    -1
2017 08 21 01   283   211 10156   180    26 -9999    -1 -9999
2017 08 21 02   283   211 10158   160    21 -9999    -1 -9999
2017 08 21 03   278   211 10156   140    26     8     0 -9999
2017 08 21 04   272   206 10156   130    31 -9999     0 -9999
2017 08 21 05   272   206 10159   140    26 -9999     0 -9999
2017 08 21 06   250   222 10164   200    15 -9999    15    15
2017 08 21 07   244   222 10163   150    21 -9999 -9999 -9999
2017 08 21 08   239   211 10156   170    31     4 -9999 -9999
2017 08 21 09   233   200 10154   170    46     4 -9999 -9999
2017 08 21 10   228   200 10157   180    36 -9999 -9999 -9999
2017 08 21 11   228   200 10164   200    36 -9999 -9999 -9999
2017 08 21 12   228   206 10164   210    36 -9999 -9999 -9999
2017 08 21 13   239   211 10166   210    41 -9999     0 -9999
2017 08 21 14   244   211 10168   230    46 -9999     0 -9999
2017 08 21 15   267   217 10169   290    46     6     0 -9999
2017 08 21 16   272   217 10175   290    51 -9999     0 -9999
2017 08 21 17   272   222 10172 -9999    26 -9999     0 -9999
2017 08 21 18   267   222 10173   240    51 -9999     0 -9999
2017 08 21 19   267   222 10156   240    21 -9999     0 -9999
2017 08 21 20   294   217 10141 -9999    21 -9999     0 -9999
2017 08 21 21   306   206 10139   150    31     8     0 -9999
2017 08 21 22   306   200 10135   190    57 -9999     0 -9999
2017 08 21 23   294   189 10148   210    67 -9999     0 -9999
2017 08 22 00   267   217 10149   210    41 -9999    15    15
2017 08 22 01   261   206 10138   190    41 -9999     0 -9999
2017 08 22 02   256   217 10135   210    31 -9999     0 -9999
2017 08 22 03   256   217 10128   200    36     6     0 -9999
2017 08 22 04   256   217 10123   220    36 -9999     0 -9999
2017 08 22 05   222   206 10121   210    46 -9999   160 -9999
2017 08 22 06   222   206 10103   200    62 -9999    -1   160
2017 08 22 07   233   211 10093   200    67 -9999     0 -9999
2017 08 22 08   228   206 10103   210    57 -9999     0 -9999
2017 08 22 09   228   211 10105   230    51     8     0 -9999
2017 08 22 10   228   211 10102   250    51 -9999    10 -9999
2017 08 22 11   217   206 10106   240    57 -9999     3 -9999
2017 08 22 12   217   200 10107   260    41 -9999    -1    13
2017 08 22 13   217   200 10108   250    57 -9999     0 -9999
2017 08 22 14   222   200 10105   260    57 -9999     0 -9999
2017 08 22 15   228   194 10105   280    41     8     0 -9999
2017 08 22 16   233   178 10108   290    77 -9999     0 -9999
2017 08 22 17   233   178 10112   290    67 -9999     0 -9999
2017 08 22 18   244   161 10116   300    72 -9999     0 -9999
2017 08 22 19   261   167 10114   300    72 -9999     0 -9999
2017 08 22 20   272   128 10113   290    88 -9999     0 -9999
2017 08 22 21   272   128 10116   290    72     6     0 -9999
2017 08 22 22   256   122 10118   320    72     4     0 -9999
2017 08 22 23   256   106 10124   320    57     2     0 -9999
2017 08 23 00   244   106 10128   330    67     2     0 -9999
2017 08 23 01   233   106 10133   330    67     2     0 -9999
2017 08 23 02   222   100 10141   320    46     2     0 -9999
2017 08 23 03   217   100 10146   330    51     0     0 -9999
2017 08 23 04   200   106 10150   300    31     0     0 -9999
2017 08 23 05   189   106 10156   290    26     0     0 -9999
2017 08 23 06   183   106 10157   300    26     0     0 -9999
2017 08 23 07   178   111 10154   300    26     0     0 -9999
2017 08 23 08   172   106 10155   300    31     0     0 -9999
2017 08 23 09   167   106 10156   290    26     0     0 -9999
2017 08 23 10   161   106 10156   300    36     0     0 -9999
2017 08 23 11   156   106 10158   280    26     0     0 -9999
2017 08 23 12   161   111 10161   300    26     0     0 -9999
2017 08 23 13   178   111 10164   310    31     0     0 -9999
2017 08 23 14   200   106 10164   300    41     0     0 -9999
2017 08 23 15   222   106 10163   320    46     0     0 -9999
2017 08 23 16   239   100 10165   320    57     2     0 -9999
2017 08 23 17   244    94 10166   310    77     2     0 -9999
2017 08 23 18   250    94 10161   300    72     4     0 -9999
2017 08 23 19   256   100 10159   290    57     4     0 -9999
2017 08 23 20   250   100 10157   330    31     4     0 -9999
2017 08 23 21   244    94 10154   320    51     6     0 -9999
2017 08 23 22   239   139 10154    70    51 -9999     0 -9999
2017 08 23 23   222   139 10157    90    51 -9999     0 -9999
2017 08 24 00   211   133 10156    90    36 -9999     0 -9999
2017 08 24 01   211   133 10157    90    41 -9999     0 -9999
2017 08 24 02   206   133 10161   140    21     2     0 -9999
2017 08 24 03   200   133 10162   140    15     2     0 -9999
2017 08 24 04   194   139 10161   180    15     2     0 -9999
2017 08 24 05   194   133 10162     0     0     2     0 -9999
2017 08 24 06   189   139 10163   220    21 -9999     0 -9999
2017 08 24 07   178   133 10162   220    31 -9999     0 -9999
2017 08 24 08   167   128 10165   250    15     0     0 -9999
2017 08 24 09   161   133 10168   250    31     2     0 -9999
2017 08 24 10   167   133 10169   250    15     4     0 -9999
2017 08 24 11   161   128 10173   260    21     2     0 -9999
2017 08 24 12   167   139 10181   310    21 -9999     0 -9999
2017 08 24 13   183   133 10182   300    21     2     0 -9999
2017 08 24 14   206   133 10180   320    26     4     0 -9999
2017 08 24 15   222   111 10183   350    57     2     0 -9999
2017 08 24 16   228   100 10184   330    46     4     0 -9999
2017 08 24 17   239   100 10180   350    57     4     0 -9999
2017 08 24 18   239   106 10180   350    62     4     0 -9999
2017 08 24 19   228   139 10185    40    82 -9999     0 -9999
2017 08 24 20   211   133 10190    50    88 -9999     0 -9999
2017 08 24 21   211   128 10193    60    67     6     0 -9999
2017 08 24 22   206   111 10195    80    51 -9999     0 -9999
2017 08 24 23   200   111 10196    60    67     4     0 -9999
2017 08 25 00   189   111 10196    50    57     4     0 -9999
2017 08 25 01   183   106 10197    60    51     4     0 -9999
2017 08 25 02   178   106 10206    40    46     2     0 -9999
2017 08 25 03   178   106 10206    30    41     2     0 -9999
2017 08 25 04   172    94 10207    30    46     2     0 -9999
2017 08 25 05   172    89 10208   360    31     2     0 -9999
2017 08 25 06   150    89 10212   300    26     2     0 -9999
2017 08 25 07   144    94 10217   330    31     2     0 -9999
2017 08 25 08   139    89 10222   290    15     2     0 -9999
2017 08 25 09   133    89 10224   310    21     2     0 -9999
2017 08 25 10   128    89 10228   310    15     2     0 -9999
2017 08 25 11   133    89 10231   340    15     2     0 -9999
2017 08 25 12   128    94 10236   300    15     4     0 -9999
2017 08 25 13   156   100 10238     0     0     2     0 -9999
2017 08 25 14   178   100 10239   200    15     2     0 -9999
2017 08 25 15   189   106 10243 -9999    21     2     0 -9999
2017 08 25 16   206   100 10243 -9999    21     4     0 -9999
2017 08 25 17   206    94 10242 -9999    15     4     0 -9999
2017 08 25 18   217    94 10241 -9999    31     4     0 -9999
2017 08 25 19   217    83 10237 -9999    21     2     0 -9999
2017 08 25 20   228    83 10234    70    41     2     0 -9999
2017 08 25 21   228    83 10233    70    41     2     0 -9999
2017 08 25 22   222    83 10234    80    41     2     0 -9999
2017 08 25 23   222    89 10234    60    41     2     0 -9999
2017 08 26 00   211    94 10234    80    36     2     0 -9999
2017 08 26 01   206   106 10234    80    41     2     0 -9999
2017 08 26 02   200   111 10236   100    26     2     0 -9999
2017 08 26 03   194   117 10237   120    26     0     0 -9999
2017 08 26 04   189   122 10240   100    31     2     0 -9999
2017 08 26 05   183   122 10241   120    15     0     0 -9999
2017 08 26 06   178   122 10245   190    15     2     0 -9999
2017 08 26 07   172   122 10239   140    26     2     0 -9999
2017 08 26 08   172   122 10241   120    15     2     0 -9999
2017 08 26 09   167   117 10239   150    21     2     0 -9999
2017 08 26 10   161   106 10243   150    15     2     0 -9999
2017 08 26 11   161   100 10248   150    21     4     0 -9999
2017 08 26 12   167   106 10249   150    26 -9999     0 -9999
2017 08 26 13   167   106 10251   150    36 -9999     0 -9999
2017 08 26 14   189   111 10250   140    41 -9999     0 -9999
2017 08 26 15   211   111 10247   150    46     2     0 -9999
2017 08 26 16   222   106 10245   150    31     4     0 -9999
2017 08 26 17   239   106 10243   160    46 -9999     0 -9999
2017 08 26 18   244   100 10234 -9999    26 -9999     0 -9999
2017 08 26 19   250   111 10232   190    21 -9999     0 -9999
2017 08 26 20   250   106 10227 -9999    26 -9999     0 -9999
2017 08 26 21   244   117 10224   140    36     8     0 -9999
2017 08 26 22   239   111 10223   180    36 -9999     0 -9999
2017 08 26 23   239   117 10221   160    36 -9999     0 -9999
2017 08 27 00   233   122 10216   140    41 -9999     0 -9999
2017 08 27 01   222   128 10217   130    41 -9999    -1 -9999
2017 08 27 02   217   128 10214   140    51 -9999    -1 -9999
2017 08 27 03   217   117 10217   140    46     8     0 -9999
2017 08 27 04   211   111 10217   140    41 -9999     0 -9999
2017 08 27 05   206   111 10214   140    21 -9999     0 -9999
2017 08 27 06   200   106 10211   140    21 -9999     0    -1
2017 08 27 07   200   106 10208   160    15 -9999     0 -9999
2017 08 27 08   200   111 10205   150    46 -9999     0 -9999
2017 08 27 09   189   117 10201   140    41     6     0 -9999
2017 08 27 10   183   117 10199   140    41 -9999     0 -9999
2017 08 27 11   183   117 10197   160    31     4     0 -9999
2017 08 27 12   178   117 10197   150    41 -9999     0 -9999
2017 08 27 13   183   111 10199   160    36 -9999     0 -9999
2017 08 27 14   194   117 10205   190    41 -9999     0 -9999
2017 08 27 15   206   117 10203   190    46     8     0 -9999
2017 08 27 16   206   122 10201   190    36 -9999     0 -9999
2017 08 27 17   217   122 10195   190    41 -9999     0 -9999
2017 08 27 18   228   128 10179   160    36 -9999     0 -9999
2017 08 27 19   233   139 10177 -9999    26 -9999     0 -9999
2017 08 27 20   256   150 10171   160    51 -9999     0 -9999
2017 08 27 21   250   139 10168   190    31     8     0 -9999
2017 08 27 22   250   144 10166   210    51 -9999     0 -9999
2017 08 27 23   244   144 10167   190    46 -9999     0 -9999
2017 08 28 00   239   144 10167   180    36 -9999     0 -9999
2017 08 28 01   228   144 10166   200    26 -9999     0 -9999
2017 08 28 02   228   144 10168   170    31 -9999     0 -9999
2017 08 28 03   222   144 10168   200    21     8     0 -9999
2017 08 28 04   194   172 10171   250    26 -9999    15 -9999
2017 08 28 05   194   178 10164     0     0 -9999    13 -9999
2017 08 28 06   200   178 10160   100    15 -9999     3    30
2017 08 28 07   194   178 10157     0     0 -9999    -1 -9999
2017 08 28 08   194   178 10156    50    21 -9999     0 -9999
2017 08 28 09   194   178 10155   130    21     8    -1 -9999
2017 08 28 10   194   172 10159     0     0 -9999    10 -9999
2017 08 28 11   189   161 10157   120    31 -9999     0 -9999
2017 08 28 12   189   156 10161 -9999    26 -9999     0    10
2017 08 28 13   194   156 10165   180    31 -9999     0 -9999
2017 08 28 14   206   150 10165   180    46 -9999     0 -9999
2017 08 28 15   217   156 10162 -9999    31     6     0 -9999
2017 08 28 16   228   156 10161 -9999    21 -9999     0 -9999
2017 08 28 17   233   156 10156   170    26 -9999     0 -9999
2017 08 28 18   244   156 10154   170    21 -9999     0 -9999
2017 08 28 19   250   161 10150   170    21 -9999     0 -9999
2017 08 28 20   250   161 10146   200    26 -9999     0 -9999
2017 08 28 21   228   167 10150   100    51     6    -1 -9999
2017 08 28 22   228   172 10150   140    31 -9999    -1 -9999
2017 08 28 23   222   167 10155   160    21 -9999     0 -9999
2017 08 29 00   222   150 10155   360    26 -9999     0    -1
2017 08 29 01   217   156 10157     0     0 -9999     0 -9999
2017 08 29 02   211   156 10160   130    26 -9999     0 -9999
2017 08 29 03   211   167 10160   110    15     6     0 -9999
2017 08 29 04   211   156 10158     0     0 -9999     0 -9999
2017 08 29 05   200   161 10157     0     0 -9999     0 -9999
2017 08 29 06   194   172 10157     0     0 -9999     0 -9999
2017 08 29 07   200   167 10154     0     0 -9999     0 -9999
2017 08 29 08   194   167 10154    10    15     2     0 -9999
2017 08 29 09   183   167 10157   340    15     2     0 -9999
2017 08 29 10   178   167 10159   320    21     2     0 -9999
2017 08 29 11   183   167 10161   350    21     2     0 -9999
2017 08 29 12   189   172 10165   340    21     2     0 -9999
2017 08 29 13   200   178 10166     0     0     2     0 -9999
2017 08 29 14   228   178 10166     0     0     2     0 -9999
2017 08 29 15   233   167 10167    40    31     6     0 -9999
2017 08 29 16   228   161 10168    50    36 -9999     0 -9999
2017 08 29 17   233   161 10167    70    46 -9999     0 -9999
2017 08 29 18   222   189 10169    10    36 -9999    -1    -1
2017 08 29 19   222   183 10168    30    26 -9999    -1 -9999
2017 08 29 20   222   178 10166    30    36 -9999     0 -9999
2017 08 29 21   239   172 10163    40    36     6     0 -9999
2017 08 29 22   228   178 10164    20    46 -9999     0 -9999
2017 08 29 23   222   172 10163    50    46 -9999     0 -9999
2017 08 30 00   217   167 10163    40    36 -9999     0    -1
2017 08 30 01   211   161 10164    50    31 -9999     0 -9999
2017 08 30 02   206   156 10167    10    26 -9999     0 -9999
2017 08 30 03   200   161 10169    10    21     2     0 -9999
2017 08 30 04   194   161 10167     0     0     4     0 -9999
2017 08 30 05   189   161 10166   320    15     4     0 -9999
2017 08 30 06   178   161 10167   310    21     2     0 -9999
2017 08 30 07   178   156 10165   320    15     2     0 -9999
2017 08 30 08   172   161 10165   320    15     4     0 -9999
2017 08 30 09   178   161 10165   320    21     4     0 -9999
2017 08 30 10   167   156 10169     0     0     2     0 -9999
2017 08 30 11   167   156 10174   320    15     4     0 -9999
2017 08 30 12   167   156 10180   320    15     2     0 -9999
2017 08 30 13   189   156 10185     0     0     0     0 -9999
2017 08 30 14   211   156 10185   340    26     0     0 -9999
2017 08 30 15   228   156 10183   350    31     2     0 -9999
2017 08 30 16   244   150 10180   320    31     4     0 -9999
2017 08 30 17   250   144 10176 -9999    21     4     0 -9999
2017 08 30 18   261   144 10170 -9999    21     4     0 -9999
2017 08 30 19   267   139 10166   300    36 -9999     0 -9999
2017 08 30 20   256   144 10165   340    36 -9999     0 -9999
2017 08 30 21   256   150 10162    70    41     6     0 -9999
2017 08 30 22   256   156 10163    90    41 -9999 -9999 -9999
2017 08 30 23   244   156 10164   100    36 -9999 -9999 -9999
2017 08 31 00   239   156 10166   110    26 -9999 -9999 -9999
2017 08 31 01   233   150 10172   120    21     4     0 -9999
2017 08 31 02   233   156 10177     0     0     2     0 -9999
2017 08 31 03   222   156 10171   220    36     2     0 -9999
2017 08 31 04   217   156 10160   230    31     0     0 -9999
2017 08 31 05   211   156 10171   360    46     2     0 -9999
2017 08 31 06   206   161 10173    10    41     2     0 -9999
2017 08 31 07   200   172 10174    10    36     2     0 -9999
2017 08 31 08   206   172 10178    20    51     4     0 -9999
2017 08 31 09   200   172 10181    20    51     6     0 -9999
2017 08 31 10   206   167 10185    20    62 -9999     0 -9999
2017 08 31 11   200   156 10192    10    82 -9999     0 -9999
2017 08 31 12   200   150 10196    20    57 -9999     0 -9999
2017 08 31 13   194   139 10201    20    67 -9999     0 -9999
2017 08 31 14   206   144 10202    40    67 -9999     0 -9999
2017 08 31 15   217   156 10202    30    57     6     0 -9999
2017 08 31 16   217   156 10203    30    77 -9999     0 -9999
2017 08 31 17   222   156 10203    30    88 -9999     0 -9999
2017 08 31 18   222   150 10202    50    77 -9999     0 -9999
2017 08 31 19   222   144 10203    20    67 -9999     0 -9999
2017 08 31 20   217   144 10201    10    72 -9999     0 -9999
2017 08 31 21   217   128 10199    30    72     6 -9999 -9999
2017 08 31 22   211   128 10196    30    82 -9999 -9999 -9999
2017 08 31 23   206   128 10199    20    72 -9999 -9999 -9999
2017 09 01 00   194   128 10197    20    72 -9999 -9999 -9999
2017 09 01 01   189   128 10197    40    77 -9999 -9999 -9999
2017 09 01 02   194   133 10201    40    57 -9999 -9999 -9999
2017 09 01 03   194   139 10200    50    62     4 -9999 -9999
2017 09 01 04   194   133 10197    50    51     4 -9999 -9999
2017 09 01 05   200   100 10196    80    46     2 -9999 -9999
2017 09 01 06   189   111 10202   100    82     2 -9999 -9999
2017 09 01 07   183   100 10201    90    62     2     0 -9999
2017 09 01 08   172   106 10204   100    62     4     0 -9999
2017 09 01 09   161   100 10210    90    77     4     0 -9999
2017 09 01 10   156    89 10208    90    77 -9999     0 -9999
2017 09 01 11   150    83 10211    80    72 -9999     0 -9999
2017 09 01 12   144    89 10216    90    77 -9999     0 -9999
2017 09 01 13   150    78 10222    90    72 -9999     0 -9999
2017 09 01 14   161    72 10221    90    77 -9999     0 -9999
2017 09 01 15   172    89 10220    60    72     6     0 -9999
2017 09 01 16   172   100 10218    90    67 -9999     0 -9999
2017 09 01 17   183   111 10213    90    57 -9999     0 -9999
2017 09 01 18   189    89 10210    90    57 -9999     0 -9999
2017 09 01 19   200    89 10205    40    67 -9999     0 -9999
2017 09 01 20   200    83 10202    50    62 -9999     0 -9999
2017 09 01 21   200    78 10201    60    77     6     0 -9999
2017 09 01 22   200    83 10199    40    57 -9999     0 -9999
2017 09 01 23   194    94 10196    50    57 -9999     0 -9999
2017 09 02 00   189    94 10196    40    51 -9999     0 -9999
2017 09 02 01   183    83 10194    40    36 -9999     0 -9999
2017 09 02 02   189    89 10194    60    36     4     0 -9999
2017 09 02 03   189    72 10194    90    36     4     0 -9999
2017 09 02 04   178    67 10194    90    26     2     0 -9999
2017 09 02 05   178    72 10190    90    26     0     0 -9999
2017 09 02 06   167    72 10190   100    15     0     0 -9999
2017 09 02 07   150    67 10187   120    31     0     0 -9999
2017 09 02 08   139    72 10182     0     0     0     0 -9999
2017 09 02 09   122    72 10179     0     0     0     0 -9999
2017 09 02 10   111    83 10181     0     0     0     0 -9999
2017 09 02 11   106    78 10181     0     0     2     0 -9999
2017 09 02 12   106    72 10182     0     0     2     0 -9999
2017 09 02 13   133    78 10183   300    21     4     0 -9999
2017 09 02 14   172    83 10183   320    31     4     0 -9999
2017 09 02 15   183    94 10179     0     0     6     0 -9999
2017 09 02 16   200    89 10176 -9999    15     4     0 -9999
2017 09 02 17   206    89 10169   340    36     4     0 -9999
2017 09 02 18   217    72 10159     0     0     4     0 -9999
2017 09 02 19   222    67 10156   290    26 -9999     0 -9999
2017 09 02 20   222    61 10144 -9999    21 -9999     0 -9999
2017 09 02 21   233    72 10143   220    36     6     0 -9999
2017 09 02 22   228    72 10139   210    41 -9999     0 -9999
2017 09 02 23   222    83 10133   230    46 -9999     0 -9999
2017 09 03 00   211    78 10133   240    41 -9999     0 -9999
2017 09 03 01   161   128 10159   300    36 -9999    48 -9999
2017 09 03 02   161   139 10154    60    15 -9999    18 -9999
2017 09 03 03   167   144 10149   140    21     8    -1 -9999
2017 09 03 04   167   144 10140   190    31 -9999     0 -9999
2017 09 03 05   161   139 10137   180    21 -9999     0 -9999
2017 09 03 06   156   133 10135   200    31     4     0    66
2017 09 03 07   150   133 10134   220    36     0     0 -9999
2017 09 03 08   144   128 10136   230    26     2     0 -9999
2017 09 03 09   139   128 10136   250    26     0     0 -9999
2017 09 03 10   139   128 10139   250    26     0     0 -9999
2017 09 03 11   139   128 10144     0     0     2     0 -9999
2017 09 03 12   144   139 10153     0     0     2     0 -9999
2017 09 03 13   161   144 10156     0     0     2     0 -9999
2017 09 03 14   194   150 10158   330    15     2     0 -9999
2017 09 03 15   217   144 10157     0     0     2     0 -9999
2017 09 03 16   239   139 10156   290    21     4     0 -9999
2017 09 03 17   256   128 10158   320    57     4     0 -9999
2017 09 03 18   267   128 10155   300    72 -9999     0 -9999
2017 09 03 19   278   111 10150   300    57 -9999     0 -9999
2017 09 03 20   283   111 10146   300    57 -9999     0 -9999
2017 09 03 21   283   100 10144   310    46     6     0 -9999
2017 09 03 22   278   106 10143   330    36 -9999     0 -9999
2017 09 03 23   272   106 10141   250    41 -9999     0 -9999
2017 09 04 00   261   106 10139   270    31 -9999     0 -9999
2017 09 04 01   244   117 10137   240    41     4     0 -9999
2017 09 04 02   233   128 10139   220    26     2     0 -9999
2017 09 04 03   222   133 10139   220    36     2     0 -9999
2017 09 04 04   211   133 10132   220    31     0     0 -9999
2017 09 04 05   206   133 10125   210    36     0     0 -9999
2017 09 04 06   206   128 10117   210    46     0     0 -9999
2017 09 04 07   206   122 10108   210    41     0     0 -9999
2017 09 04 08   206   122 10100   220    46     2     0 -9999
2017 09 04 09   200   117 10097   210    36     2     0 -9999
2017 09 04 10   206   111 10092   210    57     2     0 -9999
2017 09 04 11   206   111 10088   210    62 -9999     0 -9999
2017 09 04 12   206   117 10087   230    57 -9999     0 -9999
2017 09 04 13   211   122 10080   210    72 -9999     0 -9999
2017 09 04 14   222   133 10070   220    62 -9999     0 -9999
2017 09 04 15   250   161 10062   220    77     6     0 -9999
2017 09 04 16   267   178 10054   230    82 -9999     0 -9999
2017 09 04 17   283   189 10045   250    88 -9999     0 -9999
2017 09 04 18   283   194 10046   260    93 -9999     0 -9999
2017 09 04 19   272   194 10051   270    67 -9999     0 -9999
2017 09 04 20   244   200 10057   320    77 -9999    -1 -9999
2017 09 04 21   233   200 10062   310    46     8    -1 -9999
2017 09 04 22   244   178 10062   310    46 -9999     0 -9999
2017 09 04 23   244   172 10061   300    57 -9999     0 -9999
2017 09 05 00   233   139 10066   320    67 -9999     0    -1
2017 09 05 01   228   111 10074   330    51 -9999     0 -9999
2017 09 05 02   211   117 10083   330    51 -9999     0 -9999
2017 09 05 03   200   117 10084   310    31     8     0 -9999
2017 09 05 04   189   117 10088   280    26 -9999     0 -9999
2017 09 05 05   183   117 10084   290    36 -9999     0 -9999
2017 09 05 06   183   111 10083   290    36 -9999     0 -9999
2017 09 05 07   172   111 10082   290    46 -9999     0 -9999
2017 09 05 08   161   111 10095   300    57 -9999     0 -9999
2017 09 05 09   156   106 10100   310    41     6     0 -9999
2017 09 05 10   144   100 10104   300    31 -9999     0 -9999
2017 09 05 11   139   100 10109   300    51     4     0 -9999
2017 09 05 12   133    94 10114   300    57     2     0 -9999
2017 09 05 13   139    94 10116   290    57     2     0 -9999
2017 09 05 14   144    94 10117   300    67     2     0 -9999
2017 09 05 15   161   100 10119   290    46     2     0 -9999
2017 09 05 16   183    94 10117   290    57     2     0 -9999
2017 09 05 17   194    94 10117   310    67     2     0 -9999
2017 09 05 18   194    83 10115   290    67 -9999     0 -9999
2017 09 05 19   211    72 10114   270    67 -9999     0 -9999
2017 09 05 20   206    67 10115   290    77 -9999     0 -9999
2017 09 05 21   200    67 10115   320    98     6     0 -9999
2017 09 05 22   189    56 10119   310    98 -9999     0 -9999
2017 09 05 23   183    61 10123   310    82 -9999     0 -9999
2017 09 06 00   172    56 10127   300    67 -9999     0 -9999
2017 09 06 01   161    56 10133   300    41 -9999     0 -9999
2017 09 06 02   156    61 10139   320    41     4     0 -9999
2017 09 06 03   144    67 10140   310    36     4     0 -9999
2017 09 06 04   139    72 10138   310    31 -9999     0 -9999
2017 09 06 05   139    72 10138   310    31 -9999     0 -9999
2017 09 06 06   133    78 10139   300    36     2     0 -9999
2017 09 06 07   122    78 10139   280    26 -9999     0 -9999
2017 09 06 08   122    83 10140   300    41 -9999     0 -9999
2017 09 06 09   111    83 10139   310    36     6     0 -9999
2017 09 06 10   106    83 10140   310    41     4     0 -9999
2017 09 06 11   106    78 10145   330    26     4     0 -9999
2017 09 06 12   100    83 10150   320    36     2     0 -9999
2017 09 06 13   117    83 10154   340    41 -9999     0 -9999
2017 09 06 14   133    78 10155   340    51     2     0 -9999
2017 09 06 15   156    72 10159   350    51     2     0 -9999
2017 09 06 16   167    67 10160    10    62 -9999     0 -9999
2017 09 06 17   172    61 10159   330    62 -9999     0 -9999
2017 09 06 18   178    67 10159   320    21 -9999     0 -9999
2017 09 06 19   189    61 10161   350    46 -9999     0 -9999
2017 09 06 20   183    61 10158   310    57 -9999     0 -9999
2017 09 06 21   178    61 10156   320    57     6     0 -9999
2017 09 06 22   172    78 10158    30    31 -9999    -1 -9999
2017 09 06 23   167    83 10164    30    57 -9999     0 -9999
2017 09 07 00   167    67 10164   330    36 -9999     0    -1
2017 09 07 01   161    72 10166   310    31 -9999     0 -9999
2017 09 07 02   156    78 10167   290    31 -9999     0 -9999
2017 09 07 03   144    78 10168   300    21     2     0 -9999
2017 09 07 04   139    78 10167   280    31 -9999     0 -9999
2017 09 07 05   139    83 10167   280    31 -9999     0 -9999
2017 09 07 06   133    83 10167   290    31 -9999     0 -9999
2017 09 07 07   128    83 10164   290    36 -9999     0 -9999
2017 09 07 08   128    83 10165   280    31 -9999     0 -9999
2017 09 07 09   122    83 10163   280    26     8     0 -9999
2017 09 07 10   122    83 10166   290    31 -9999     0 -9999
2017 09 07 11   122    83 10164   280    31 -9999     0 -9999
2017 09 07 12   117    83 10167   290    26 -9999     0 -9999
2017 09 07 13   128    89 10170   290    36     4     0 -9999
2017 09 07 14   150    94 10171   280    36 -9999     0 -9999
2017 09 07 15   172    89 10174   290    62     6 -9999 -9999
2017 09 07 16   183    83 10173   300    57 -9999 -9999 -9999
2017 09 07 17   189    78 10172   280    62 -9999     0 -9999
2017 09 07 18   206    78 10168   280    72 -9999     0 -9999
2017 09 07 19   200    72 10167   290    46 -9999     0 -9999
2017 09 07 20   183    89 10166   340    41 -9999    -1 -9999
2017 09 07 21   200    94 10162 -9999    15     6    -1 -9999
2017 09 07 22   206    56 10161   300    62 -9999     0 -9999
2017 09 07 23   200    44 10163   290    77 -9999     0 -9999
2017 09 08 00   189    56 10165   300    31 -9999     0    -1
2017 09 08 01   183    56 10170   290    21 -9999     0 -9999
2017 09 08 02   172    67 10175   280    15 -9999     0 -9999
2017 09 08 03   172    72 10176   270    15     8     0 -9999
2017 09 08 04   167    78 10179   240    15 -9999     0 -9999
2017 09 08 05   161    78 10181   230    26 -9999     0 -9999
2017 09 08 06   161    78 10182   220    26 -9999     0 -9999
2017 09 08 07   150    83 10183   200    31 -9999     0 -9999
2017 09 08 08   156    83 10189     0     0 -9999    -1 -9999
2017 09 08 09   156    78 10189   240    21     8    -1 -9999
2017 09 08 10   161    83 10191 -9999    15 -9999    -1 -9999
2017 09 08 11   161    89 10200     0     0 -9999    -1 -9999
2017 09 08 12   167    83 10209     0     0 -9999     0    -1
2017 09 08 13   167    83 10216     0     0 -9999     0 -9999
2017 09 08 14   178    83 10219     0     0 -9999     0 -9999
2017 09 08 15   194    83 10221   110    21     6     0 -9999
2017 09 08 16   211    89 10223     0     0 -9999     0 -9999
2017 09 08 17   200   133 10228    50    57 -9999     0 -9999
2017 09 08 18   189   128 10234    50    62 -9999     0 -9999
2017 09 08 19   183   133 10237    60    51 -9999     0 -9999
2017 09 08 20   200   122 10235    60    51 -9999     0 -9999
2017 09 08 21   183   122 10237    60    62     8     0 -9999
2017 09 08 22   178   111 10240    70    57 -9999     0 -9999
2017 09 08 23   183    94 10241    30    57 -9999     0 -9999
2017 09 09 00   172    83 10241    40    41     4     0 -9999
2017 09 09 01   167    89 10246    50    46     4     0 -9999
2017 09 09 02   172    83 10250    40    51     4     0 -9999
2017 09 09 03   172   100 10251    60    41     4     0 -9999
2017 09 09 04   178   106 10256    60    41 -9999     0 -9999
2017 09 09 05   178   111 10258    70    36     4     0 -9999
2017 09 09 06   178   106 10261    80    26 -9999     0 -9999
2017 09 09 07   178    83 10263   110    41 -9999     0 -9999
2017 09 09 08   172    89 10265   110    46 -9999     0 -9999
2017 09 09 09   167    89 10270   110    36     6     0 -9999
2017 09 09 10   150    83 10275   110    15     2     0 -9999
2017 09 09 11   139    89 10279   130    21     2     0 -9999
2017 09 09 12   139   100 10287   120    26     2     0 -9999
2017 09 09 13   150   106 10292   120    41     2     0 -9999
2017 09 09 14   167   106 10295   120    51     2     0 -9999
2017 09 09 15   183   100 10301   110    62     2     0 -9999
2017 09 09 16   194    94 10297   120    41     2     0 -9999
2017 09 09 17   206    83 10296   100    51     2     0 -9999
2017 09 09 18   211    78 10293    70    51     2     0 -9999
2017 09 09 19   211    61 10289    80    72     2     0 -9999
2017 09 09 20   217    83 10283    70    57     2     0 -9999
2017 09 09 21   211    89 10278    60    67     0     0 -9999
2017 09 09 22   206    83 10279    70    62     0     0 -9999
2017 09 09 23   200    89 10281    60    62     0     0 -9999
2017 09 10 00   189    94 10278    60    57     0     0 -9999
2017 09 10 01   183   100 10281    70    46     0     0 -9999
2017 09 10 02   183   106 10285    90    41     0     0 -9999
2017 09 10 03   178   111 10284    90    31     0     0 -9999
2017 09 10 04   172    72 10286   130    41     0     0 -9999
2017 09 10 05   156    72 10285   130    21     0     0 -9999
2017 09 10 06   156    67 10285   140    31     0     0 -9999
2017 09 10 07   144    61 10289   140    31     0     0 -9999
2017 09 10 08   139    61 10291   150    26     0     0 -9999
2017 09 10 09   128    61 10293   140    15     0     0 -9999
2017 09 10 10   122    61 10297   130    26     0     0 -9999
2017 09 10 11   122    67 10304   140    26     2     0 -9999
2017 09 10 12   122    67 10310   150    15     2     0 -9999
2017 09 10 13   133    72 10312   130    26     0     0 -9999
2017 09 10 14   156    78 10311   150    51     0     0 -9999
2017 09 10 15   172    83 10313   130    36     0     0 -9999
2017 09 10 16   189    72 10307   120    31     2     0 -9999
2017 09 10 17   200    50 10303   100    46     2     0 -9999
2017 09 10 18   200    78 10298 -9999    21     0     0 -9999
2017 09 10 19   206    89 10291   110    46     0     0 -9999
2017 09 10 20   206    89 10285    80    57     0     0 -9999
2017 09 10 21   206    89 10281   100    46     0     0 -9999
2017 09 10 22   200    94 10278    50    51     0     0 -9999
2017 09 10 23   200   106 10276    80    46     0     0 -9999
2017 09 11 00   189   111 10277    80    51     0     0 -9999
2017 09 11 01   183   117 10276    90    41     0     0 -9999
2017 09 11 02   183   117 10274    90    41     0     0 -9999
2017 09 11 03   178   122 10272    90    26     0     0 -9999
2017 09 11 04   172   100 10271   130    31     0     0 -9999
2017 09 11 05   167    89 10270   150    26     0     0 -9999
2017 09 11 06   156    83 10266   160    21     0     0 -9999
2017 09 11 07   150    83 10264   130    21     0     0 -9999
2017 09 11 08   144    83 10257   140    21     0     0 -9999
2017 09 11 09   139    83 10258   130    15     0     0 -9999
2017 09 11 10   128    83 10259   120    26     0     0 -9999
2017 09 11 11   128    89 10260   120    21     0     0 -9999
2017 09 11 12   128    89 10261     0     0     0     0 -9999
2017 09 11 13   139   100 10261   150    26     0     0 -9999
2017 09 11 14   156   100 10258   130    15     0     0 -9999
2017 09 11 15   183   100 10255     0     0     0     0 -9999
2017 09 11 16   206    94 10251 -9999    15     0     0 -9999
2017 09 11 17   222    83 10244   290    26     2     0 -9999
2017 09 11 18   228    72 10237    70    26     2     0 -9999
2017 09 11 19   228    89 10229    50    46     4     0 -9999
2017 09 11 20   217    78 10221    80    31 -9999     0 -9999
2017 09 11 21   217    83 10215    70    46     6     0 -9999
2017 09 11 22   211    94 10208    70    36 -9999     0 -9999
2017 09 11 23   206   100 10208    80    41 -9999     0 -9999
2017 09 12 00   194   111 10202    80    31 -9999     0 -9999
2017 09 12 01   189   117 10202    90    36 -9999     0 -9999
2017 09 12 02   183   122 10201    90    26 -9999     0 -9999
2017 09 12 03   178   128 10196    60    26     8     0 -9999
2017 09 12 04   178   133 10193    90    31 -9999     0 -9999
2017 09 12 05   178   128 10187    30    21 -9999     0 -9999
2017 09 12 06   172   133 10185    50    21 -9999     0 -9999
2017 09 12 07   167   133 10178   340    15 -9999     0 -9999
2017 09 12 08   161   133 10175     0     0 -9999     0 -9999
2017 09 12 09   156   128 10170   330    21     8     0 -9999
2017 09 12 10   144   128 10169   340    21 -9999     0 -9999
2017 09 12 11   144   128 10170     0     0 -9999     0 -9999
2017 09 12 12   156   139 10168    10    26 -9999     0 -9999
2017 09 12 13   183   150 10165    20    15 -9999     0 -9999
2017 09 12 14   200   144 10161    70    41 -9999     0 -9999
2017 09 12 15   211   122 10161    80    51     4     0 -9999
2017 09 12 16   222   111 10156    60    62     4     0 -9999
2017 09 12 17   228   106 10150    70    62     4     0 -9999
2017 09 12 18   233   111 10143    60    57 -9999     0 -9999
2017 09 12 19   244   100 10135    40    62 -9999     0 -9999
2017 09 12 20   239    94 10128    80    67 -9999     0 -9999
2017 09 12 21   239    89 10120    60    67     6     0 -9999
2017 09 12 22   239   111 10113    30    57 -9999     0 -9999
2017 09 12 23   222   117 10111    20    57 -9999     0 -9999
2017 09 13 00   206   122 10109    40    46 -9999     0 -9999
2017 09 13 01   200   133 10107    30    41 -9999     0 -9999
2017 09 13 02   189   128 10106    10    36 -9999     0 -9999
2017 09 13 03   189   133 10101    30    36     6     0 -9999
2017 09 13 04   183   150 10097    20    26 -9999     0 -9999
2017 09 13 05   189   156 10098    70    21 -9999     0 -9999
2017 09 13 06   189   161 10094    40    21 -9999     0 -9999
2017 09 13 07   183   161 10086    30    26 -9999     0 -9999
2017 09 13 08   183   161 10082    50    26 -9999     0 -9999
2017 09 13 09   189   150 10079    40    21     8     0 -9999
2017 09 13 10   189   156 10079     0     0 -9999     0 -9999
2017 09 13 11   189   144 10080    30    15 -9999     0 -9999
2017 09 13 12   194   144 10081    50    21 -9999    -1 -9999
2017 09 13 13   183   150 10082    70    31 -9999    15 -9999
2017 09 13 14   194   161 10083   100    36 -9999     3 -9999
2017 09 13 15   194   156 10080   110    31     8     0 -9999
2017 09 13 16   206   161 10078     0     0 -9999     0 -9999
2017 09 13 17   233   161 10072 -9999    26 -9999     0 -9999
2017 09 13 18   222   161 -9999    90    36 -9999     0    18
2017 09 13 19   228   167 10065    70    36 -9999     0 -9999
2017 09 13 20   217   172 10067   110    26 -9999    -1 -9999
2017 09 13 21   211   167 10068    80    51     8    -1 -9999
2017 09 13 22   200   172 10069   100    46 -9999    -1 -9999
2017 09 13 23   194   172 10072   150    36 -9999     0 -9999
2017 09 14 00   194   172 10072     0     0 -9999     0    -1
2017 09 14 01   194   167 10076   110    26 -9999     0 -9999
2017 09 14 02   194   167 10082   100    21 -9999     0 -9999
2017 09 14 03   189   167 10081   130    21     6     0 -9999
2017 09 14 04   183   167 10084   130    21     2     0 -9999
2017 09 14 05   183   167 10086   190    15     2     0 -9999
2017 09 14 06   178   161 10087   190    21     2     0 -9999
2017 09 14 07   172   156 10089   200    15     0     0 -9999
2017 09 14 08   167   156 10091   230    15     0     0 -9999
2017 09 14 09   161   150 10096     0     0     2     0 -9999
2017 09 14 10   161   150 10100     0     0     2     0 -9999
2017 09 14 11   156   156 10103   210    15     9     0 -9999
2017 09 14 12   150   150 10109   180    15     9     0 -9999
2017 09 14 13   150   150 10116   200    15     9     0 -9999
2017 09 14 14   161   161 10124     0     0     9     0 -9999
2017 09 14 15   172   161 10127     0     0     8     0 -9999
2017 09 14 16   211   167 10124   200    26     2     0 -9999
2017 09 14 17   228   167 10122   240    31     2     0 -9999
2017 09 14 18   244   167 10117   220    21     2     0 -9999
2017 09 14 19   250   161 10115   220    31     4     0 -9999
2017 09 14 20   256   161 10112   220    26     4     0 -9999
2017 09 14 21   256   161 10109     0     0     2     0 -9999
2017 09 14 22   261   161 10112   230    26     2     0 -9999
2017 09 14 23   261   167 10115   210    36     2     0 -9999
2017 09 15 00   250   167 10120   190    36     2     0 -9999
2017 09 15 01   244   161 10126   190    31     2     0 -9999
2017 09 15 02   233   161 10129   170    41     0     0 -9999
2017 09 15 03   222   161 10131   170    41     0     0 -9999
2017 09 15 04   217   161 10132   160    41     0     0 -9999
2017 09 15 05   211   161 10134   160    31     0     0 -9999
2017 09 15 06   206   156 10134   160    36     0     0 -9999
2017 09 15 07   194   156 10138   170    41     0     0 -9999
2017 09 15 08   189   150 10140   190    21     0     0 -9999
2017 09 15 09   183   150 10143   180    21     0     0 -9999
2017 09 15 10   178   150 10146   170    26     0     0 -9999
2017 09 15 11   178   150 10149   160    31     2     0 -9999
2017 09 15 12   178   156 10155   170    31     2     0 -9999
2017 09 15 13   194   167 10161   190    26     2     0 -9999
2017 09 15 14   217   172 10164   200    36     2     0 -9999
2017 09 15 15   239   178 10163   190    46     0     0 -9999
2017 09 15 16   261   178 10159   190    31     0     0 -9999
2017 09 15 17   283   167 10154   180    51     0     0 -9999
2017 09 15 18   289   156 10151   190    57     0     0 -9999
2017 09 15 19   300   156 10148   180    62     2     0 -9999
2017 09 15 20   306   144 10146   230    46     2     0 -9999
2017 09 15 21   306   150 10141   150    51     2     0 -9999
2017 09 15 22   306   156 10142   210    46     2     0 -9999
2017 09 15 23   300   150 10146   160    46     0     0 -9999
2017 09 16 00   289   150 10147   170    31     2     0 -9999
2017 09 16 01   278   150 10151   150    36     2     0 -9999
2017 09 16 02   267   156 10156   140    46     0     0 -9999
2017 09 16 03   256   167 10159   150    46     0     0 -9999
2017 09 16 04   244   161 10163   160    46     0     0 -9999
2017 09 16 05   233   161 10164   160    41     0     0 -9999
2017 09 16 06   228   156 10165   160    46     0     0 -9999
2017 09 16 07   222   161 10164   160    36     0     0 -9999
2017 09 16 08   217   161 10163   170    36     0     0 -9999
2017 09 16 09   211   167 10162   170    36     0     0 -9999
2017 09 16 10   206   167 10166   190    26     0     0 -9999
2017 09 16 11   200   172 10170   180    31     2     0 -9999
2017 09 16 12   194   172 10176   180    31     2     0 -9999
2017 09 16 13   206   172 10179   190    26     2     0 -9999
2017 09 16 14   228   172 10185   200    26     2     0 -9999
2017 09 16 15   256   178 10189   220    31     2     0 -9999
2017 09 16 16   278   178 10184   210    31     2     0 -9999
2017 09 16 17   289   172 10178   220    51     4     0 -9999
2017 09 16 18   294   161 10171   210    51     4     0 -9999
2017 09 16 19   306   161 10167   230    51 -9999     0 -9999
2017 09 16 20   300   156 10164   200    46 -9999     0 -9999
2017 09 16 21   311   156 10160   210    51     4     0 -9999
2017 09 16 22   300   156 10155   210    57     4     0 -9999
2017 09 16 23   300   161 10153   180    51     4     0 -9999
2017 09 17 00   289   161 10155   180    31     2     0 -9999
2017 09 17 01   283   167 10156   150    31     2     0 -9999
2017 09 17 02   267   167 10158   160    36     0     0 -9999
2017 09 17 03   261   161 10161   170    36     0     0 -9999
2017 09 17 04   256   167 10161   160    36     0     0 -9999
2017 09 17 05   244   167 10162   160    26     2     0 -9999
2017 09 17 06   244   167 10158   170    46     4     0 -9999
2017 09 17 07   239   167 10151   160    41     2     0 -9999
2017 09 17 08   233   167 10150   170    36     2     0 -9999
2017 09 17 09   222   167 10154   180    26     2     0 -9999
2017 09 17 10   217   167 10159   180    31     4     0 -9999
2017 09 17 11   211   172 10161   180    31     2     0 -9999
2017 09 17 12   211   172 10170   200    31 -9999     0 -9999
2017 09 17 13   222   178 10167   200    41 -9999     0 -9999
2017 09 17 14   239   178 10169   230    41 -9999     0 -9999
2017 09 17 15   244   183 10168 -9999    31     4     0 -9999
2017 09 17 16   267   178 10164   200    26     2     0 -9999
2017 09 17 17   289   178 10157   210    31     2     0 -9999
2017 09 17 18   306   178 10158   280    46 -9999     0 -9999
2017 09 17 19   294   178 10156   290    57 -9999     0 -9999
2017 09 17 20   294   178 10154   270    31 -9999     0 -9999
2017 09 17 21   294   156 10154   310    46     8     0 -9999
2017 09 17 22   300   178 10156   280    31 -9999     0 -9999
2017 09 17 23   278   183 10158   300    51 -9999     0 -9999
2017 09 18 00   267   172 10166   320    36 -9999     0 -9999
2017 09 18 01   250   183 10173   330    46 -9999     0 -9999
2017 09 18 02   233   167 10182   330    57 -9999     0 -9999
2017 09 18 03   228   167 10185   330    36     6     0 -9999
2017 09 18 04   211   150 10188    10    51 -9999     0 -9999
2017 09 18 05   194   133 10189    10    36     4     0 -9999
2017 09 18 06   189   122 10187    20    41     4     0 -9999
2017 09 18 07   178   128 10183    20    26     4     0 -9999
2017 09 18 08   178   128 10179    10    31     4     0 -9999
2017 09 18 09   178   128 10179   350    21     4     0 -9999
2017 09 18 10   161   128 10181   320    31     4     0 -9999
2017 09 18 11   156   122 10186   330    21     4     0 -9999
2017 09 18 12   161   128 10186    10    26     4     0 -9999
2017 09 18 13   183   133 10191   350    21     4     0 -9999
2017 09 18 14   206   139 10187    70    36 -9999     0 -9999
2017 09 18 15   211   139 10188    70    41     2     0 -9999
2017 09 18 16   233   133 10189    40    36     4     0 -9999
2017 09 18 17   244   128 10186    60    31     4     0 -9999
2017 09 18 18   233   128 10179    80    51     4     0 -9999
2017 09 18 19   233   122 10173    70    62     2     0 -9999
2017 09 18 20   233   128 10170    60    41     4     0 -9999
2017 09 18 21   233   122 10162    80    46     4     0 -9999
2017 09 18 22   217   139 10158    80    51 -9999     0 -9999
2017 09 18 23   211   133 10157    80    41 -9999     0 -9999
2017 09 19 00   206   133 10157    70    46 -9999     0 -9999
2017 09 19 01   206   133 10156    70    36 -9999     0 -9999
2017 09 19 02   200   139 10155    70    36 -9999     0 -9999
2017 09 19 03   200   144 10151    60    46     8     0 -9999
2017 09 19 04   200   156 10148    70    51 -9999     0 -9999
2017 09 19 05   200   167 10144    50    31 -9999     0 -9999
2017 09 19 06   206   172 10135    70    31 -9999     0 -9999
2017 09 19 07   200   183 10137     0     0 -9999     8 -9999
2017 09 19 08   200   183 10132     0     0 -9999    23 -9999
2017 09 19 09   194   183 10127   350    31     8    10 -9999
2017 09 19 10   194   183 10125   360    26 -9999    -1 -9999
2017 09 19 11   194   183 10130   360    21 -9999    -1 -9999
2017 09 19 12   200   183 10131    10    15 -9999     0    41
2017 09 19 13   200   183 10133    40    26 -9999     0 -9999
2017 09 19 14   206   189 10137     0     0 -9999     0 -9999
2017 09 19 15   206   194 10142   100    15     8    13 -9999
2017 09 19 16   211   189 10140    30    26 -9999     5 -9999
2017 09 19 17   233   194 10134   110    21 -9999    -1 -9999
2017 09 19 18   244   178 10132    80    36     4     0    18
2017 09 19 19   244   178 10127    60    51     4     0 -9999
2017 09 19 20   244   178 10127    70    36     4     0 -9999
2017 09 19 21   250   178 10123    80    46     4     0 -9999
2017 09 19 22   239   178 10123    70    41     4     0 -9999
2017 09 19 23   222   178 10122    60    51 -9999     0 -9999
2017 09 20 00   217   172 10121    90    41     4     0 -9999
2017 09 20 01   211   172 10125    90    26     2     0 -9999
2017 09 20 02   211   172 10125   100    26     2     0 -9999
2017 09 20 03   206   178 10127   100    21     2     0 -9999
2017 09 20 04   206   178 10128    90    26     0     0 -9999
2017 09 20 05   200   178 10125     0     0     0     0 -9999
2017 09 20 06   194   183 10124   120    15     0     0 -9999
2017 09 20 07   194   183 10119   130    21     0     0 -9999
2017 09 20 08   194   183 10117   150    15     0     0 -9999
2017 09 20 09   194   183 10121   150    26     0     0 -9999
2017 09 20 10   189   178 10124     0     0     0     0 -9999
2017 09 20 11   189   178 10126   120    21     2     0 -9999
2017 09 20 12   194   178 10129   130    31     2     0 -9999
2017 09 20 13   211   183 10126   140    36     2     0 -9999
2017 09 20 14   233   189 10122   150    46     2     0 -9999
2017 09 20 15   256   194 10118   160    51     2     0 -9999
2017 09 20 16   283   200 10115   180    51     2     0 -9999
2017 09 20 17   300   200 10121   190    51     2     0 -9999
2017 09 20 18   317   200 10117   200    57     2     0 -9999
2017 09 20 19   328   194 10111   210    51     2     0 -9999
2017 09 20 20   333   200 10105   210    72     2     0 -9999
2017 09 20 21   333   194 10098   180    72     2     0 -9999
2017 09 20 22   333   194 10097   180    72     0     0 -9999
2017 09 20 23   328   189 10099   200    67     2     0 -9999
2017 09 21 00   317   189 10098   180    51     2     0 -9999
2017 09 21 01   306   194 10097   170    51     2     0 -9999
2017 09 21 02   300   194 10103   190    51     2     0 -9999
2017 09 21 03   283   194 10112   200    36     2     0 -9999
2017 09 21 04   278   194 10123   230    36 -9999     0 -9999
2017 09 21 05   267   200 10123   190    31 -9999     0 -9999
2017 09 21 06   261   200 10129   210    31 -9999     0 -9999
2017 09 21 07   256   200 10128   200    26 -9999     0 -9999
2017 09 21 08   250   200 10129     0     0 -9999     0 -9999
2017 09 21 09   244   200 10131     0     0     8     0 -9999
2017 09 21 10   239   200 10132   170    26 -9999     0 -9999
2017 09 21 11   239   200 10134   190    31 -9999     0 -9999
2017 09 21 12   239   206 10137   170    21 -9999     0 -9999
2017 09 21 13   239   206 10151   210    31 -9999     0 -9999
2017 09 21 14   256   206 10154   190    31 -9999     0 -9999
2017 09 21 15   283   206 10156   200    15     6     0 -9999
2017 09 21 16   306   194 10153   200    26 -9999     0 -9999
2017 09 21 17   328   167 10153 -9999    26 -9999     0 -9999
2017 09 21 18   333   150 10149   210    31 -9999     0 -9999
2017 09 21 19   339   161 10144   200    36     4     0 -9999
2017 09 21 20   344   183 10142   160    36 -9999     0 -9999
2017 09 21 21   344   189 10136   210    36     4     0 -9999
2017 09 21 22   339   194 10135   210    36     4     0 -9999
2017 09 21 23   333   206 10133   160    57     4     0 -9999
2017 09 22 00   322   211 10140   170    26     4     0 -9999
2017 09 22 01   294   217 10146   100    26     4     0 -9999
2017 09 22 02   289   217 10148   130    21 -9999     0 -9999
2017 09 22 03   289   217 10150   150    15     6     0 -9999
2017 09 22 04   294   206 10149   180    31 -9999     0 -9999
2017 09 22 05   283   206 10149   160    36 -9999     0 -9999
2017 09 22 06   283   200 10151   190    31 -9999     0 -9999
2017 09 22 07   272   200 10155   160    36 -9999     0 -9999
2017 09 22 08   261   200 10156   170    31 -9999     0 -9999
2017 09 22 09   256   200 10159   180    21     6     0 -9999
2017 09 22 10   244   194 10162   210    21 -9999     0 -9999
2017 09 22 11   244   200 10163   220    26 -9999     0 -9999
2017 09 22 12   244   194 10169   200    26     4     0 -9999
2017 09 22 13   250   200 10173   180    31     2     0 -9999
2017 09 22 14   278   200 10173   200    26     2     0 -9999
2017 09 22 15   294   200 10171   220    36     2     0 -9999
2017 09 22 16   311   200 10172   230    36     2     0 -9999
2017 09 22 17   328   194 10168   220    26     2     0 -9999
2017 09 22 18   339   183 10161   210    57     2     0 -9999
2017 09 22 19   339   183 10158   220    46     2     0 -9999
2017 09 22 20   344   189 10156   240    15     2     0 -9999
2017 09 22 21   344   183 10150   200    36     2     0 -9999
2017 09 22 22   344   178 10151   190    46     2     0 -9999
2017 09 22 23   339   178 10150   170    31     2     0 -9999
2017 09 23 00   328   172 10152   180    31     2     0 -9999
2017 09 23 01   300   200 10156   120    36     0     0 -9999
2017 09 23 02   294   200 10155   110    41     0     0 -9999
2017 09 23 03   289   194 10155   120    36     0     0 -9999
2017 09 23 04   283   200 10157   130    26     0     0 -9999
2017 09 23 05   278   200 10157   130    15     0     0 -9999
2017 09 23 06   272   194 10157   170    31     0     0 -9999
2017 09 23 07   261   194 10158   210    15     0     0 -9999
2017 09 23 08   261   194 10154     0     0     0     0 -9999
2017 09 23 09   250   194 10154     0     0     0     0 -9999
2017 09 23 10   244   194 10158   180    21     0     0 -9999
2017 09 23 11   244   189 10165   190    21     0     0 -9999
2017 09 23 12   244   189 10171   160    26     2     0 -9999
2017 09 23 13   256   189 10178   190    21     2     0 -9999
2017 09 23 14   272   194 10179   200    21     0     0 -9999
2017 09 23 15   294   194 10180   210    15     0     0 -9999
2017 09 23 16   317   189 10179   180    21     0     0 -9999
2017 09 23 17   333   189 10177 -9999    15     2     0 -9999
2017 09 23 18   333   178 10172   110    21     4     0 -9999
2017 09 23 19   339   172 10166   140    15     4     0 -9999
2017 09 23 20   339   189 10161    70    57     4     0 -9999
2017 09 23 21   333   189 10155    90    62     2     0 -9999
2017 09 23 22   328   189 10156   110    57     2     0 -9999
2017 09 23 23   317   194 10156   100    51     2     0 -9999
2017 09 24 00   306   189 10157   100    36     0     0 -9999
2017 09 24 01   283   194 10162   100    31     0     0 -9999
2017 09 24 02   278   194 10164   100    31     0     0 -9999
2017 09 24 03   272   194 10164   100    26     0     0 -9999
2017 09 24 04   267   194 10165   110    15     0     0 -9999
2017 09 24 05   267   194 10166   100    21     0     0 -9999
2017 09 24 06   261   189 10166   140    26     0     0 -9999
2017 09 24 07   261   183 10168   150    26     0     0 -9999
2017 09 24 08   250   183 10169   150    21     0     0 -9999
2017 09 24 09   244   183 10170   150    15     0     0 -9999
2017 09 24 10   244   183 10171   160    15     0     0 -9999
2017 09 24 11   233   183 10174   170    15     0     0 -9999
2017 09 24 12   233   183 10176   160    21     0     0 -9999
2017 09 24 13   239   183 10180   180    26     0     0 -9999
2017 09 24 14   261   178 10180   200    26     0     0 -9999
2017 09 24 15   283   178 10180   210    26     0     0 -9999
2017 09 24 16   300   172 10177   210    21     0     0 -9999
2017 09 24 17   317   167 10172   210    31     2     0 -9999
2017 09 24 18   328   156 10166   200    51     2     0 -9999
2017 09 24 19   328   156 10158   170    31     4     0 -9999
2017 09 24 20   328   150 10154   170    46     4     0 -9999
2017 09 24 21   328   144 10147   150    36     4     0 -9999
2017 09 24 22   317   156 10146   100    57     2     0 -9999
2017 09 24 23   300   161 10148    90    51     2     0 -9999
2017 09 25 00   289   161 10150   110    36     2     0 -9999
2017 09 25 01   278   161 10152   100    31     2     0 -9999
2017 09 25 02   267   167 10152   110    21     2     0 -9999
2017 09 25 03   261   178 10153   130    15     0     0 -9999
2017 09 25 04   256   183 10149     0     0     0     0 -9999
2017 09 25 05   256   161 10146   160    26     0     0 -9999
2017 09 25 06   250   144 10144   160    26     0     0 -9999
2017 09 25 07   244   139 10146   170    26     0     0 -9999
2017 09 25 08   239   139 10145   180    21     2     0 -9999
2017 09 25 09   233   133 10145   190    26     2     0 -9999
2017 09 25 10   228   139 10146   200    15     2     0 -9999
2017 09 25 11   228   139 10150   200    26     2     0 -9999
2017 09 25 12   217   139 10153   160    21     2     0 -9999
2017 09 25 13   233   144 10155   200    21     2     0 -9999
2017 09 25 14   250   150 10156   170    31     2     0 -9999
2017 09 25 15   278   161 10154   180    26     2     0 -9999
2017 09 25 16   300   172 10151   200    31     2     0 -9999
2017 09 25 17   317   167 10144   140    31     2     0 -9999
2017 09 25 18   317   144 10138     0     0     4     0 -9999
2017 09 25 19   322   139 10131    80    26     4     0 -9999
2017 09 25 20   328   139 10124   100    51     4     0 -9999
2017 09 25 21   328   139 10119   110    72     4     0 -9999
2017 09 25 22   311   133 10120   110    72     4     0 -9999
2017 09 25 23   306   122 10120   110    46     2     0 -9999
2017 09 26 00   294   133 10124   110    31     2     0 -9999
2017 09 26 01   278   150 10128   120    31     2     0 -9999
2017 09 26 02   283   144 10128   160    26 -9999     0 -9999
2017 09 26 03   272   144 10126   140    26     2     0 -9999
2017 09 26 04   272   139 10124   150    31 -9999     0 -9999
2017 09 26 05   261   139 10124   180    21 -9999     0 -9999
2017 09 26 06   250   139 10125   170    15 -9999     0 -9999
2017 09 26 07   250   139 10124   180    21 -9999     0 -9999
2017 09 26 08   239   139 10124   200    15     0     0 -9999
2017 09 26 09   233   144 10122   200    26     0     0 -9999
2017 09 26 10   228   150 10123   200    31     0     0 -9999
2017 09 26 11   228   156 10126   190    26 -9999     0 -9999
2017 09 26 12   228   156 10130   200    26 -9999     0 -9999
2017 09 26 13   233   161 10134   210    31 -9999     0 -9999
2017 09 26 14   256   167 10135   210    36 -9999     0 -9999
2017 09 26 15   278   172 10133   210    31     6     0 -9999
2017 09 26 16   311   167 10131   210    46 -9999     0 -9999
2017 09 26 17   317   167 10129   240    62 -9999     0 -9999
2017 09 26 18   322   156 10125   240    77 -9999     0 -9999
2017 09 26 19   328   161 10119   250    57 -9999     0 -9999
2017 09 26 20   333   150 10115   230    77 -9999     0 -9999
2017 09 26 21   328   156 10110   230    51     6     0 -9999
2017 09 26 22   322   144 10110   230    57 -9999     0 -9999
2017 09 26 23   317   156 10110   220    57 -9999     0 -9999
2017 09 27 00   306   156 10115   250    46     4     0 -9999
2017 09 27 01   283   178 10123   290    41 -9999     0 -9999
2017 09 27 02   272   189 10129   310    51 -9999     0 -9999
2017 09 27 03   256   194 10132   320    46     2     0 -9999
2017 09 27 04   244   178 10135   330    51     2     0 -9999
2017 09 27 05   239   178 10138   330    51 -9999     0 -9999
2017 09 27 06   228   172 10142   330    67 -9999     0 -9999
2017 09 27 07   222   167 10148   310    46 -9999     0 -9999
2017 09 27 08   217   167 10151   330    62 -9999     0 -9999
2017 09 27 09   200   144 10155   330    67     6     0 -9999
2017 09 27 10   189   122 10161   350    46 -9999     0 -9999
2017 09 27 11   183   122 10170   340    62 -9999     0 -9999
2017 09 27 12   178   111 10180   330    77 -9999     0 -9999
2017 09 27 13   183    89 10179   360    67 -9999     0 -9999
2017 09 27 14   183    83 10182   350    57 -9999     0 -9999
2017 09 27 15   189    89 10188   360    46     6     0 -9999
2017 09 27 16   194    94 10188   350    51 -9999     0 -9999
2017 09 27 17   206   100 10186    10    26     4     0 -9999
2017 09 27 18   217   106 10184   350    21 -9999     0 -9999
2017 09 27 19   228   106 10179   330    67 -9999     0 -9999
2017 09 27 20   222   106 10177   320    41 -9999     0 -9999
2017 09 27 21   217    94 10180   330    51     6     0 -9999
2017 09 27 22   222    89 10182   320    46 -9999     0 -9999
2017 09 27 23   206    78 10188   320    57 -9999     0 -9999
2017 09 28 00   194    89 10196   330    57 -9999     0 -9999
2017 09 28 01   183    83 10199   350    72 -9999     0 -9999
2017 09 28 02   178    89 10200   350    57 -9999     0 -9999
2017 09 28 03   167    78 10206   330    62     6     0 -9999
2017 09 28 04   161    78 10207   350    51     4     0 -9999
2017 09 28 05   150    78 10210   330    51     4     0 -9999
2017 09 28 06   150    72 10207   360    51     2     0 -9999
2017 09 28 07   144    72 10208   340    46     2     0 -9999
2017 09 28 08   133    72 10210   330    41     2     0 -9999
2017 09 28 09   133    72 10212   340    41     4     0 -9999
2017 09 28 10   128    72 10214   330    46     4     0 -9999
2017 09 28 11   128    67 10221   330    41     4     0 -9999
2017 09 28 12   122    67 10223   330    41     2     0 -9999
2017 09 28 13   144    72 10226   330    36     2     0 -9999
2017 09 28 14   167    67 10228   340    41     2     0 -9999
2017 09 28 15   183    67 10231   330    46     4     0 -9999
2017 09 28 16   189    67 10227   300    31     2     0 -9999
2017 09 28 17   194    56 10224    70    21     2     0 -9999
2017 09 28 18   200    50 10219   290    21     2     0 -9999
2017 09 28 19   217    50 10210 -9999    21     2     0 -9999
2017 09 28 20   217    56 10204   290    21     2     0 -9999
2017 09 28 21   228    61 10199 -9999    21     2     0 -9999
2017 09 28 22   211    72 10197    80    31     2     0 -9999
2017 09 28 23   200    78 10198   130    41     2     0 -9999
2017 09 29 00   189    83 10198   130    36     2     0 -9999
2017 09 29 01   189    89 10198   160    31     0     0 -9999
2017 09 29 02   183    83 10198   200    21     0     0 -9999
2017 09 29 03   172    83 10197   210    31     0     0 -9999
2017 09 29 04   167    83 10195   210    31     0     0 -9999
2017 09 29 05   156    83 10192   210    31     2     0 -9999
2017 09 29 06   161    83 10187   210    31 -9999     0 -9999
2017 09 29 07   172    83 10185   250    41 -9999     0 -9999
2017 09 29 08   172    83 10183   250    36 -9999     0 -9999
2017 09 29 09   178    83 10185   250    41     8     0 -9999
2017 09 29 10   167    94 10186   230    36 -9999    -1 -9999
2017 09 29 11   161    94 10192   280    26     2     0 -9999
2017 09 29 12   156    94 10200   290    36     2     0    -1
2017 09 29 13   167   100 10210   350    46     2     0 -9999
2017 09 29 14   178    83 10214   360    67     2     0 -9999
2017 09 29 15   189    56 10219   360    67     2     0 -9999
2017 09 29 16   194    56 10223   330    72     2     0 -9999
2017 09 29 17   206    50 10225   350    62     2     0 -9999
2017 09 29 18   206    56 10225    60    62     2     0 -9999
2017 09 29 19   206    83 10228    40    62     2     0 -9999
2017 09 29 20   200    83 10231    40    67     4     0 -9999
2017 09 29 21   194    83 10235    30    77     4     0 -9999
2017 09 29 22   183    83 10241    50    67     4 -9999 -9999
2017 09 29 23   178    78 10246    50    67     4 -9999 -9999
2017 09 30 00   172    78 10251    30    72     2 -9999 -9999
2017 09 30 01   172    78 10254    30    46     2     0 -9999
2017 09 30 02   167    78 10262    10    57     2     0 -9999
2017 09 30 03   167    78 10261    10    36     4     0 -9999
2017 09 30 04   167    94 10262    40    67     4     0 -9999
2017 09 30 05   167    94 10264    60    88 -9999     0 -9999
2017 09 30 06   167    83 10268    50    72 -9999     0 -9999
2017 09 30 07   161    78 10272    60    62 -9999     0 -9999
2017 09 30 08   156    72 10272    60    67     4     0 -9999
2017 09 30 09   156    72 10278    60    36     4     0 -9999
2017 09 30 10   150    78 10285    90    46     4     0 -9999
2017 09 30 11   144    72 10288    90    41     2     0 -9999
2017 09 30 12   139    78 10291    80    46     2     0 -9999
2017 09 30 13   150    72 10299 -9999    26     2     0 -9999
2017 09 30 14   161    72 10304    60    57     4     0 -9999
2017 09 30 15   161    67 10307   100    31     4     0 -9999
2017 09 30 16   167    72 10307    90    41     2     0 -9999
2017 09 30 17   172    72 10306    70    41     2     0 -9999
2017 09 30 18   178    67 10300    40    46     2     0 -9999
2017 09 30 19   183    56 10290 -9999    26     2     0 -9999
2017 09 30 20   189    56 10283    60    62     2     0 -9999
2017 09 30 21   183    67 10276    70    41     2 -9999 -9999
2017 09 30 22   178    61 10272    80    46     2 -9999 -9999
2017 09 30 23   172    78 10268    90    46     2 -9999 -9999
2017 10 01 00   167    83 10267    70    46     2 -9999 -9999
2017 10 01 01   167    89 10266    90    31     0 -9999 -9999
2017 10 01 02   161    94 10267   100    31     0 -9999 -9999
2017 10 01 03   167    83 10267   100    31     4 -9999 -9999
2017 10 01 04   156    56 10266   130    41     4 -9999 -9999
2017 10 01 05   144    44 10265   130    31     2 -9999 -9999
2017 10 01 06   139    44 10262   140    41     2 -9999 -9999
2017 10 01 07   139    39 10257   140    46     0     0 -9999
2017 10 01 08   133    44 10257   150    41     2     0 -9999
2017 10 01 09   128    44 10256   150    36     2     0 -9999
2017 10 01 10   122    50 10252   150    41     2     0 -9999
2017 10 01 11   117    44 10252   160    31     2     0 -9999
2017 10 01 12   117    44 10252   160    41 -9999     0 -9999
2017 10 01 13   122    44 10252   150    36 -9999     0 -9999
2017 10 01 14   139    50 10253   160    51 -9999     0 -9999
2017 10 01 15   156    56 10251   170    46     6     0 -9999
2017 10 01 16   183    56 10241   180    57 -9999     0 -9999
2017 10 01 17   189    50 10237   160    46 -9999     0 -9999
2017 10 01 18   200    39 10225   130    57 -9999     0 -9999
2017 10 01 19   211    33 10216   160    67 -9999     0 -9999
2017 10 01 20   206    44 10205   110    51 -9999     0 -9999
2017 10 01 21   211    33 10199   150    51     6     0 -9999
2017 10 01 22   217    39 10199   150    41 -9999     0 -9999
2017 10 01 23   211    44 10200   110    41 -9999     0 -9999
2017 10 02 00   200    83 10200   100    31 -9999     0 -9999
2017 10 02 01   200    33 10194   110    51 -9999     0 -9999
2017 10 02 02   189    39 10194   110    41     4     0 -9999
2017 10 02 03   183    39 10192   130    46     4     0 -9999
2017 10 02 04   172    44 10193   140    41     4     0 -9999
2017 10 02 05   167    44 10192   140    31     4     0 -9999
2017 10 02 06   167    56 10194   160    26     4     0 -9999
2017 10 02 07   172    72 10193   160    36 -9999     0 -9999
2017 10 02 08   172    83 10192   150    31 -9999     0 -9999
2017 10 02 09   172    89 10197   160    26     6     0 -9999
2017 10 02 10   167    94 10197   150    26 -9999     0 -9999
2017 10 02 11   172   100 10197   180    31 -9999     0 -9999
2017 10 02 12   183   106 10205   180    41 -9999     0 -9999
2017 10 02 13   194   111 10207   190    36 -9999     0 -9999
2017 10 02 14   200   111 10217   190    46 -9999     0 -9999
2017 10 02 15   211   106 10221   210    41     6     0 -9999
2017 10 02 16   239   106 10215   190    46 -9999     0 -9999
2017 10 02 17   256    94 10209   190    62 -9999     0 -9999
2017 10 02 18   267   106 10206   180    72 -9999     0 -9999
2017 10 02 19   278   106 10198   180    62 -9999     0 -9999
2017 10 02 20   283   111 10197   180    77 -9999     0 -9999
2017 10 02 21   278   106 10195   160    67     6     0 -9999
2017 10 02 22   272   106 10196   160    62 -9999     0 -9999
2017 10 02 23   272   106 10199   150    72 -9999     0 -9999
2017 10 03 00   261   100 10204   160    46 -9999     0 -9999
2017 10 03 01   256    94 10208   160    41 -9999     0 -9999
2017 10 03 02   244    89 10214   160    51 -9999     0 -9999
2017 10 03 03   233    83 10214   160    57     4     0 -9999
2017 10 03 04   222    83 10211   160    41     2     0 -9999
2017 10 03 06   217   122 10211   180    57     0     0 -9999
2017 10 03 07   206   128 10215   180    46     2     0 -9999
2017 10 03 08   200   128 10214   180    51 -9999     0 -9999
2017 10 03 09   200   133 10215   180    57     6     0 -9999
2017 10 03 10   200   139 10218   190    57 -9999     0 -9999
2017 10 03 11   194   144 10223   180    46 -9999     0 -9999
2017 10 03 12   194   144 10230   190    51 -9999     0 -9999
2017 10 03 13   206   156 10236   200    62 -9999     0 -9999
2017 10 03 14   217   161 10241   200    57 -9999     0 -9999
2017 10 03 15   217   178 10244   210    72     8     3 -9999
2017 10 03 16   211   194 10246   220    57 -9999    23 -9999
2017 10 03 17   217   194 10244   220    46 -9999    -1 -9999
2017 10 03 18   217   200 10243   210    57 -9999     5    30
2017 10 03 19   233   200 10238   210    72 -9999    -1 -9999
2017 10 03 20   250   194 10232   200    46 -9999     0 -9999
2017 10 03 21   256   189 10231   190    67     8     0 -9999
2017 10 03 22   261   183 10232   210    51 -9999     0 -9999
2017 10 03 23   256   183 10235   190    67 -9999     0 -9999
2017 10 04 00   239   189 10237   200    57 -9999     0    -1
2017 10 04 01   228   189 10240   200    57     4     0 -9999
2017 10 04 02   228   189 10240   200    46     4     0 -9999
2017 10 04 03   222   189 10242   200    51     2     0 -9999
2017 10 04 04   217   189 10243   200    62     4     0 -9999
2017 10 04 05   211   189 10247   210    51     4     0 -9999
2017 10 04 06   217   189 10250   220    77 -9999     0 -9999
2017 10 04 07   217   189 10245   220    62 -9999     0 -9999
2017 10 04 08   222   189 10241   230    72 -9999     0 -9999
2017 10 04 09   222   189 10243   240    46     8     0 -9999
2017 10 04 10   222   189 10239   240    46 -9999     0 -9999
2017 10 04 11   222   194 10239   220    41 -9999     0 -9999
2017 10 04 12   222   194 10241   220    57 -9999     0 -9999
2017 10 04 13   217   200 10246   210    51 -9999    -1 -9999
2017 10 04 14   217   200 10249   250    41 -9999     3 -9999
2017 10 04 15   217   206 10250   260    46     8     5 -9999
2017 10 04 16   200   183 10256   330    57 -9999     8 -9999
2017 10 04 17   194   167 10255   340    26 -9999     0 -9999
2017 10 04 18   200   133 10251   340    36 -9999     0    15
2017 10 04 19   211   128 10244   340    26 -9999     0 -9999
2017 10 04 20   211   139 10236   210    26 -9999     0 -9999
2017 10 04 21   217   133 10235   200    26     6     0 -9999
2017 10 04 22   222   133 10231   230    31 -9999     0 -9999
2017 10 04 23   211   139 10230   230    31 -9999     0 -9999
2017 10 05 00   206   133 10230   220    26     4     0 -9999
2017 10 05 01   189   144 10234   140    31 -9999     0 -9999
2017 10 05 02   183   150 10235   150    26 -9999     0 -9999
2017 10 05 03   183   144 10236   220    31     6     0 -9999
2017 10 05 04   178   139 10236   240    21 -9999     0 -9999
2017 10 05 05   178   117 10234   300    26 -9999     0 -9999
2017 10 05 06   167   100 10231   300    21     4     0 -9999
2017 10 05 07   167   100 10226   330    26 -9999     0 -9999
2017 10 05 08   156    94 10228   320    21     4     0 -9999
2017 10 05 09   156    94 10227   350    31     6     0 -9999
2017 10 05 10   156    78 10227   360    26     4     0 -9999
2017 10 05 11   150    83 10226   360    26     4     0 -9999
2017 10 05 12   150    94 10226   350    21     2     0 -9999
2017 10 05 13   144    94 10231   280    15     2     0 -9999
2017 10 05 14   161   106 10228   200    15     2     0 -9999
2017 10 05 15   194   117 10224     0     0     2     0 -9999
2017 10 05 16   211   100 10222     0     0     2     0 -9999
2017 10 05 17   222    94 10219     0     0     2     0 -9999
2017 10 05 18   233    83 10208     0     0     4     0 -9999
2017 10 05 19   239    94 10195 -9999    15 -9999     0 -9999
2017 10 05 20   239   117 10190    70    31 -9999     0 -9999
2017 10 05 21   239   122 10182   100    41     6     0 -9999
2017 10 05 22   222   122 10180    80    46 -9999     0 -9999
2017 10 05 23   206   133 10176    80    41 -9999     0 -9999
2017 10 06 00   200   133 10183    80    36 -9999     0 -9999
2017 10 06 01   194   139 10182   100    31 -9999     0 -9999
2017 10 06 02   194   144 10177   110    41 -9999     0 -9999
2017 10 06 03   194   144 10176    90    31     8     0 -9999
2017 10 06 04   189   150 10176   100    31 -9999    -1 -9999
2017 10 06 05   178   150 10178    40    51 -9999    -1 -9999
2017 10 06 06   167   144 10167    90    41 -9999     3     3
2017 10 06 07   167   144 10168   110    31 -9999    -1 -9999
2017 10 06 08   167   150 10164     0     0 -9999    15 -9999
2017 10 06 09   167   156 10163    50    26     8    10 -9999
2017 10 06 10   167   161 10163    60    21 -9999     5 -9999
2017 10 06 11   172   161 10165    60    26 -9999    -1 -9999
2017 10 06 12   167   161 10163    50    36 -9999    -1    30
2017 10 06 13   172   161 10166    60    46 -9999     0 -9999
2017 10 06 14   172   161 10165    80    26 -9999    -1 -9999
2017 10 06 15   178   167 10162    80    31     8    -1 -9999
2017 10 06 16   183   172 10159    90    31 -9999     3 -9999
2017 10 06 17   183   178 10153   100    26 -9999    -1 -9999
2017 10 06 18   183   178 10147   120    15 -9999    -1     3
2017 10 06 19   194   183 10134   120    15 -9999    -1 -9999
2017 10 06 20   206   194 10129     0     0 -9999     0 -9999
2017 10 06 21   217   194 10116   160    31     8    -1 -9999
2017 10 06 22   211   194 10115   190    36 -9999     3 -9999
2017 10 06 23   206   189 10112   180    41 -9999    15 -9999
2017 10 07 00   200   189 10109   180    62 -9999    13    30
2017 10 07 01   200   183 10104   170    31 -9999     8 -9999
2017 10 07 02   200   178 10096   140    46 -9999    -1 -9999
2017 10 07 03   200   178 10091   160    46     8    -1 -9999
2017 10 07 04   200   178 10083   150    46 -9999     3 -9999
2017 10 07 05   206   178 10077   170    36 -9999    -1 -9999
2017 10 07 06   211   161 10072   180    41 -9999     0    10
2017 10 07 07   217   161 10067   190    57 -9999    -1 -9999
2017 10 07 08   211   156 10057   180    57 -9999    -1 -9999
2017 10 07 09   211   150 10051   190    67     8     0 -9999
2017 10 07 10   206   156 10052   180    51 -9999    -1 -9999
2017 10 07 11   200   161 10051   170    72 -9999     5 -9999
2017 10 07 12   200   156 10049   180    67 -9999    -1     5
2017 10 07 13   206   156 10040   180    72 -9999     0 -9999
2017 10 07 14   217   161 10033   190    72 -9999     0 -9999
2017 10 07 15   228   161 10025   190    67     6     0 -9999
2017 10 07 16   256   161 10018   190    98 -9999     0 -9999
2017 10 07 17   256   167 10015   200    98 -9999     0 -9999
2017 10 07 18   267   167 10004   210    98 -9999     0 -9999
2017 10 07 19   261   167  9996   210    82 -9999     0 -9999
2017 10 07 20   267   161  9984   210    67 -9999     0 -9999
2017 10 07 21   183   161 10006   250    98     8     5 -9999
2017 10 07 22   167   156 10003   220    67 -9999    69 -9999
2017 10 07 23   167   144 10000   220    77 -9999    33 -9999
2017 10 08 00   167   144 10001   210    72 -9999     5   112
2017 10 08 01   172   150 10005   210    67 -9999     0 -9999
2017 10 08 02   178   144 10014   250    93 -9999    -1 -9999
2017 10 08 03   167   133 10023   250    88     6    -1 -9999
2017 10 08 04   161   139 10032   250    57 -9999     0 -9999
2017 10 08 05   167   133 10048   260    88 -9999     0 -9999
2017 10 08 06   161   128 10064   250    93 -9999     0    -1
2017 10 08 07   150   128 10073   250    46     2     0 -9999
2017 10 08 08   144   128 10073   220    31     0     0 -9999
2017 10 08 09   139   122 10079   220    41     0     0 -9999
2017 10 08 10   144   122 10081   240    31     0     0 -9999
2017 10 08 11   133   122 10089   200    15     0     0 -9999
2017 10 08 12   133   117 10093   210    31     2     0 -9999
2017 10 08 13   139   122 10101   200    46     2     0 -9999
2017 10 08 14   156   128 10100 -9999    15     2     0 -9999
2017 10 08 15   183   128 10100   210    26     2     0 -9999
2017 10 08 16   206   128 10099   200    31     2     0 -9999
2017 10 08 17   228   117 10096   210    26     2     0 -9999
2017 10 08 18   244   100 10089   170    46     2     0 -9999
2017 10 08 19   250    89 10080   180    57     2     0 -9999
2017 10 08 20   256   100 10074   160    51     2     0 -9999
2017 10 08 21   267    89 10067   180    46     2     0 -9999
2017 10 08 22   261    94 10064   170    36     2     0 -9999
2017 10 08 23   250    78 10065   170    36     2     0 -9999
2017 10 09 00   239    89 10067   130    15     2     0 -9999
2017 10 09 01   217   100 10069   130    26     2     0 -9999
2017 10 09 02   211    94 10065   140    41     2     0 -9999
2017 10 09 03   194   100 10065   150    26     2     0 -9999
2017 10 09 04   178   100 10070   250    15     2     0 -9999
2017 10 09 05   161   106 10070     0     0     2     0 -9999
2017 10 09 06   156   106 10073     0     0     2     0 -9999
2017 10 09 07   156   106 10078     0     0     2     0 -9999
2017 10 09 08   139   106 10083     0     0     2     0 -9999
2017 10 09 09   144   111 10084     0     0     2     0 -9999
2017 10 09 10   139   111 10091     0     0     2     0 -9999
2017 10 09 11   133   106 10097     0     0     2     0 -9999
2017 10 09 12   133   111 10105     0     0     2     0 -9999
2017 10 09 13   150   117 10111 -9999    15     2     0 -9999
2017 10 09 14   167   122 10118   240    21     2     0 -9999
2017 10 09 15   206   133 10121   250    31     2     0 -9999
2017 10 09 16   228   128 10123   190    26     0     0 -9999
2017 10 09 17   244   117 10123   210    26     0     0 -9999
2017 10 09 18   256   111 10123   160    15     2     0 -9999
2017 10 09 19   267   111 10120 -9999    21     4     0 -9999
2017 10 09 20   267   111 10121   200    21 -9999     0 -9999
2017 10 09 21   272   111 10122     0     0     4     0 -9999
2017 10 09 22   256   111 10127    90    41     4     0 -9999
2017 10 09 23   239   106 10131   100    36     4     0 -9999
2017 10 10 00   222   111 10137   110    31     2     0 -9999
2017 10 10 01   211   117 10150    10    46     2     0 -9999
2017 10 10 02   189   167 10158    30    62     4     0 -9999
2017 10 10 03   183   156 10166    20    51     2     0 -9999
2017 10 10 04   183   156 10168    30    51     2     0 -9999
2017 10 10 05   172   150 10171    30    26     2     0 -9999
2017 10 10 06   178   150 10173    20    46 -9999     0 -9999
2017 10 10 07   178   150 10178    30    41 -9999     0 -9999
2017 10 10 08   178   144 10174    30    57     4     0 -9999
2017 10 10 09   178   139 10185    20    36     8     0 -9999
2017 10 10 10   178   139 10184    40    62 -9999     0 -9999
2017 10 10 11   178   133 10186    30    67 -9999     0 -9999
2017 10 10 12   178   139 10187    40    77 -9999     0 -9999
2017 10 10 13   178   144 10193    40    41 -9999     0 -9999
2017 10 10 14   183   144 10197    30    57 -9999     0 -9999
2017 10 10 15   178   144 10200    40    77     8     0 -9999
2017 10 10 16   178   139 10203    30    67 -9999     0 -9999
2017 10 10 17   178   139 10207    30    67 -9999     0 -9999
2017 10 10 18   178   128 10195    40    88 -9999     0 -9999
2017 10 10 19   172   122 10194    40    82 -9999     0 -9999
2017 10 10 20   178   122 10188    30    77 -9999     0 -9999
2017 10 10 21   172   122 10185    30    77     8     0 -9999
2017 10 10 22   172   117 10179    30    82 -9999    -1 -9999
2017 10 10 23   150   133 10187    30    51 -9999    84 -9999
2017 10 11 00   150   139 10179    40    82 -9999    28   112
2017 10 11 01   156   139 10171    30    72 -9999     5 -9999
2017 10 11 02   156   150 10164    50    67 -9999    89 -9999
2017 10 11 03   167   156 10160    60    72     8    28 -9999
2017 10 11 04   172   156 10152    70    72 -9999     3 -9999
2017 10 11 05   172   156 10144    70    77 -9999     5 -9999
2017 10 11 06   172   150 10132    80    93 -9999    10   137
2017 10 11 07   167   150 10132    90   118 -9999    10 -9999
2017 10 11 08   161   150 10127    80    88 -9999    43 -9999
2017 10 11 09   150   133 10123    80   108     8    33 -9999
2017 10 11 10   150   117 10133    80    82 -9999    -1 -9999
2017 10 11 11   150   117 10138    60    77 -9999     5 -9999
2017 10 11 12   144   111 10144    50    67 -9999    76 -9999
2017 10 11 13   144   122 10151    40    57 -9999    13 -9999
2017 10 11 14   144   128 10155    40    62 -9999    -1 -9999
2017 10 11 15   144   133 10162    30    62     8    -1 -9999
2017 10 11 16   144   139 -9999    40    51 -9999    -1 -9999
2017 10 11 17   150   133 10171    40    77 -9999    -1 -9999
2017 10 11 18   144   133 10176    50    67 -9999    -1    33
2017 10 11 19   144   133 -9999    60    67 -9999    -1 -9999
2017 10 11 20   144   133 10186    50    51 -9999    -1 -9999
2017 10 11 21   144   128 10194    60    57     8    -1 -9999
2017 10 11 22   144   133 10196    50    51 -9999     3 -9999
2017 10 11 23   144   133 10201    70    41 -9999    -1 -9999
2017 10 12 00   144   128 10206    70    57 -9999     3     8
2017 10 12 01   144   128 10206    70    67 -9999    -1 -9999
2017 10 12 02   150   122 10211    80    62 -9999    -1 -9999
2017 10 12 03   144   122 10210    80    62     8    -1 -9999
2017 10 12 04   139   122 10212    90    57 -9999    -1 -9999
2017 10 12 05   139   122 10210    90    31 -9999    -1 -9999
2017 10 12 06   139   122 10210    90    46 -9999    -1    -1
2017 10 12 07   139   117 10213    80    41 -9999     0 -9999
2017 10 12 08   139   117 10215   100    31 -9999     0 -9999
2017 10 12 09   139   117 10215    90    26     8     0 -9999
2017 10 12 10   139   117 10214   100    31 -9999     0 -9999
2017 10 12 11   139   117 10216   100    26 -9999     0 -9999
2017 10 12 12   139   117 10217    90    36 -9999     0 -9999
2017 10 12 13   139   117 10218   100    36 -9999     0 -9999
2017 10 12 14   139   111 10219   100    46 -9999     0 -9999
2017 10 12 15   144   117 10220    80    36     8     0 -9999
2017 10 12 16   144   117 10217   100    41 -9999     0 -9999
2017 10 12 17   144   117 10214   140    31 -9999     0 -9999
2017 10 12 18   150   117 10207   120    31 -9999     0 -9999
2017 10 12 19   150   117 10202   120    21 -9999     0 -9999
2017 10 12 20   156   122 10200   190    21 -9999     0 -9999
2017 10 12 21   156   122 10198     0     0     8     0 -9999
2017 10 12 22   156   122 10197   180    26 -9999     0 -9999
2017 10 12 23   156   122 10193   130    26 -9999     0 -9999
2017 10 13 00   156   128 10195   150    26 -9999     0 -9999
2017 10 13 01   156   128 10196   150    26 -9999     0 -9999
2017 10 13 02   156   128 10196   150    31 -9999     0 -9999
2017 10 13 03   156   133 10195   150    26     8     0 -9999
2017 10 13 04   156   133 10194   170    26 -9999     0 -9999
2017 10 13 05   150   139 10196   180    26 -9999     0 -9999
2017 10 13 06   150   139 10199   190    31 -9999     0 -9999
2017 10 13 07   150   139 10201   190    21 -9999     0 -9999
2017 10 13 08   150   139 10201   200    26 -9999     0 -9999
2017 10 13 09   139   133 10202   200    26     4     0 -9999
2017 10 13 10   133   128 10205   200    21     2     0 -9999
2017 10 13 11   128   117 10206   180    26     0     0 -9999
2017 10 13 12   122   117 10209   190    26 -9999     0 -9999
2017 10 13 13   122   111 10210   200    26     4     0 -9999
2017 10 13 14   139   117 10211   190    31     4     0 -9999
2017 10 13 15   156   122 10214   220    51     6     0 -9999
2017 10 13 16   167   122 10209   200    31 -9999     0 -9999
2017 10 13 17   183   128 10201   170    41     2     0 -9999
2017 10 13 18   206   133 10188   180    46     2     0 -9999
2017 10 13 19   217   133 10179   190    41     2     0 -9999
2017 10 13 20   228   133 10179   200    36     2     0 -9999
2017 10 13 21   233   139 10178   200    36     4     0 -9999
2017 10 13 22   228   139 10174   170    41 -9999     0 -9999
2017 10 13 23   228   139 10174   170    31 -9999     0 -9999
2017 10 14 00   228   139 10179   130    26 -9999     0 -9999
2017 10 14 01   206   150 10184    60    31 -9999     0 -9999
2017 10 14 02   200   156 10179   120    26 -9999     0 -9999
2017 10 14 03   200   156 10183   130    15     8     0 -9999
2017 10 14 04   211   139 10186   210    26 -9999     0 -9999
2017 10 14 05   194   161 10187    10    26 -9999     0 -9999
2017 10 14 06   189   161 10186    10    21 -9999     0 -9999
2017 10 14 07   189   167 10176    50    26 -9999     0 -9999
2017 10 14 08   200   133 10171   140    36 -9999     0 -9999
2017 10 14 09   167   161 10182   350    15     8   155 -9999
2017 10 14 10   167   161 10176   120    31 -9999    28 -9999
2017 10 14 11   167   161 10175    60    26 -9999    10 -9999
2017 10 14 12   170   160 10172    80    26 -9999     8 -9999
2017 10 14 13   167   167 10178 -9999    15 -9999    74 -9999
2017 10 14 14   167   161 10169   120    41 -9999    56 -9999
2017 10 14 15   167   161 10165   130    46     8    86 -9999
2017 10 14 16   167   161 10163   200    26 -9999   104 -9999
2017 10 14 17   167   167 10160   130    15 -9999   170 -9999
2017 10 14 18   170   170 10165   310    41 -9999    23   498
2017 10 14 19   172   172 10146   150    21 -9999    56 -9999
2017 10 14 20   178   178 10139 -9999    15 -9999    10 -9999
2017 10 14 21   178   178 10129   110    41     8    10 -9999
2017 10 14 22   178   178 10127    80    15 -9999    20 -9999
2017 10 14 23   178   178 10104   130    46 -9999    43 -9999
2017 10 15 00   189   183 10101   140    46 -9999    -1   157
2017 10 15 01   194   183 10096   130    57 -9999     3 -9999
2017 10 15 02   183   183 10107    80    36 -9999   290 -9999
2017 10 15 03   183   178 10091   140    57     8     8 -9999
2017 10 15 04   183   183 10088   130    21 -9999    13 -9999
2017 10 15 05   189   183 10086   140    46 -9999   137 -9999
2017 10 15 06   194   183 10073   190    51 -9999    18 -9999
2017 10 15 07   194   183 10066   210    67 -9999    15 -9999
2017 10 15 08   194   189 10044   170    72 -9999    18 -9999
2017 10 15 09   200   189 10051   210    77     8     3 -9999
2017 10 15 10   200   189 10049   220    67 -9999    23 -9999
2017 10 15 11   183   172 10058   260    93 -9999    10 -9999
2017 10 15 12   161   156 10074   270    88 -9999    10    81
2017 10 15 13   144   128 10087   270    62 -9999    -1 -9999
2017 10 15 14   139   106 10104   290   103 -9999     0 -9999
2017 10 15 15   128    89 10123   280    77     8     0 -9999
2017 10 15 16   122    67 10143   310    82 -9999     0 -9999
2017 10 15 17   122    61 10155   310    72 -9999     0 -9999
2017 10 15 18   117    61 10168   310    67 -9999     0    -1
2017 10 15 19   117    67 10178   320    93 -9999     0 -9999
2017 10 15 20   122    61 10186   300    62 -9999     0 -9999
2017 10 15 21   133    56 10195   340    57     6     0 -9999
2017 10 15 22   128    50 10204   340    46 -9999     0 -9999
2017 10 15 23   128    56 10212   310    41 -9999     0 -9999
2017 10 16 00   122    61 10221   310    51 -9999     0 -9999
2017 10 16 01   117    61 10227   310    46 -9999     0 -9999
2017 10 16 02   111    56 10235   300    51 -9999     0 -9999
2017 10 16 03   100    56 10240   310    46     4     0 -9999
2017 10 16 04   100    56 10243   300    36     4     0 -9999
2017 10 16 05    94    56 10246   300    26     2     0 -9999
2017 10 16 06    89    50 10250   300    31     2     0 -9999
2017 10 16 07    78    50 10251   270    15     2     0 -9999
2017 10 16 08    72    50 10251   270    15     2     0 -9999
2017 10 16 09    67    50 10251   270    21     2     0 -9999
2017 10 16 10    72    50 10256   270    26     4     0 -9999
2017 10 16 11    67    44 10261   280    21     2     0 -9999
2017 10 16 12    67    50 10264   240    26     2     0 -9999
2017 10 16 13    78    50 10268   260    26     2     0 -9999
2017 10 16 14    89    50 10270   250    36     2     0 -9999
2017 10 16 15   111    56 10268   250    41     0     0 -9999
2017 10 16 16   128    56 10269   250    41     0     0 -9999
2017 10 16 17   144    39 10261   240    57     0     0 -9999
2017 10 16 18   150    44 10257   230    51     2     0 -9999
2017 10 16 19   161    39 10248   250    51     2     0 -9999
2017 10 16 20   167    33 10243   250    46     2     0 -9999
2017 10 16 21   172    33 10239   250    67     2     0 -9999
2017 10 16 22   167    11 10234   260    41     2     0 -9999
2017 10 16 23   156    17 10236   260    31     2     0 -9999
2017 10 17 00   144    22 10237   230    31     0     0 -9999
2017 10 17 01   139    28 10234   220    21     0     0 -9999
2017 10 17 02   128    33 10235   200    31     0     0 -9999
2017 10 17 03   117    44 10233   190    31     0     0 -9999
2017 10 17 04   106    44 10234   210    26     0     0 -9999
2017 10 17 05   100    44 10231   200    26     0     0 -9999
2017 10 17 06   100    39 10230   210    31     2     0 -9999
2017 10 17 07   100    39 10228   210    26     2     0 -9999
2017 10 17 08    94    39 10229   210    36     4     0 -9999
2017 10 17 09    94    39 10230   210    36     4     0 -9999
2017 10 17 10    94    39 10229   210    31 -9999     0 -9999
2017 10 17 11    94    39 10231   210    41 -9999     0 -9999
2017 10 17 12    94    39 10230   210    46     4     0 -9999
2017 10 17 13   100    44 10231   210    62     4     0 -9999
2017 10 17 14   122    56 10230   220    57     2     0 -9999
2017 10 17 15   144    56 10227   220    77     2     0 -9999
2017 10 17 16   167    61 10228   230    77     2     0 -9999
2017 10 17 17   183    67 10224   230    77     2     0 -9999
2017 10 17 18   200    61 10218   230    93     2     0 -9999
2017 10 17 19   206    50 10212   240    77     2     0 -9999
2017 10 17 20   211    44 10207   220    82     2     0 -9999
2017 10 17 21   211    50 10202   230    72     2     0 -9999
2017 10 17 22   206    50 10200   220    67     2     0 -9999
2017 10 17 23   194    50 10199   210    51     2     0 -9999
2017 10 18 00   183    44 10202   210    51     0     0 -9999
2017 10 18 01   172    50 10206   200    51     0     0 -9999
2017 10 18 02   161    44 10209   190    36     0     0 -9999
2017 10 18 03   150    44 10213   200    46     0     0 -9999
2017 10 18 04   144    50 10211   200    46     0     0 -9999
2017 10 18 05   133    50 10209   210    46     0     0 -9999
2017 10 18 06   122    50 10209   210    41     0     0 -9999
2017 10 18 07   117    50 10210   200    26     0     0 -9999
2017 10 18 08   111    44 10210   190    36     0     0 -9999
2017 10 18 09   106    44 10211   190    31     0     0 -9999
2017 10 18 10   100    50 10214   190    36     0     0 -9999
2017 10 18 11   100    50 10215   190    41     0     0 -9999
2017 10 18 12   100    50 10214   180    36     0     0 -9999
2017 10 18 13   106    56 10216   190    46     0     0 -9999
2017 10 18 14   133    56 10216   200    46     0     0 -9999
2017 10 18 15   150    56 10213   210    51     0     0 -9999
2017 10 18 16   172    61 10206   190    57     0     0 -9999
2017 10 18 17   189    61 10201   190    67     0     0 -9999
2017 10 18 18   206    56 10192   210    82     0     0 -9999
2017 10 18 19   211    56 10185   200    72     0     0 -9999
2017 10 18 20   217    44 10177   210    98     0     0 -9999
2017 10 18 21   217    50 10171   200    77     2     0 -9999
2017 10 18 22   217    39 10167   200    82     2     0 -9999
2017 10 18 23   206    44 10165   200    57     2     0 -9999
2017 10 19 00   189    50 10170   210    57     2     0 -9999
2017 10 19 01   183    56 10174   200    62 -9999     0 -9999
2017 10 19 02   172    61 10171   200    62     4     0 -9999
2017 10 19 03   167    67 10174   210    62     2     0 -9999
2017 10 19 04   161    72 10179   220    51     2     0 -9999
2017 10 19 05   150    78 10174   210    46     0     0 -9999
2017 10 19 06   150    78 10168   220    51     0     0 -9999
2017 10 19 07   144    83 10168   230    62     0     0 -9999
2017 10 19 08   139    83 10170   230    46 -9999     0 -9999
2017 10 19 09   133    89 10172   230    41     2     0 -9999
2017 10 19 10   128    89 10179 -9999    26 -9999     0 -9999
2017 10 19 11   122    89 10186   250    36 -9999     0 -9999
2017 10 19 12   117    83 10193   280    26 -9999     0 -9999
2017 10 19 13   122    83 10203   280    21 -9999     0 -9999
2017 10 19 14   144    61 10212   340    26 -9999     0 -9999
2017 10 19 15   172    11 10217   360    26     6     0 -9999
2017 10 19 16   178   -33 10220    50    31 -9999     0 -9999
2017 10 19 17   194   -39 10222    60    21 -9999     0 -9999
2017 10 19 18   200   -56 10218    20    15 -9999     0 -9999
2017 10 19 19   200   -50 10214   160    15 -9999     0 -9999
2017 10 19 20   194   -39 10214   100    41 -9999     0 -9999
2017 10 19 21   194   -50 10215   110    26     6     0 -9999
2017 10 19 22   183   -44 10216    90    36 -9999     0 -9999
2017 10 19 23   172   -22 10214 -9999    31 -9999     0 -9999
2017 10 20 00   156     0 10217   120    26 -9999     0 -9999
2017 10 20 01   150    44 10215   130    21 -9999     0 -9999
2017 10 20 02   144    56 10212   130    26 -9999     0 -9999
2017 10 20 03   150    39 10210   150    26     4     0 -9999
2017 10 20 04   150    17 10210   150    26     2     0 -9999
2017 10 20 05   144    17 10208   160    31     2     0 -9999
2017 10 20 06   144    17 10206   170    26     2     0 -9999
2017 10 20 07   139    28 10206   180    26     0     0 -9999
2017 10 20 08   133    50 10207   190    21     0     0 -9999
2017 10 20 09   128    72 10208   190    26     0     0 -9999
2017 10 20 10   128    89 10212   190    21     0     0 -9999
2017 10 20 11   133    94 10214   190    26     0     0 -9999
2017 10 20 12   139    94 10214   190    31     2     0 -9999
2017 10 20 13   139   100 10217   200    31     2     0 -9999
2017 10 20 14   161   106 10220   200    36     2     0 -9999
2017 10 20 15   189   106 10218   210    46     2     0 -9999
2017 10 20 16   211   111 10213   210    51     4     0 -9999
2017 10 20 17   228   111 10206   200    46     4     0 -9999
2017 10 20 18   244   117 10196   220    67     4     0 -9999
2017 10 20 19   256   106 10186   200    57 -9999     0 -9999
2017 10 20 20   261   100 10179   210    62 -9999     0 -9999
2017 10 20 21   267   100 10175   170    62     6     0 -9999
2017 10 20 22   256   100 10172   180    67 -9999     0 -9999
2017 10 20 23   239    94 10174   170    41 -9999     0 -9999
2017 10 21 00   222   100 10174   180    46 -9999     0 -9999
2017 10 21 01   217    94 10173   170    46 -9999     0 -9999
2017 10 21 02   211    94 10172   170    46 -9999     0 -9999
2017 10 21 03   206    89 10173   190    51     8     0 -9999
2017 10 21 04   194    94 10173   190    51 -9999     0 -9999
2017 10 21 05   189    94 10172   190    51 -9999     0 -9999
2017 10 21 06   189    94 10170   190    67 -9999     0 -9999
2017 10 21 07   183    94 10173   200    51 -9999     0 -9999
2017 10 21 08   178    94 10170   190    46 -9999     0 -9999
2017 10 21 09   172    94 10172   200    46     8     0 -9999
2017 10 21 10   172   100 10174   200    41 -9999     0 -9999
2017 10 21 11   167   100 10173   180    36 -9999     0 -9999
2017 10 21 12   172   100 10176   180    46 -9999     0 -9999
2017 10 21 13   167    94 10177   170    62 -9999     0 -9999
2017 10 21 14   172   100 10180   180    67 -9999     0 -9999
2017 10 21 15   183   100 10180   190    46     6     0 -9999
2017 10 21 16   189   106 10177   180    51 -9999     0 -9999
2017 10 21 17   222   122 10171   190    62 -9999     0 -9999
2017 10 21 18   233   128 10168   200    77 -9999     0 -9999
2017 10 21 19   239   133 10160   190    72 -9999     0 -9999
2017 10 21 20   250   144 10149   200    77 -9999     0 -9999
2017 10 21 21   256   144 10147   180    77     6     0 -9999
2017 10 21 22   244   144 10148   180    93 -9999     0 -9999
2017 10 21 23   239   150 10154   180    72 -9999     0 -9999
2017 10 22 00   233   144 10157   170    57 -9999     0 -9999
2017 10 22 01   222   144 10159   180    77     4     0 -9999
2017 10 22 02   217   144 10155   180    67     2     0 -9999
2017 10 22 03   217   139 10155   180    67     2     0 -9999
2017 10 22 04   206   133 10157   180    62     2     0 -9999
2017 10 22 05   200   128 10157   180    67     4     0 -9999
2017 10 22 06   194   122 10153   180    62     4     0 -9999
2017 10 22 07   194   122 10150   180    72 -9999     0 -9999
2017 10 22 08   194   128 10141   180    62 -9999     0 -9999
2017 10 22 09   194   133 10133   170    62     6     0 -9999
2017 10 22 10   194   139 10134   160    41 -9999     0 -9999
2017 10 22 11   183   133 10132   160    51 -9999     0 -9999
2017 10 22 12   183   133 10133   170    67 -9999     0 -9999
2017 10 22 13   189   133 10136   170    62 -9999     0 -9999
2017 10 22 14   200   144 10135   170    57 -9999     0 -9999
2017 10 22 15   206   150 10136   170    77     6     0 -9999
2017 10 22 16   206   161 10135   180    62 -9999    -1 -9999
2017 10 22 17   217   161 10131   180    93 -9999     0 -9999
2017 10 22 18   222   161 10123   190    72 -9999     0    -1
2017 10 22 19   222   161 10120   190    72 -9999     0 -9999
2017 10 22 20   200   178 10131   220    62 -9999     5 -9999
2017 10 22 21   117   111 10157   330    93     8    13 -9999
2017 10 22 22   111   106 10164   340    88 -9999    10 -9999
2017 10 22 23   117   111 10168   360    31 -9999     5 -9999
2017 10 23 00   117   111 10173   360    46 -9999    -1    33
2017 10 23 01   117   111 10167    30    57 -9999    -1 -9999
2017 10 23 02   122   117 10161    40    67 -9999    30 -9999
2017 10 23 03   117   117 10166   350    36     8    41 -9999
2017 10 23 04   117   111 10157   360    41 -9999    13 -9999
2017 10 23 05   117   111 10150    10    41 -9999    15 -9999
2017 10 23 06   117   111 10146   350    46 -9999    13   109
2017 10 23 07   117   111 10140   350    51 -9999    20 -9999
2017 10 23 08   111   106 10139   360    36 -9999    10 -9999
2017 10 23 09   111   111 10135   350    41     8    48 -9999
2017 10 23 10   111   106 10130   360    46 -9999    46 -9999
2017 10 23 11   111   106 10123   360    51 -9999    25 -9999
2017 10 23 12   111   106 10113    10    51 -9999     8   160
2017 10 23 13   117   111 10114    10    41 -9999     8 -9999
2017 10 23 14   122   117 10112    10    41 -9999    15 -9999
2017 10 23 15   122   111 10098    20    46     8     8 -9999
2017 10 23 16   122   111 10090   340    46 -9999    15 -9999
2017 10 23 17   122   111 10085    10    46 -9999    20 -9999
2017 10 23 18   117   100 10077   350    46 -9999    20    84
2017 10 23 19   117   106 10062   320    46 -9999     3 -9999
2017 10 23 20   122   106 10056   300    46 -9999     0 -9999
2017 10 23 21   117   100 10056   280    36     8     0 -9999
2017 10 23 22   117   100 10051   290    41 -9999     0 -9999
2017 10 23 23   117   100 10048   280    31 -9999     0 -9999
2017 10 24 00   117    94 10044   250    21 -9999     0     5
2017 10 24 01   111    89 10044   240    36 -9999     0 -9999
2017 10 24 02   111    83 10038   240    36 -9999     0 -9999
2017 10 24 03   117    89 10030   250    46     8     0 -9999
2017 10 24 04   117    83 10025   270    72 -9999    -1 -9999
2017 10 24 05   106    89 10022   280    57 -9999     5 -9999
2017 10 24 06   100    89 10018   270    62 -9999     5     8
2017 10 24 07   100    89 10012   270    41 -9999     8 -9999
2017 10 24 08    94    83 10006   270    46 -9999     8 -9999
2017 10 24 09    89    78 10003   250    57     8     5 -9999
2017 10 24 10    89    78  9999   250    51 -9999     3 -9999
2017 10 24 11    89    78  9997   260    51 -9999     3 -9999
2017 10 24 12    83    72  9997   260    57 -9999     5    33
2017 10 24 13    78    67 10003   270    57 -9999    13 -9999
2017 10 24 14    72    61 10008   270    67 -9999    18 -9999
2017 10 24 15    67    56 10015   260    67     8    10 -9999
2017 10 24 16    67    56 10024   270    72 -9999     8 -9999
2017 10 24 17    67    56 10032   260    67 -9999    15 -9999
2017 10 24 18    72    67 10036   260    51 -9999    13    76
2017 10 24 19    78    67 10043   270    51 -9999    15 -9999
2017 10 24 20    78    67 10047   270    67 -9999     3 -9999
2017 10 24 21    78    67 10056   270    51     8     5 -9999
2017 10 24 22    83    56 10062   290    67 -9999     3 -9999
2017 10 24 23    78    50 10074   280    67 -9999     3 -9999
2017 10 25 00    78    56 10084   290    57 -9999     5    33
2017 10 25 01    78    50 10089   280    46 -9999    -1 -9999
2017 10 25 02    72    33 10092   270    46 -9999     0 -9999
2017 10 25 03    72    33 10092   270    46     8     0 -9999
2017 10 25 04    61    33 10091   260    41 -9999     0 -9999
2017 10 25 05    61    33 10092   260    62     4     0 -9999
2017 10 25 06    56    22 10087   260    46     2     0    -1
2017 10 25 07    50    11 10085   270    46     0     0 -9999
2017 10 25 08    44    -6 10089   270    57     0     0 -9999
2017 10 25 09    39    -6 10088   270    41     4     0 -9999
2017 10 25 10    39    -6 10085   260    57 -9999     0 -9999
2017 10 25 11    39    -6 10085   260    41 -9999     0 -9999
2017 10 25 12    33     0 10086   270    36     4     0 -9999
2017 10 25 13    39     6 10083   260    31 -9999     0 -9999
2017 10 25 14    50     6 10084   270    41 -9999     0 -9999
2017 10 25 15    61     6 10087   270    36     6     0 -9999
2017 10 25 16    78    11 10085   280    51 -9999     0 -9999
2017 10 25 17    94   -11 10084   290    57 -9999     0 -9999
2017 10 25 18   100    -6 10080   320    26 -9999     0 -9999
2017 10 25 19   100    -6 10078   260    26 -9999     0 -9999
2017 10 25 20   106     0 10076 -9999    21     2     0 -9999
2017 10 25 21   111     0 10081     0     0     2     0 -9999
2017 10 25 22   122     0 10088   350    15     2     0 -9999
2017 10 25 23   100    -6 10095     0     0     4     0 -9999
2017 10 26 00   100    17 10104     0     0     2     0 -9999
2017 10 26 01    83    28 10107   160    21     2     0 -9999
2017 10 26 02    78    28 10110   200    21     2     0 -9999
2017 10 26 03    72    33 10112   170    21     2     0 -9999
2017 10 26 04    61    28 10112   200    26     2     0 -9999
2017 10 26 05    56    28 10112   190    15     2     0 -9999
2017 10 26 06    56    22 10111     0     0     0     0 -9999
2017 10 26 07    50    22 10110   160    15     0     0 -9999
2017 10 26 08    44    22 10112   180    15     2     0 -9999
2017 10 26 09    44    22 10109   170    26     4     0 -9999
2017 10 26 10    44    22 10113   150    31     4     0 -9999
2017 10 26 11    44    22 10114   150    31     2     0 -9999
2017 10 26 12    50    22 10112   150    26     2     0 -9999
2017 10 26 13    50    22 10118   150    31 -9999     0 -9999
2017 10 26 14    72    22 10120   160    51 -9999     0 -9999
2017 10 26 15    83    22 10112   160    57     6     0 -9999
2017 10 26 16   100    28 10105   160    51 -9999     0 -9999
2017 10 26 17   128    33 10097   170    72 -9999     0 -9999
2017 10 26 18   144    39 10085   160    67 -9999     0 -9999
2017 10 26 19   150    39 10069   150    51 -9999     0 -9999
2017 10 26 20   156    39 10057   150    72 -9999     0 -9999
2017 10 26 21   156    44 10046   140    72     6     0 -9999
2017 10 26 22   150    44 10035   140    77 -9999     0 -9999
2017 10 26 23   150    44 10041   150    57 -9999     0 -9999
2017 10 27 00   144    50 10046   140    26 -9999     0 -9999
2017 10 27 01   139    50 10045   130    31 -9999     0 -9999
2017 10 27 02   139    50 10037   140    46 -9999     0 -9999
2017 10 27 03   139    50 10028   150    51     8     0 -9999
2017 10 27 04   139    50 10022   180    67 -9999     0 -9999
2017 10 27 05   133    56 10017   190    41 -9999     0 -9999
2017 10 27 06   122    72 10018   260    72 -9999     0 -9999
2017 10 27 07   100    50 10031   270    82 -9999     0 -9999
2017 10 27 08    83    39 10041   280    57 -9999     0 -9999
2017 10 27 09    67    17 10052   270    51     8     0 -9999
2017 10 27 10    61    11 10060   280    88 -9999     0 -9999
2017 10 27 11    56    11 10067   280    62 -9999     0 -9999
2017 10 27 12    50     0 10073   270    82 -9999     0 -9999
2017 10 27 13    44   -11 10079   260    72 -9999     0 -9999
2017 10 27 14    39   -17 10091   250    72 -9999     0 -9999
2017 10 27 15    39   -17 10099   250    82     8     0 -9999
2017 10 27 16    39   -17 10100   260    88 -9999     0 -9999
2017 10 27 17    44   -22 10102   260    77 -9999     0 -9999
2017 10 27 18    44   -22 10100   240    82 -9999     0 -9999
2017 10 27 19    44   -22 10100   240    88 -9999     0 -9999
2017 10 27 20    50   -22 10100   250    98 -9999     0 -9999
2017 10 27 21    50   -22 10104   240    82     8     0 -9999
2017 10 27 22    50   -22 10105   230    62 -9999     0 -9999
2017 10 27 23    50   -22 10112   250    62 -9999     0 -9999
2017 10 28 00    50   -22 10118   250    82 -9999     0 -9999
2017 10 28 01    44   -17 10116   230    62 -9999     0 -9999
2017 10 28 02    44   -11 10111   240    62 -9999     0 -9999
2017 10 28 03    44   -11 10108   230    62     8     0 -9999
2017 10 28 04    44   -11 10109   220    72 -9999     0 -9999
2017 10 28 05    39   -11 10103   230    51 -9999     0 -9999
2017 10 28 06    28     0 10105   250    72 -9999    -1    -1
2017 10 28 07    33   -11 10097   250    46 -9999    -1 -9999
2017 10 28 08    33    -6 10094   240    67 -9999     0 -9999
2017 10 28 09    28    11 10097   240    57     8    -1 -9999
2017 10 28 10    28    17 10100   230    41 -9999    -1 -9999
2017 10 28 11    28    17 10105   250    57 -9999    -1 -9999
2017 10 28 12    28    11 10108   260    41 -9999    -1    -1
2017 10 28 13    28    11 10114   270    46 -9999     3 -9999
2017 10 28 14    33    11 10119   270    51 -9999    -1 -9999
2017 10 28 15    28     6 10120   290    51     6    -1 -9999
2017 10 28 16    39     0 10122   300    82 -9999     0 -9999
2017 10 28 17    44     0 10125   260    57 -9999    -1 -9999
2017 10 28 18    39   -11 10122   290    62 -9999     0     3
2017 10 28 19    39   -11 10125   280    46 -9999     0 -9999
2017 10 28 20    44   -17 10128   280    51 -9999     0 -9999
2017 10 28 21    44   -17 10129   280    36     8     0 -9999
2017 10 28 22    44   -22 10133   290    46 -9999     0 -9999
2017 10 28 23    44   -22 10138   270    41 -9999     0 -9999
2017 10 29 00    44   -28 10141   280    41 -9999     0 -9999
2017 10 29 01    44   -17 10142   260    36 -9999     0 -9999
2017 10 29 02    44   -17 10142   250    31 -9999     0 -9999
2017 10 29 03    39   -11 10143   240    36     8     0 -9999
2017 10 29 04    39   -17 10143   270    36 -9999     0 -9999
2017 10 29 05    39   -17 10139   290    46 -9999     0 -9999
2017 10 29 06    39   -17 10139   290    57 -9999     0 -9999
2017 10 29 07    33   -22 10137   290    36 -9999 -9999 -9999
2017 10 29 08    33   -22 10135   290    36 -9999 -9999 -9999
2017 10 29 09    28   -22 10130   290    67     6 -9999 -9999
2017 10 29 10    22   -22 10129   280    41     4 -9999 -9999
2017 10 29 11    17   -22 10130   290    26     4 -9999 -9999
2017 10 29 12    11   -28 10131   290    26     2 -9999 -9999
2017 10 29 13    11   -22 10132   270    21 -9999 -9999 -9999
2017 10 29 14    28   -22 10134   300    31     4 -9999 -9999
2017 10 29 15    39   -28 10133   290    36     4 -9999 -9999
2017 10 29 16    50   -28 10126   250    36     2 -9999 -9999
2017 10 29 17    56   -28 10122   250    46     2 -9999 -9999
2017 10 29 18    67   -28 10113   230    46     2 -9999 -9999
2017 10 29 19    72   -28 10107   220    57     2 -9999 -9999
2017 10 29 20    78   -22 -9999   260    36     2 -9999 -9999
2017 10 29 21    78   -28 10093   240    41     2     0 -9999
2017 10 29 22    72   -33 10094   230    57     2     0 -9999
2017 10 29 23    67   -33 10092   220    31     2     0 -9999
2017 10 30 00    67   -28 10093   170    21 -9999     0 -9999
2017 10 30 01    67   -28 10089   190    26 -9999     0 -9999
2017 10 30 02    61   -28 10086   190    31 -9999     0 -9999
2017 10 30 03    61   -22 10081   210    26     6     0 -9999
2017 10 30 04    61   -33 10073   220    36 -9999     0 -9999
2017 10 30 05    67   -33 10065   220    41 -9999     0 -9999
2017 10 30 06    67   -28 10061   240    46 -9999     0 -9999
2017 10 30 07    67   -28 10053   230    46 -9999     0 -9999
2017 10 30 08    67   -11 10049   250    46 -9999     0 -9999
2017 10 30 09    67     0 10042   230    51     8     0 -9999
2017 10 30 10    67    22 10045   250    51 -9999     0 -9999
2017 10 30 11    67    33 10044   270    57 -9999     0 -9999
2017 10 30 12    67    33 10040   280    62 -9999     0 -9999
2017 10 30 13    67    33 10047   270    51 -9999     0 -9999
2017 10 30 14    78    39 10050   280    46 -9999     0 -9999
2017 10 30 15    83    33 10053   280    62     8     0 -9999
2017 10 30 16    89    17 10056   280    77 -9999     0 -9999
2017 10 30 17    94    -6 10060   270    82 -9999     0 -9999
2017 10 30 18   100   -11 10058   280    72 -9999     0 -9999
2017 10 30 19    89   -22 10060   270    88 -9999     0 -9999
2017 10 30 20    89   -39 10066   290    67 -9999     0 -9999
2017 10 30 21    78   -33 10079   280    82     8     0 -9999
2017 10 30 22    67   -33 10092   290   103 -9999     0 -9999
2017 10 30 23    56   -33 10103   280    98 -9999     0 -9999
2017 10 31 00    56   -33 10111   280    72 -9999     0 -9999
2017 10 31 01    56   -22 10119   270    62 -9999     0 -9999
2017 10 31 02    56   -11 10125   270    82 -9999     0 -9999
2017 10 31 03    50   -17 10131   270    77     8     0 -9999
2017 10 31 04    44   -33 10136   260    82 -9999     0 -9999
2017 10 31 05    39   -44 10142   260    93 -9999     0 -9999
2017 10 31 06    33   -44 10148   260    77 -9999     0 -9999
2017 10 31 07    28   -61 10157   280    88 -9999     0 -9999
2017 10 31 08    22   -61 10166   290    93 -9999    -1 -9999
2017 10 31 09    22   -61 10170   270    67     8    -1 -9999
2017 10 31 10    22   -72 10176   290   103 -9999     0 -9999
2017 10 31 11    17   -78 10184   280    67 -9999     0 -9999
2017 10 31 12    17   -67 10195   290    62 -9999     0    -1
2017 10 31 13    17   -67 10207   290    57 -9999     0 -9999
2017 10 31 14    17   -72 10212   280    82 -9999     0 -9999
2017 10 31 15    22   -67 10222   270    72     6     0 -9999
2017 10 31 16    22   -67 10228   280    67 -9999     0 -9999
2017 10 31 17    28   -61 10225   290    46 -9999     0 -9999
2017 10 31 18    33   -50 10221   270    51 -9999     0 -9999
2017 10 31 19    39   -50 10215   230    41 -9999     0 -9999
2017 10 31 20    39   -50 10211   320    15 -9999     0 -9999
2017 10 31 21    39   -50 10210   260    31     6     0 -9999
2017 10 31 22    39   -50 10208   240    26 -9999     0 -9999
2017 10 31 23    33   -44 10210   240    41 -9999     0 -9999
2017 11 01 00    33   -44 10210   220    31 -9999     0 -9999
2017 11 01 01    33   -44 10207   190    21 -9999     0 -9999
2017 11 01 02    33   -44 10196   170    31 -9999     0 -9999
2017 11 01 03    33   -39 10205   210    31     8     0 -9999
2017 11 01 04    33   -39 10204   190    31 -9999     0 -9999
2017 11 01 05    33   -39 10199   190    21 -9999     0 -9999
2017 11 01 06    28   -44 10195   180    31 -9999     0 -9999
2017 11 01 07    28   -39 10189   170    31 -9999     0 -9999
2017 11 01 08    33   -39 10187   170    31 -9999     0 -9999
2017 11 01 09    28   -28 10184   160    31     8     0 -9999
2017 11 01 10    28   -28 10183   180    31 -9999     0 -9999
2017 11 01 11    33   -28 10178   170    36 -9999     0 -9999
2017 11 01 12    33   -28 10177   170    31 -9999     0 -9999
2017 11 01 13    33   -28 10182   180    31 -9999     0 -9999
2017 11 01 14    39   -17 10181   190    36 -9999     0 -9999
2017 11 01 15    44    -6 10179   180    36     8     0 -9999
2017 11 01 16    56     0 10175   200    46 -9999     0 -9999
2017 11 01 17    61     6 10167   170    46 -9999     0 -9999
2017 11 01 18    61     6 10154   160    67 -9999     0 -9999
2017 11 01 19    67     6 10146   160    46 -9999     0 -9999
2017 11 01 20    67    11 10145   170    41 -9999     0 -9999
2017 11 01 21    61    28 10136   140    36     8     8 -9999
2017 11 01 22    61    33 10131   100    26 -9999     5 -9999
2017 11 01 23    56    39 10124   100    36 -9999    20 -9999
2017 11 02 00    56    44 10123   120    36 -9999    28    56
2017 11 02 01    56    50 10117   120    41 -9999    18 -9999
2017 11 02 02    56    50 10110   130    51 -9999     3 -9999
2017 11 02 03    61    56 10106   140    46     8    -1 -9999
2017 11 02 04    61    61 10104   150    31 -9999     3 -9999
2017 11 02 05    67    67 10104   180    21 -9999    -1 -9999
2017 11 02 06    72    72 10106   220    21 -9999    -1    28
2017 11 02 07    78    78 10104   220    15 -9999     3 -9999
2017 11 02 08    83    83 10105   210    21 -9999    -1 -9999
2017 11 02 09    83    83 10109     0     0     8    -1 -9999
2017 11 02 10    89    89 10111   240    21 -9999     0 -9999
2017 11 02 11    94    94 10115   220    15 -9999     0 -9999
2017 11 02 12    94    94 10113   190    15 -9999     0     3
2017 11 02 13    94    94 10128   290    21 -9999     0 -9999
2017 11 02 14    94    89 10133    10    31 -9999     0 -9999
2017 11 02 15   100    89 10135     0     0     8     0 -9999
2017 11 02 16   106    89 10133    80    15 -9999     0 -9999
2017 11 02 17   106   100 10126   120    36 -9999     0 -9999
2017 11 02 18   111    94 10130    50    21 -9999     0 -9999
2017 11 02 19   106    94 10137    10    26 -9999     3 -9999
2017 11 02 20   100    94 10137    20    36 -9999    -1 -9999
2017 11 02 21   106    94 10145   350    31     8     0 -9999
2017 11 02 22   106    94 10147    70    26 -9999     8 -9999
2017 11 02 23   100    94 10153    30    15 -9999     3 -9999
2017 11 03 00   100    89 10160    10    36 -9999     5    18
2017 11 03 01   100    83 10167   350    41 -9999    -1 -9999
2017 11 03 02    94    78 10173   350    41 -9999     0 -9999
2017 11 03 03    89    78 10180   350    31     8     0 -9999
2017 11 03 04    94    72 10185   350    31 -9999     0 -9999
2017 11 03 05    94    72 10191   350    41 -9999     0 -9999
2017 11 03 06    89    67 10202   360    46 -9999     0    -1
2017 11 03 07    83    61 10212   360    62 -9999     0 -9999
2017 11 03 08    78    50 10224   360    51 -9999     0 -9999
2017 11 03 09    61    33 10229   360    57     8     0 -9999
2017 11 03 10    56    22 10236   350    62 -9999     0 -9999
2017 11 03 11    50    17 10247   340    41 -9999     0 -9999
2017 11 03 12    50    11 10251   350    46 -9999     0 -9999
2017 11 03 13    50    17 10263   350    41 -9999     0 -9999
2017 11 03 14    61    11 10274    20    67 -9999     0 -9999
2017 11 03 15    67    11 10279    20    62     8     0 -9999
2017 11 03 16    67    17 10286   360    46 -9999     0 -9999
2017 11 03 17    72    22 10284    20    51 -9999     0 -9999
2017 11 03 18    78    28 10278    50    51 -9999     0 -9999
2017 11 03 19    94    28 10271    20    57 -9999     0 -9999
2017 11 03 20    94    22 10264    40    62 -9999     0 -9999
2017 11 03 21    94    28 10267    40    67     6     0 -9999
2017 11 03 22    89    28 10263    60    67 -9999     0 -9999
2017 11 03 23    83    28 10269    40    67 -9999     0 -9999
2017 11 04 00    83    28 10269    60    57 -9999     0 -9999
2017 11 04 01    83    28 10264    60    46     4     0 -9999
2017 11 04 02    89    33 10257    70    46 -9999     0 -9999
2017 11 04 03    89    39 10255    90    41     6     0 -9999
2017 11 04 04    83    33 10247   100    51 -9999     0 -9999
2017 11 04 05    83    33 10242   100    57 -9999     0 -9999
2017 11 04 06    83    33 10241   110    57 -9999     0 -9999
2017 11 04 07    67    28 10238   100    31 -9999     0 -9999
2017 11 04 08    67    33 10224   120    46 -9999     0 -9999
2017 11 04 09    72    28 10214   130    67     8     0 -9999
2017 11 04 10    67    28 10207   130    51 -9999     0 -9999
2017 11 04 11    67    33 10189   110    77 -9999     0 -9999
2017 11 04 12    72    33 10188   110    36 -9999     0 -9999
2017 11 04 13    67    44 10178   110    72 -9999    41 -9999
2017 11 04 14    72    56 10177    90    36 -9999    33 -9999
2017 11 04 15    72    61 10173    80    51     8    25 -9999
2017 11 04 16    72    67 10169   110    51 -9999     8 -9999
2017 11 04 17    78    67 10161   100    41 -9999    -1 -9999
2017 11 04 18    78    72 10148    90    36 -9999    -1   107
2017 11 04 19    78    78 10142   100    41 -9999    -1 -9999
2017 11 04 20    83    78 10133   100    31 -9999    -1 -9999
2017 11 04 21    83    83 10129   120    36     8    -1 -9999
2017 11 04 22    89    83 10125   120    31 -9999    -1 -9999
2017 11 04 23    89    89 10126   140    21 -9999    -1 -9999
2017 11 05 00    94    94 10125   160    21 -9999    -1    -1
2017 11 05 01   100   100 10121   160    15 -9999     3 -9999
2017 11 05 02   100   100 10117     0     0 -9999    -1 -9999
2017 11 05 03   106   106 10114     0     0     8    -1 -9999
2017 11 05 04   106   106 10109     0     0 -9999     0 -9999
2017 11 05 05   106   106 10106     0     0 -9999     0 -9999
2017 11 05 06   106   106 10104     0     0 -9999     3     5
2017 11 05 07   111   111 10100     0     0 -9999     0 -9999
2017 11 05 08   111   111 10100     0     0 -9999     0 -9999
2017 11 05 09   106   106 10089     0     0     8     0 -9999
2017 11 05 10   106   106 10087     0     0 -9999     0 -9999
2017 11 05 11   111   106 10085     0     0 -9999     0 -9999
2017 11 05 12   111   111 10080     0     0 -9999     0 -9999
2017 11 05 13   111   111 10089   330    21     9     0 -9999
2017 11 05 14   111   111 10076    40    21 -9999     0 -9999
2017 11 05 15   117   111 10076   340    15     8     0 -9999
2017 11 05 16   106   106 10081   350    15 -9999    -1 -9999
2017 11 05 17   117   111 10080   210    15 -9999    -1 -9999
2017 11 05 18   111    94 10078   340    36 -9999     0    -1
2017 11 05 19   106    94 10065   340    41 -9999     3 -9999
2017 11 05 20   106    94 10073   330    51 -9999     0 -9999
2017 11 05 21   111    89 10085   350    26     8     0 -9999
2017 11 05 22   111    83 10092   360    36 -9999     0 -9999
2017 11 05 23   111    78 10101   360    41 -9999     0 -9999
2017 11 06 00   106    72 10112   340    41 -9999     0     3
2017 11 06 01   106    61 10117   350    36 -9999     0 -9999
2017 11 06 02   106    61 10126   360    41 -9999     0 -9999
2017 11 06 03   100    56 10136   360    41     8     0 -9999
2017 11 06 04   100    50 10144   340    46 -9999     0 -9999
2017 11 06 05    94    56 10151   330    57 -9999     0 -9999
2017 11 06 06    67    33 10166   340    88 -9999     0 -9999
2017 11 06 07    61    22 10178   340    62     4     0 -9999
2017 11 06 08    50     0 10194   330    51     4     0 -9999
2017 11 06 09    44    -6 10197   350    51     6     0 -9999
2017 11 06 10    33    -6 10207   330    36 -9999     0 -9999
2017 11 06 11    22   -28 10214   360    62 -9999     0 -9999
2017 11 06 12    17   -28 10229   340    57     2     0 -9999
2017 11 06 13    11   -33 10236   330    41     2     0 -9999
2017 11 06 14    17   -28 10241   340    57     4     0 -9999
2017 11 06 15    33   -22 10240   340    57     4     0 -9999
2017 11 06 16    44    -6 10246    20    57 -9999     0 -9999
2017 11 06 17    61     0 10253   350    57 -9999     0 -9999
2017 11 06 18    50    -6 10257    10    41 -9999     0 -9999
2017 11 06 19    50    -6 10255    20    41 -9999     0 -9999
2017 11 06 20    50    -6 10251    50    46 -9999     0 -9999
2017 11 06 21    50   -11 10251    20    62     4     0 -9999
2017 11 06 22    44   -17 10249    20    72 -9999     0 -9999
2017 11 06 23    44   -17 10252    40    62 -9999     0 -9999
2017 11 07 00    44    -6 10247    50    46 -9999     0 -9999
2017 11 07 01    56     0 10250    50    62 -9999     0 -9999
2017 11 07 02    56     0 10258    50    46 -9999     0 -9999
2017 11 07 03    56     6 10257    20    36     8     0 -9999
2017 11 07 04    61     6 10256    40    36 -9999     0 -9999
2017 11 07 05    61     6 10254    30    36 -9999     0 -9999
2017 11 07 06    67    17 10253    20    46 -9999     0 -9999
2017 11 07 07    67    17 10252    30    57 -9999     0 -9999
2017 11 07 08    67    11 10255    20    46 -9999     0 -9999
2017 11 07 09    61    11 10252    30    57     6     0 -9999
2017 11 07 10    39     0 10253   330    41 -9999     0 -9999
2017 11 07 11    39    -6 10256   330    41 -9999     0 -9999
2017 11 07 12    56     6 10259    50    51 -9999     0 -9999
2017 11 07 13    61     6 10267    50    36 -9999     0 -9999
2017 11 07 14    72    11 10268    70    62 -9999     0 -9999
2017 11 07 15    83    11 10267    50    77     6     0 -9999
2017 11 07 16    83    11 10268    50    77 -9999     0 -9999
2017 11 07 17    78     6 10274    40    62 -9999     0 -9999
2017 11 07 18    78    17 10269    10    72 -9999     0 -9999
2017 11 07 19    72    17 10267    20    67 -9999     0 -9999
2017 11 07 20    72    11 10264    20    67 -9999     0 -9999
2017 11 07 21    67     6 10265    10    67     6     0 -9999
2017 11 07 22    61    11 10268    20    46 -9999     0 -9999
2017 11 07 23    56     6 10272    10    57 -9999     0 -9999
2017 11 08 00    56     0 10278   360    31 -9999     0 -9999
2017 11 08 01    44   -11 10279   350    31     4     0 -9999
2017 11 08 02    44   -11 10279   350    26     2     0 -9999
2017 11 08 03    28   -11 10281   320    21     0     0 -9999
2017 11 08 04    17   -17 10282   320    31     0     0 -9999
2017 11 08 05    11   -22 10282   320    31     0     0 -9999
2017 11 08 06    11   -22 10283   320    26     0     0 -9999
2017 11 08 07     6   -22 10283   290    15     0     0 -9999
2017 11 08 08    -6   -28 10283   320    21     0     0 -9999
2017 11 08 09    -6   -33 10283   320    21     0     0 -9999
2017 11 08 10     0   -33 10282     0     0     0     0 -9999
2017 11 08 11   -11   -33 10282     0     0     0     0 -9999
2017 11 08 12   -11   -28 10283     0     0     2     0 -9999
2017 11 08 13   -11   -33 10289   270    15     0     0 -9999
2017 11 08 14    11   -22 10294   310    26     0     0 -9999
2017 11 08 15    33   -28 10294   320    15     0     0 -9999
2017 11 08 16    50   -28 10291   280    26     0     0 -9999
2017 11 08 17    61   -28 10286   280    41     0     0 -9999
2017 11 08 18    67   -33 10273 -9999    26     0     0 -9999
2017 11 08 19    78   -44 10260   260    21     2     0 -9999
2017 11 08 20    83   -39 10252   270    46     2     0 -9999
2017 11 08 21    83   -33 10247   250    36     2     0 -9999
2017 11 08 22    78   -33 10244   220    41     2     0 -9999
2017 11 08 23    61   -33 10242   220    31     4     0 -9999
2017 11 09 00    56   -28 10244   230    21     4     0 -9999
2017 11 09 01    44   -28 10242   230    21     2     0 -9999
2017 11 09 02    33   -28 10244   270    15     2     0 -9999
2017 11 09 03    39   -28 10239   220    21     0     0 -9999
2017 11 09 04    28   -28 10237   200    21     2     0 -9999
2017 11 09 05    22   -22 10232   210    21     2     0 -9999
2017 11 09 06    17   -28 10225   200    31     4     0 -9999
2017 11 09 07    17   -22 10225   200    26 -9999     0 -9999
2017 11 09 08    22   -22 10225   210    21 -9999     0 -9999
2017 11 09 09    22   -22 10213   210    26     8     0 -9999
2017 11 09 10    22   -22 10208   200    31 -9999     0 -9999
2017 11 09 11    28   -22 10207   210    36 -9999     0 -9999
2017 11 09 12    39   -22 10201   230    51 -9999     0 -9999
2017 11 09 13    44   -22 10192   220    67 -9999     0 -9999
2017 11 09 14    50   -17 10196   240    57 -9999     0 -9999
2017 11 09 15    56   -11 10198   260    51     6     0 -9999
2017 11 09 16    72   -11 10195   250    67     2     0 -9999
2017 11 09 17    72    -6 10200   280    57 -9999     0 -9999
2017 11 09 18    78   -11 10199   310    72 -9999     0 -9999
2017 11 09 19    56   -17 10210   310    82 -9999     0 -9999
2017 11 09 20    61   -67 10218   300    82     2     0 -9999
2017 11 09 21    44   -56 10230   320    41     4     0 -9999
2017 11 09 22    39   -83 10241   320    67     2     0 -9999
2017 11 09 23    22  -106 10258   310    82     2     0 -9999
2017 11 10 00    11  -106 10269   330    62     2     0 -9999
2017 11 10 01     6  -106 10278   360    67     2     0 -9999
2017 11 10 02   -17  -133 10291   360    88     2     0 -9999
2017 11 10 03   -28  -144 10304   360    72     0     0 -9999
2017 11 10 04   -44  -167 10311   350    77     0     0 -9999
2017 11 10 05   -50  -167 10317   340    77     2     0 -9999
2017 11 10 06   -56  -167 10322   350    72     2     0 -9999
2017 11 10 07   -61  -161 10325   350    57     2     0 -9999
2017 11 10 08   -67  -156 10335   330    67 -9999     0 -9999
2017 11 10 09   -67  -156 10341   330    77     6    -1 -9999
2017 11 10 10   -67  -144 10347   340    72 -9999    -1 -9999
2017 11 10 11   -67  -133 10354   340    62 -9999    -1 -9999
2017 11 10 12   -67  -122 10358   350    62 -9999    -1    -1
2017 11 10 13   -61  -117 10364   320    51 -9999    -1 -9999
2017 11 10 14   -56  -106 10371   330    51 -9999    -1 -9999
2017 11 10 15   -44   -94 10375   350    26     8    -1 -9999
2017 11 10 16   -44   -72 10378     0     0 -9999    -1 -9999
2017 11 10 17   -39   -67 10380     0     0 -9999    -1 -9999
2017 11 10 18   -28   -78 10374   200    15 -9999    -1    -1
2017 11 10 19   -22   -83 10369     0     0 -9999    -1 -9999
2017 11 10 20   -17   -83 10363     0     0 -9999     0 -9999
2017 11 10 21   -11   -83 10359    70    15     8     0 -9999
2017 11 10 22   -11   -83 10363     0     0 -9999     0 -9999
2017 11 10 23   -17   -78 10356    50    26 -9999     0 -9999
2017 11 11 00   -17   -72 10354     0     0     4     0    -1
2017 11 11 01   -11   -83 10351   140    36 -9999     0 -9999
2017 11 11 02   -11  -111 10352   140    36 -9999     0 -9999
2017 11 11 03   -17  -111 10353   140    36     6     0 -9999
2017 11 11 04   -22  -111 10346   130    51 -9999     0 -9999
2017 11 11 05   -28  -111 10343   130    57 -9999     0 -9999
2017 11 11 06   -28  -111 10344   140    46 -9999     0 -9999
2017 11 11 07   -33  -106 10339   160    41 -9999     0 -9999
2017 11 11 08   -33  -100 10333   150    46 -9999     0 -9999
2017 11 11 09   -33  -100 10328   140    51     8     0 -9999
2017 11 11 10   -28   -94 10326   150    46 -9999     0 -9999
2017 11 11 11   -28   -94 10323   150    41 -9999     0 -9999
2017 11 11 12   -33   -89 10314   150    46 -9999     0 -9999
2017 11 11 13   -28   -83 10319   180    41 -9999     0 -9999
2017 11 11 14   -28   -83 10320   180    36 -9999     0 -9999
2017 11 11 15   -22   -78 10311   170    41     8     0 -9999
2017 11 11 16   -11   -78 10297   160    41 -9999     0 -9999
2017 11 11 17    -6   -72 10299   170    31 -9999     0 -9999
2017 11 11 18    11   -67 10286   180    41 -9999     0 -9999
2017 11 11 19    11   -67 10279 -9999    26 -9999     0 -9999
2017 11 11 20    17   -67 10268   180    46 -9999     0 -9999
2017 11 11 21    22   -61 10269   170    31     8     0 -9999
2017 11 11 22    28   -61 10263   170    46 -9999     0 -9999
2017 11 11 23    28   -56 10261   160    31 -9999     0 -9999
2017 11 12 00    28   -50 10260   170    26 -9999     0 -9999
2017 11 12 01    33   -50 10258   170    41 -9999     0 -9999
2017 11 12 02    33   -44 10256   170    26 -9999     0 -9999
2017 11 12 03    39   -44 10255   190    31     8     0 -9999
2017 11 12 04    39   -39 10257   200    15 -9999     0 -9999
2017 11 12 05    39   -39 10258   200    21 -9999     0 -9999
2017 11 12 06    39   -39 10259   180    15 -9999     0 -9999
2017 11 12 07    39   -33 10259     0     0 -9999    -1 -9999
2017 11 12 08    33   -17 10264     0     0 -9999    -1 -9999
2017 11 12 09    39   -11 10261     0     0     8    -1 -9999
2017 11 12 10    33     0 10254    30    26 -9999     3 -9999
2017 11 12 11    33     0 10262   160    15 -9999    -1 -9999
2017 11 12 12    33     0 10258   100    21 -9999     0     3
2017 11 12 13    39     0 10261    30    15 -9999     0 -9999
2017 11 12 14    39     6 10269 -9999    15 -9999     0 -9999
2017 11 12 15    44     6 10272     0     0     8     0 -9999
2017 11 12 16    44     6 10276   290    15 -9999     0 -9999
2017 11 12 17    44    11 10277   270    15 -9999     0 -9999
2017 11 12 18    44    22 10270   360    31 -9999     3     3
2017 11 12 19    44    28 10269    30    21 -9999    10 -9999
2017 11 12 20    44    28 10270    60    15 -9999     8 -9999
2017 11 12 21    44    28 10270 -9999    15     8     3 -9999
2017 11 12 22    44    28 10277   360    31 -9999    -1 -9999
2017 11 12 23    39    28 10284   320    36 -9999    -1 -9999
2017 11 13 00    39    28 10291   310    31 -9999     0    20
2017 11 13 01    39    28 10295   320    36 -9999     0 -9999
2017 11 13 02    33    28 10295   310    31 -9999     0 -9999
2017 11 13 03    33    28 10302   300    36     8     0 -9999
2017 11 13 04    33    22 10305   310    26 -9999     0 -9999
2017 11 13 05    33    22 10307   310    31 -9999     0 -9999
2017 11 13 06    33    22 10312   300    36 -9999     0 -9999
2017 11 13 07    33    17 10311   300    26 -9999     0 -9999
2017 11 13 08    28    17 10317   300    26 -9999     0 -9999
2017 11 13 09    17    11 10314   300    26     2     0 -9999
2017 11 13 10    11     6 10315   290    31     2     0 -9999
2017 11 13 11    11     0 10320   280    21     0     0 -9999
2017 11 13 12     6     0 10326   280    15     0     0 -9999
2017 11 13 13     6    -6 10327   270    21     2     0 -9999
2017 11 13 14    17     6 10335   280    21     2     0 -9999
2017 11 13 15    28    11 10333   300    31     4     0 -9999
2017 11 13 16    44    11 10335   270    41     4     0 -9999
2017 11 13 17    50    17 10337   250    41 -9999     0 -9999
2017 11 13 18    50    17 10326   290    31 -9999     0 -9999
2017 11 13 19    56    17 10323   290    21 -9999     0 -9999
2017 11 13 20    50    11 10321   290    26 -9999     0 -9999
2017 11 13 21    50    11 10317   210    21     8     0 -9999
2017 11 13 22    44    11 10314     0     0 -9999     0 -9999
2017 11 13 23    39     6 10312   230    26 -9999     0 -9999
2017 11 14 00    39     6 10309   220    15 -9999     0 -9999
2017 11 14 01    39     6 10306   200    15 -9999     0 -9999
2017 11 14 02    39    11 10303   170    26 -9999     0 -9999
2017 11 14 03    39    11 10302   200    21     8     0 -9999
2017 11 14 04    33    11 10301   200    21 -9999     0 -9999
2017 11 14 05    28     6 10299   170    21     2     0 -9999
2017 11 14 06    22     6 10294   180    31     2     0 -9999
2017 11 14 07    28     6 10286   190    26     2     0 -9999
2017 11 14 08    17     6 10285   180    26     0     0 -9999
2017 11 14 09    11     0 10282   180    15     0     0 -9999
2017 11 14 10    11     0 10281   170    21     0     0 -9999
2017 11 14 11    11     0 10283   170    26     0     0 -9999
2017 11 14 12    11     0 10280   170    31     0     0 -9999
2017 11 14 13    11     6 10280   180    31     2     0 -9999
2017 11 14 14    28     6 10277   190    51 -9999     0 -9999
2017 11 14 15    44    11 10276   200    36     6     0 -9999
2017 11 14 16    72    17 10266   170    72 -9999     0 -9999
2017 11 14 17    78    17 10255   180    72 -9999     0 -9999
2017 11 14 18    83    22 10241   180    67 -9999     0 -9999
2017 11 14 19    94    17 10233   180    51 -9999     0 -9999
2017 11 14 20    94    22 10224   170    62 -9999     0 -9999
2017 11 14 21    94    22 10220   190    46     8     0 -9999
2017 11 14 22    94    22 10213   170    57 -9999     0 -9999
2017 11 14 23    94    28 10207   170    41 -9999     0 -9999
2017 11 15 00    94    28 10202   150    46 -9999     0 -9999
2017 11 15 01    94    28 10201   170    41 -9999     0 -9999
2017 11 15 02    94    28 10190   170    46 -9999     0 -9999
2017 11 15 03    94    28 10188   170    46     8     0 -9999
2017 11 15 04    94    22 10181   160    51 -9999     0 -9999
2017 11 15 05    94    22 10175   180    46 -9999     0 -9999
2017 11 15 06    94    22 10173   170    51 -9999     0 -9999
2017 11 15 07    94    28 10165   180    51 -9999     0 -9999
2017 11 15 08    89    28 10161   190    67 -9999     0 -9999
2017 11 15 09    89    28 10148   190    41     8     0 -9999
2017 11 15 10    89    33 10135   180    67 -9999    -1 -9999
2017 11 15 11    78    44 10125   180    77 -9999     3 -9999
2017 11 15 12    72    56 10118   180    51 -9999    10    13
2017 11 15 13    67    56 10119   200    51 -9999    10 -9999
2017 11 15 14    72    61 10110   200    62 -9999     8 -9999
2017 11 15 15    72    61 10100   200    62     8    18 -9999
2017 11 15 16    78    67 10096   210    51 -9999     8 -9999
2017 11 15 17    78    78 10088   220    46 -9999    -1 -9999
2017 11 15 18    89    83 10079   240    62 -9999     3    46
2017 11 15 19    89    89 10076   260    41 -9999    -1 -9999
2017 11 15 20   100    89 10083   280    51 -9999     0 -9999
2017 11 15 21   111    78 10086   280    67     6     0 -9999
2017 11 15 22   106    56 10096   280    62     4     0 -9999
2017 11 15 23   100    50 10102   270    57     2     0 -9999
2017 11 16 00    89    33 10110   270    62     2     0    -1
2017 11 16 01    83    28 10118   280    82     2     0 -9999
2017 11 16 02    44     6 10133   290    98 -9999     0 -9999
2017 11 16 03    17   -17 10148   290    82     8     0 -9999
2017 11 16 04    11   -28 10157   300   113 -9999     0 -9999
2017 11 16 05    17   -28 10161   320    77 -9999     0 -9999
2017 11 16 06    17   -33 10168   300   108 -9999     0 -9999
2017 11 16 07    22   -39 10172   300    62 -9999     0 -9999
2017 11 16 08    11   -39 10182   290    46     2     0 -9999
2017 11 16 09     6   -33 10183   280    46     2     0 -9999
2017 11 16 10     6   -33 10189   290    36     4     0 -9999
2017 11 16 11     6   -33 10202   280    31 -9999     0 -9999
2017 11 16 12    11   -33 10210   320    57 -9999     0 -9999
2017 11 16 13    11   -33 10218   340    57 -9999     0 -9999
2017 11 16 14    11   -33 10231   330    62 -9999     0 -9999
2017 11 16 15    17   -33 10240   340    62     8     0 -9999
2017 11 16 16    17   -33 10246   340    62 -9999     0 -9999
2017 11 16 17    22   -28 10247   310    51 -9999     0 -9999
2017 11 16 18    28   -28 10245   350    51 -9999     0 -9999
2017 11 16 19    33   -28 10246   360    41 -9999     0 -9999
2017 11 16 20    33   -22 10245    40    26 -9999     0 -9999
2017 11 16 21    33   -22 10246     0     0     8     0 -9999
2017 11 16 22    33   -22 10254   310    15 -9999     0 -9999
2017 11 16 23    33   -17 10255     0     0 -9999     0 -9999
2017 11 17 00    33   -17 10257    90    31 -9999     0 -9999
2017 11 17 01    33   -17 10254    50    31 -9999     0 -9999
2017 11 17 02    33   -17 10256     0     0 -9999     0 -9999
2017 11 17 03    33   -11 10254    90    21     8     0 -9999
2017 11 17 04    33    -6 10249   160    15 -9999     0 -9999
2017 11 17 05    33    -6 10241   170    31 -9999     0 -9999
2017 11 17 06    33   -11 10239   180    31 -9999     0 -9999
2017 11 17 07    33    -6 10231   160    41 -9999     0 -9999
2017 11 17 08    28    -6 10235   160    41 -9999     0 -9999
2017 11 17 09    28    -6 10235   170    46     8     0 -9999
2017 11 17 10    28    -6 10225   170    57 -9999     0 -9999
2017 11 17 11    28    -6 10220   170    57 -9999     0 -9999
2017 11 17 12    22    -6 10219   170    46 -9999     0 -9999
2017 11 17 13    22    -6 10209   160    51 -9999     0 -9999
2017 11 17 14    22    -6 10205   170    51 -9999     0 -9999
2017 11 17 15    33    -6 10194   170    77     6     0 -9999
2017 11 17 16    39    -6 10178   170    82 -9999     0 -9999
2017 11 17 17    56     0 10161   160    46 -9999     0 -9999
2017 11 17 18    67     0 10140   160    41 -9999     0 -9999
2017 11 17 19    72    -6 10130   170    62 -9999     0 -9999
2017 11 17 20    72    -6 10115   160    57 -9999     0 -9999
2017 11 17 21    56    28 10106   160    51     8     5 -9999
2017 11 17 22    67    28 10087   150    62 -9999    -1 -9999
2017 11 17 23    67    33 10068   160    51 -9999     3 -9999
2017 11 18 00    61    44 10062   180    51 -9999    86    91
2017 11 18 01    61    50 10048   170    51 -9999    13 -9999
2017 11 18 02    67    56 -9999   190    57 -9999    -1 -9999
2017 11 18 03    72    61 10031   200    62     8     5 -9999
2017 11 18 04    83    72 10025   210    57 -9999     5 -9999
2017 11 18 05    89    78 10019   210    67 -9999     8 -9999
2017 11 18 06    89    83 10015   220    41 -9999     8    41
2017 11 18 07    89    83 10011   300    21 -9999    -1 -9999
2017 11 18 08    89    83 10005     0     0 -9999    -1 -9999
2017 11 18 09    89    83 -9999    50    15     8     3 -9999
2017 11 18 10    83    83  9994   130    21 -9999    -1 -9999
2017 11 18 11    83    83  9992    20    31 -9999     0 -9999
2017 11 18 12    78    72  9981    30    67 -9999     0     3
2017 11 18 13    67    56  9985    20    62 -9999    -1 -9999
2017 11 18 14    67    61  9980    30    62 -9999    33 -9999
2017 11 18 15    67    56  9979    10    82     8    28 -9999
2017 11 18 16    61    50  9981    10    82 -9999    15 -9999
2017 11 18 17    50    39  9977   360    93 -9999    28 -9999
2017 11 18 18    39    28  9976   360    82 -9999    18   119
2017 11 18 19    28    17  9990   340    88 -9999    10 -9999
2017 11 18 20    22    17 10000   330    77 -9999    13 -9999
2017 11 18 21    44    28 10004   340   118     8    -1 -9999
2017 11 18 22    44    22 10016   340   108 -9999     0 -9999
2017 11 18 23    44    17 10033   330    93 -9999     0 -9999
2017 11 19 00    44    11 10050   330    77 -9999     0    25
2017 11 19 01    44     0 10063   330    98 -9999     0 -9999
2017 11 19 02    44    -6 10073   330    67 -9999     0 -9999
2017 11 19 03    44   -11 10086   330    77     8     0 -9999
2017 11 19 04    39   -22 10099   330    88 -9999     0 -9999
2017 11 19 05    39   -17 10108   320    62 -9999     0 -9999
2017 11 19 06    33   -11 10116   300    62 -9999     0 -9999
2017 11 19 07    33   -28 10119   310    62 -9999     0 -9999
2017 11 19 08    22   -33 10129   310    77 -9999     0 -9999
2017 11 19 09    17   -44 10136   320    72     8     0 -9999
2017 11 19 10    11   -44 10142   330    51 -9999     0 -9999
2017 11 19 11    11   -50 10150   300    62 -9999     0 -9999
2017 11 19 12    -6   -61 10157   310    62 -9999     0 -9999
2017 11 19 13    -6   -61 10164   290    62 -9999     0 -9999
2017 11 19 14   -11   -72 10174   310    62 -9999     0 -9999
2017 11 19 15    -6   -67 10177   300    67     4     0 -9999
2017 11 19 16     6   -67 10183   300    51 -9999     0 -9999
2017 11 19 17     6   -61 10186   270    72 -9999     0 -9999
2017 11 19 18     6   -67 10185   280    72 -9999     0 -9999
2017 11 19 19    17   -67 10182   280    67 -9999     0 -9999
2017 11 19 20    17   -78 10182   270    62 -9999     0 -9999
2017 11 19 21    17   -83 10184   290    57     6     0 -9999
2017 11 19 22    17   -83 10189   280    46 -9999     0 -9999
2017 11 19 23     6   -83 10190   290    46 -9999     0 -9999
2017 11 20 00     6   -72 10195   240    41     0     0 -9999
2017 11 20 01    -6   -61 10197   240    41     0     0 -9999
2017 11 20 02    -6   -61 10199   250    41     0     0 -9999
2017 11 20 03   -11   -61 10197   240    46     2     0 -9999
2017 11 20 04    -6   -61 10198   230    36     4     0 -9999
2017 11 20 05    -6   -61 10194   230    36     4     0 -9999
2017 11 20 06     0   -56 10189   220    46     2     0 -9999
2017 11 20 07     0   -50 10182   230    51     2     0 -9999
2017 11 20 08     0   -50 10176   220    41     2     0 -9999
2017 11 20 09     0   -50 10174   210    41     2     0 -9999
2017 11 20 10     6   -50 10169   210    51     2     0 -9999
2017 11 20 11     6   -44 10167   210    41     2     0 -9999
2017 11 20 12    11   -39 10160   210    51     2     0 -9999
2017 11 20 13    11   -39 10161   210    51     2     0 -9999
2017 11 20 14    22   -33 10154   210    62     4     0 -9999
2017 11 20 15    44   -28 10146   210    67     4     0 -9999
2017 11 20 16    67   -17 10136   210    72     4     0 -9999
2017 11 20 17    83   -17 10128   220    98     4     0 -9999
2017 11 20 18   100   -11 10113   220    77 -9999     0 -9999
2017 11 20 19   111     0 10105   210    82 -9999     0 -9999
2017 11 20 20   117     0 10096   210    82     4     0 -9999
2017 11 20 21   122     6 10091   210    93     6     0 -9999
2017 11 20 22   111    11 10087   200    88 -9999     0 -9999
2017 11 20 23   100    17 10085   200    88 -9999     0 -9999
2017 11 21 00    89    11 10084   190    82 -9999     0 -9999
2017 11 21 01    83    11 10084   200    82 -9999     0 -9999
2017 11 21 02    83    -6 10084   210    93 -9999     0 -9999
2017 11 21 03    72    -6 10081   200    77     6     0 -9999
2017 11 21 04    67    -6 10075   200   103 -9999     0 -9999
2017 11 21 05    72    -6 10066   200    82 -9999     0 -9999
2017 11 21 06    67    -6 10062   210    82     4     0 -9999
2017 11 21 07    61    -6 10055   210    77 -9999     0 -9999
2017 11 21 08    61     0 10055   210    77 -9999     0 -9999
2017 11 21 09    61     0 10052   200    57     8     0 -9999
2017 11 21 10    67     0 10054   220    62 -9999     0 -9999
2017 11 21 11    61     0 10058   220    57     4     0 -9999
2017 11 21 12    61     0 10055   210    51 -9999     0 -9999
2017 11 21 13    61     0 10062   230    67 -9999     0 -9999
2017 11 21 14    67     6 10071   240    62 -9999     0 -9999
2017 11 21 15    67     6 10079   250    62     8     0 -9999
2017 11 21 16    61    22 10101   270    62 -9999     3 -9999
2017 11 21 17    50    17 10102   260    51 -9999     8 -9999
2017 11 21 18    56   -33 10103   280    67 -9999    -1    10
2017 11 21 19    44   -50 10119   290    62 -9999     0 -9999
2017 11 21 20    39   -67 10131   310    62 -9999     0 -9999
2017 11 21 21    39   -56 10148   300    88     6     0 -9999
2017 11 21 22    22   -67 10168   310    67 -9999     0 -9999
2017 11 21 23    11   -72 10188   330    62     4     0 -9999
2017 11 22 00    11   -72 10202   330    31 -9999     0 -9999
2017 11 22 01     6   -78 10210   320    41 -9999     0 -9999
2017 11 22 02     0   -89 10218   340    67     2     0 -9999
2017 11 22 03   -11   -89 10224   330    67     0     0 -9999
2017 11 22 04   -11   -94 10234   330    46     2     0 -9999
2017 11 22 05   -17   -94 10240   330    57     0     0 -9999
2017 11 22 06   -22   -94 10243   320    57     0     0 -9999
2017 11 22 07   -28   -94 10247   340    62     0     0 -9999
2017 11 22 08   -33   -94 10257   330    51     2     0 -9999
2017 11 22 09   -33   -94 10263   330    41     2     0 -9999
2017 11 22 10   -33  -100 10269   340    41     0     0 -9999
2017 11 22 11   -39  -100 10276   320    46     0     0 -9999
2017 11 22 12   -44   -94 10282   330    41     2     0 -9999
2017 11 22 13   -50   -89 10289   290    36     2     0 -9999
2017 11 22 14   -39   -89 10288   300    26     2     0 -9999
2017 11 22 15   -28   -94 10297   310    31     2     0 -9999
2017 11 22 16   -17  -100 10298   310    26     2     0 -9999
2017 11 22 17   -11   -94 10292   270    31     2     0 -9999
2017 11 22 18     0   -94 10288   270    36     2     0 -9999
2017 11 22 19     6  -100 10277   290    21     2     0 -9999
2017 11 22 20    17   -94 10264   240    31     2     0 -9999
2017 11 22 21    11  -100 10264   250    36     6     0 -9999
2017 11 22 22     6   -89 10261   220    36 -9999     0 -9999
2017 11 22 23     0   -89 10259   230    26 -9999     0 -9999
2017 11 23 00     0   -83 10259   240    31 -9999     0 -9999
2017 11 23 01     0   -78 10258   250    31 -9999     0 -9999
2017 11 23 02     0   -78 10247   210    26 -9999     0 -9999
2017 11 23 03     0   -78 10242   210    31     8     0 -9999
2017 11 23 04     0   -78 10238   210    41 -9999     0 -9999
2017 11 23 05     0   -72 10238   220    41 -9999     0 -9999
2017 11 23 06     0   -78 10230   220    46 -9999     0 -9999
2017 11 23 07     6   -72 10224   220    41 -9999     0 -9999
2017 11 23 08     6   -67 10219   210    41 -9999     0 -9999
2017 11 23 09     6   -67 10209   210    46     8     0 -9999
2017 11 23 10     6   -67 10198   210    46 -9999     0 -9999
2017 11 23 11     6   -61 10190   210    51 -9999     0 -9999
2017 11 23 12    11   -61 10191   210    46 -9999     0 -9999
2017 11 23 13    11   -56 10185   200    36 -9999     0 -9999
2017 11 23 14    11   -50 10189   210    31 -9999     0 -9999
2017 11 23 15    22   -50 10181   200    46     2     0 -9999
2017 11 23 16    44   -50 10171   210    57     2     0 -9999
2017 11 23 17    61   -56 10159   210    67     2     0 -9999
2017 11 23 18    72   -50 10147   220    77     2     0 -9999
2017 11 23 19    78   -44 10140   230    41     2     0 -9999
2017 11 23 20    83   -39 10137   250    41     2     0 -9999
2017 11 23 21    83   -33 10137   240    46     2     0 -9999
2017 11 23 22    78   -33 10137   240    36     0     0 -9999
2017 11 23 23    56   -28 10143   260    21     0     0 -9999
2017 11 24 00    56   -28 10149   250    15     0     0 -9999
2017 11 24 01    44   -28 10145   190    15     2     0 -9999
2017 11 24 02    39   -28 10144   200    21     0     0 -9999
2017 11 24 03    33   -28 10139   210    26     0     0 -9999
2017 11 24 04    28   -28 10138   190    26     0     0 -9999
2017 11 24 05    28   -28 10133   190    21     0     0 -9999
2017 11 24 06    17   -22 10129   180    26     0     0 -9999
2017 11 24 07    17   -22 10118   180    36     0     0 -9999
2017 11 24 08    17   -22 10115   200    41     2     0 -9999
2017 11 24 09    17   -22 10109   190    36     0     0 -9999
2017 11 24 10    17   -22 10105   220    31     2     0 -9999
2017 11 24 11    17   -22 10105   220    31     4     0 -9999
2017 11 24 12    28   -22 10091   190    46     2     0 -9999
2017 11 24 13    33   -17 10091   210    51     2     0 -9999
2017 11 24 14    50   -17 10085   200    62     2     0 -9999
2017 11 24 15    72    -6 10076   190    51     2     0 -9999
2017 11 24 16   100     0 10064   200    72     2     0 -9999
2017 11 24 17   117    11 10050   190    62     2     0 -9999
2017 11 24 18   133    17 10029   200    62     2     0 -9999
2017 11 24 19   150    28 10012   190    77     2     0 -9999
2017 11 24 20   161    39 10001   200    88     2     0 -9999
2017 11 24 21   161    39  9990   200    88     2     0 -9999
2017 11 24 22   156    39  9984   200    82     2     0 -9999
2017 11 24 23   139    44  9983   200    93     2     0 -9999
2017 11 25 00   128    44  9993   200    88     2     0 -9999
2017 11 25 01   128    39  9991   200    88     4     0 -9999
2017 11 25 02   122    39  9994   210    57     2     0 -9999
2017 11 25 03   117    44 10001   220    46     2     0 -9999
2017 11 25 04   106    44  9999   200    41     2     0 -9999
2017 11 25 05   100    50 10017   250    26     4     0 -9999
2017 11 25 06   117    56 10027   280    36 -9999     0 -9999
2017 11 25 07   122    61 10037   300    51     2     0 -9999
2017 11 25 08   111    67 10051   330    67     2     0 -9999
2017 11 25 09    94    39 10067   310    82     2     0 -9999
2017 11 25 10    83    33 10079   280    31     0     0 -9999
2017 11 25 11    78    33 10090   280    46     0     0 -9999
2017 11 25 12    67    33 10101   280    36     4     0 -9999
2017 11 25 13    56    28 10110   280    46     2     0 -9999
2017 11 25 14    61    22 10121   280    46     2     0 -9999
2017 11 25 15    72    11 10130   300    72     2     0 -9999
2017 11 25 16    83    11 10136   300    77     2     0 -9999
2017 11 25 17    89    11 10142   320    62     2     0 -9999
2017 11 25 18    94     0 10140   300    67     2     0 -9999
2017 11 25 19   100     0 10139   300    57     2     0 -9999
2017 11 25 20   100    -6 10149   300    77     2     0 -9999
2017 11 25 21   100   -17 10157   310    51     2     0 -9999
2017 11 25 22    94   -28 10167   300    62     2     0 -9999
2017 11 25 23    78   -28 10175   300    31     2     0 -9999
2017 11 26 00    67   -28 10181   300    31     0     0 -9999
2017 11 26 01    56   -28 10195   310    31     0     0 -9999
2017 11 26 02    50   -28 10202   320    36     0     0 -9999
2017 11 26 03    44   -28 10208   320    26     4     0 -9999
2017 11 26 04    44   -33 10214   330    36 -9999     0 -9999
2017 11 26 05    44   -44 10220   340    41     2     0 -9999
2017 11 26 06    22   -44 10227   340    26     2     0 -9999
2017 11 26 07    17   -50 10229   320    26     2     0 -9999
2017 11 26 08     6   -50 10227   310    15     2     0 -9999
2017 11 26 09    -6   -50 10230   320    26     2     0 -9999
2017 11 26 10    -6   -56 10238   320    21 -9999     0 -9999
2017 11 26 11   -11   -56 10240   280    21 -9999     0 -9999
2017 11 26 12   -11   -56 10237   230    21 -9999     0 -9999
2017 11 26 13   -22   -56 10244     0     0 -9999     0 -9999
2017 11 26 14   -11   -44 10248   250    21 -9999     0 -9999
2017 11 26 15    11   -44 10242   240    31     4     0 -9999
2017 11 26 16    33   -56 10240   240    41 -9999     0 -9999
2017 11 26 17    56   -44 10233   250    41 -9999     0 -9999
2017 11 26 18    67   -39 10221   240    67 -9999     0 -9999
2017 11 26 19    78   -22 10211   230    57     2     0 -9999
2017 11 26 20    89   -17 10200   230    51     2     0 -9999
2017 11 26 21    94   -11 10195   230    62     2     0 -9999
2017 11 26 22    94   -11 10191   220    41     2     0 -9999
2017 11 26 23    89   -11 10190   210    41 -9999     0 -9999
2017 11 27 00    89    -6 10189   200    36 -9999     0 -9999
2017 11 27 01    78     0 10191   220    31 -9999     0 -9999
2017 11 27 02    89     6 10187 -9999    21 -9999     0 -9999
2017 11 27 03    83     6 10185   200    26     8     0 -9999
2017 11 27 04    83    11 10184   200    26 -9999     0 -9999
2017 11 27 05    78    11 10185   200    36     4     0 -9999
2017 11 27 06    50     6 10186   220    26     4     0 -9999
2017 11 27 07    50     6 10182   170    21     4     0 -9999
2017 11 27 08    44     6 10182   200    21 -9999     0 -9999
2017 11 27 09    39     6 10180   170    21     4     0 -9999
2017 11 27 10    28     0 10184     0     0     2     0 -9999
2017 11 27 11    28     0 10188   200    15     2     0 -9999
2017 11 27 12    33     6 10187   170    15     2     0 -9999
2017 11 27 13    33     0 10182 -9999    15     4     0 -9999
2017 11 27 14    33     6 10184   140    15 -9999     0 -9999
2017 11 27 15    61    11 10185   170    15     6     0 -9999
2017 11 27 16    89    11 10184     0     0 -9999     0 -9999
2017 11 27 17   106    17 10177 -9999    15 -9999     0 -9999
2017 11 27 18   117    17 10166   160    21 -9999     0 -9999
2017 11 27 19   133    17 10160   160    41 -9999     0 -9999
2017 11 27 20   133    22 10155   190    31 -9999     0 -9999
2017 11 27 21   133    28 10144   160    36     6     0 -9999
2017 11 27 22   128    33 10141   140    31 -9999     0 -9999
2017 11 27 23   122    33 10140   160    36 -9999     0 -9999
2017 11 28 00   133    28 10136   180    41 -9999     0 -9999
2017 11 28 01   139    33 10134   190    62 -9999     0 -9999
2017 11 28 02   133    39 10132   190    62 -9999     0 -9999
2017 11 28 03   133    28 10126   200    67     8     0 -9999
2017 11 28 04   128    17 10118   200    93     2     0 -9999
2017 11 28 05   122    11 10115   200    88     0     0 -9999
2017 11 28 06   122    11 10120   200    72     0     0 -9999
2017 11 28 07   122    11 10122   210    82     0     0 -9999
2017 11 28 08   117    11 10123   210    67     0     0 -9999
2017 11 28 09   111    11 10121   210    77     0     0 -9999
2017 11 28 10   111     6 10119   210    77     0     0 -9999
2017 11 28 11   111     6 10122   200    77     0     0 -9999
2017 11 28 12   111     6 10118   210    82     0     0 -9999
2017 11 28 13   106     6 10122   220    62     2     0 -9999
2017 11 28 14   111     6 10126   210    72 -9999     0 -9999
2017 11 28 15   117     6 10130   210    72     8     0 -9999
2017 11 28 16   128     6 10134   210    67 -9999     0 -9999
2017 11 28 17   144    17 10130   210    72     4     0 -9999
2017 11 28 18   156    22 10126   230    57 -9999     0 -9999
2017 11 28 19   167    28 10125   230    82 -9999     0 -9999
2017 11 28 20   167    39 10129   250    77 -9999     0 -9999
2017 11 28 21   167    39 10131   240    77     8     0 -9999
2017 11 28 22   161    44 10144   260    67 -9999     0 -9999
2017 11 28 23   150    44 10159   280    67 -9999     0 -9999
2017 11 29 00   144    56 10176   280    41 -9999    -1    -1
2017 11 29 01   128    56 10189   290    36 -9999    -1 -9999
2017 11 29 02   117    44 10198   300    36     4     0 -9999
2017 11 29 03   106    11 10211   300    36     4     0 -9999
2017 11 29 04    94   -17 10216   300    46     4     0 -9999
2017 11 29 05    89   -50 10222   290    46 -9999     0 -9999
2017 11 29 06    78   -61 10228   290    46 -9999     0    -1
2017 11 29 07    61   -67 10232   290    36     4     0 -9999
2017 11 29 08    50   -61 10241   280    21     0     0 -9999
2017 11 29 09    39   -67 10246   310    21     0     0 -9999
2017 11 29 10    28   -61 10250   310    21     0     0 -9999
2017 11 29 11    28   -61 10258   350    26     0     0 -9999
2017 11 29 12    39   -72 10264   350    36     0     0 -9999
2017 11 29 13    33   -72 10271    10    36     0     0 -9999
2017 11 29 14    39   -61 10279   350    31     0     0 -9999
2017 11 29 15    61   -28 10282    30    51     0     0 -9999
2017 11 29 16    67   -17 10286    60    51     0     0 -9999
2017 11 29 17    72   -11 10282    90    46     2     0 -9999
2017 11 29 18    78    -6 10272    80    36     2     0 -9999
2017 11 29 19    83    -6 10263    80    31     2     0 -9999
2017 11 29 20    83     0 10255    60    31     4     0 -9999
2017 11 29 21    80    10 10252    80    31     4     0 -9999
2017 11 29 22    72     6 10247   110    31     4     0 -9999
2017 11 29 23    61    11 10236   100    36     2     0 -9999
2017 11 30 00    61    17 10232   110    26     0     0 -9999
2017 11 30 01    50    17 10224   120    26     0     0 -9999
2017 11 30 02    61    28 10217   130    21     2     0 -9999
2017 11 30 03    72    11 10207   150    31     6     0 -9999
2017 11 30 04    72    -6 10202   170    31 -9999     0 -9999
2017 11 30 05    72     0 10199   170    21 -9999     0 -9999
2017 11 30 06    78    -6 10190   230    21 -9999     0 -9999
2017 11 30 07    83   -17 10178   200    41 -9999     0 -9999
2017 11 30 08    83   -11 10172   230    46 -9999     0 -9999
2017 11 30 09    83    -6 10166   240    46     8     0 -9999
2017 11 30 10    83   -11 10155   240    57 -9999     0 -9999
2017 11 30 11    78   -17 10159   260    46 -9999     0 -9999
2017 11 30 12    78   -28 10162   260    46 -9999     0 -9999
2017 11 30 13    72   -33 10167   270    62     4     0 -9999
2017 11 30 14    61   -28 10173   270    62     2     0 -9999
2017 11 30 15    72   -28 10176   290    57     2     0 -9999
2017 11 30 16    83   -17 10180   300    51     2     0 -9999
2017 11 30 17    94   -17 10176   280    51     2     0 -9999
2017 11 30 18   106   -22 10169   280    57     2     0 -9999
2017 11 30 19   122   -28 10171   290    82     2     0 -9999
2017 11 30 20   122   -39 10174   300    67     2     0 -9999
2017 11 30 21   120   -30 10179   290    57     2     0 -9999
2017 11 30 22   111   -39 10186   280    67     2     0 -9999
2017 11 30 23   100   -33 10196   280    31     2     0 -9999
2017 12 01 00    89   -28 10204   280    36     2     0 -9999
2017 12 01 01    78   -28 10208   280    36     0     0 -9999
2017 12 01 02    72   -28 10214   270    36     0     0 -9999
2017 12 01 03    67   -28 10219   290    36     0     0 -9999
2017 12 01 04    56   -28 10221   310    26     2     0 -9999
2017 12 01 05    44   -28 10227   300    31     2     0 -9999
2017 12 01 06    39   -28 10228     0     0 -9999     0 -9999
2017 12 01 07    39   -28 10232   310    15     0     0 -9999
2017 12 01 08    33   -28 10234     0     0     0     0 -9999
2017 12 01 09    17   -28 10235   230    21     0     0 -9999
2017 12 01 10    11   -28 10242   240    21     2     0 -9999
2017 12 01 11     6   -28 10245   240    36     0     0 -9999
2017 12 01 12     6   -28 10246     0     0     0     0 -9999
2017 12 01 13     0   -33 10249   170    15     2     0 -9999
2017 12 01 14     6   -28 10254   260    15     2     0 -9999
2017 12 01 15    33   -17 10257   270    15     2     0 -9999
2017 12 01 16    56   -17 10257   220    26     2     0 -9999
2017 12 01 17    78   -17 10253   230    31     2     0 -9999
2017 12 01 18   100   -22 10243   240    31     2     0 -9999
2017 12 01 19   106   -28 10236   220    26     4     0 -9999
2017 12 01 20   111   -28 10232   210    26     4     0 -9999
2017 12 01 21   110   -30 10226   190    26     6     0 -9999
2017 12 01 22   106   -33 10226   190    31 -9999     0 -9999
2017 12 01 23   100   -33 10227   180    26     4     0 -9999
2017 12 02 00    89   -28 10230   170    26     4     0 -9999
2017 12 02 01    83   -28 10229   170    21     2     0 -9999
2017 12 02 02    72   -33 10227   180    26     2     0 -9999
2017 12 02 03    61   -33 10222   180    26     2     0 -9999
2017 12 02 04    56   -33 10221   180    15     4     0 -9999
2017 12 02 05    50   -28 10223   190    21     4     0 -9999
2017 12 02 06    44   -28 10218   180    21     4     0 -9999
2017 12 02 07    33   -28 10217   200    21     4     0 -9999
2017 12 02 08    33   -28 10217   190    31 -9999     0 -9999
2017 12 02 09    28   -28 10218   220    21     6     0 -9999
2017 12 02 10    33   -22 10213   200    26 -9999     0 -9999
2017 12 02 11    33   -22 10209   190    21 -9999     0 -9999
2017 12 02 12    33   -22 10206   190    31     4     0 -9999
2017 12 02 13    28   -22 10209   190    15     2     0 -9999
2017 12 02 14    33   -17 10213   200    26     2     0 -9999
2017 12 02 15    56   -11 10213   210    31     2     0 -9999
2017 12 02 16    78   -11 10207   210    36     2     0 -9999
2017 12 02 17    94   -11 10197   210    21     2     0 -9999
2017 12 02 18   111   -11 10192   220    36 -9999     0 -9999
2017 12 02 19   117    -6 10190   250    36 -9999     0 -9999
2017 12 02 20   122     0 10194   260    41 -9999     0 -9999
2017 12 02 21   122    -6 10186   240    26     6     0 -9999
2017 12 02 22   117    -6 10186   200    26 -9999     0 -9999
2017 12 02 23   106    -6 10187   220    15 -9999     0 -9999
2017 12 03 00    83     0 10200   250    21 -9999     0 -9999
2017 12 03 01    89     0 10205   250    15 -9999     0 -9999
2017 12 03 02    83     0 10203   240    21 -9999     0 -9999
2017 12 03 03    61     0 10209   280    15     2     0 -9999
2017 12 03 04    50     0 10211   280    15     2     0 -9999
2017 12 03 05    44     0 10213     0     0     2     0 -9999
2017 12 03 06    44     0 10210     0     0     0     0 -9999
2017 12 03 07    33    -6 10213   260    15     0     0 -9999
2017 12 03 08    39    -6 10214     0     0     0     0 -9999
2017 12 03 09    28    -6 10216     0     0     0     0 -9999
2017 12 03 10    17   -11 10221   220    26     2     0 -9999
2017 12 03 11    17   -11 10224     0     0     2     0 -9999
2017 12 03 12    17   -11 10229     0     0     4     0 -9999
2017 12 03 13     6   -17 10232     0     0     2     0 -9999
2017 12 03 14    17     0 10234     0     0     2     0 -9999
2017 12 03 15    50    10 10228   130    15     2     0 -9999
2017 12 03 16    72     6 10241   210    31     4     0 -9999
2017 12 03 17   100     0 10232   210    31     4     0 -9999
2017 12 03 18   122     0 10221   210    31     4     0 -9999
2017 12 03 19   133     0 10210   170    41 -9999     0 -9999
2017 12 03 20   139     0 10203   160    41 -9999     0 -9999
2017 12 03 21   144   -11 10200   170    46     6     0 -9999
2017 12 03 22   133     0 10198   170    36 -9999     0 -9999
2017 12 03 23   128     6 10191   150    36 -9999     0 -9999
2017 12 04 00   117     6 10191   150    26 -9999     0 -9999
2017 12 04 01   111    11 10186   150    36 -9999     0 -9999
2017 12 04 02   111    11 10184   140    41 -9999     0 -9999
2017 12 04 03   106     6 10176   150    41     8     0 -9999
2017 12 04 04   106     6 10169   160    36 -9999     0 -9999
2017 12 04 05   111     6 10164   170    72 -9999     0 -9999
2017 12 04 06   117    11 10155   170    67 -9999     0 -9999
2017 12 04 07   117    17 10151   170    77 -9999     0 -9999
2017 12 04 08   117    22 10152   180    72 -9999     0 -9999
2017 12 04 09   117    28 10139   180    82     8     0 -9999
2017 12 04 10   122    33 10129   180    72 -9999     0 -9999
2017 12 04 11   128    39 10123   190    72 -9999    -1 -9999
2017 12 04 12   128    44 10114   170    72 -9999    -1    -1
2017 12 04 13   133    44 10106   180    82 -9999     0 -9999
2017 12 04 14   133    50 10099   190    77 -9999     0 -9999
2017 12 04 15   139    56 10092   190    98     8    -1 -9999
2017 12 04 16   150    61 10083   180    98 -9999     0 -9999
2017 12 04 17   161    72 10068   190    82 -9999     0 -9999
2017 12 04 18   167    72 10053   190    82 -9999     0    -1
2017 12 04 19   178    83 10040   180    77 -9999     0 -9999
2017 12 04 20   183    89 10034   190   129 -9999     0 -9999
2017 12 04 21   183    83 10033   200   103     8     0 -9999
2017 12 04 22   178    78 10025   190    93 -9999     0 -9999
2017 12 04 23   178    78 10021   200   113 -9999     0 -9999
2017 12 05 00   172    83 10014   200   108 -9999     0 -9999
2017 12 05 01   172    94 10007   190   124 -9999     0 -9999
2017 12 05 02   172   100 10002   190   108 -9999     0 -9999
2017 12 05 03   167   117  9998   200   113     8    -1 -9999
2017 12 05 04   167   128  9991   200   124 -9999    -1 -9999
2017 12 05 05   139    94 10009   250   144 -9999    -1 -9999
2017 12 05 06    78    28 10030   260   118 -9999     3     3
2017 12 05 07    72    22 10037   250   124 -9999     0 -9999
2017 12 05 08    56   -11 10060   260   118 -9999     0 -9999
2017 12 05 09    50   -17 10069   250    98     6     0 -9999
2017 12 05 10    39   -22 10082   250   129 -9999     0 -9999
2017 12 05 11    33   -28 10096   250   108 -9999     0 -9999
2017 12 05 12    28   -28 10101   260   124 -9999     0 -9999
2017 12 05 13    17   -39 10114   260   124 -9999     0 -9999
2017 12 05 14     0   -61 10121   250    98     2     0 -9999
2017 12 05 15   -11   -94 10133   260    98     4     0 -9999
2017 12 05 16     0   -83 10138   260   124 -9999     0 -9999
2017 12 05 17     6  -106 10136   260    98 -9999     0 -9999
2017 12 05 18     6  -117 10138   260   118 -9999     0 -9999
2017 12 05 19    22  -117 10132   250   144     4     0 -9999
2017 12 05 20    11  -111 10136   260   134 -9999     0 -9999
2017 12 05 21    11  -111 10140   260   108     6     0 -9999
2017 12 05 22     0  -111 10146   260   108 -9999     0 -9999
2017 12 05 23     0  -111 10153   260   113     2     0 -9999
2017 12 06 00    -6  -100 10158   260    82     2     0 -9999
2017 12 06 01    -6  -106 10164   260    82     0     0 -9999
2017 12 06 02   -11  -111 10172   260    67     0     0 -9999
2017 12 06 03   -11  -106 10172   250    62     0     0 -9999
2017 12 06 04   -17  -111 10171   250    77     0     0 -9999
2017 12 06 05   -17  -111 10169   240    57     0     0 -9999
2017 12 06 06   -17  -100 10167   250    62     0     0 -9999
2017 12 06 07   -17  -106 10160   240    62 -9999     0 -9999
2017 12 06 08   -11  -111 10160   240    51 -9999     0 -9999
2017 12 06 09    -6  -100 10161   230    62     8    -1 -9999
2017 12 06 10     0   -72 10156   250    62 -9999    -1 -9999
2017 12 06 11     0   -72 10152   260    62 -9999    -1 -9999
2017 12 06 12     0   -78 10153   250    46 -9999     0    -1
2017 12 06 13    -6   -67 10157   250    51     2     0 -9999
2017 12 06 14    -6   -61 10161   270    72     2     0 -9999
2017 12 06 15    -6  -100 10166   280    82     2     0 -9999
2017 12 06 16     0  -128 10168   270    82     0     0 -9999
2017 12 06 17     6  -128 10168   270    88     0     0 -9999
2017 12 06 18    11  -117 10165   270    88     0     0 -9999
2017 12 06 19    17  -106 10166   270    82     0     0 -9999
2017 12 06 20    17  -106 10168   270    88     0     0 -9999
2017 12 06 21    17  -106 10169   260    88     0     0 -9999
2017 12 06 22    11  -106 10172   260    82     0     0 -9999
2017 12 06 23     6  -106 10176   250    67     2     0 -9999
2017 12 07 00     0  -111 10181   270    77     2     0 -9999
2017 12 07 01     0  -117 10185   260    67     2     0 -9999
2017 12 07 02    -6  -100 10189   270    62     2     0 -9999
2017 12 07 03   -11  -100 10190   280    62     2     0 -9999
2017 12 07 04   -17   -94 10190   280    57     2     0 -9999
2017 12 07 05   -28   -89 10195   290    51     4     0 -9999
2017 12 07 06   -33   -89 10193   270    41 -9999     0 -9999
2017 12 07 07   -33   -89 10196   270    62 -9999    -1 -9999
2017 12 07 08   -39   -89 10199   290    72 -9999    -1 -9999
2017 12 07 09   -39   -89 10204   280    67     8    -1 -9999
2017 12 07 10   -50   -89 10206   310    77 -9999    -1 -9999
2017 12 07 11   -56   -89 10210   300    41 -9999    -1 -9999
2017 12 07 12   -67  -100 10218   300    57 -9999    -1    -1
2017 12 07 13   -67  -106 10226   290    67     2    -1 -9999
2017 12 07 14   -67  -106 10228   290    62     2     0 -9999
2017 12 07 15   -61  -106 10232   300    51     6     0 -9999
2017 12 07 16   -56  -106 10239   270    57 -9999    -1 -9999
2017 12 07 17   -56  -106 10235   280    51 -9999    -1 -9999
2017 12 07 18   -39  -100 10226   270    57 -9999    -1    -1
2017 12 07 19   -28  -106 10221   260    57     4     0 -9999
2017 12 07 20   -22  -106 10217   250    67     2     0 -9999
2017 12 07 21   -17  -117 10214   260    57     2     0 -9999
2017 12 07 22   -22  -122 10214   280    41     2     0 -9999
2017 12 07 23   -28  -128 10219   280    41     2     0 -9999
2017 12 08 00   -33  -128 10223   280    57     0     0 -9999
2017 12 08 01   -39  -133 10224   280    57     0     0 -9999
2017 12 08 02   -44  -133 10223   280    51     0     0 -9999
2017 12 08 03   -56  -128 10221   260    41     0     0 -9999
2017 12 08 04   -56  -133 10215   250    41     0     0 -9999
2017 12 08 05   -67  -133 10215   250    51     0     0 -9999
2017 12 08 06   -67  -133 10211   250    41     0     0 -9999
2017 12 08 07   -72  -139 10205   250    51     0     0 -9999
2017 12 08 08   -72  -139 10197   240    41     0     0 -9999
2017 12 08 09   -72  -139 10197   240    36     0     0 -9999
2017 12 08 10   -72  -139 10186   230    46     2     0 -9999
2017 12 08 11   -78  -139 10182   240    41     2     0 -9999
2017 12 08 12   -78  -139 10181   220    46     2     0 -9999
2017 12 08 13   -72  -133 10184   230    51     2     0 -9999
2017 12 08 14   -67  -128 10180   220    41     2     0 -9999
2017 12 08 15   -56  -128 10178   240    72     2     0 -9999
2017 12 08 16   -28  -122 10174   260    57     2     0 -9999
2017 12 08 17   -11  -111 10164   250    57     2     0 -9999
2017 12 08 18     0  -111 10154   250    93     2     0 -9999
2017 12 08 19    17  -106 10149   240    72     2     0 -9999
2017 12 08 20    22  -111 10141   220    67     2     0 -9999
2017 12 08 21    28  -106 10136   260    77     2     0 -9999
2017 12 08 22    17  -100 10133   240    51     2     0 -9999
2017 12 08 23    11  -100 10131   230    41     2     0 -9999
2017 12 09 00     6  -100 10129   210    46     2     0 -9999
2017 12 09 01     0  -106 10126   210    62 -9999     0 -9999
2017 12 09 02     0  -106 10119   220    57 -9999     0 -9999
2017 12 09 03     6  -111 10107   230    57     8     0 -9999
2017 12 09 04     6  -111 10104   220    46 -9999    -1 -9999
2017 12 09 05     0  -100 10096   200    46 -9999    -1 -9999
2017 12 09 06     0   -94 10087   210    51 -9999    -1    -1
2017 12 09 07   -22   -44 10078   210    57 -9999    -1 -9999
2017 12 09 08   -22   -39 10068   210    51 -9999    -1 -9999
2017 12 09 09   -17   -44 10059   200    46     8    -1 -9999
2017 12 09 10   -22   -39 10057   210    46 -9999     3 -9999
2017 12 09 11   -22   -33 10054   210    41 -9999    -1 -9999
2017 12 09 12   -11   -28 10055   260    46 -9999    -1     3
2017 12 09 13    -6   -28 10060   310    51 -9999    -1 -9999
2017 12 09 14   -11   -28 10071   330    72 -9999    -1 -9999
2017 12 09 15   -17   -56 10082   320    88     6    -1 -9999
2017 12 09 16   -17   -56 10091   330    72 -9999     0 -9999
2017 12 09 17   -11   -56 10098   320    98 -9999     0 -9999
2017 12 09 18   -11   -56 10107   330    93 -9999     0    -1
2017 12 09 19   -11   -61 10114   320    77 -9999     0 -9999
2017 12 09 20   -17   -67 10130   330    72 -9999    -1 -9999
2017 12 09 21   -17   -72 10145   330    72     6    -1 -9999
2017 12 09 22   -17   -78 10158   320    82 -9999    -1 -9999
2017 12 09 23   -22   -83 10169   330    67 -9999     0 -9999
2017 12 10 00   -22   -89 10178   310    72 -9999     0    -1
2017 12 10 01   -28   -94 10187   330    62 -9999     0 -9999
2017 12 10 02   -39  -100 10194   310    36     2     0 -9999
2017 12 10 03   -44  -100 10195   300    41     6     0 -9999
2017 12 10 04   -50  -106 10198   310    36     2     0 -9999
2017 12 10 05   -56  -106 10197   280    26     2     0 -9999
2017 12 10 06   -61  -106 10192   260    26     2     0 -9999
2017 12 10 07   -61  -106 10188   250    36     2     0 -9999
2017 12 10 08   -61  -100 10184   240    31 -9999     0 -9999
2017 12 10 09   -61  -100 10176   220    36     6     0 -9999
2017 12 10 10   -56  -100 10165   220    46 -9999     0 -9999
2017 12 10 11   -50   -94 10163   210    41 -9999     0 -9999
2017 12 10 12   -44   -89 10157   210    46 -9999     0 -9999
2017 12 10 13   -39   -83 10156   210    41 -9999     0 -9999
2017 12 10 14   -39   -83 10153   210    67 -9999     0 -9999
2017 12 10 15   -28   -83 10143   210    57     6     0 -9999
2017 12 10 16   -11   -72 10142   220    67 -9999     0 -9999
2017 12 10 17     0   -67 10137   250    51 -9999     0 -9999
2017 12 10 18    11   -61 10130   250    51 -9999     0 -9999
2017 12 10 19    11   -61 10131   270    62     4     0 -9999
2017 12 10 20    17   -61 10137   320    62 -9999     0 -9999
2017 12 10 21     6   -56 10149   320    51     8     0 -9999
2017 12 10 22     6   -61 10158   320    51 -9999     0 -9999
2017 12 10 23     0   -67 10171   320    46 -9999     0 -9999
2017 12 11 00    -6   -61 10183   320    41 -9999     0 -9999
2017 12 11 01    -6   -61 10189   340    57 -9999     0 -9999
2017 12 11 02    -6   -67 10197   340    46 -9999     0 -9999
2017 12 11 03    -6   -67 10199   350    41     8     0 -9999
2017 12 11 04   -11   -67 10199   350    31 -9999     0 -9999
2017 12 11 05   -17   -72 10200    20    26 -9999     0 -9999
2017 12 11 06   -17   -72 10197   330    15 -9999     0 -9999
2017 12 11 07   -28   -78 10196   280    15     4     0 -9999
2017 12 11 08   -28   -72 10187     0     0     2     0 -9999
2017 12 11 09   -28   -72 10180   160    26     6     0 -9999
2017 12 11 10   -28   -67 10173   180    31 -9999     0 -9999
2017 12 11 11   -28   -67 10180   180    26 -9999    -1 -9999
2017 12 11 12   -22   -67 10167   180    46 -9999    -1    -1
2017 12 11 13   -17   -61 10160   180    41 -9999     0 -9999
2017 12 11 14   -17   -56 10151   180    51 -9999     0 -9999
2017 12 11 15   -11   -56 10139   190    51     6     0 -9999
2017 12 11 16     0   -50 10125   180    46 -9999     0 -9999
2017 12 11 17    11   -44 10099   150    46 -9999     0 -9999
2017 12 11 18    22   -39 10085   170    41 -9999     0 -9999
2017 12 11 19    33   -33 10072   120    31 -9999     0 -9999
2017 12 11 20    39   -33 10059   120    36 -9999     0 -9999
2017 12 11 21    39   -33 10058   140    21     8     0 -9999
2017 12 11 22    33   -28 10066    30    15 -9999     0 -9999
2017 12 11 23    33   -28 10073   360    26 -9999     0 -9999
2017 12 12 00    11    -6 10086   340    46 -9999    -1    -1
2017 12 12 01    11     6 10091   320    41 -9999     8 -9999
2017 12 12 02    11    -6 10096   340    51 -9999    -1 -9999
2017 12 12 03     6   -17 10109   330    98     8     0 -9999
2017 12 12 04     6   -22 10122   340    82 -9999    -1 -9999
2017 12 12 05     0   -33 10130   340    72 -9999     0 -9999
2017 12 12 06     0   -44 10137   330    77 -9999    -1     8
2017 12 12 07    -6   -56 10144   340    98 -9999    -1 -9999
2017 12 12 08   -33  -106 10161   350    82 -9999    -1 -9999
2017 12 12 09   -44  -122 10168   330    82     4    -1 -9999
2017 12 12 10   -50  -117 10177   340    98     4     0 -9999
2017 12 12 11   -61  -117 10183   330    82     4     0 -9999
2017 12 12 12   -67  -128 10189   320    62     4     0    -1
2017 12 12 13   -72  -133 10197   330    82     2     0 -9999
2017 12 12 14   -72  -133 10198   330    77     2     0 -9999
2017 12 12 15   -72  -139 10205   310    93     2     0 -9999
2017 12 12 16   -67  -139 10208   340    93     2     0 -9999
2017 12 12 17   -61  -133 10206   340    82     4     0 -9999
2017 12 12 18   -61  -139 10197   310    67     2     0 -9999
2017 12 12 19   -56  -133 10192   310    62     2     0 -9999
2017 12 12 20   -50  -133 10188   310    62     2     0 -9999
2017 12 12 21   -50  -133 10187   290    72     2     0 -9999
2017 12 12 22   -56  -133 10189   300    72     4     0 -9999
2017 12 12 23   -67  -133 10187   280    36     4     0 -9999
2017 12 13 00   -72  -133 10185   270    31     4     0 -9999
2017 12 13 01   -67  -128 10183   280    46     4     0 -9999
2017 12 13 02   -72  -128 10181   280    51     4     0 -9999
2017 12 13 03   -67  -128 10173   280    31     6     0 -9999
2017 12 13 04   -61  -128 10174   280    26 -9999     0 -9999
2017 12 13 05   -56  -139 10163   260    36 -9999     0 -9999
2017 12 13 06   -56  -133 10149   230    26 -9999     0 -9999
2017 12 13 07   -56  -128 10136   190    26 -9999     0 -9999
2017 12 13 08   -50  -122 10128   180    36 -9999     0 -9999
2017 12 13 09   -50  -117 10116   180    41     8     0 -9999
2017 12 13 10   -44  -117 10100   170    46 -9999     0 -9999
2017 12 13 11   -39  -117 10087   170    57 -9999     0 -9999
2017 12 13 12   -33  -117 10073   170    51 -9999     0 -9999
2017 12 13 13   -28  -117 10056   170    51 -9999     0 -9999
2017 12 13 14   -22  -111 10031   170    67 -9999     0 -9999
2017 12 13 15   -11  -100 -9999   170    77     8     0 -9999
2017 12 13 16    -6   -94  9982   180    82 -9999     0 -9999
2017 12 13 17    11   -72  9961   200    72 -9999     0 -9999
2017 12 13 18    28   -56  9945   210    72 -9999     0 -9999
2017 12 13 19    33   -50  9930   220    72 -9999     0 -9999
2017 12 13 20    22   -11 -9999   230    62 -9999    -1 -9999
2017 12 13 21    22     6  9930   270    62     8    -1 -9999
2017 12 13 22    22   -11  9943   300    98 -9999    -1 -9999
2017 12 13 23    17   -33  9958   320    72 -9999    -1 -9999
2017 12 14 00     6   -56  9982   320    98 -9999    -1    -1
2017 12 14 01   -11   -67 10007   310   118 -9999     0 -9999
2017 12 14 02   -17   -72 10026   310   124 -9999    -1 -9999
2017 12 14 03   -17   -61 10045   320    93     8    -1 -9999
2017 12 14 04   -11   -56 10064   340    82 -9999    -1 -9999
2017 12 14 05   -11   -61 10080   360    77 -9999    -1 -9999
2017 12 14 06   -17   -61 10097   340    51 -9999    -1    -1
2017 12 14 07   -22   -56 10109   340    62 -9999    -1 -9999
2017 12 14 08   -33   -67 10126   340    67 -9999    -1 -9999
2017 12 14 09   -50   -89 10136   330    51     2    -1 -9999
2017 12 14 10   -61  -106 10147   330    67 -9999     0 -9999
2017 12 14 11   -61  -106 10157   330    51 -9999    -1 -9999
2017 12 14 12   -67  -111 10167   340    57 -9999    -1    -1
2017 12 14 13   -78  -117 10176   320    51     4     0 -9999
2017 12 14 14   -78  -117 10184   330    51 -9999     0 -9999
2017 12 14 15   -67  -111 10195   340    51     6     0 -9999
2017 12 14 16   -50  -106 10204   330    36 -9999     0 -9999
2017 12 14 17   -39  -106 10198   350    26 -9999     0 -9999
2017 12 14 18   -33  -100 10193   290    26 -9999     0 -9999
2017 12 14 19   -22  -100 10187   310    31 -9999     0 -9999
2017 12 14 20   -22  -128 10188   270    41 -9999     0 -9999
2017 12 14 21   -22  -117 10189   290    21     6     0 -9999
2017 12 14 22   -28  -122 10193   290    21 -9999     0 -9999
2017 12 14 23   -39  -122 10196   320    36 -9999     0 -9999
2017 12 15 00   -50  -128 10201   310    31     4     0 -9999
2017 12 15 01   -50  -122 10204   300    21     0     0 -9999
2017 12 15 02   -56  -117 10203   270    21     2     0 -9999
2017 12 15 03   -56  -111 10199   250    21     4     0 -9999
2017 12 15 04   -61  -117 10198   240    21     2     0 -9999
2017 12 15 05   -61  -117 10193   250    21 -9999     0 -9999
2017 12 15 06   -61  -111 10183   210    26 -9999     0 -9999
2017 12 15 07   -56  -106 10175   240    26 -9999     0 -9999
2017 12 15 08   -50  -106 10167   210    36 -9999     0 -9999
2017 12 15 09   -50  -100 10162   210    46     8     0 -9999
2017 12 15 10   -44   -94 10156   220    51 -9999    -1 -9999
2017 12 15 11   -39   -83 10150   250    51 -9999    -1 -9999
2017 12 15 12   -33   -78 10147   250    51 -9999    -1    -1
2017 12 15 13   -33   -72 10150   280    67 -9999    -1 -9999
2017 12 15 14   -28   -72 10151   270    51 -9999    -1 -9999
2017 12 15 15   -22   -83 10152   300    62     8    -1 -9999
2017 12 15 16   -17   -94 10154   300    57 -9999    -1 -9999
2017 12 15 17   -11  -100 10153   300    77 -9999    -1 -9999
2017 12 15 18     0   -94 10147   300    72 -9999     0    -1
2017 12 15 19     0   -83 10143   290    62 -9999     0 -9999
2017 12 15 20     0   -72 10140   270    62 -9999     0 -9999
2017 12 15 21     0   -44 10142   270    57     8    -1 -9999
2017 12 15 22     6   -44 10143   250    62 -9999    -1 -9999
2017 12 15 23    11   -61 10141   240    57 -9999    -1 -9999
2017 12 16 00    11   -61 10143   230    51 -9999    -1    -1
2017 12 16 01    17   -56 10144   230    41 -9999    -1 -9999
2017 12 16 02    17   -56 10144   220    46 -9999    -1 -9999
2017 12 16 03    17   -56 10141   230    51     8     0 -9999
2017 12 16 04    22   -56 10135   210    51 -9999     0 -9999
2017 12 16 05    33   -56 10134   220    57 -9999     0 -9999
2017 12 16 06    33   -61 10131   230    57 -9999     0    -1
2017 12 16 07    33   -61 10130   220    62 -9999     0 -9999
2017 12 16 08    28   -56 10123   200    46 -9999     0 -9999
2017 12 16 09    33   -50 10121   220    51     8     0 -9999
2017 12 16 10    33   -44 10115   210    57 -9999     0 -9999
2017 12 16 11    33   -39 10113   220    57 -9999     0 -9999
2017 12 16 12    28   -39 10116   210    51 -9999     0 -9999
2017 12 16 13    17   -39 10124   210    41 -9999     0 -9999
2017 12 16 14    17   -39 10124   190    36     4     0 -9999
2017 12 16 15    22   -39 10129   220    46     2     0 -9999
2017 12 16 16    39   -33 10137   220    46     2     0 -9999
2017 12 16 17    56   -33 10134   240    41     2     0 -9999
2017 12 16 18    67   -33 10132   240    31     2     0 -9999
2017 12 16 19    72   -33 10129   230    31     2     0 -9999
2017 12 16 20    83   -28 10128   220    31     2     0 -9999
2017 12 16 21    89   -28 10135   200    31     2     0 -9999
2017 12 16 22    78   -28 10145   220    21     2     0 -9999
2017 12 16 23    72   -33 10156     0     0     2     0 -9999
2017 12 17 00    61   -28 10162     0     0     2     0 -9999
2017 12 17 01    44   -11 10172    80    15     0     0 -9999
2017 12 17 02    33     0 10180    70    21     0     0 -9999
2017 12 17 03    28     0 10182     0     0     0     0 -9999
2017 12 17 04    33     6 10186    20    15     2     0 -9999
2017 12 17 05    28     6 10189    10    15     4     0 -9999
2017 12 17 06    17     0 10181    40    21     4     0 -9999
2017 12 17 07    17     0 10182   360    21     4     0 -9999
2017 12 17 08    17     0 10186     0     0     4     0 -9999
2017 12 17 09    11     0 10190   360    21     4     0 -9999
2017 12 17 10    22    11 10183     0     0 -9999     0 -9999
2017 12 17 11    22    11 10188    10    21 -9999     0 -9999
2017 12 17 12    28    17 10187    20    21 -9999     0 -9999
2017 12 17 13    28    17 10187    60    26 -9999     0 -9999
2017 12 17 14    22     6 10189     0     0 -9999     0 -9999
2017 12 17 15    33    17 10181    10    26     8     0 -9999
2017 12 17 16    39    11 10190   160    36 -9999     0 -9999
2017 12 17 17    28    -6 10186   180    21 -9999     0 -9999
2017 12 17 18    33    -6 10177   210    31 -9999     0 -9999
2017 12 17 19    56     0 10169   200    26 -9999     0 -9999
2017 12 17 20    72     0 10158   220    21 -9999     0 -9999
2017 12 17 21    83    -6 10159   260    21     8     0 -9999
2017 12 17 22    78    -6 10158     0     0 -9999     0 -9999
2017 12 17 23    67     0 10158     0     0 -9999     0 -9999
2017 12 18 00    67     0 10161     0     0 -9999     0 -9999
2017 12 18 01    61     6 10166   250    15 -9999     0 -9999
2017 12 18 02    72     0 10167   210    21 -9999     0 -9999
2017 12 18 03    67    17 10163   240    21     8     0 -9999
2017 12 18 04    61     6 10161     0     0 -9999     0 -9999
2017 12 18 05    67    28 10165   200    26 -9999     0 -9999
2017 12 18 06    67    33 10157   220    36 -9999     0 -9999
2017 12 18 07    61    39 10150   210    31 -9999     0 -9999
2017 12 18 08    61    44 10145   210    46 -9999     0 -9999
2017 12 18 09    61    50 10144   210    36     8    -1 -9999
2017 12 18 10    61    56 10142   230    41 -9999    -1 -9999
2017 12 18 11    67    56 10140   250    51 -9999    -1 -9999
2017 12 18 12    67    56 10143   250    57 -9999    -1    -1
2017 12 18 13    67    50 10142   230    41 -9999    -1 -9999
2017 12 18 14    67    56 10143   230    46 -9999    -1 -9999
2017 12 18 15    67    61 10141   210    51     8    -1 -9999
2017 12 18 16    72    61 10142   240    62 -9999     3 -9999
2017 12 18 17    72    61 10138   250    67 -9999    -1 -9999
2017 12 18 18    61    50 10135   260    72 -9999     3     5
2017 12 18 19    67    50 10128   250    41 -9999    -1 -9999
2017 12 18 20    67    39 10125   260    72 -9999     0 -9999
2017 12 18 21    72    28 10122   250    67     4     0 -9999
2017 12 18 22    67    22 10122   240    57     2     0 -9999
2017 12 18 23    61    22 10121   220    36     0     0 -9999
2017 12 19 00    56    28 10125   210    41     0     0    -1
2017 12 19 01    56    33 10125   200    67     2     0 -9999
2017 12 19 02    61    33 10123   210    67 -9999     0 -9999
2017 12 19 03    67    39 10116   230    72     6     0 -9999
2017 12 19 04    72    39 10116   230    82 -9999     0 -9999
2017 12 19 05    67    33 10119   240    67 -9999     0 -9999
2017 12 19 06    67    33 10116   230    67     4     0 -9999
2017 12 19 07    61    28 10115   240    67     2     0 -9999
2017 12 19 08    56    28 10117   240    62     2     0 -9999
2017 12 19 09    50    22 10118   220    57     4     0 -9999
2017 12 19 10    50    22 10117   230    62     0     0 -9999
2017 12 19 11    44    22 10121   240    62     2     0 -9999
2017 12 19 12    44    22 10125   240    57     0     0 -9999
2017 12 19 13    44    22 10125   230    51     2     0 -9999
2017 12 19 14    50    28 10127   230    62 -9999     0 -9999
2017 12 19 15    56    28 10135   270    57     6     0 -9999
2017 12 19 16    67    28 10140   280    46 -9999     0 -9999
2017 12 19 17    78    22 10143   260    41 -9999     0 -9999
2017 12 19 18    89    22 10141   260    41 -9999     0 -9999
2017 12 19 19   100     0 10141   270    51 -9999     0 -9999
2017 12 19 20   100     0 10145   280    46     4     0 -9999
2017 12 19 21   106   -44 10152   290    57     4     0 -9999
2017 12 19 22    94   -72 10156   290    51     4     0 -9999
2017 12 19 23    78   -50 10160   270    41 -9999     0 -9999
2017 12 20 00    67   -50 10168   270    41 -9999     0 -9999
2017 12 20 01    61   -50 10177   270    41 -9999     0 -9999
2017 12 20 02    50   -61 10185   280    46 -9999     0 -9999
2017 12 20 03    44   -78 10192   300    51     6     0 -9999
2017 12 20 04    39   -78 10195   310    51 -9999     0 -9999
2017 12 20 05    33   -72 10196   320    51 -9999     0 -9999
2017 12 20 06    28   -78 10197   330    41 -9999     0 -9999
2017 12 20 07    17   -78 10198   310    36 -9999     0 -9999
2017 12 20 08    17   -78 10203   340    36 -9999     0 -9999
2017 12 20 09    17   -83 10201   350    36     6     0 -9999
2017 12 20 10    11   -94 10200   360    41 -9999     0 -9999
2017 12 20 11     0   -89 10207   360    31     4     0 -9999
2017 12 20 12    -6   -83 10213   350    36     2     0 -9999
2017 12 20 13   -11   -89 10215    10    41     2     0 -9999
2017 12 20 14    -6   -89 10217   360    21     4     0 -9999
2017 12 20 15     0   -78 10222    20    31     6     0 -9999
2017 12 20 16    17   -78 10222    50    46 -9999     0 -9999
2017 12 20 17    17   -67 10216    30    51     4     0 -9999
2017 12 20 18    22   -61 10211    40    46     4     0 -9999
2017 12 20 19    28   -56 10205    30    41 -9999     0 -9999
2017 12 20 20    22   -56 10204    30    36 -9999     0 -9999
2017 12 20 21    11   -44 10203    50    41     6     0 -9999
2017 12 20 22     0   -50 10206    50    46 -9999     0 -9999
2017 12 20 23     0   -50 10210    30    41 -9999     0 -9999
2017 12 21 00     0   -39 10210    40    46 -9999     0 -9999
2017 12 21 01     6   -39 10206    60    51 -9999     0 -9999
2017 12 21 02    11   -33 10202    60    51 -9999     0 -9999
2017 12 21 03    11   -33 10194   100    46     4     0 -9999
2017 12 21 04    11   -33 10200     0     0 -9999     0 -9999
2017 12 21 05    17   -28 10197    80    31 -9999     0 -9999
2017 12 21 06    17   -28 10199    80    21 -9999     0 -9999
2017 12 21 07    17   -28 10198   100    36 -9999     0 -9999
2017 12 21 08    17   -33 10198    90    41 -9999     0 -9999
2017 12 21 09    11   -33 10197    90    41     8     0 -9999
2017 12 21 10    11   -39 10193   100    51 -9999     0 -9999
2017 12 21 11    11   -44 10194   100    36 -9999     0 -9999
2017 12 21 12    11   -39 10192    80    41 -9999     0 -9999
2017 12 21 13    11   -44 10190   130    57 -9999     0 -9999
2017 12 21 14    11   -50 10182   140    46 -9999     0 -9999
2017 12 21 15    11   -56 10183   140    41     8     0 -9999
2017 12 21 16    22   -56 10181   140    41 -9999     0 -9999
2017 12 21 17    33   -56 10172   140    36 -9999     0 -9999
2017 12 21 18    44   -50 10164   130    41 -9999     0 -9999
2017 12 21 19    44   -50 10153   120    31 -9999     0 -9999
2017 12 21 20    44   -50 10149    70    26 -9999     0 -9999
2017 12 21 21    39   -39 10147    60    46     8     0 -9999
2017 12 21 22    44   -33 10145    90    46 -9999     0 -9999
2017 12 21 23    44   -28 10148   100    31 -9999     0 -9999
2017 12 22 00    44   -28 10148    80    36 -9999     0 -9999
2017 12 22 01    44   -22 10149    80    41 -9999     0 -9999
2017 12 22 02    44   -17 10147   100    51 -9999     0 -9999
2017 12 22 03    44   -17 10137    90    46     8     0 -9999
2017 12 22 04    39   -17 10139    80    36 -9999     0 -9999
2017 12 22 05    39   -17 10137    80    46 -9999     0 -9999
2017 12 22 06    33    -6 10136    70    46 -9999     0 -9999
2017 12 22 07    28     0 10136    60    41 -9999    -1 -9999
2017 12 22 08    28     0 10140    90    31 -9999    -1 -9999
2017 12 22 09    28     6 10139    90    21     8     0 -9999
2017 12 22 10    28     6 10136    90    21 -9999    -1 -9999
2017 12 22 11    28     6 10146   360    15 -9999     0 -9999
2017 12 22 12    33     0 10149    10    41 -9999     0    -1
2017 12 22 13    33     0 10154    10    31 -9999     0 -9999
2017 12 22 14    33     0 10157    40    36 -9999     0 -9999
2017 12 22 15    39     0 10161    30    36     6     0 -9999
2017 12 22 16    44     0 10168    10    41 -9999     0 -9999
2017 12 22 17    44     0 10166    10    26 -9999     0 -9999
2017 12 22 18    44     0 10166   330    31 -9999     0 -9999
2017 12 22 19    44     0 10166   300    26 -9999     0 -9999
2017 12 22 20    39     0 10164   320    21 -9999     0 -9999
2017 12 22 21    39     0 10169   320    26     8     0 -9999
2017 12 22 22    39     0 10173   330    36 -9999     0 -9999
2017 12 22 23    39     6 10176   320    31 -9999     0 -9999
2017 12 23 00    33     6 10179   320    31 -9999     0 -9999
2017 12 23 01    33     6 10180   310    31 -9999     0 -9999
2017 12 23 02    28     0 10178   320    36 -9999     0 -9999
2017 12 23 03    28    -6 10180   320    51     8     0 -9999
2017 12 23 04    22   -17 10183   320    62 -9999     0 -9999
2017 12 23 05    17   -22 10182   330    67 -9999     0 -9999
2017 12 23 06    17   -28 10176   350    57 -9999     0 -9999
2017 12 23 07    11   -33 10177   340    51 -9999     0 -9999
2017 12 23 08    11   -39 10176   350    46 -9999     0 -9999
2017 12 23 09     6   -39 10181   350    41     8     0 -9999
2017 12 23 10     6   -44 10175   350    62 -9999     0 -9999
2017 12 23 11     0   -50 10167   350    67 -9999     0 -9999
2017 12 23 12    -6   -56 10179   360    57 -9999     0 -9999
2017 12 23 13   -11   -78 10185   350    51 -9999     0 -9999
2017 12 23 14   -22   -83 10185   340    31 -9999     0 -9999
2017 12 23 15   -11   -89 10186   340    51     2     0 -9999
2017 12 23 16   -11   -83 10203   330    36     2     0 -9999
2017 12 23 17     0   -89 10203   340    46     2     0 -9999
2017 12 23 18     6   -83 10202   310    51     4     0 -9999
2017 12 23 19     6   -83 10207   280    72 -9999     0 -9999
2017 12 23 20    -6   -78 10199   350    31 -9999     0 -9999
2017 12 23 21    -6   -78 10212   300    51     4     0 -9999
2017 12 23 22   -17   -89 10224   310    51     2     0 -9999
2017 12 23 23   -33   -89 10233   320    41     2     0 -9999
2017 12 24 00   -39   -89 10242   320    36     4     0 -9999
2017 12 24 01   -44   -94 10249   310    36     4     0 -9999
2017 12 24 02   -44  -100 10256   360    36 -9999     0 -9999
2017 12 24 03   -44  -106 10259   340    46     6     0 -9999
2017 12 24 04   -50  -106 10255    10    41 -9999     0 -9999
2017 12 24 05   -56  -117 10256   360    26 -9999     0 -9999
2017 12 24 06   -56  -122 10260   330    36 -9999     0 -9999
2017 12 24 07   -56  -117 10262   330    41 -9999     0 -9999
2017 12 24 08   -56  -128 10264   360    31 -9999     0 -9999
2017 12 24 09   -56  -139 10255   360    41     6     0 -9999
2017 12 24 10   -56  -133 10244   360    31 -9999     0 -9999
2017 12 24 11   -50  -122 10243   330    31 -9999     0 -9999
2017 12 24 12   -50  -117 10242   330    31 -9999     0 -9999
2017 12 24 13   -50  -111 10244   320    41 -9999     0 -9999
2017 12 24 14   -50  -111 10234   350    36 -9999     0 -9999
2017 12 24 15   -56   -78 10233   320    21     8    -1 -9999
2017 12 24 16   -56   -72 10225   320    15     9     8 -9999
2017 12 24 17   -50   -67 10213   330    26     9     5 -9999
2017 12 24 18   -44   -61 10201   320    31     9     5    18
2017 12 24 19   -50   -67 10191   310    41 -9999     3 -9999
2017 12 24 20   -56   -72 10180   320    57 -9999    -1 -9999
2017 12 24 21   -56   -72 10179   330    62     8    -1 -9999
2017 12 24 22   -56   -78 10180   310    46 -9999    -1 -9999
2017 12 24 23   -61   -78 10181   290    51 -9999    -1 -9999
2017 12 25 00   -67   -89 10188   290    67 -9999    -1     3
2017 12 25 01   -67   -89 10197   290    72 -9999    -1 -9999
2017 12 25 02   -61   -89 10198   290    41 -9999    -1 -9999
2017 12 25 03   -67   -94 10201   280    67     6    -1 -9999
2017 12 25 04   -72  -106 10208   270    62     4     0 -9999
2017 12 25 05   -61   -94 10207   270    57 -9999    -1 -9999
2017 12 25 06   -56  -100 10206   270    51 -9999    -1    -1
2017 12 25 07   -67  -117 10213   280    77 -9999    -1 -9999
2017 12 25 08   -78  -128 10222   260    57     2     0 -9999
2017 12 25 09   -83  -128 10223   260    57     6     0 -9999
2017 12 25 10   -94  -133 10225   240    46 -9999     0 -9999
2017 12 25 11   -94  -128 10228   250    82 -9999    -1 -9999
2017 12 25 12   -89  -117 10232   250    67 -9999    -1    -1
2017 12 25 13   -94  -122 10238   250    72 -9999    -1 -9999
2017 12 25 14  -100  -128 10245   270    51 -9999    -1 -9999
2017 12 25 15   -94  -133 10252   270    98     6     0 -9999
2017 12 25 16   -89  -150 10258   260    67     2     0 -9999
2017 12 25 17   -89  -178 10260   270    67     2     0 -9999
2017 12 25 18   -89  -172 10258   280    67     2     0    -1
2017 12 25 19   -89  -167 10256   280    77     4     0 -9999
2017 12 25 20   -89  -172 10264   280    88     4     0 -9999
2017 12 25 21  -100  -172 10277   280    62     6     0 -9999
2017 12 25 22  -106  -167 10287   270    82 -9999     0 -9999
2017 12 25 23  -106  -161 10294   280    62 -9999    -1 -9999
2017 12 26 00  -111  -156 10302   260    51 -9999    -1    -1
2017 12 26 01  -117  -178 10310   270    57     4     0 -9999
2017 12 26 02  -122  -178 10315   270    57     4     0 -9999
2017 12 26 03  -128  -194 10322   300    57     4     0 -9999
2017 12 26 04  -139  -217 10330   290    51     2     0 -9999
2017 12 26 05  -144  -217 10331   290    62     4     0 -9999
2017 12 26 06  -156  -222 10337   290    72     4     0 -9999
2017 12 26 07  -161  -228 10337   290    51     4     0 -9999
2017 12 26 08  -167  -228 10345   290    41     2     0 -9999
2017 12 26 09  -172  -228 10351   280    46     4     0 -9999
2017 12 26 10  -178  -228 10357   280    51     4     0 -9999
2017 12 26 11  -178  -228 10361   290    31 -9999     0 -9999
2017 12 26 12  -183  -233 10369   290    41 -9999     0 -9999
2017 12 26 13  -183  -233 10374   290    46 -9999     0 -9999
2017 12 26 14  -183  -239 10379   290    36 -9999     0 -9999
2017 12 26 15  -178  -233 10385   280    46     6     0 -9999
2017 12 26 16  -172  -233 10389   270    46 -9999     0 -9999
2017 12 26 17  -167  -239 10393   290    51 -9999     0 -9999
2017 12 26 18  -156  -228 10381   280    57 -9999     0 -9999
2017 12 26 19  -150  -233 10375   290    46 -9999     0 -9999
2017 12 26 20  -144  -228 10374   290    62 -9999     0 -9999
2017 12 26 21  -144  -228 10376   270    57     4     0 -9999
2017 12 26 22  -144  -233 10375   290    51     4     0 -9999
2017 12 26 23  -156  -222 10380   300    46     2     0 -9999
2017 12 27 00  -161  -222 10386   270    51     2     0 -9999
2017 12 27 01  -161  -217 10389   270    36     2     0 -9999
2017 12 27 02  -161  -217 10391   290    51     0     0 -9999
2017 12 27 03  -161  -217 10394   290    46     0     0 -9999
2017 12 27 04  -167  -217 10399   290    36     0     0 -9999
2017 12 27 05  -172  -222 10404   300    41     0     0 -9999
2017 12 27 06  -172  -222 10404   310    36     0     0 -9999
2017 12 27 07  -178  -222 10404   300    41     0     0 -9999
2017 12 27 08  -178  -222 10408   310    31     0     0 -9999
2017 12 27 09  -183  -228 10412   320    46     0     0 -9999
2017 12 27 10  -183  -233 10412   320    51     0     0 -9999
2017 12 27 11  -183  -233 10417   320    41     0     0 -9999
2017 12 27 12  -189  -239 10422   320    41     0     0 -9999
2017 12 27 13  -189  -239 10429   300    31     2     0 -9999
2017 12 27 14  -189  -233 10433   310    36     2     0 -9999
2017 12 27 15  -178  -233 10437   320    46     2     0 -9999
2017 12 27 16  -167  -228 10444   310    51     2     0 -9999
2017 12 27 17  -156  -228 10443   300    41     2     0 -9999
2017 12 27 18  -144  -222 10436   310    41     2     0 -9999
2017 12 27 19  -139  -222 10434   300    51     2     0 -9999
2017 12 27 20  -133  -222 10433   320    46     2     0 -9999
2017 12 27 21  -133  -222 10426   300    41     2     0 -9999
2017 12 27 22  -139  -228 10426   310    36     4     0 -9999
2017 12 27 23  -150  -222 10432   310    31     4     0 -9999
2017 12 28 00  -150  -217 10432   310    31     4     0 -9999
2017 12 28 01  -156  -211 10436   300    31     4     0 -9999
2017 12 28 02  -161  -211 10433   310    26     4     0 -9999
2017 12 28 03  -167  -211 10426   300    15     4     0 -9999
2017 12 28 04  -167  -211 10429   290    21     4     0 -9999
2017 12 28 05  -167  -206 10428   290    21     2     0 -9999
2017 12 28 06  -167  -206 10427   280    26     4     0 -9999
2017 12 28 07  -167  -200 10420   310    26 -9999     0 -9999
2017 12 28 08  -161  -200 10421   310    26 -9999     0 -9999
2017 12 28 09  -167  -200 10422   320    21     8     0 -9999
2017 12 28 10  -161  -200 10420     0     0 -9999     0 -9999
2017 12 28 11  -156  -200 10411     0     0 -9999     0 -9999
2017 12 28 12  -144  -194 10407     0     0 -9999     0 -9999
2017 12 28 13  -139  -194 10397     0     0 -9999     0 -9999
2017 12 28 14  -133  -200 10400     0     0 -9999     0 -9999
2017 12 28 15  -128  -189 10395   180    21     8     0 -9999
2017 12 28 16  -117  -178 10390   190    41 -9999     0 -9999
2017 12 28 17  -106  -178 10386   170    57 -9999     0 -9999
2017 12 28 18  -100  -172 10373   180    51 -9999     0 -9999
2017 12 28 19  -106  -172 10361   210    41 -9999     0 -9999
2017 12 28 20  -100  -178 10350   190    51 -9999    -1 -9999
2017 12 28 21  -106  -156 10346   180    41     8    -1 -9999
2017 12 28 22  -106  -150 10339   180    36 -9999    -1 -9999
2017 12 28 23  -106  -139 10337   170    31 -9999    -1 -9999
2017 12 29 00  -111  -133 10334   190    41 -9999    -1    -1
2017 12 29 01  -111  -139 10330   200    46 -9999    -1 -9999
2017 12 29 02  -111  -139 10319   190    41 -9999    -1 -9999
2017 12 29 03  -111  -139 10308   210    31     8    -1 -9999
2017 12 29 04  -111  -139 10310   230    46 -9999    -1 -9999
2017 12 29 05  -106  -133 10308   240    36 -9999    -1 -9999
2017 12 29 06  -106  -139 10302   260    57 -9999    -1    -1
2017 12 29 07  -111  -139 10300   270    46 -9999    -1 -9999
2017 12 29 08  -111  -144 10299   290    46 -9999    -1 -9999
2017 12 29 09  -111  -144 10301   290    36     8    -1 -9999
2017 12 29 10  -117  -144 10303   280    36 -9999    -1 -9999
2017 12 29 11  -117  -144 10304   280    46 -9999    -1 -9999
2017 12 29 12  -111  -144 10306   280    31 -9999    -1    -1
2017 12 29 13  -117  -144 10301   270    26 -9999    -1 -9999
2017 12 29 14  -117  -144 10302   270    26 -9999     0 -9999
2017 12 29 15  -111  -139 10304   260    21     8     0 -9999
2017 12 29 16  -106  -139 10306   280    26 -9999     0 -9999
2017 12 29 17  -100  -144 10306   270    31 -9999     0 -9999
2017 12 29 18   -94  -144 10294   260    31 -9999     0    -1
2017 12 29 19   -94  -144 10287   250    36 -9999    -1 -9999
2017 12 29 20  -100  -128 10277   230    31     9    -1 -9999
2017 12 29 21  -100  -122 10282   250    41     9    -1 -9999
2017 12 29 22   -94  -122 10278   240    36 -9999     3 -9999
2017 12 29 23   -94  -117 10278   240    31     9    -1 -9999
2017 12 30 00   -94  -117 10268   210    26 -9999    -1     3
2017 12 30 01   -94  -117 10270   250    36 -9999     3 -9999
2017 12 30 02   -94  -117 10262   260    26 -9999    -1 -9999
2017 12 30 03   -94  -117 10258   270    31     8    -1 -9999
2017 12 30 04   -94  -117 10255   280    36 -9999    -1 -9999
2017 12 30 05   -94  -122 10250   300    41 -9999    -1 -9999
2017 12 30 06   -94  -122 10243   270    31 -9999    -1     3
2017 12 30 07   -94  -122 10239   290    26 -9999    -1 -9999
2017 12 30 08   -94  -128 10243   300    46 -9999    -1 -9999
2017 12 30 09  -100  -133 10246   310    46     8    -1 -9999
2017 12 30 10  -100  -139 10248   310    67 -9999    -1 -9999
2017 12 30 11  -106  -139 10251   300    67 -9999    -1 -9999
2017 12 30 12  -122  -172 10261   320    77 -9999    -1    -1
2017 12 30 13  -133  -183 10272   330    93 -9999     0 -9999
2017 12 30 14  -150  -206 10282   310    88 -9999     0 -9999
2017 12 30 15  -150  -217 10291   300    72     2     0 -9999
2017 12 30 16  -156  -222 10295   290    93     4     0 -9999
2017 12 30 17  -150  -222 10297   300    72 -9999     0 -9999
2017 12 30 18  -150  -222 10294   310    67 -9999     0 -9999
2017 12 30 19  -150  -222 10290   310    72 -9999     0 -9999
2017 12 30 20  -150  -228 10293   310    67     4     0 -9999
2017 12 30 21  -144  -217 10295   290    67     2     0 -9999
2017 12 30 22  -150  -228 10301   300    62     2     0 -9999
2017 12 30 23  -161  -228 10311   300    41     2     0 -9999
2017 12 31 00  -161  -228 10318   300    36     2     0 -9999
2017 12 31 01  -167  -222 10327   310    36     4     0 -9999
2017 12 31 02  -167  -222 10335   300    31 -9999     0 -9999
2017 12 31 03  -172  -222 10333   310    36     6     0 -9999
2017 12 31 04  -172  -222 10336   290    31 -9999     0 -9999
2017 12 31 05  -178  -222 10339   310    31 -9999     0 -9999
2017 12 31 06  -172  -222 10339   310    46 -9999     0 -9999
2017 12 31 07  -172  -222 10333   320    41 -9999     0 -9999
2017 12 31 08  -167  -222 10339   310    41 -9999     0 -9999
2017 12 31 09  -167  -217 10344   300    26     8     0 -9999
2017 12 31 10  -167  -217 10352   290    51 -9999     0 -9999
2017 12 31 11  -167  -211 10347   290    31 -9999     0 -9999
2017 12 31 12  -167  -211 10345   300    36 -9999     0 -9999
2017 12 31 13  -161  -206 10349   320    41 -9999     0 -9999
2017 12 31 14  -167  -206 10354   290    21     2     0 -9999
2017 12 31 15  -156  -206 10358   300    36     2     0 -9999
2017 12 31 16  -139  -194 10364   300    41     4     0 -9999
2017 12 31 17  -122  -183 10366   300    36 -9999     0 -9999
2017 12 31 18  -111  -178 10361   300    46 -9999     0 -9999
2017 12 31 19  -100  -178 10358   310    57 -9999     0 -9999
2017 12 31 20  -100  -183 10356   330    72     4     0 -9999
2017 12 31 21  -100  -189 10361   320    62     4     0 -9999
2017 12 31 22  -106  -194 10366   330    57     4     0 -9999
2017 12 31 23  -117  -194 10373   320    46 -9999     0 -9999
